smiles,occurrence,degree,type,bonds
*C,1396814,1,Sub,-
*=O,915554,1,Sub,=
*c1ccc(*)cc1,791279,2,Ring,--
*OC,584360,1,Sub,-
*O,563387,1,Sub,-
*c1ccccc1,553992,1,Ring,-
*Cl,486961,1,Sub,-
*F,408137,1,Sub,-
*c1ccc(*)c(*)c1,368180,3,Ring,---
*C*,294846,2,Linker,--
*c1cccc(*)c1,246683,2,Ring,--
*NC(*)=O,216394,2,Linker,--
*c1ccccc1*,203572,2,Ring,--
*N,164754,1,Sub,-
*C(*)=O,148976,2,Linker,--
*N*,140254,2,Linker,--
*N1CCN(*)CC1,131372,2,Ring,--
*C(F)(F)F,126602,1,Sub,-
*Br,102638,1,Sub,-
*O*,99168,2,Linker,--
*C(=O)O,98544,1,Sub,-
*C1CCN(*)CC1,98255,2,Ring,--
*CC,94511,1,Sub,-
*C#N,90362,1,Sub,-
*[N+](=O)[O-],86163,1,Sub,-
*CO*,77679,2,Linker,--
*S(*)(=O)=O,67642,2,Linker,--
*N1CCOCC1,66934,1,Ring,-
*c1cc(*)c(*)c(*)c1,66931,4,Ring,----
*C1CC1,66826,1,Ring,-
*CO,59868,1,Sub,-
*c1cccc(*)c1*,59553,3,Ring,---
*C(C)C,54248,1,Sub,-
*CNC(*)=O,52849,2,Linker,--
*CN*,48195,2,Linker,--
*C1CCCCC1,46913,1,Ring,-
*c1ccc(*)nc1,44103,2,Ring,--
*c1cc(*)cc(*)c1,43175,3,Ring,---
*C(=O)OC,42116,1,Sub,-
*CC*,41950,2,Linker,--
*NS(*)(=O)=O,41821,2,Linker,--
*c1cccnc1,40930,1,Ring,-
*c1ccccn1,38881,1,Ring,-
*C(N)=O,38747,1,Sub,-
*c1ccco1,38269,1,Ring,-
*CC(=O)N*,37446,2,Linker,--
*C=*,37214,2,Linker,-=
*OCC,37133,1,Sub,-
*C(=O)OCC,36810,1,Sub,-
*c1cccs1,35274,1,Ring,-
*OC(C)=O,35111,1,Sub,-
*C(C)=O,33186,1,Sub,-
*c1csc(*)n1,33167,2,Ring,--
*c1ccncc1,32083,1,Ring,-
*N1CCCC1,31295,1,Ring,-
*C1CCCN1*,30986,2,Ring,--
*C(C)(C)C,30955,1,Sub,-
*N1CCCCC1,30486,1,Ring,-
*N(C)C,27812,1,Sub,-
*c1cn(*)nn1,27086,2,Ring,--
*CC(*)=O,26978,2,Linker,--
*C1CCCN(*)C1,25538,2,Ring,--
*C1CCCC1,25287,1,Ring,-
*c1noc(*)n1,25084,2,Ring,--
*NC(=O)N*,24463,2,Linker,--
*C1OC(*)C(*)C(*)C1*,24265,5,Ring,-----
*CCC,24133,1,Sub,-
*c1cc(*)c(*)cc1*,22889,4,Ring,----
*c1ccc2c(c1)OCO2,21540,1,Ring,-
*NC(C)=O,21415,1,Sub,-
*c1cnn(*)c1,20916,2,Ring,--
*OC(*)=O,20902,2,Linker,--
*c1c[nH]c2ccccc12,20578,1,Ring,-
*c1cc(*)nc(*)n1,20415,3,Ring,---
*c1ccc(*)o1,20098,2,Ring,--
*C1CCN(*)C1,19539,2,Ring,--
*S(C)(=O)=O,19297,1,Sub,-
*c1cc(*)n(*)n1,18913,3,Ring,---
*c1ccnc(*)c1,18659,2,Ring,--
*C=C*,18493,2,Linker,--
*c1cccnc1*,18463,2,Ring,--
*CS*,18410,2,Linker,--
*=S,18405,1,Sub,=
*c1ccnc(*)n1,18123,2,Ring,--
*c1cc(*)on1,17848,2,Ring,--
*C1CCC(*)CC1,17722,2,Ring,--
*c1ncc(*)c(*)n1,17628,3,Ring,---
*S(N)(=O)=O,17619,1,Sub,-
*CCNC(*)=O,16699,2,Linker,--
*c1nnc(*)o1,16678,2,Ring,--
*C1OC(*)C(*)C1*,15954,4,Ring,----
*CCO*,15880,2,Linker,--
*c1nnc(*)s1,15532,2,Ring,--
*CC(=O)O,15446,1,Sub,-
*c1cccc2ccccc12,15409,1,Ring,-
*S*,15318,2,Linker,--
*c1ccc2ccccc2c1,15232,1,Ring,-
*C=CC(*)=O,15151,2,Linker,--
*NC(=O)CS*,15146,2,Linker,--
*c1ccc(*)s1,15071,2,Ring,--
*c1nnc(*)n1*,14521,3,Ring,---
*SC,14506,1,Sub,-
*CCCC,14455,1,Sub,-
*c1nc(*)c(*)s1,14351,3,Ring,---
*CC(C)C,13758,1,Sub,-
*c1nn(*)c(*)c1*,13706,4,Ring,----
*OC(F)(F)F,13645,1,Sub,-
*c1noc(*)c1*,13455,3,Ring,---
*c1ccc(*)c(*)c1*,12890,4,Ring,----
*c1cnc(*)c(*)c1,12871,3,Ring,---
*c1cccc(*)n1,12681,2,Ring,--
*=C,12319,1,Sub,=
*I,12313,1,Sub,-
*c1cn(*)nc1*,11328,3,Ring,---
*n1ccnc1,11215,1,Ring,-
*CCC*,11053,2,Linker,--
*[O-],10760,1,Sub,-
*N1CCC(*)(*)CC1,10689,3,Ring,---
*COC(*)=O,10482,2,Linker,--
*c1cnc(*)nc1,10335,2,Ring,--
*C#C*,10292,2,Linker,--
*C1CCCO1,10248,1,Ring,-
*c1nccs1,10162,1,Ring,-
*C1CCOCC1,9863,1,Ring,-
*c1nc2ccccc2n1*,9827,2,Ring,--
*c1ncnc2c1ncn2*,9799,2,Ring,--
*NC,9753,1,Sub,-
*CCN*,9700,2,Linker,--
*CCCO*,9578,2,Linker,--
*C1CN(*)C1,9552,2,Ring,--
*C(=O)NC,9400,1,Sub,-
*c1ccc(*)c(*)n1,9383,3,Ring,---
*c1cncc(*)c1,9375,2,Ring,--
*CN,9337,1,Sub,-
*c1cn(*)c2ccccc12,9267,2,Ring,--
*C1CCC1,9245,1,Ring,-
*C(*)*,9236,3,Linker,---
*CCO,9054,1,Sub,-
*c1nc(*)nc(*)n1,8993,3,Ring,---
*C=NNC(*)=O,8964,2,Linker,--
*c1nccn1*,8803,2,Ring,--
*C=O,8732,1,Sub,-
*CCC(=O)N*,8607,2,Linker,--
*c1cnc(*)s1,8589,2,Ring,--
*c1nnnn1*,8532,2,Ring,--
*c1ccsc1,8483,1,Ring,-
*CC=C,8430,1,Sub,-
*N1CCNCC1,8371,1,Ring,-
*C(=N)N,8303,1,Sub,-
*c1ccc2nc(*)sc2c1,8284,2,Ring,--
*NC(=O)CO*,8270,2,Linker,--
*CNC(=O)C*,8262,2,Linker,--
*c1cc(*)[nH]n1,8251,2,Ring,--
*C1CCCCN1*,8249,2,Ring,--
*c1nc2ccccc2[nH]1,8248,1,Ring,-
*c1ccc2c(c1)OCCO2,8202,1,Ring,-
*CCC(*)=O,8185,2,Linker,--
*OC(C)C,8174,1,Sub,-
*c1cnn(*)c1*,8134,3,Ring,---
*c1nc2ccccc2s1,8059,1,Ring,-
*NS(C)(=O)=O,7938,1,Sub,-
*C1(*)CC1,7800,2,Ring,--
*c1nc(*)c(*)c(*)n1,7603,4,Ring,----
*C12CC3CC(CC(C3)C1)C2,7521,1,Ring,-
*C=N*,7441,2,Linker,--
*n1cncn1,7435,1,Ring,-
*COC,7401,1,Sub,-
*c1nc(*)c2ncn(*)c2n1,7398,3,Ring,---
*SCC(*)=O,7355,2,Linker,--
*c1ncccn1,7258,1,Ring,-
*C1CN(*)CCN1*,7242,3,Ring,---
*C(=O)OC(C)(C)C,7155,1,Sub,-
*N1C(=*)SC(=*)C1=*,7040,4,Ring,-===
*c1nc(*)c(*)o1,6974,3,Ring,---
*c1ccc2[nH]c(*)nc2c1,6803,2,Ring,--
*C(*)C,6727,2,Linker,--
*c1ccc2[nH]cc(*)c2c1,6661,2,Ring,--
*S,6539,1,Sub,-
*=N,6512,1,Sub,=
*C1CCNCC1,6477,1,Ring,-
*C1CC1*,6446,2,Ring,--
*CCOC,6394,1,Sub,-
*C(=O)N(C)C,6378,1,Sub,-
*NC(*)C,6321,2,Linker,--
*c1cnccn1,6313,1,Ring,-
*c1c[nH]cn1,6293,1,Ring,-
*C(=O)NO,6259,1,Sub,-
*c1cc(*)c2ccccc2n1,6243,2,Ring,--
*CNS(*)(=O)=O,6188,2,Linker,--
*c1ccoc1,6187,1,Ring,-
*c1cc(*)ncn1,6042,2,Ring,--
*C1=CN(*)C(=*)NC1=*,6041,4,Ring,--==
*CC=C(C)C,5978,1,Sub,-
*C(=O)NC(*)C,5926,2,Linker,--
*C1CN(*)CC1*,5873,3,Ring,---
*c1ccncc1*,5863,2,Ring,--
*C1CC(*)N(*)C1,5859,3,Ring,---
*C1=NN(*)C(*)C1,5834,3,Ring,---
*c1ccc2c(*)ccnc2c1,5796,2,Ring,--
*N1CCCCCC1,5775,1,Ring,-
*c1nc(*)c2ccccc2n1,5772,2,Ring,--
*c1ccn(*)n1,5668,2,Ring,--
*N=*,5660,2,Linker,-=
*CCC(=O)O,5602,1,Sub,-
*C(=O)NS(*)(=O)=O,5589,2,Linker,--
*c1ccc(*)nn1,5573,2,Ring,--
*COC(C)=O,5570,1,Sub,-
*c1cn(*)cn1,5539,2,Ring,--
*n1cccn1,5507,1,Ring,-
*c1cc(*)c(*)c(*)c1*,5492,5,Ring,-----
*c1cc(*)nc(*)c1,5478,3,Ring,---
*C=C,5463,1,Sub,-
*C=NN*,5305,2,Linker,--
*C(C)CO,5299,1,Sub,-
*CNC*,5292,2,Linker,--
*c1ccsc1*,5279,2,Ring,--
*c1coc(*)n1,5234,2,Ring,--
*CN(C)C,5204,1,Sub,-
*OC(F)F,5189,1,Sub,-
*C1CC(*)C(*)O1,5168,3,Ring,---
*CCCC*,5163,2,Linker,--
*N1CCCN(*)CC1,5124,2,Ring,--
*CCCNC(*)=O,5099,2,Linker,--
*C1=Nc2ccccc2C(=*)N1*,5078,3,Ring,-=-
*C=CC(=O)N*,5061,2,Linker,--
*OCC(*)=O,5041,2,Linker,--
*CN(*)C,5025,2,Linker,--
*c1nc(*)n(*)n1,5015,3,Ring,---
*c1cc(*)c(*)cn1,5015,3,Ring,---
*C1CCCCC1*,4892,2,Ring,--
*n1c(=*)c2ccccc2c1=*,4886,3,Ring,-==
*C1CC(=*)N(*)C1,4850,3,Ring,-=-
*CNC(=O)N*,4805,2,Linker,--
*c1cc(*)c(*)s1,4780,3,Ring,---
*C(=C)C,4739,1,Sub,-
*C1CN(*)CCO1,4682,2,Ring,--
*c1ccnn1*,4656,2,Ring,--
*CN(C)C(*)=O,4656,2,Linker,--
*OCC(=O)O,4551,1,Sub,-
*c1ccc2ccccc2n1,4513,1,Ring,-
*CN(C)C*,4491,2,Linker,--
*c1ccc2c(c1)nc(*)n2*,4474,3,Ring,---
*CS(*)(=O)=O,4450,2,Linker,--
*c1cc(*)n(*)c1*,4390,4,Ring,----
*N1CCCC1=*,4386,2,Ring,-=
*C(=O)N(*)C,4383,2,Linker,--
*C1CC(*)C(*)C(*)O1,4376,4,Ring,----
*OCCC,4352,1,Sub,-
*N1CCc2ccccc2C1,4277,1,Ring,-
*CCCCC,4231,1,Sub,-
*N(CC)CC,4209,1,Sub,-
*c1cnc(*)cn1,4196,2,Ring,--
*N(*)C,4162,2,Linker,--
*c1[nH]c2ccccc2c1*,4108,2,Ring,--
*c1cc2ncnc(*)c2cc1*,4104,3,Ring,---
*C(F)F,4099,1,Sub,-
*C1(*)CCCCC1,4092,2,Ring,--
*C1CCOC1,4027,1,Ring,-
*C(*)O,4023,2,Linker,--
*c1nnn(*)n1,4011,2,Ring,--
*c1ncnc(*)c1*,3953,3,Ring,---
*C(C)O,3940,1,Sub,-
*c1cc(*)n(*)c1,3934,3,Ring,---
*c1nn[nH]n1,3905,1,Ring,-
*CCN(C)C,3870,1,Sub,-
*c1cccn1*,3845,2,Ring,--
*c1cnc(*)n1*,3815,3,Ring,---
*c1nc(*)c(*)[nH]1,3800,3,Ring,---
*c1cncn1*,3771,2,Ring,--
*C1(*)CCCC1,3755,2,Ring,--
*CCCN*,3734,2,Linker,--
*C(C)(C)O,3730,1,Sub,-
*c1n[nH]c(*)n1,3689,2,Ring,--
*c1nnn(*)c1*,3675,3,Ring,---
*C(C)CC,3618,1,Sub,-
*c1nncn1*,3615,2,Ring,--
*c1n[nH]c(*)c1*,3557,3,Ring,---
*c1ccc2[nH]c(*)cc2c1,3538,2,Ring,--
*N=N*,3518,2,Linker,--
*S(=O)(=O)N(C)C,3494,1,Sub,-
*c1nnn[nH]1,3482,1,Ring,-
*C1CCN(*)CC1*,3480,3,Ring,---
*c1ccc2oc(*)nc2c1,3475,2,Ring,--
*c1[nH]c(*)c(*)c1*,3449,4,Ring,----
*c1ccc2nc(*)cc(*)c2c1,3444,3,Ring,---
*C1CCS(=*)(=*)C1,3433,3,Ring,-==
*C1(*)CCC1,3412,2,Ring,--
*NC(=O)COC(*)=O,3406,2,Linker,--
*c1cnc(*)c(*)n1,3381,3,Ring,---
*c1c[nH]c(*)n1,3365,2,Ring,--
*C1CN(*)C(=*)O1,3328,3,Ring,--=
*NCC,3327,1,Sub,-
*c1ccc2c(c1)c(*)c(*)n2*,3309,4,Ring,----
*CN(*)C(*)=O,3306,3,Linker,---
*c1ccc2cc(*)ccc2c1,3294,2,Ring,--
*C1CCC(=*)NC1=*,3292,3,Ring,-==
*COC*,3290,2,Linker,--
*NC(=O)C=C,3289,1,Sub,-
*C1COCCN1*,3286,2,Ring,--
*CC(N)=O,3237,1,Sub,-
*c1ccc2c(c1)c(*)cn2*,3205,3,Ring,---
*C(=O)NCC,3176,1,Sub,-
*c1csc(*)c1,3169,2,Ring,--
*c1ccc2[nH]c(=*)c(=*)c2c1,3165,3,Ring,-==
*c1nc2ccccc2o1,3149,1,Ring,-
*N1C=CC(=*)NC1=*,3136,3,Ring,-==
*c1cc(*)c(*)c(*)n1,3113,4,Ring,----
*CC(=O)OC,3113,1,Sub,-
*OCCCC,3106,1,Sub,-
*S(=O)(=O)O,3102,1,Sub,-
*c1cc2ccccc2o1,3093,1,Ring,-
*NC(C)C,3088,1,Sub,-
*c1c(*)c(*)c(*)c(*)c1*,3087,6,Ring,------
*CC(O)CO*,3082,2,Linker,--
*c1ccc2[nH]nc(*)c2c1,3055,2,Ring,--
*CC#N,3052,1,Sub,-
*C(=O)CC,3036,1,Sub,-
*c1cncnc1,3030,1,Ring,-
*C1CCCCCC1,3024,1,Ring,-
*C1=CN(*)c2cc(*)c(*)cc2C1=*,3023,5,Ring,----=
*C1CC2CCC(C1)N2*,3012,2,Ring,--
*n1cnnn1,2995,1,Ring,-
*c1cn[nH]c1,2985,1,Ring,-
*c1ccc2[nH]c(*)c(*)c2c1,2972,3,Ring,---
*CC(=O)OCC,2968,1,Sub,-
*c1nc(*)n(*)c1*,2961,4,Ring,----
*c1ccc(*)c2ccccc12,2959,2,Ring,--
*c1sc(*)c(*)c1*,2956,4,Ring,----
*c1nccnc1*,2936,2,Ring,--
*c1ccc2ncnc(*)c2c1,2920,2,Ring,--
*C1=CCN(*)CC1,2920,2,Ring,--
*C1CC1(*)*,2911,3,Ring,---
*c1cnc(*)[nH]1,2878,2,Ring,--
*c1ccc2ccccc2c1*,2877,2,Ring,--
*c1cccc2cccnc12,2861,1,Ring,-
*C1=CC(=*)Oc2cc(*)ccc21,2853,3,Ring,-=-
*C1=C(*)N(*)C(=*)NC1=*,2838,5,Ring,---==
*S(=O)(=O)CC,2836,1,Sub,-
*CC(*)O,2815,2,Linker,--
*c1cnc(*)o1,2773,2,Ring,--
*c1cc[n+](*)cc1,2759,2,Ring,--
*CCNC*,2756,2,Linker,--
*c1c[nH]nc1*,2725,2,Ring,--
*c1cncc(*)n1,2723,2,Ring,--
*C1CC(*)C1,2711,2,Ring,--
*CCCCCC,2701,1,Sub,-
*C=CC(=O)O*,2693,2,Linker,--
*=C1NC(=*)C(=*)S1,2690,3,Ring,===
*OS(*)(=O)=O,2663,2,Linker,--
*N(C)S(*)(=O)=O,2661,2,Linker,--
*C1=NCCN1,2641,1,Ring,-
*C1CN(*)CC(*)O1,2623,3,Ring,---
*N1CCC(*)(*)C1,2620,3,Ring,---
*c1cn(*)c(*)n1,2614,3,Ring,---
*c1ccc2nc(*)nc(*)c2c1,2611,3,Ring,---
*CCC(C)C,2611,1,Sub,-
*c1nonc1*,2599,2,Ring,--
*c1ncnc2c1c(*)nn2*,2598,3,Ring,---
*CC(NC(*)=O)C(=O)O,2571,2,Linker,--
*C(=O)COC(*)=O,2564,2,Linker,--
*N1C(=*)NC(*)(*)C1=*,2553,5,Ring,-=--=
*c1cc2ccccc2[nH]1,2533,1,Ring,-
*CNC(C)=O,2528,1,Sub,-
*c1ccc2nc(*)c(*)n2c1,2515,3,Ring,---
*CC(F)(F)F,2492,1,Sub,-
*C#C,2484,1,Sub,-
*CCN,2469,1,Sub,-
*C1=NN(*)C(=*)c2ccccc21,2456,3,Ring,--=
*c1ccc2c(ccn2*)c1,2451,2,Ring,--
*C(=O)N(CC)CC,2451,1,Sub,-
*C1CCCNC1,2438,1,Ring,-
*CCNC(=O)C*,2430,2,Linker,--
*OCCOC,2396,1,Sub,-
*C=CC(=O)O,2392,1,Sub,-
*CCCCO*,2385,2,Linker,--
*c1ccc2nc(*)[nH]c2c1,2382,2,Ring,--
*c1ccc2c(=*)n(*)c(=*)c2c1,2371,4,Ring,-=-=
*C1=NOC(*)C1,2359,2,Ring,--
*n1cccc1,2347,1,Ring,-
*C1CCC(*)(*)CC1,2329,3,Ring,---
*c1ccc(*)n1*,2326,3,Ring,---
*c1ccc2c(*)n[nH]c2c1,2320,2,Ring,--
*C1=C(*)N(*)N(*)C1=*,2311,5,Ring,----=
*NC(=O)O*,2311,2,Linker,--
*CCNS(*)(=O)=O,2306,2,Linker,--
*=NO,2305,1,Sub,=
*CN(*)S(*)(=O)=O,2303,3,Linker,---
*c1cn(*)c2ncnc(*)c12,2295,3,Ring,---
*N1CCc2ccccc21,2294,1,Ring,-
*c1sc2ccccc2c1*,2286,2,Ring,--
*c1ccc[nH]1,2276,1,Ring,-
*C1COC(*)C(*)C1*,2273,4,Ring,----
*CCCO,2264,1,Sub,-
*NC(*)=S,2262,2,Linker,--
*c1ncsc1*,2251,2,Ring,--
*c1ccc2c(c1)CCN2*,2241,2,Ring,--
*C1Cc2ccccc2CN1*,2239,2,Ring,--
*N=[N+]=[N-],2219,1,Sub,-
*NC(=O)CC,2214,1,Sub,-
*c1cscn1,2207,1,Ring,-
*c1ccc2nc(*)n(*)c2c1,2199,3,Ring,---
*C(=O)NC(C)C,2191,1,Sub,-
*c1ncnc2[nH]ccc12,2190,1,Ring,-
*C1=NN(*)C(=*)C=C1,2188,3,Ring,--=
*c1nc2ccccc2nc1*,2178,2,Ring,--
*c1cc(*)c(*)o1,2171,3,Ring,---
*C1=C(*)C(*)NC(=*)N1,2148,4,Ring,---=
*C(=O)NC(C)(C)C,2140,1,Sub,-
*C1=C(*)C(*)N(*)C1=*,2138,5,Ring,----=
*C1CC(=*)N(*)C1=*,2135,4,Ring,-=-=
*CCCCCCCC,2133,1,Sub,-
*CNC(=O)CS*,2130,2,Linker,--
*C1CCC2C(*)C(*)OC3OC4(*)CCC1C32OO4,2121,4,Ring,----
*CCC(=O)NC*,2118,2,Linker,--
*c1cnc2ccccc2c1,2114,1,Ring,-
*C1=CCCCC1,2111,1,Ring,-
*C1=NC(=*)N(*)C=C1,2106,3,Ring,-=-
*c1nc2c(n1*)C(=*)N(*)C(=*)N2*,2106,6,Ring,--=-=-
*NC(=S)NC(*)=O,2100,2,Linker,--
*C1COc2ccccc2O1,2097,1,Ring,-
*C1(*)CCOCC1,2091,2,Ring,--
*OP(=O)(O)O,2080,1,Sub,-
*C1C(=*)N(*)C1*,2062,4,Ring,-=--
*NN=*,2059,2,Linker,-=
*c1ncn(*)c1*,2054,3,Ring,---
*c1cccc2c(=*)n(*)c(=*)c12,2053,4,Ring,-=-=
*c1ccoc1*,2051,2,Ring,--
*c1nc(*)c2cc(*)c(*)cc2n1,2051,4,Ring,----
*NC(=N)N,2042,1,Sub,-
*NC(=O)OC,2041,1,Sub,-
*NC(=S)N*,2032,2,Linker,--
*c1nc(*)c(*)c(*)c1*,2028,5,Ring,-----
*CN(C)S(*)(=O)=O,2023,2,Linker,--
*C1SCC(=*)N1*,1998,3,Ring,-=-
*N1CC(*)(*)C1,1982,3,Ring,---
*CCCC(*)=O,1964,2,Linker,--
*N1CCC1,1961,1,Ring,-
*c1c(*)n(*)c2ccccc12,1951,3,Ring,---
*c1ncc[nH]1,1940,1,Ring,-
*c1nnc(*)[nH]1,1929,2,Ring,--
*c1ccnc(*)c1*,1920,3,Ring,---
*C=CC*,1920,2,Linker,--
*C(=O)OC(C)C,1902,1,Sub,-
*OCCN(C)C,1896,1,Sub,-
*N1CCCC(*)(*)C1,1893,3,Ring,---
*c1nsc(*)n1,1891,2,Ring,--
*c1ccc2nc(*)ccc2c1,1886,2,Ring,--
*C1CCNC1,1880,1,Ring,-
*c1ccc2nc(*)c(*)cc2c1,1880,3,Ring,---
*c1ccc2ncc(*)c(*)c2c1,1871,3,Ring,---
*C1CCCN1,1867,1,Ring,-
*C1CCCC1*,1867,2,Ring,--
*c1nc[nH]c1*,1859,2,Ring,--
*C1CC(*)CN(*)C1,1857,3,Ring,---
*C=CC(=O)NO,1857,1,Sub,-
*c1c(*)c(=*)c2ccccc2c1=*,1854,4,Ring,--==
*c1ccc2nc(*)c(*)nc2c1,1846,3,Ring,---
*c1ccnc2ccccc12,1838,1,Ring,-
*c1cc2c(cc1*)CN(*)CC2,1837,3,Ring,---
*COC(=O)N*,1837,2,Linker,--
*C(=O)NC(*)*,1835,3,Linker,---
*CCCCNC(*)=O,1832,2,Linker,--
*c1ccon1,1831,1,Ring,-
*OCC=C,1831,1,Sub,-
*C1=NC(*)=C(*)C(=*)N1,1828,4,Ring,---=
*C1=NN(*)C(=*)N1*,1822,4,Ring,--=-
*c1cc2nccc(*)c2cc1*,1816,3,Ring,---
*c1cncc(*)c1*,1811,3,Ring,---
*SCC,1808,1,Sub,-
*OCCO,1794,1,Sub,-
*c1ncn(*)n1,1770,2,Ring,--
*S(=O)(=O)N(CC)CC,1769,1,Sub,-
*c1nc(*)c2cnn(*)c2n1,1767,3,Ring,---
*C1CCC(*)O1,1765,2,Ring,--
*c1ccc2ncccc2c1,1764,1,Ring,-
*C1CCN(*)C1=*,1756,3,Ring,--=
*C(=O)C=C,1753,1,Sub,-
*C1=Cc2ccccc2OC1=*,1749,2,Ring,-=
*c1ccc2nc(*)oc2c1,1746,2,Ring,--
*c1ccc2nccc(*)c2c1,1743,2,Ring,--
*OC(*)C,1739,2,Linker,--
*C(=O)C(C)C,1730,1,Sub,-
*c1ccc2[nH]ccc2c1,1728,1,Ring,-
*OCC(F)(F)F,1724,1,Sub,-
*CC(C)(C)C,1723,1,Sub,-
*c1oc2ccccc2c1*,1721,2,Ring,--
*c1ncnc2c1cnn2*,1720,2,Ring,--
*c1ccc2c(c1)c(=*)c(=*)n2*,1718,4,Ring,-==-
*=C1NC(=*)C(=*)N1,1717,3,Ring,===
*N1CCN(*)C1=*,1714,3,Ring,--=
*c1cc[nH]n1,1711,1,Ring,-
*NC(=O)OC(C)(C)C,1704,1,Sub,-
*NCCO,1703,1,Sub,-
*OS(=O)(=O)O,1703,1,Sub,-
*C(=O)NNC(*)=O,1700,2,Linker,--
*C1CCC(*)C(*)C1,1697,3,Ring,---
*n1c(=*)c(=*)c2ccccc21,1694,3,Ring,-==
*N1CCSCC1,1684,1,Ring,-
*=c1[nH]c2ccccc2c1=*,1683,2,Ring,==
*C1=Nc2ccc(*)cc2C(=*)N1*,1683,4,Ring,--=-
*NC(=O)C(*)C,1683,2,Linker,--
*c1ccncn1,1677,1,Ring,-
*n1nccn1,1662,1,Ring,-
*CF,1661,1,Sub,-
*N1CCCc2ccccc21,1660,1,Ring,-
*CCCC(=O)N*,1657,2,Linker,--
*C(=O)NCCN(C)C,1656,1,Sub,-
*OCCO*,1650,2,Linker,--
*C1=C(*)C(=*)C1=*,1645,4,Ring,--==
*CCCNC(=N)N,1645,1,Sub,-
*C1=CN(*)c2c(cc(*)c(*)c2*)C1=*,1641,6,Ring,-----=
*c1cc2c(cc1*)OCO2,1639,2,Ring,--
*c1ccc2sc(*)nc2c1,1639,2,Ring,--
*c1ccc2oc(*)c(*)c2c1,1636,3,Ring,---
*C1=CC=CN(*)C1=*,1636,3,Ring,--=
*C1=CC(=*)N(*)C=C1,1627,3,Ring,-=-
*c1ccc[n+](*)c1,1622,2,Ring,--
*CCCN(C)C,1622,1,Sub,-
*CC(=O)O*,1620,2,Linker,--
*C1CCC2(*)CCC3(*)C(CCC4C5(*)CCC(*)C(*)(*)C5CCC43*)C12,1614,8,Ring,--------
*n1nnc2ccccc21,1614,1,Ring,-
*c1cc2ccccc2s1,1612,1,Ring,-
*C(*)(*)O,1612,3,Linker,---
*C(=O)C(NC(=O)OC)C(C)C,1612,1,Sub,-
*N1C(=*)CCC1=*,1606,3,Ring,-==
*n1cnnc1,1605,1,Ring,-
*c1ccc2c(c1)CCC2,1605,1,Ring,-
*N1Cc2ccccc2C1,1603,1,Ring,-
*C1CCCC(*)C1,1601,2,Ring,--
*c1nc2ccccn2c1*,1601,2,Ring,--
*c1ccc2cccc(*)c2n1,1601,2,Ring,--
*CCl,1590,1,Sub,-
*N(C)S(C)(=O)=O,1589,1,Sub,-
*C1=C(*)N(*)C(=*)N(*)C1=*,1588,6,Ring,---=-=
*c1cc(*)n2ncc(*)c2n1,1587,3,Ring,---
*NC(*)*,1584,3,Linker,---
*C=NO,1574,1,Sub,-
*C1=C(*)C(=*)N(*)N=C1,1570,4,Ring,--=-
*c1ccc2c(*)c[nH]c2c1,1569,2,Ring,--
*C1OC(*)C(*)(*)C1*,1563,5,Ring,-----
*CC(*)C,1562,2,Linker,--
*C1COC(=*)N1*,1561,3,Ring,-=-
*c1cc(*)n2nc(*)nc2n1,1545,3,Ring,---
*c1cc2ccccc2n1*,1545,2,Ring,--
*c1ccc2oc(*)cc2c1,1544,2,Ring,--
*c1cnc[nH]1,1540,1,Ring,-
*OCC(C)C,1537,1,Sub,-
*CCOC(*)=O,1536,2,Linker,--
*C1=C(*)N2C(=*)C(*)C2SC1,1535,4,Ring,--=-
*NCCCC,1535,1,Sub,-
*c1c[nH]c(*)c1,1534,2,Ring,--
*C1c2cc3c(cc2C(*)C2C(=*)OCC12)OCO3,1534,3,Ring,--=
*c1ccc2nnc(*)n2n1,1530,2,Ring,--
*C1CCCCO1,1526,1,Ring,-
*N1CCN(*)C(=*)C1,1520,3,Ring,--=
*c1ncnc2c1nc(*)n2*,1507,3,Ring,---
*c1sc2c(c1*)CCCC2,1505,2,Ring,--
*CC(*)*,1504,3,Linker,---
*c1nc2cc(*)c(*)cc2[nH]1,1502,3,Ring,---
*c1ccc2[nH]ncc2c1,1499,1,Ring,-
*C(=O)NCCC,1498,1,Sub,-
*CCS*,1476,2,Linker,--
*n1cnc2ccccc21,1460,1,Ring,-
*c1nnsc1*,1458,2,Ring,--
*c1ccc2c(*)cn(*)c2c1,1456,3,Ring,---
*C(=O)N(*)*,1454,3,Linker,---
*C1CCCc2ccccc21,1447,1,Ring,-
*C1=CN(*)C(=*)C(*)=C1,1435,4,Ring,--=-
*C1CC(*)C(*)C1*,1432,4,Ring,----
*CN(C)C(=O)N*,1427,2,Linker,--
*C1=NNC(=*)N1*,1426,3,Ring,-=-
*CCCOC,1419,1,Sub,-
*NCCN(C)C,1418,1,Sub,-
*C1=C(*)C(*)C(*)=C(*)N1,1412,5,Ring,-----
*c1nnc(*)c2ccccc12,1411,2,Ring,--
*C1CCC(=*)N1*,1410,3,Ring,-=-
*S(=O)(=O)C(C)C,1407,1,Sub,-
*C1(*)COC1,1405,2,Ring,--
*OCCCO*,1402,2,Linker,--
*c1csc(*)c1*,1396,3,Ring,---
*C(=O)C(*)=O,1395,2,Linker,--
*C1=CC(*)=C(*)C(=*)N1,1394,4,Ring,---=
*c1nnc(*)c(*)n1,1384,3,Ring,---
*C1CN2CCC1CC2,1383,1,Ring,-
*c1cc(*)c(*)[nH]1,1381,3,Ring,---
*C=C(*)C#N,1379,2,Linker,--
*c1c(*)c(*)n(*)c1*,1375,5,Ring,-----
*N1C(=*)NC(=*)C(=*)C1=*,1373,5,Ring,-====
*C1CCC(*)C1,1366,2,Ring,--
*CN(*)C*,1366,3,Linker,---
*C1=CN(*)C(=*)C=C1,1364,3,Ring,--=
*c1cc2ccccc2nc1*,1357,2,Ring,--
*NC(=O)C(C)C,1355,1,Sub,-
*C=NNC(=O)C*,1350,2,Linker,--
*c1nn(*)c2ccccc12,1348,2,Ring,--
*c1nc(=*)c(=*)s1,1343,3,Ring,-==
*c1cccc2[nH]ccc12,1342,1,Ring,-
*C1=CC(=*)c2c(*)cc(*)cc2O1,1342,4,Ring,-=--
*C1Cc2ccccc2C1,1340,1,Ring,-
*C1CC2CCC1C2,1338,1,Ring,-
*CCNC(=O)N*,1338,2,Linker,--
*c1ccc2c(*)cc(*)nc2c1,1332,3,Ring,---
*c1ncnn1*,1330,2,Ring,--
*N1CCC(=*)CC1,1329,2,Ring,-=
*C(=O)NN=C(*)C,1328,2,Linker,--
*CN(CC)CC,1328,1,Sub,-
*c1cc(*)c(*)nc1*,1327,4,Ring,----
*CNC,1327,1,Sub,-
*CC(O)C*,1316,2,Linker,--
*c1cc2[nH]nc(*)c2cn1,1305,2,Ring,--
*c1ncoc1*,1305,2,Ring,--
*c1ccc2c(cnn2*)c1,1299,2,Ring,--
*c1cnc2[nH]cc(*)c2c1,1298,2,Ring,--
*C1Cc2ccccc2C1*,1296,2,Ring,--
*c1ccc2c(c1)cc(*)n2*,1295,3,Ring,---
*CC(N)C(=O)O,1295,1,Sub,-
*c1no[n+](*)c1*,1288,3,Ring,---
*C1COC1,1284,1,Ring,-
*c1cncs1,1278,1,Ring,-
*c1cncnc1*,1276,2,Ring,--
*NC(=O)NCC,1273,1,Sub,-
*c1cnc2ccccc2n1,1271,1,Ring,-
*NCCC,1271,1,Sub,-
*N1CCNC1=*,1265,2,Ring,-=
*c1ccc2c(c1)CCO2,1264,1,Ring,-
*CN(*)*,1263,3,Linker,---
*C1CNC(*)C1,1260,2,Ring,--
*NNC(*)=O,1256,2,Linker,--
*c1cc(*)c2cccc(*)c2n1,1254,3,Ring,---
*c1cc2nc(*)n(*)c2cc1*,1254,4,Ring,----
*CC(N)C(*)=O,1245,2,Linker,--
*C(C)NC(C)=O,1245,1,Sub,-
*c1nc(*)c(*)nc1*,1237,4,Ring,----
*n1ccnn1,1233,1,Ring,-
*C(=O)NCCOC,1233,1,Sub,-
*c1cc2c(cc1*)C(*)N(*)CC2,1227,4,Ring,----
*C1CCNC1=*,1226,2,Ring,-=
*N1C(=*)N(*)c2ccccc21,1224,3,Ring,-=-
*C(=O)NN=*,1221,2,Linker,-=
*C1=C2C(*)C(=*)C3(*)C(*)CC4OCC4(*)C3C(*)C(*)(CC1*)C2(*)*,1219,11,Ring,--=--------
*NCC(=O)N*,1219,2,Linker,--
*NC(=O)CNC(*)=O,1218,2,Linker,--
*C1CCCCCCC1,1214,1,Ring,-
*N(CCCl)CCCl,1214,1,Sub,-
*c1c2c(nc3ccccc13)CCCC2,1213,1,Ring,-
*CNC(=O)CO*,1211,2,Linker,--
*C1CCC2(*)C(CCC3(*)C2CC=C2C4CC(*)(*)CCC4(*)CCC23*)C1(*)*,1197,9,Ring,---------
*c1ccc2c(*)c(*)n(*)c2c1,1196,4,Ring,----
*S(=O)(=O)NC,1194,1,Sub,-
*C1CC(*)C(*)C(*)C1*,1193,5,Ring,-----
*C1CN(*)CCN1,1192,2,Ring,--
*c1nc[nH]n1,1191,1,Ring,-
*NC(=O)CCC,1190,1,Sub,-
*c1nc(*)c2sccc2n1,1187,2,Ring,--
*C1=C(*)c2ccc(*)cc2OC1=*,1184,4,Ring,---=
*c1nsc(*)c1*,1183,3,Ring,---
*C(=O)CCC,1182,1,Sub,-
*C(=O)N=*,1181,2,Linker,-=
*c1cn2nc(*)sc2n1,1178,2,Ring,--
*C1CCCCN1,1172,1,Ring,-
*NC=*,1172,2,Linker,-=
*CCCCC*,1170,2,Linker,--
*c1ccc2cc(*)[nH]c2c1,1169,2,Ring,--
*c1ccc2nc(*)cn2c1,1167,2,Ring,--
*NC(=O)NC(*)C,1164,2,Linker,--
*c1c(*)c(=*)[nH]c1=*,1163,4,Ring,--==
*C(=O)NCC(*)*,1163,3,Linker,---
*C1=C(*)C(=*)c2c(*)cc(*)cc2O1,1160,5,Ring,--=--
*C1=CC(=*)NC(*)=N1,1158,3,Ring,-=-
*C1Cc2ccccc2N1*,1157,2,Ring,--
*c1nn2c(*)nnc2s1,1157,2,Ring,--
*C1C(=*)NCCN1*,1156,3,Ring,-=-
*c1nc2c(*)cccc2[nH]1,1155,2,Ring,--
*c1cnn2cccnc12,1155,1,Ring,-
*CCCC(=O)O,1155,1,Sub,-
*c1ccc2ncsc2c1,1153,1,Ring,-
*C1=Cc2cc(*)ccc2OC1=*,1151,3,Ring,--=
*c1ccc2ncc(*)n2n1,1151,2,Ring,--
*c1sc2ncnc(*)c2c1*,1149,3,Ring,---
*c1ccc2c(c1)CCCN2*,1143,2,Ring,--
*c1nncs1,1143,1,Ring,-
*CCCCN,1138,1,Sub,-
*N1CCC1(*)*,1137,3,Ring,---
*NC(=O)C(*)=O,1137,2,Linker,--
*NCCOC,1135,1,Sub,-
*C1CNCCO1,1132,1,Ring,-
*c1cccc2cnccc12,1132,1,Ring,-
*C1C2CC3CC(C2)CC1C3,1132,1,Ring,-
*OC(=O)CC,1131,1,Sub,-
*CNC(=O)C(*)C,1130,2,Linker,--
*NC(=O)C(*)*,1127,3,Linker,---
*NC(=O)NS(*)(=O)=O,1125,2,Linker,--
*COCC,1125,1,Sub,-
*NC(=O)OCC,1125,1,Sub,-
*c1cccnn1,1122,1,Ring,-
*c1ccc2c(*)c(*)[nH]c2c1,1121,3,Ring,---
*c1cccc2c(*)cccc12,1116,2,Ring,--
*c1c2ccccc2nc2ccccc12,1115,1,Ring,-
*C(=O)CO,1115,1,Sub,-
*SCCC,1115,1,Sub,-
*CCC#N,1109,1,Sub,-
*CC(=O)N(*)C,1107,2,Linker,--
*N1CC2CCC(C1)N(*)C2,1106,2,Ring,--
*SCC(=O)O,1106,1,Sub,-
*c1ccc2ccn(*)c2c1,1105,2,Ring,--
*C(=O)NC(CCC(=O)O)C(=O)O,1103,1,Sub,-
*[S+](C)[O-],1099,1,Sub,-
*CCNC(C)=O,1099,1,Sub,-
*c1nc2ccccc2c(*)c1*,1098,3,Ring,---
*c1csc2ccccc12,1097,1,Ring,-
*CCCCCCC,1095,1,Sub,-
*CC#C,1094,1,Sub,-
*N1CCC2(CC1)OCCO2,1092,1,Ring,-
*C1CC2CCC(C1*)N2*,1092,3,Ring,---
*C1=Cc2ccc(*)cc2OC1=*,1089,3,Ring,--=
*c1cnnn1*,1088,2,Ring,--
*C1=CC(=*)c2ccc(*)cc2O1,1085,3,Ring,-=-
*C(=O)C(*)C,1085,2,Linker,--
*c1csnn1,1080,1,Ring,-
*c1cccc[n+]1*,1079,2,Ring,--
*NCCCN(C)C,1079,1,Sub,-
*C(O)(C(F)(F)F)C(F)(F)F,1075,1,Sub,-
*C(=O)NCCCC,1075,1,Sub,-
*c1ccc2nc(*)c(*)c(*)c2c1,1072,4,Ring,----
*C(=O)CNC(*)=O,1070,2,Linker,--
*C(*)=C,1069,2,Linker,--
*C1=CC(=*)c2cc(*)ccc2O1,1067,3,Ring,-=-
*C1c2ccccc2-c2ccccc21,1065,1,Ring,-
*c1ccc2c(c1)c1ccccc1n2*,1064,2,Ring,--
*C1=CSC(=*)N1*,1061,3,Ring,-=-
*C(=O)NC(*)CC,1060,2,Linker,--
*c1cc(*)c(*)nn1,1058,3,Ring,---
*CC(=O)N(C)C,1055,1,Sub,-
*C(=O)NN,1053,1,Sub,-
*N1C(=*)CSC1=*,1049,3,Ring,-==
*CC(NC(*)=O)C(*)=O,1048,3,Linker,---
*C(=O)NCCC(=O)O,1048,1,Sub,-
*OC(=O)C(C)=CC,1048,1,Sub,-
*C1CC(*)(*)C1,1046,3,Ring,---
*C(N)=S,1045,1,Sub,-
*C(=O)NCC(=O)O,1042,1,Sub,-
*c1cc(*)n2nc(*)cc2n1,1038,3,Ring,---
*C1CCOCC1*,1037,2,Ring,--
*c1nn(*)c(=*)c1=*,1034,4,Ring,--==
*C1=C(*)CC(*)(*)CC1,1033,4,Ring,----
*c1cccc2c1OC(*)C(*)CN(*)C2=*,1032,5,Ring,----=
*C1=NC(*)=C(*)C(*)C1=*,1031,5,Ring,----=
*C1SC(=*)NC1=*,1030,3,Ring,-==
*C1CC(*)(*)C(*)C(*)O1,1028,5,Ring,-----
*C(*)=NO,1025,2,Linker,--
*C1CCCC(*)N1*,1022,3,Ring,---
*c1nc(*)c2nnn(*)c2n1,1022,3,Ring,---
*c1nc2c(*)cccn2c1*,1022,3,Ring,---
*C(=O)NCCO,1022,1,Sub,-
*C1=Nc2ccccc2N(*)C1=*,1021,3,Ring,--=
*N(CCC)CCC,1017,1,Sub,-
*C(C)CCCC(C)C,1017,1,Sub,-
*c1cnco1,1016,1,Ring,-
*c1cc2ccccc2cc1*,1016,2,Ring,--
*B(O)O,1015,1,Sub,-
*c1ccc2c(c1)ncn2*,1014,2,Ring,--
*c1ccc(*)c2ncccc12,1014,2,Ring,--
*c1nc2c(*)cccc2s1,1007,2,Ring,--
*c1cc(*)n2nc(*)c(*)c2n1,1005,4,Ring,----
*c1sc2c(c1*)CCN(*)C2,1005,3,Ring,---
*OCCCN(C)C,1005,1,Sub,-
*C1=CN(*)c2ccc(*)cc2C1=*,1002,4,Ring,---=
*C1=C(*)c2ccccc2OC1=*,1001,3,Ring,--=
*C1CN(*)CCC1(*)*,1001,4,Ring,----
*c1cc2c(*)ncnc2s1,999,2,Ring,--
*C1CCC(=*)N(*)C1,999,3,Ring,-=-
*CCCS*,999,2,Linker,--
*N1C(=*)c2c(ncn2*)N(*)C1=*,998,5,Ring,-=--=
*c1ccc2ncc(*)nc2c1,998,2,Ring,--
*C1=CC(*)C(*)C(*)O1,996,4,Ring,----
*c1cc(*)c2ncccc2c1,993,2,Ring,--
*c1cn[nH]c1*,989,2,Ring,--
*c1ccc2c(c1)OC(=*)N2*,989,3,Ring,-=-
*c1nc2cccnc2n1*,988,2,Ring,--
*C1=CC(=*)N(*)C(*)=N1,987,4,Ring,-=--
*c1nc2c(n1*)C(=*)NC(=*)N2*,987,5,Ring,--==-
*C1CCC2(*)C(=CCC3C2CCC2(*)C(*)CCC32)C1,984,4,Ring,----
*c1cccc2nsnc12,982,1,Ring,-
*c1c(*)c(=*)n(*)c1=*,975,5,Ring,--=-=
*c1ccc2c(c1)C(=*)N(*)CC(*)C(*)OCCCCC(*)O2,972,6,Ring,-=----
*C(=O)C(C)(C)C,971,1,Sub,-
*c1cnc(*)c(*)c1*,968,4,Ring,----
*C1=CN(*)C(=*)N(*)C1=*,966,5,Ring,--=-=
*NN=C(*)C,964,2,Linker,--
*=CC=*,964,2,Linker,==
*C(C)C(=O)O,964,1,Sub,-
*c1cc2c(*)ncnc2[nH]1,963,2,Ring,--
*OS(N)(=O)=O,962,1,Sub,-
*C1OC1*,959,2,Ring,--
*c1nn(*)c2c1CN(*)CC2,958,3,Ring,---
*C(=O)NCCN(CC)CC,958,1,Sub,-
*CN(C*)C(*)=O,957,3,Linker,---
*CCN(CC)CC,957,1,Sub,-
*NCC(*)=O,955,2,Linker,--
*OC(=O)CCC,951,1,Sub,-
*CS(=O)(=O)N*,948,2,Linker,--
*CC(N)C(=O)N*,947,2,Linker,--
*c1c[nH]c2ncnc(*)c12,944,2,Ring,--
*C(=O)NC(*)CC(=O)O,943,2,Linker,--
*N1C(=*)c2ccccc2N(*)C1=*,940,4,Ring,-=-=
*N1C=CC=CC1=*,939,2,Ring,-=
*NC(=O)C(C)(C)C,939,1,Sub,-
*C(=O)CC(C)C,939,1,Sub,-
*C1COC(*)(*)O1,935,3,Ring,---
*NC(N)=O,934,1,Sub,-
*C1CCNCC1*,932,2,Ring,--
*OCC=C(C)C,932,1,Sub,-
*CC(=O)NC(*)C,927,2,Linker,--
*c1ccc(*)[nH]1,926,2,Ring,--
*c1cc(*)c2ccccc2c1*,926,3,Ring,---
*C1=Nc2ccccc2C(=*)N1,925,2,Ring,-=
*OCCNC(*)=O,925,2,Linker,--
*N1CC(=*)N(*)C1=*,924,4,Ring,-=-=
*C12CC3CC(C1)CC(*)(C3)C2,924,2,Ring,--
*CC(=O)N(C)C*,919,2,Linker,--
*COP(=O)(O)O,918,1,Sub,-
*N1CC1,916,1,Ring,-
*N=C(S)N*,916,2,Linker,--
*C1=NC(*)C(=*)N(*)c2ccccc21,915,4,Ring,--=-
*CCC(=O)OC,915,1,Sub,-
*C1=NN(*)C(=*)O1,914,3,Ring,--=
*NC(=O)CN(C)C(*)=O,914,2,Linker,--
*c1cc2c([nH]c3ccccc32)c(*)n1,913,2,Ring,--
*OCC#C,913,1,Sub,-
*N1CC2CN(*)CC2C1,910,2,Ring,--
*S(=O)(=O)CCC,910,1,Sub,-
*C1=Nc2cnc(*)nc2N(*)C1=*,909,4,Ring,---=
*C1=CC=C(*)C(=*)N1,909,3,Ring,--=
*CNC(*)C,909,2,Linker,--
*c1cnc2[nH]ccc2c1,906,1,Ring,-
*OC(=O)N(C)C,904,1,Sub,-
*c1ccc2c(c1)NC(=*)CO2,903,2,Ring,-=
*c1ccn[nH]1,902,1,Ring,-
*C[S+](*)[O-],902,2,Linker,--
*c1nc2c([nH]1)N(*)C(=*)N(*)C2=*,900,5,Ring,--=-=
*C1CCC(=*)N1,898,2,Ring,-=
*=CC,898,1,Sub,=
*C1=C(*)c2ccccc2N(*)C1=*,897,4,Ring,---=
*CCC(N)=O,894,1,Sub,-
*CCCN,892,1,Sub,-
*NC(=O)NC(*)=O,891,2,Linker,--
*C1C2CC3CC1CC(*)(C3)C2,890,2,Ring,--
*c1ccn2ncc(*)c2n1,889,2,Ring,--
*c1nc(*)c2nc[nH]c2n1,888,2,Ring,--
*c1c[nH]c2c(*)cccc12,885,2,Ring,--
*c1ccn2c(*)c(*)nc2c1,883,3,Ring,---
*c1ccn(*)c1,883,2,Ring,--
*C1=Nc2c(ncn2*)C(=*)N1,883,3,Ring,--=
*C1CCC(*)C(*)O1,883,3,Ring,---
*c1ncco1,882,1,Ring,-
*N1CCS(=*)(=*)CC1,878,3,Ring,-==
*CC(NC(*)=O)C(=O)N*,877,3,Linker,---
*NC(=O)CCl,874,1,Sub,-
*CC(*)C(=O)O,872,2,Linker,--
*C1(*)NC(=*)NC1=*,871,4,Ring,--==
*NC(C)(C)C,870,1,Sub,-
*C=CC(=O)C=C*,868,2,Linker,--
*C(O)CO,868,1,Sub,-
*c1nnc2n1CCN(*)C2,866,2,Ring,--
*c1cccc2c1ccn2*,865,2,Ring,--
*N1CCC2(CC1)CC2,857,1,Ring,-
*C1=NC(*)CO1,856,2,Ring,--
*c1ccc2nnc(*)n2c1,856,2,Ring,--
*OCCN(CC)CC,855,1,Sub,-
*C(=O)NCC(C)C,854,1,Sub,-
*C1=NNC(=*)c2ccccc21,853,2,Ring,-=
*c1ccc2ccc(*)nc2c1,852,2,Ring,--
*n1c2ccccc2c2ccccc21,850,1,Ring,-
*C1CCN1*,848,2,Ring,--
*c1c[nH]c2ncccc12,847,1,Ring,-
*C#CC*,847,2,Linker,--
*COC(=O)C*,846,2,Linker,--
*c1cc2c(*)ccnc2[nH]1,844,2,Ring,--
*C1=CC(=*)OC1,844,2,Ring,-=
*C1=CC(=*)c2ccccc2O1,843,2,Ring,-=
*c1ccno1,842,1,Ring,-
*N1CC(=*)C(=*)C(=*)C1,841,4,Ring,-===
*CCCCCO*,838,2,Linker,--
*c1ccc2c(c1)N(*)C(=*)CO2,836,3,Ring,--=
*CCCNC(=O)C*,836,2,Linker,--
*c1ccc2c(*)cccc2c1,831,2,Ring,--
*OCCCCCC,830,1,Sub,-
*OC(*)*,829,3,Linker,---
*C(*)CC,829,2,Linker,--
*CN(C*)C*,829,3,Linker,---
*C=CC(=O)OC*,829,2,Linker,--
*C1=CC(*)C(*)C(*)C1,827,4,Ring,----
*c1ccc2c(*)noc2c1,822,2,Ring,--
*c1csc2ncnc(*)c12,820,2,Ring,--
*N1CCNC(=*)C1,819,2,Ring,-=
*c1nc(*)c2nc(*)n(*)c2n1,819,4,Ring,----
*c1cccc2ncccc12,818,1,Ring,-
*N1CCOC1=*,818,2,Ring,-=
*CC(C)O,818,1,Sub,-
*C=NNC(=S)N*,817,2,Linker,--
*C(*)(C)O,814,2,Linker,--
*C1=CC(*)=C(*)C(=*)O1,813,4,Ring,---=
*C1C(*)C23CCC(=*)C2C(*)(C(*)CC3)C(*)CC1(*)*,812,8,Ring,--=-----
*CC(*)N,812,2,Linker,--
*c1ccn2c(*)cnc2c1,811,2,Ring,--
*C=CC(=O)NC*,811,2,Linker,--
*c1ncnc2[nH]cnc12,810,1,Ring,-
*c1ccc2c(c1)CN(*)CC2,808,2,Ring,--
*NC(*)=N,808,2,Linker,--
*C(*)=*,806,3,Linker,--=
*O[Si](C)(C)C(C)(C)C,806,1,Sub,-
*c1ccc2c(c1)OC(=*)C=C2,803,2,Ring,-=
*C1=C(*)C(=*)c2ccccc2O1,802,3,Ring,--=
*C1=CN(*)c2nc(*)c(*)cc2C1=*,802,5,Ring,----=
*C(=O)N(*)CC,802,2,Linker,--
*[N+]#[C-],802,1,Sub,-
*c1cc(=*)c2ccccc2c1=*,800,3,Ring,-==
*c1cc2oc(*)c(*)c2cc1*,800,4,Ring,----
*c1ccc2c(c1)C=CC(=*)N2*,798,3,Ring,-=-
*N1C(=*)c2cccc3cccc(c23)C1=*,798,3,Ring,-==
*CCCCCCCCCC,798,1,Sub,-
*C1=CC(=*)c2c(cc(*)c(*)c2*)O1,794,5,Ring,-=---
*=C1NC(=*)C(=*)C(=*)N1,790,4,Ring,====
*c1cc(*)c2c(*)nn(*)c2n1,790,4,Ring,----
*C(=O)COC,788,1,Sub,-
*OCOC,787,1,Sub,-
*c1ccc2c(*)c(*)sc2c1,786,3,Ring,---
*c1ccc2cc(*)c(*)nc2c1,785,3,Ring,---
*CS(C)(=O)=O,784,1,Sub,-
*c1ccc2c(c1)CCCC2,782,1,Ring,-
*c1ccc2c(c1)CCC2*,782,2,Ring,--
*c1ncnc2c(*)cccc12,776,2,Ring,--
*C1=CC(=*)N(*)C(=*)N1*,776,5,Ring,-=-=-
*CCF,776,1,Sub,-
*c1ncnc2ccccc12,774,1,Ring,-
*C1=NCCN1*,773,2,Ring,--
*c1ccc2c(c1)CCN(*)C2,773,2,Ring,--
*C1CCC2C(=*)CCCC12*,773,3,Ring,-=-
*OCC(N)=O,773,1,Sub,-
*C1CCN(*)C(*)C1,772,3,Ring,---
*n1ccc2ccccc21,770,1,Ring,-
*C=CC,770,1,Sub,-
*NCC(C)C,769,1,Sub,-
*c1nccn2c(*)nc(*)c12,768,3,Ring,---
*CCN(C)C*,765,2,Linker,--
*c1ncnc2c1ccn2*,763,2,Ring,--
*N=C(*)S,763,2,Linker,--
*c1nc(*)n2ncc(*)c2n1,761,3,Ring,---
*C1CCOC1=*,761,2,Ring,-=
*N1Cc2ccccc2C1=*,761,2,Ring,-=
*OC(CC)CC,759,1,Sub,-
*N(*)CC,758,2,Linker,--
*C(*)CC(=O)O,758,2,Linker,--
*CCC=C(C)C,757,1,Sub,-
*COS(N)(=O)=O,757,1,Sub,-
*C(O)C(O)CO,754,1,Sub,-
*c1nsc2ccccc12,753,1,Ring,-
*c1ccc2c(c1)CN(*)C2,752,2,Ring,--
*NC(=O)C(F)(F)F,752,1,Sub,-
*N1C(=*)NC(=*)C1=*,751,4,Ring,-===
*CC(*)(O)C*,751,3,Linker,---
*C1=CC(=*)N2N=C(*)SC2=N1,750,3,Ring,-=-
*CC(=O)NC,749,1,Sub,-
*C1CCC(*)(*)C1,748,3,Ring,---
*C1CNC(=*)C1,748,2,Ring,-=
*N1c2ccccc2Sc2ccccc21,748,1,Ring,-
*NC(*)=NO,748,2,Linker,--
*CC(C)=O,748,1,Sub,-
*C1NC(=*)N(*)C1=*,747,4,Ring,-=-=
*CNC(=O)COC(*)=O,746,2,Linker,--
*C1CCc2ccccc21,744,1,Ring,-
*N1CCCCC1=*,742,2,Ring,-=
*c1ccc2c(c1)NC(=*)N(*)C2=*,742,4,Ring,-=-=
*N1C(=*)c2ccccc2S1(=*)=*,742,4,Ring,-===
*CCOC*,742,2,Linker,--
*CC=C(C)CCC=C(C)C,742,1,Sub,-
*c1ncns1,741,1,Ring,-
*CCN(*)C,740,2,Linker,--
*C1=NN(*)C(=*)CC1,739,3,Ring,--=
*SC(C)C,739,1,Sub,-
*c1ccc2[nH]cnc2c1,737,1,Ring,-
*C=C(C#N)C(=O)N*,737,2,Linker,--
*c1cc(*)c2[nH]c(*)c(*)c2c1,736,4,Ring,----
*c1cc2ncc(*)c(*)c2cc1*,735,4,Ring,----
*N1C=Nc2ccccc2C1=*,734,2,Ring,-=
*C1CC(*)N(*)CC1*,734,4,Ring,----
*c1nc(*)c2c(n1)CCN(*)C2,733,3,Ring,---
*C1=CC(*)OC1=*,733,3,Ring,--=
*c1nc(*)c2c(*)c(*)sc2n1,732,4,Ring,----
*c1nnc2ccccn12,728,1,Ring,-
*C1(*)CO1,727,2,Ring,--
*c1ccc2c3c(cccc13)C(=*)N(*)C2=*,726,4,Ring,-=-=
*C(=O)NC(*)CO,726,2,Linker,--
*C1=NOC(=*)N1,724,2,Ring,-=
*OCCCCC,723,1,Sub,-
*c1ccc2c(=*)c(=*)[nH]c2c1,722,3,Ring,-==
*C(N)=NO,721,1,Sub,-
*N1C(=*)C(*)(*)c2ccccc21,720,4,Ring,-=--
*c1nc2c(s1)CN(*)CC2,718,2,Ring,--
*c1cc2c(c(*)n1)C(=*)N(*)C=N2,718,4,Ring,--=-
*C1=CC(=*)Oc2c1ccc(*)c2*,717,4,Ring,-=--
*c1cccc2c1CCN2*,717,2,Ring,--
*C(*)(C)C,716,2,Linker,--
*OC(N)=O,716,1,Sub,-
*C1=NC(*)C(*)=C(*)N1,715,4,Ring,----
*c1ccc2c(c1)C(*)C(*)C(*)(*)O2,713,5,Ring,-----
*c1ccc2c(*)nc(*)nc2c1,713,3,Ring,---
*c1ccc2c(c1)CN(*)C2=*,712,3,Ring,--=
*c1cccc2[nH]cc(*)c12,712,2,Ring,--
*C=NN=*,712,2,Linker,-=
*NS(=O)(=O)CC,712,1,Sub,-
*c1cnc2c(*)cccc2c1*,711,3,Ring,---
*NC(=O)C(C)O*,711,2,Linker,--
*C(=O)OCCC,711,1,Sub,-
*CC(C#N)NC(*)=O,710,2,Linker,--
*CC(C)(C)O,710,1,Sub,-
*OC(=O)C(C)C,710,1,Sub,-
*NCCNC(*)=O,709,2,Linker,--
*C1CO1,708,1,Ring,-
*C1C2CN(*)CC12,707,2,Ring,--
*CN(*)CC,707,2,Linker,--
*CCCC(=O)NC*,707,2,Linker,--
*CCOCC,707,1,Sub,-
*c1cccc2[nH]ncc12,705,1,Ring,-
*c1cc(*)c2nc(*)[nH]c2c1,704,3,Ring,---
*c1cnc2nc(*)nc(*)c2n1,702,3,Ring,---
*CC=*,702,2,Linker,-=
*N1CCCC2(CCN(*)C2)C1,700,2,Ring,--
*C=NNC(=O)N*,700,2,Linker,--
*N(C)CCN(C)C,700,1,Sub,-
*CC(C)NC(*)=O,698,2,Linker,--
*C1CN(*)C(=*)N1*,697,4,Ring,--=-
*c1nc(=*)c(=*)n1*,692,4,Ring,-==-
*CCCNS(*)(=O)=O,689,2,Linker,--
*c1ccc2cc[nH]c2c1,688,1,Ring,-
*C1=CC=C2C(=CC1=*)C(*)CCc1cc(*)c(*)c(*)c12,688,6,Ring,-=----
*C1=COc2cc(*)ccc2C1=*,688,3,Ring,--=
*SS*,688,2,Linker,--
*CC(N)CC(*)=O,688,2,Linker,--
*=NOC,686,1,Sub,=
*C1=CC(=*)N(*)C=C1*,684,4,Ring,-=--
*C1CN(*)CC(*)N1,683,3,Ring,---
*NC=O,683,1,Sub,-
*N1C(=*)Oc2ccccc21,682,2,Ring,-=
*c1cnc2[nH]nc(*)c2c1,682,2,Ring,--
*C1=NS(=*)(=*)c2cc(*)ccc2N1,682,4,Ring,-==-
*OC(=O)CS*,682,2,Linker,--
*c1nc2sccn2c1*,681,2,Ring,--
*CN(C*)S(*)(=O)=O,681,3,Linker,---
*NCCCO,681,1,Sub,-
*OC(C)(C)C(=O)O,679,1,Sub,-
*OCCC(C)C,679,1,Sub,-
*CCNC(=O)CC*,678,2,Linker,--
*C(=O)NCCCN(C)C,678,1,Sub,-
*C1CNCCN1*,676,2,Ring,--
*C1=NC(*)=C(*)C(=*)N1*,676,5,Ring,---=-
*c1n[nH]c2ccccc12,675,1,Ring,-
*C1=Nc2c(cnn2*)C(=*)N1,675,3,Ring,--=
*CCNCC(*)O,675,2,Linker,--
*CON=*,675,2,Linker,-=
*C(=O)[O-],675,1,Sub,-
*C1=NCCS1,674,1,Ring,-
*c1ccn2cc(*)nc2c1,674,2,Ring,--
*C(=O)CCl,674,1,Sub,-
*NCC=C,674,1,Sub,-
*S(=O)(=O)C(F)(F)F,674,1,Sub,-
*c1cn2c(n1)OCC(*)C2,673,2,Ring,--
*NCC(*)O,673,2,Linker,--
*CCCNC*,672,2,Linker,--
*C1=NC(*)(*)N(*)C(*)=N1,671,5,Ring,-----
*C1C(=*)N(*)C(=*)N1*,671,5,Ring,-=-=-
*c1cc(*)n2ncnc2n1,671,2,Ring,--
*C1=NS(=*)(=*)c2ccccc21,669,3,Ring,-==
*CCN(C)C(*)=O,669,2,Linker,--
*N1C(=*)C(=*)N(*)C1=*,668,5,Ring,-==-=
*CCCCCCCCCCCC,668,1,Sub,-
*c1ccc2c(c1)c(*)nn2*,667,3,Ring,---
*c1cn2c(*)cnc2cn1,667,2,Ring,--
*c1cc(*)c2cccnc2c1*,666,3,Ring,---
*NS(=O)(=O)CCC,666,1,Sub,-
*c1c(*)c(=*)oc1=*,665,4,Ring,--==
*C1=CC(=*)C(*)=CO1,665,3,Ring,-=-
*c1ccc2c(c1)C1(*)CCN(*)C(C2)C1*,663,4,Ring,----
*OCC(O)CNC(C)C,663,1,Sub,-
*S(=O)(=O)NC(C)(C)C,663,1,Sub,-
*NCCN,662,1,Sub,-
*SCC(=O)OCC,661,1,Sub,-
*C1=CN(*)C(=*)N=C1*,660,4,Ring,--=-
*c1cc(*)c2cc(*)oc2c1,660,3,Ring,---
*N1C(=*)N(*)C(*)(*)C1=*,660,6,Ring,-=---=
*N1C(=*)Sc2ccccc21,660,2,Ring,-=
*C(=O)OCCCC,660,1,Sub,-
*c1ncnc(*)n1,659,2,Ring,--
*N(CC)S(*)(=O)=O,659,2,Linker,--
*c1ccc2c(c1)CC(=*)N(*)CC(*)C(*)O2,658,5,Ring,-=---
*c1ccc2c(c1)OC(*)C(*)CN(*)S2(=*)=*,657,6,Ring,----==
*c1ncc2ncnc(*)c2n1,656,2,Ring,--
*C1=Cc2cnc(*)nc2N(*)C1=*,656,4,Ring,---=
*NC(=O)C(C)S*,656,2,Linker,--
*C1=Nc2cccc(*)c2C(=*)N1*,655,4,Ring,--=-
*SCC(N)=O,655,1,Sub,-
*P(=O)(O)O,654,1,Sub,-
*c1ccc2c(c1)OCCCO2,650,1,Ring,-
*C1CNC1,649,1,Ring,-
*C1=C(*)N(*)C(=*)S1,649,4,Ring,---=
*CCCCCC*,649,2,Linker,--
*NN,649,1,Sub,-
*OCC(=O)OCC,648,1,Sub,-
*NC(=O)NC,648,1,Sub,-
*c1cnn(*)n1,645,2,Ring,--
*C(=O)NS(C)(=O)=O,645,1,Sub,-
*C1=Nc2cc(*)ccc2C(=*)N1*,644,4,Ring,--=-
*C1CCC(*)N1*,644,3,Ring,---
*C1(*)CC(=*)C(=*)O1,644,4,Ring,--==
*C1CCCN(*)CC1,644,2,Ring,--
*CNC(*)=NO,644,2,Linker,--
*CC(=O)OCC(=O)N*,643,2,Linker,--
*C(=O)NNS(*)(=O)=O,643,2,Linker,--
*CCCCCCO*,642,2,Linker,--
*c1sc2c(c1*)CCC2,641,2,Ring,--
*c1ccc2c(*)c3cc(*)ccc3nc2c1,638,3,Ring,---
*c1nnc[nH]1,637,1,Ring,-
*=C(O)OCC,637,1,Sub,=
*c1ccc2sc(*)cc2c1,636,2,Ring,--
*c1ccc2c(c1)C(=*)N(*)C=N2,636,3,Ring,-=-
*NCCN*,636,2,Linker,--
*NC(=O)CN(*)S(*)(=O)=O,636,3,Linker,---
*c1ccc2c(*)nccc2c1,635,2,Ring,--
*C1Nc2ccccc2C(=*)N1*,634,3,Ring,-=-
*N1C=NN(*)C1=*,634,3,Ring,--=
*c1cccc2c1CN(*)C2=*,633,3,Ring,--=
*C=CC=*,632,2,Linker,-=
*CC=CCCCC(=O)O,632,1,Sub,-
*c1ccc2cccc(*)c2c1,631,2,Ring,--
*c1cccc2c1nc(*)n2*,631,3,Ring,---
*n1cc[n+](*)c1,631,2,Ring,--
*C1CC(*)(*)NC(*)(*)C1,631,5,Ring,-----
*C=C(*)C,630,2,Linker,--
*c1ccc2c3c1OC1C(*)CCC4(*)C(C2)N(*)CCC314,629,4,Ring,----
*c1ccc2c(c1)c1cc(*)ccc1n2*,628,3,Ring,---
*C(=O)C(F)(F)F,628,1,Sub,-
*NC(=O)CCS(*)(=O)=O,627,2,Linker,--
*CN(CC)C(*)=O,627,2,Linker,--
*C1CCCOC1,626,1,Ring,-
*N1C(=*)c2ccccc2C1(*)*,626,4,Ring,-=--
*c1ccc2c(c1)C(=*)N(*)CC(*)C(*)O2,626,5,Ring,-=---
*[n+]1ccccc1,625,1,Ring,-
*CN(*)C(=O)N*,625,3,Linker,---
*C=CC(=O)OC,625,1,Sub,-
*C1=NN(*)C(*)(*)C1,623,4,Ring,----
*C1COCCO1,623,1,Ring,-
*C1CCN(*)C1*,620,3,Ring,---
*N1CCCC1(*)*,619,3,Ring,---
*C1=CC(=*)c2c(*)cc(*)c(*)c2O1,618,5,Ring,-=---
*c1cn(*)cc1*,618,3,Ring,---
*C1=CCCN(*)C1,617,2,Ring,--
*C1CC(*)C(*)C1,615,3,Ring,---
*c1ccc2c(*)nn(*)c2c1,615,3,Ring,---
*C=C(C)C,615,1,Sub,-
*C1CCC2(*)C(CCC3C4CCC(*)C4(*)CCC32)C1,614,4,Ring,----
*C1=CC(=*)Oc2ccccc21,613,2,Ring,-=
*C1=C(*)C(*)(*)CCC1,613,4,Ring,----
*CCS(*)(=O)=O,613,2,Linker,--
*c1ccc2c(c1)SC(=*)N2*,612,3,Ring,-=-
*CNS(C)(=O)=O,612,1,Sub,-
*c1ccc2ncn(*)c2c1,611,2,Ring,--
*c1cccc2c1c(*)cn2*,610,3,Ring,---
*C1COCC1*,605,2,Ring,--
*NCCO*,605,2,Linker,--
*C1=C(*)C(=*)N(*)N1,604,4,Ring,--=-
*c1nc2c([nH]1)C(=*)N(*)C(=*)N2*,603,5,Ring,-=-=-
*C(*)C#N,603,2,Linker,--
*c1ccc2c(c1)C(=*)N(*)C2,602,3,Ring,-=-
*c1ccc2cn[nH]c2c1,601,1,Ring,-
*C(CC)CC,600,1,Sub,-
*N1CC(=*)Nc2ccccc21,598,2,Ring,-=
*C1CCC2(*)C(CCC3(*)C2C(=*)C=C2C4CC(*)(*)CCC4(*)CCC23*)C1(*)*,597,10,Ring,---=------
*CCNC(=O)CS*,597,2,Linker,--
*c1cc(*)c2nc(*)sc2c1,596,3,Ring,---
*c1cc2c(cc1*)C13CCN4CC=CC(*)(C(*)C(*)(*)C1N2*)C43,596,7,Ring,-------
*C1CCCc2cccnc21,595,1,Ring,-
*C1CC(*)(*)OC(*)C1*,595,5,Ring,-----
*N1C(=*)Nc2ccccc21,595,2,Ring,-=
*C1CC2CCCC(C1)N2*,594,2,Ring,--
*C1SCC2NC(=*)NC21,594,2,Ring,-=
*CCC(=O)O*,594,2,Linker,--
*c1ccnc2[nH]ccc12,593,1,Ring,-
*c1nc2cccc(*)c2[nH]1,593,2,Ring,--
*CC(*)NC(*)=O,593,3,Linker,---
*C1=CC(*)=NN(*)C1=*,591,4,Ring,---=
*C1CCS(=*)(=*)CC1,591,3,Ring,-==
*OCCN,590,1,Sub,-
*C1CNCC1*,589,2,Ring,--
*C1=Nn2c(*)nnc2SC1,588,2,Ring,--
*c1c(*)c(=*)c(*)c(*)c1=*,586,6,Ring,--=--=
*C1=C(*)C(=*)N(*)C=C1,586,4,Ring,--=-
*C1Cc2ccccc2CN1,586,1,Ring,-
*OCCS*,585,2,Linker,--
*CCOC(*)*,585,3,Linker,---
*c1nc(*)c2c(n1)N(*)CC2,584,3,Ring,---
*c1cc(*)c2c(c1)OCO2,584,2,Ring,--
*c1ccc2c(c1)N(*)C(=*)N2*,580,4,Ring,--=-
*OCCF,579,1,Sub,-
*c1ccc2c(*)cccc2n1,578,2,Ring,--
*c1cccc2c1OCO2,577,1,Ring,-
*N1C(=*)Nc2ccccc2C1=*,577,3,Ring,-==
*C1=C(*)N2C(=*)C(*)C2C1*,577,5,Ring,--=--
*C1OC(*)(*)C(*)C1*,576,5,Ring,-----
*C1=NNC(=*)C2=C1CCCC2,575,2,Ring,-=
*c1nccc2ccccc12,574,1,Ring,-
*C1CC2CCC1(*)C2(*)*,573,4,Ring,----
*C1CCCC(*)C1*,573,3,Ring,---
*NCCN(CC)CC,573,1,Sub,-
*c1ccc2ccc(*)cc2c1,572,2,Ring,--
*C1CCC2(*)CCC3(*)C(=CCC4C5(*)CCC(*)C(*)(*)C5CCC43*)C2C1*,572,9,Ring,---------
*COC(N)=O,572,1,Sub,-
*c1ccc2c(*)ncnc2c1,571,2,Ring,--
*OS(C)(=O)=O,571,1,Sub,-
*C1=COc2ccccc2C1=*,570,2,Ring,-=
*c1c(*)c(*)c2c(c1*)CCC(*)(*)O2,570,6,Ring,------
*c1ccc2cccnc2c1*,570,2,Ring,--
*N=O,570,1,Sub,-
*C1SC(=*)N(*)C1=*,569,4,Ring,-=-=
*C1=CCC(*)CC1,569,2,Ring,--
*C1=C(*)N(*)C(=*)NC1*,568,5,Ring,---=-
*C1c2ccccc2CCN1*,568,2,Ring,--
*[2H],568,1,Sub,-
*c1ccc2c(c1)CCC(=*)N2,567,2,Ring,-=
*C1CC2CC2N1*,565,2,Ring,--
*COCCO,565,1,Sub,-
*N1CCCNCC1,564,1,Ring,-
*C1=CN(*)c2cc(*)ccc2C1=*,564,4,Ring,---=
*c1cn2ccccc2n1,564,1,Ring,-
*c1c2ccccc2cc2ccccc12,564,1,Ring,-
*C1=CC(*)=C(*)C(=*)N1*,563,5,Ring,---=-
*CC(*)C(=O)N*,563,3,Linker,---
*c1ncc2cc(*)n(*)c2n1,562,3,Ring,---
*NC(=O)COC,562,1,Sub,-
*CNC(=O)OC(C)(C)C,561,1,Sub,-
*c1ccnnc1,560,1,Ring,-
*C1=CNC(=*)C(*)=C1,560,3,Ring,-=-
*c1nc(*)c2cc[nH]c2n1,560,2,Ring,--
*CC(F)F,559,1,Sub,-
*c1cn(*)c2ncccc12,558,2,Ring,--
*CCC(*)O,558,2,Linker,--
*OCCCCO*,557,2,Linker,--
*CP(=O)(O)O,557,1,Sub,-
*NC(=O)C(*)N(*)C(*)=O,556,4,Linker,----
*C=NNC(=O)CS*,555,2,Linker,--
*c1ccc2c(*)c(*)cnc2c1,554,3,Ring,---
*CCC(*)*,553,3,Linker,---
*C1=C(*)C(=*)OC(*)C1,552,4,Ring,--=-
*C(*)=S,552,2,Linker,--
*C1CCCN(*)C1*,551,3,Ring,---
*C(=O)NC(CCC(=O)O)C(*)=O,551,2,Linker,--
*C1=C(*)C(=*)NC(=*)N1,550,4,Ring,--==
*C1=Cc2cccc(*)c2OC1=*,549,3,Ring,--=
*c1cc2c(*)n[nH]c2cn1,549,2,Ring,--
*C1=Nn2cccc2C(=*)N1,547,2,Ring,-=
*c1ncc2c(n1)-c1c(nn(*)c1*)CC2,547,3,Ring,---
*c1ccc2c(c1)N(*)c1ccccc1S2,546,2,Ring,--
*C1=C(*)C(=*)OC1,546,3,Ring,--=
*c1cccc2c1CCC2*,546,2,Ring,--
*C1OC1(*)*,545,3,Ring,---
*NC(=O)CCCO*,545,2,Linker,--
*c1noc2ccccc12,544,1,Ring,-
*NC(=O)CCNC(*)=O,544,2,Linker,--
*C1=NN(*)C(=*)C(*)=C1*,543,5,Ring,--=--
*OC(=O)C(O)C(*)NC(*)=O,543,3,Linker,---
*C1C=CC(*)O1,541,2,Ring,--
*c1ccc2c(c1)CC(*)N2*,541,3,Ring,---
*C(=O)C(*)*,541,3,Linker,---
*CC(N*)C(=O)O,541,2,Linker,--
*c1cc2cccc(*)c2o1,540,2,Ring,--
*N1CCCCCCC1,540,1,Ring,-
*NC(=O)CCC(*)=O,538,2,Linker,--
*OC(=O)C(C)(C)C,536,1,Sub,-
*C1=CN(*)c2nc(*)ccc2C1=*,535,4,Ring,---=
*c1cccc2c(=*)c3c(*)c4c(c(*)c3c(=*)c12)C(*)CC(*)(*)C4,535,8,Ring,-=--=---
*COP(=O)(O)OP(=O)(O)OP(=O)(O)O,535,1,Sub,-
*C1C2C(CN1*)C2(*)*,534,4,Ring,----
*c1nc(*)c2c3c(sc2n1)CCCC3,534,2,Ring,--
*C1CCC2(*)C1C(*)CC1C3(*)CCC(*)C(*)(*)C3CCC12*,533,8,Ring,--------
*N1Cc2ccncc2C1,533,1,Ring,-
*C1CCCN(*)C1=*,532,3,Ring,--=
*c1nc(*)c2c(n1)CCN(*)CC2,532,3,Ring,---
*CNCCO*,532,2,Linker,--
*OCCCOC,532,1,Sub,-
*OCCCCCCCC,532,1,Sub,-
*C1=C(*)C(*)OC1=*,531,4,Ring,---=
*c1ccc2nccnc2c1,531,1,Ring,-
*C1CCC(*)(*)O1,531,3,Ring,---
*c1cc2c(*)cccc2[nH]1,530,2,Ring,--
*c1cnnc(*)n1,529,2,Ring,--
*c1ccc2c(c1)nnn2*,528,2,Ring,--
*c1cc(*)c2nc(*)n(*)c2c1,528,4,Ring,----
*CNC(=S)N*,526,2,Linker,--
*OCC(=O)OC,526,1,Sub,-
*c1nc2cc(*)c(*)cc2s1,525,3,Ring,---
*C1CCOC1*,524,2,Ring,--
*C1CCCCNC1=*,524,2,Ring,-=
*N1CCC2(CC1)C(=*)NCN2*,524,3,Ring,-=-
*C1CN2CCC1CC2*,523,2,Ring,--
*C1=NN(*)C(=*)S1,522,3,Ring,--=
*c1cnc2ccccn12,522,1,Ring,-
*C1CCC2(*)C(*)C(=*)CCC2C1(*)*,521,6,Ring,---=--
*c1ccc2c(*)nc(*)nc2n1,521,3,Ring,---
*C1=NC(=*)c2cc(*)cc(*)c2S1,521,4,Ring,-=--
*N1N=Nc2ccccc2C1=*,520,2,Ring,-=
*c1ccc2c(*)c(*)ccc2c1,520,3,Ring,---
*c1cc2c(*)nn(*)c2s1,520,3,Ring,---
*CO[Si](C)(C)C(C)(C)C,519,1,Sub,-
*c1ccc2c(c1)-c1c(c(*)nn1*)CC2,517,3,Ring,---
*C1=C(*)N(*)C=CC1=*,516,4,Ring,---=
*[S+](*)[O-],516,2,Linker,--
*CBr,516,1,Sub,-
*B1OCc2ccc(*)cc21,515,2,Ring,--
*CC(O)CO,515,1,Sub,-
*N1CCC2(CC1)CCN(*)CC2,514,2,Ring,--
*C1COC(*)C1*,514,3,Ring,---
*c1coc(*)c1,513,2,Ring,--
*c1cc(*)c2cnn(*)c2n1,513,3,Ring,---
*CCCCN*,513,2,Linker,--
*N1CC2CC1CN2*,512,2,Ring,--
*NC(=O)CCCC,510,1,Sub,-
*C1C(=*)C(=*)N(*)C1*,509,5,Ring,-==--
*N(*)*,509,3,Linker,---
*NC(=O)CN(C)S(*)(=O)=O,508,2,Linker,--
*CC(*)(O)C(*)C,508,3,Linker,---
*SCC=C,508,1,Sub,-
*C#CC,508,1,Sub,-
*c1cccc2c1OCCO2,506,1,Ring,-
*NC(=O)C(C)OC(*)=O,506,2,Linker,--
*C1=C(*)c2ccc(*)c(*)c2OC1=*,505,5,Ring,----=
*C(=O)NCCC(C)C,505,1,Sub,-
*C(C)N,504,1,Sub,-
*c1ccc2sc(*)c(*)c2c1,503,3,Ring,---
*CCCNC(=O)N*,503,2,Linker,--
*c1ccc2c(c1)OC(*)(*)O2,502,3,Ring,---
*c1sc2c(c1*)CCNC2,502,2,Ring,--
*c1cn(*)c2c(*)cccc12,502,3,Ring,---
*C1=NC(=*)C(*)S1,502,3,Ring,-=-
*NC(*)C(C)C,502,2,Linker,--
*C(=O)C=*,502,2,Linker,-=
*NC(=O)CC(C)C,502,1,Sub,-
*c1ccc(*)c2c1CCN(*)C2,500,3,Ring,---
*c1ccc2cc(*)oc2c1,499,2,Ring,--
*N1C(=*)C2C3C=CC(C3)C2C1=*,499,3,Ring,-==
*C1=CC(=*)N(*)C(=*)N1,499,4,Ring,-=-=
*c1ccc2c(c1)N(*)CC2,498,2,Ring,--
*C=NNC(N)=S,498,1,Sub,-
*c1cc(*)c2c(*)c(*)sc2n1,497,4,Ring,----
*C1c2[nH]c3ccccc3c2CCN1*,497,2,Ring,--
*CC(NS(*)(=O)=O)C(*)=O,497,3,Linker,---
*C1OC(*)(*)C(*)C(*)C1*,496,6,Ring,------
*C1=Cc2ccc(*)c(*)c2OC1=*,495,4,Ring,---=
*c1nc(=*)c(=*)[nH]1,495,3,Ring,-==
*c1cc(*)sn1,494,2,Ring,--
*CNC(=O)O*,494,2,Linker,--
*C(=O)NC(C(*)=O)C(C)C,494,2,Linker,--
*c1cccc2c1C(=*)N(*)C2,493,3,Ring,-=-
*c1cccc2nonc12,492,1,Ring,-
*c1ccc2c(*)c3c(nc2c1)CCCC3,492,2,Ring,--
*=C1CCCC(=*)C1=*,492,3,Ring,===
*C(*)=C(*)CC,492,3,Linker,---
*C1=CCOC1=*,491,2,Ring,-=
*C1NC2CCC1C2,491,1,Ring,-
*C1C=CC(*)C(*)O1,491,3,Ring,---
*C1=CC(=*)Oc2ccc(*)cc21,491,3,Ring,-=-
*C(=O)NC(C)CC,491,1,Sub,-
*c1ccc2c(c1)CC(*)C2,490,2,Ring,--
*C1CN(*)C(*)CN1*,490,4,Ring,----
*SC(F)(F)F,490,1,Sub,-
*c1cc(*)c2oc(*)nc2c1,489,3,Ring,---
*N(*)C(=O)CC,489,2,Linker,--
*C1CC(*)(*)CN1*,488,4,Ring,----
*CC(=O)NO,488,1,Sub,-
*C1CCN(*)C(=*)C(*)N1,487,4,Ring,--=-
*C1=NNC(*)C1,487,2,Ring,--
*c1ncnc2sccc12,487,1,Ring,-
*C1CCC(*)N(*)C1,487,3,Ring,---
*C=NNC(=O)CO*,487,2,Linker,--
*c1ccc2c(c1)C(*)(*)C(=*)N2,486,4,Ring,---=
*c1ccc(*)c2nonc12,486,2,Ring,--
*C12CCC(*)(C(=*)O1)C2(*)*,485,5,Ring,--=--
*C=CC#N,485,1,Sub,-
*c1ccc2onc(*)c2c1,484,2,Ring,--
*C1CC(=*)OC1*,484,3,Ring,-=-
*NC(=O)N(*)C,484,2,Linker,--
*NC(*)CC,483,2,Linker,--
*N=C(N)N,483,1,Sub,-
*C=NNC(=N)N,481,1,Sub,-
*C1=CC(=*)N2C=CC=CC2=N1,480,2,Ring,-=
*CCCOC(*)=O,480,2,Linker,--
*P(=O)(OCC)OCC,480,1,Sub,-
*CCCCCCCCC,480,1,Sub,-
*c1coc2ccccc12,479,1,Ring,-
*NC=CC(*)=O,478,2,Linker,--
*C1CN(*)CC1(*)*,477,4,Ring,----
*c1n[nH]c2c1CN(*)CC2,477,2,Ring,--
*CNCCO,477,1,Sub,-
*N1Sc2ccccc2C1=*,476,2,Ring,-=
*C1NC(*)(*)C2C(=*)N(*)C(=*)C12,476,6,Ring,---=-=
*CSC,476,1,Sub,-
*OCCCC(=O)O,476,1,Sub,-
*C(C)(C)CC,475,1,Sub,-
*NC(=O)C(C)NC,475,1,Sub,-
*N1CCC(*)(*)C2(CCCC2)C1,474,3,Ring,---
*CC(C)NCC(*)O,473,2,Linker,--
*C1C(*)C1(*)*,472,4,Ring,----
*c1cc(*)n2nccc2n1,472,2,Ring,--
*C1C(*)C2CC2(*)C1*,472,4,Ring,----
*C1CCC2(*)C(C1)CC(*)C1C3CCC(*)C3(*)CCC12,471,5,Ring,-----
*c1ccc2c(c1)CCC(*)O2,471,2,Ring,--
*c1nc2c3cn(*)nc3nc(*)n2n1,470,3,Ring,---
*C1CN(*)C(*)C1*,470,4,Ring,----
*N(C)C(C)=O,469,1,Sub,-
*c1cc(*)c2c(c1)OC(*)CC2=*,468,4,Ring,---=
*C1CNC(=*)N1*,468,3,Ring,-=-
*C1=C(*)C(=*)NC(*)(*)C1,467,5,Ring,--=--
*c1cc(*)c2nc(*)c(*)n2c1,467,4,Ring,----
*C1=CC(=*)Oc2cc(*)c(*)cc21,467,4,Ring,-=--
*C(=O)NC(*)(C)C,467,2,Linker,--
*C(=O)NCC=C,467,1,Sub,-
*c1c2ccccc2nc2c(*)cccc12,466,2,Ring,--
*N=C=S,466,1,Sub,-
*C1COC2C(*)COC12,465,2,Ring,--
*OCC(F)F,465,1,Sub,-
*C1=NCCCN1,463,1,Ring,-
*C(*)C(=O)O,463,2,Linker,--
*C(C)(C)C=C,463,1,Sub,-
*c1sc2c(c1*)CCC(*)C2,462,3,Ring,---
*N1CCN(*)C2CS(=*)(=*)CC21,462,4,Ring,--==
*C1CCCCN(*)C1=*,462,3,Ring,--=
*c1nn(*)nc1*,462,3,Ring,---
*C=NNS(*)(=O)=O,461,2,Linker,--
*N(CC(=O)O)S(*)(=O)=O,461,2,Linker,--
*OC(C)C(*)=O,461,2,Linker,--
*C(Cl)(Cl)Cl,461,1,Sub,-
*C1c2ccccc2C(=*)N1*,459,3,Ring,-=-
*C1=CN(*)C(*)=CC1=*,459,4,Ring,---=
*c1cc2n(n1)CCN(*)C2,459,2,Ring,--
*C(=O)N(CCC)CCC,459,1,Sub,-
*c1cccc2c1CCCC2,458,1,Ring,-
*c1cn(*)c2ncncc12,458,2,Ring,--
*C(=O)CCC(=O)O,458,1,Sub,-
*c1ccc2occ(*)c2c1,457,2,Ring,--
*C(=O)NCC(F)(F)F,457,1,Sub,-
*C(=O)N=C(N)N,457,1,Sub,-
*C1=CC(*)CC(*)O1,456,3,Ring,---
*C1COC(=*)C1*,456,3,Ring,-=-
*CN(C(*)=O)C(C)C,456,2,Linker,--
*SCC(=O)OC,455,1,Sub,-
*C1=CC(=*)N(*)N=C1*,454,4,Ring,-=--
*C(=O)NCCNC(*)=O,454,2,Linker,--
*C(*)(CC)CC,454,2,Linker,--
*C1=C(*)C2CCC(C1)N2*,453,3,Ring,---
*c1nc2c(*)ccc(*)c2s1,453,3,Ring,---
*c1cn2nc(*)ccc2n1,453,2,Ring,--
*c1cc(*)c2c(c1)nc(*)n2*,453,4,Ring,----
*CN(*)CC#C,453,2,Linker,--
*CNCCCN*,453,2,Linker,--
*c1nc2c(*)cccn2n1,452,2,Ring,--
*C1CN(*)c2ccccc2O1,452,2,Ring,--
*c1nsnc1*,452,2,Ring,--
*c1sc2c(c1*)CCCCC2,452,2,Ring,--
*C1CN(*)C(*)C(*)C1*,452,5,Ring,-----
*C1CSCN1*,452,2,Ring,--
*CSC(*)=S,452,2,Linker,--
*CC(C)N,452,1,Sub,-
*CC(=O)N(CC)CC,451,1,Sub,-
*C1C(*)C(*)N(*)C(=*)N(*)C1*,450,7,Ring,----=--
*c1nnc2n1CCCCC2,450,1,Ring,-
*c1cc2sccc2n1*,450,2,Ring,--
*c1cncc2ccccc12,450,1,Ring,-
*C1CC(*)(*)C(=*)N(*)C1*,450,6,Ring,---=--
*c1sc2c(c1*)C(=*)N(*)C=N2,449,4,Ring,--=-
*c1ncc2c(n1)CCN(*)C2,448,2,Ring,--
*C#CC(C)(C)O,448,1,Sub,-
*c1nc2c(s1)CC(*)CC2,447,2,Ring,--
*c1nnn2cnc3[nH]ccc3c12,446,1,Ring,-
*c1c(*)n(*)c2nc3ccccc3nc12,446,3,Ring,---
*c1nc(*)c2sc(*)cc2n1,445,3,Ring,---
*c1ccc2c(c1)N(*)C(=*)O2,444,3,Ring,--=
*N1C(=*)C(=*)C(=*)N(*)C1=*,444,6,Ring,-===-=
*c1cc2nc(*)c(*)nc2cc1*,444,4,Ring,----
*SCCCC,444,1,Sub,-
*NC(=O)C(*)CC,443,2,Linker,--
*N1C=CC(=*)N(*)C1=*,442,4,Ring,-=-=
*C1C2=C(CCC2=*)N(*)C(=*)N1*,441,5,Ring,-=-=-
*c1nnco1,441,1,Ring,-
*NC(=S)NN=*,441,2,Linker,-=
*c1ccc2c(c1)CCN(*)CC2,440,2,Ring,--
*CSC*,440,2,Linker,--
*CCCCO,440,1,Sub,-
*c1cnoc1*,439,2,Ring,--
*CSCC(=O)N*,439,2,Linker,--
*OC(=O)CC(C)C,439,1,Sub,-
*c1ccc2c(c1)CN(*)CCO2,438,2,Ring,--
*C(=O)CC(*)*,438,3,Linker,---
*N1C(=*)C2CC=CCC2C1=*,437,3,Ring,-==
*C1OC2OC(*)(*)OC2C1*,437,4,Ring,----
*CCNCC(O)CO*,437,2,Linker,--
*C(=O)NCCCOC,437,1,Sub,-
*CCC(=O)OCC,436,1,Sub,-
*CC#CC,436,1,Sub,-
*C1CCCCCN1*,435,2,Ring,--
*C1=CC(=*)N(*)c2ccccc21,435,3,Ring,-=-
*C=CC(=O)NCC*,435,2,Linker,--
*CCCN=C(N)N,435,1,Sub,-
*OC(=O)C(C)CC,435,1,Sub,-
*CNCC,434,1,Sub,-
*c1ccc2c(c1)C(*)C(*)CC2,433,3,Ring,---
*NCCCN(CC)CC,433,1,Sub,-
*NC(=O)C(=O)O,433,1,Sub,-
*N1CC2CC1CO2,432,1,Ring,-
*C1N(*)CSC1(*)*,432,4,Ring,----
*C1(*)CCNCC1,432,2,Ring,--
*C1=C(*)C(=*)c2ccc(*)cc2O1,431,4,Ring,--=-
*CC(C)(C)C(=O)O,431,1,Sub,-
*OC(C)(C)C,431,1,Sub,-
*CC(=O)N(*)C*,430,3,Linker,---
*c1nc2c(s1)CCCC2,429,1,Ring,-
*c1ncnc2c1CN(*)CC2,427,2,Ring,--
*C1=CC(=*)C(*)=C(*)O1,427,4,Ring,-=--
*C=NOC*,427,2,Linker,--
*c1c[nH]nn1,426,1,Ring,-
*C1(*)C(=*)NC(=*)NC1=*,426,5,Ring,--===
*N1CCC(=*)N(*)CC1,426,3,Ring,-=-
*c1ccc2cc(*)sc2c1,425,2,Ring,--
*N1CCC(*)(*)C1=*,425,4,Ring,---=
*C1=COCCO1,425,1,Ring,-
*c1ccc2c(*)c(*)sc2n1,424,3,Ring,---
*c1cnc2c(cnn2*)c1,423,2,Ring,--
*OCCCO,423,1,Sub,-
*[O],423,1,Sub,-
*C1C2CCCN3CCCC(CN1*)C23,421,2,Ring,--
*C1CN(*)CC(=*)N1*,421,4,Ring,--=-
*CC(C)N*,421,2,Linker,--
*NS(=O)(=O)C(F)(F)F,421,1,Sub,-
*c1cc(=*)c(*)cc1=*,419,4,Ring,-=-=
*C1CN(*)CC(*)N1*,419,4,Ring,----
*C1OC(=*)N(*)C1*,419,4,Ring,-=--
*C(*)C(*)(O)CCN(C)C,419,3,Linker,---
*C=CC(=O)OCC,419,1,Sub,-
*C(C)=NNC(=N)N,419,1,Sub,-
*C1=NNC(=*)CC1*,418,3,Ring,-=-
*C=CC(=O)OCC(=O)N*,418,2,Linker,--
*N1C(=*)c2sccc2N(*)C1=*,417,4,Ring,-=-=
*CNC(=O)NC*,417,2,Linker,--
*NC(=S)NNC(*)=O,416,2,Linker,--
*OC(C)C(=O)O,416,1,Sub,-
*CC(C)NC(C)=O,416,1,Sub,-
*N1CCC2(CC1)CN(*)C2,415,2,Ring,--
*C1OCCO1,414,1,Ring,-
*c1nc2ncccc2o1,413,1,Ring,-
*c1ccc2c(c1)NC(=*)N2*,412,3,Ring,-=-
*c1ccc2ncc(*)n2c1,412,2,Ring,--
*c1ccc2cc(*)ncc2c1,412,2,Ring,--
*CC(NC(*)=O)C(=O)OC,412,2,Linker,--
*=C1NC(=*)C(=*)NC1=*,411,4,Ring,====
*NC(=O)CCC(=O)O,411,1,Sub,-
*c1nn2c(*)c(*)nc2s1,410,3,Ring,---
*CC(N)CO*,410,2,Linker,--
*C(F)(F)P(=O)(O)O,410,1,Sub,-
*c1ccc2ncc(*)cc2c1,409,2,Ring,--
*c1ncc2c3ccncc3n(*)c2n1,409,2,Ring,--
*C1=CC(=*)Oc2cc(*)cc(*)c21,409,4,Ring,-=--
*C1=NOC(*)(*)C1,409,3,Ring,---
*C1CCCN2CCCCC12,409,1,Ring,-
*CCNC(=O)CO*,409,2,Linker,--
*=C(O)OC,409,1,Sub,=
*C(C)(F)F,409,1,Sub,-
*C#CCO*,408,2,Linker,--
*c1ccc2cc3[n+](cc2c1*)CCc1cc2c(cc1-3)OCO2,407,2,Ring,--
*c1ccc2c(c1)CCC(*)C2,407,2,Ring,--
*C(=O)OCC(C)C,407,1,Sub,-
*C12CCC(CC1=*)C2(*)*,406,4,Ring,-=--
*c1n(*)cc[n+]1*,405,3,Ring,---
*C1COC2OCCC12,405,1,Ring,-
*c1cn2ccnc2c(*)n1,405,2,Ring,--
*C1CCC2(*)C(C1)CC(*)C1C2CC(*)C2(*)C(*)CCC12,405,6,Ring,------
*c1cccc2c1CCN(*)C2,405,2,Ring,--
*CC(C)C(*)=O,405,2,Linker,--
*NC(=O)NC(C)C,405,1,Sub,-
*C1=CC(=*)n2nc(*)c(*)c2N1,404,4,Ring,-=--
*N1CC2CCC(C1)O2,404,1,Ring,-
*NC(=O)C(=O)N*,404,2,Linker,--
*CCNC,404,1,Sub,-
*NCC(=O)O,404,1,Sub,-
*COC(*)*,403,3,Linker,---
*C1=C(*)C(*)=C(*)C(=*)N1,402,5,Ring,----=
*c1ccc2c(c1)OCCN2*,402,2,Ring,--
*c1ccc2oc3ccccc3c2c1,402,1,Ring,-
*N(C)C(C)C,402,1,Sub,-
*N1C=Nc2c(cnn2*)C1=*,401,3,Ring,--=
*C1=NC=CN2C(=*)N(*)N=C12,400,3,Ring,-=-
*c1ccc2c(c1)C(=*)N(*)C(=*)N2*,399,5,Ring,-=-=-
*c1ccc2c(c1)N(*)CCO2,398,2,Ring,--
*C1=NN(*)CC1*,398,3,Ring,---
*C1=NN(*)C(*)O1,398,3,Ring,---
*C#CCNC(*)=O,398,2,Linker,--
*c1cc(*)c2c(=*)c3c(*)cccc3c(=*)c2c1,397,5,Ring,--=-=
*C1CC(=*)OC(*)C1,397,3,Ring,-=-
*NC(=O)CCCCCCC(=O)NO,396,1,Sub,-
*C1=NC(*)(*)C2CC2O1,395,3,Ring,---
*C1=NCCO1,395,1,Ring,-
*c1conc1*,395,2,Ring,--
*C1CC=CCC1,395,1,Ring,-
*CCCl,395,1,Sub,-
*OCC#CC,395,1,Sub,-
*c1ccc2nc[nH]c2c1,394,1,Ring,-
*c1cc(*)c2oc(*)cc2c1,394,3,Ring,---
*c1ccc2ncc(*)c(*)c2n1,394,3,Ring,---
*CC(O)CNC(*)=O,394,2,Linker,--
*=C(C)C,394,1,Sub,=
*CN=[N+]=[N-],394,1,Sub,-
*C1CCCc2c1cnn2*,393,2,Ring,--
*c1cc2cccc(*)c2nc1*,393,3,Ring,---
*C1C(=*)CCC2C(*)(*)CCCC12*,393,5,Ring,-=---
*C1CNCC(=*)N1*,393,3,Ring,-=-
*C1=CN=C(*)N(*)C1=*,393,4,Ring,---=
*c1nc(*)c2c(*)csc2n1,393,3,Ring,---
*CN(*)C(C)=O,393,2,Linker,--
*c1ncon1,392,1,Ring,-
*C1=CCC(*)N(*)C1*,392,4,Ring,----
*C1=COc2ccc(*)cc2C1=*,391,3,Ring,--=
*c1nc(*)c2c(*)cccc2n1,391,3,Ring,---
*c1nn(*)c2c1CS(=*)(=*)c1ccccc1-2,391,4,Ring,--==
*c1ccc2occc2c1,390,1,Ring,-
*C1CC(=*)C(=*)C(*)C1,390,4,Ring,-==-
*c1ccc2nc(*)nn2c1,390,2,Ring,--
*C1=COc2cc(*)cc(*)c2C1=*,390,4,Ring,---=
*CCS(C)(=O)=O,390,1,Sub,-
*CCSC,390,1,Sub,-
*C1C2CCC(O2)C1*,389,2,Ring,--
*NC(*)CO,389,2,Linker,--
*C(=O)OCC=C,389,1,Sub,-
*C1CC2CCC1N2*,388,2,Ring,--
*c1ccc2c(c1)CCN(*)C2*,388,3,Ring,---
*c1sc2c(c1*)C(=*)N(*)C(=*)N2*,388,6,Ring,--=-=-
*c1ccc2c(c1)C(*)(*)C(=*)N2*,388,5,Ring,---=-
*SC(*)C,388,2,Linker,--
*c1cn2c(*)cnc2c(*)n1,387,3,Ring,---
*c1nc2cnccc2n1*,387,2,Ring,--
*c1n[nH]c2c1C(*)N(*)C2=*,387,4,Ring,---=
*N1CCC2(CC1)CCN(*)C2,387,2,Ring,--
*CCC(C)(C(=O)NO)S(C)(=O)=O,387,1,Sub,-
*C1=CN(*)C(=*)c2[nH]ccc21,386,3,Ring,--=
*c1ccc2c(c1*)COC2=*,386,3,Ring,--=
*c1cccc2c1c(*)nn2*,386,3,Ring,---
*CCOCCO*,386,2,Linker,--
*OCCCCCO*,386,2,Linker,--
*CNC(=O)C(C)(C)C,386,1,Sub,-
*NC(=O)CS(*)(=O)=O,385,2,Linker,--
*C(=O)N(C(C)C)C(C)C,385,1,Sub,-
*C(=COC)C(=O)OC,385,1,Sub,-
*c1ccc2c(n1)NCCC2,383,1,Ring,-
*C=CS(*)(=O)=O,383,2,Linker,--
*CN(C*)CC,383,2,Linker,--
*C(=O)C=C(O)C(=O)O,383,1,Sub,-
*C(F)(C(F)(F)F)C(F)(F)F,383,1,Sub,-
*C1CCCNC1=*,382,2,Ring,-=
*C1(*)CC1(*)*,382,4,Ring,----
*c1cc(*)c2c(*)ncnc2c1,382,3,Ring,---
*C(C)NS(*)(=O)=O,382,2,Linker,--
*OCCCN,382,1,Sub,-
*C1=CN(*)c2ccccc2C1=*,381,3,Ring,--=
*C1=CCCC2(*)OC2C2OC(=*)C(=*)C2CC1,381,4,Ring,--==
*c1c(*)c(=*)c(*)cc1=*,380,5,Ring,--=-=
*c1cc(*)c2ncc(*)n2c1,380,3,Ring,---
*C1=CN(*)C(=*)C(*)=N1,380,4,Ring,--=-
*NCC(O)CO*,380,2,Linker,--
*CC(NC(=O)O*)C(O)CN(CC(C)C)S(*)(=O)=O,380,3,Linker,---
*c1ccc2c(n1)NC(=*)CO2,379,2,Ring,-=
*c1ccc2c(c1)CCCC2*,379,2,Ring,--
*C1COC(*)O1,379,2,Ring,--
*C1=CC(=*)CC(*)C1,378,3,Ring,-=-
*C1=Cc2cc(*)ccc2NC1=*,378,3,Ring,--=
*c1cc(=*)c2c(*)ccc(*)c2c1=*,378,5,Ring,-=--=
*c1ccc2c(c1*)C=CC(*)(*)O2,377,4,Ring,----
*n1c(=*)ccc1=*,377,3,Ring,-==
*c1nc2nc(*)c(*)c(*)n2n1,377,4,Ring,----
*CCCCC(=O)O,377,1,Sub,-
*c1nc(*)c2cc(*)sc2n1,376,3,Ring,---
*c1cc2c(cc1*)N(*)CC2,376,3,Ring,---
*C1=CC(=*)c2cccc(*)c2O1,376,3,Ring,-=-
*c1nc2nonc2nc1*,375,2,Ring,--
*c1ccc2c(c1)CCC1C(*)(*)CCCC21*,375,4,Ring,----
*NC(=O)CN(*)S(C)(=O)=O,375,2,Linker,--
*C1=Nc2ccc(*)cc2C(=*)N1,374,3,Ring,--=
*c1ccc2c(c1)N(*)CCC2,374,2,Ring,--
*C1=CC=CNC1=*,374,2,Ring,-=
*C(C)(C)C#N,374,1,Sub,-
*S(=O)(=O)NC(C)C,374,1,Sub,-
*C1CN(*)C(=*)CCCn2nncc2COC1*,373,4,Ring,--=-
*c1ncnc2onc(*)c12,373,2,Ring,--
*C1=CN(*)C(=*)c2ccccc21,372,3,Ring,--=
*c1ccc2c(c1)[n+](*)c(*)c(*)[n+]2*,372,5,Ring,-----
*S(=O)(=O)F,372,1,Sub,-
*CC(=C)C,372,1,Sub,-
*c1nc(*)c2c(*)c[nH]c2n1,371,3,Ring,---
*C1CCSS1,371,1,Ring,-
*C1COC(=*)C1=*,371,3,Ring,-==
*C1C=CC(*)C1,371,2,Ring,--
*c1cc2c(*)c(*)n(*)c2cc1*,371,5,Ring,-----
*c1ccc2c(c1)NC(=*)N2,371,2,Ring,-=
*N1CCCS1(=*)=*,371,3,Ring,-==
*C1=CC(=*)N(*)C=N1,371,3,Ring,-=-
*C(=O)NCC(*)C,371,2,Linker,--
*CC(O*)C(=O)O,370,2,Linker,--
*C(=O)NC(CCSC)C(=O)O,370,1,Sub,-
*C(=O)NCC(F)C(C)(C)O,370,1,Sub,-
*C=C[N+](=O)[O-],370,1,Sub,-
*N1C(=*)NC2(CCCC2)C1=*,369,3,Ring,-==
*N1CCC2(CCc3ccccc32)CC1,369,1,Ring,-
*c1cccc2cc[nH]c12,369,1,Ring,-
*c1cc2ccccc2cn1,368,1,Ring,-
*CCCCCCCCCCC,368,1,Sub,-
*C1CCc2ccccc2N(*)C1=*,367,3,Ring,--=
*C1C(*)C2C=CC1C21CC1,367,2,Ring,--
*c1nnc(*)c(*)c1*,367,4,Ring,----
*NC(=O)C=CCN(C)C,367,1,Sub,-
*C1CCC2(*)C(CCC3C2CCC2(*)C(*)CCC32*)C1,366,5,Ring,-----
*c1c(*)c2c(cc1=*)C1(*)CCC3(*)C4CC(*)(*)CCC4(*)CCC3(*)C1=CC=2,366,9,Ring,--=------
*c1cn2ncnc(*)c2c1*,366,3,Ring,---
*c1cccc2c1CCC(*)C2,366,2,Ring,--
*OCC(O)CO,366,1,Sub,-
*c1ccc2c(c1)C(*)(*)CCC2(*)*,365,5,Ring,-----
*c1cc(*)c2c(c1)OC(*)C(*)C2,365,4,Ring,----
*N(*)C(C)=O,365,2,Linker,--
*c1nc2c(*)cccc2o1,364,2,Ring,--
*c1oc2ncnc(*)c2c1*,364,3,Ring,---
*N1CCC2(CC1)C(=*)N(*)CN2*,364,4,Ring,-=--
*N1CC2CC(C1)C1=CC=CC(=*)N1C2,364,2,Ring,-=
*OCCNS(*)(=O)=O,364,2,Linker,--
*C1=C(*)c2cc(*)ccc2C1=*,363,4,Ring,---=
*CC(NC(C)=O)C(=O)N*,363,2,Linker,--
*C1CC12CCN(*)CC2,362,2,Ring,--
*C1CC2(*)C(CCC3(*)C(*)CC(*)C(=*)C32)C(=*)O1,362,7,Ring,-----==
*c1cccc2nc(*)n(*)c12,362,3,Ring,---
*SCC#N,362,1,Sub,-
*c1cc(*)[n+](*)c(*)c1,361,4,Ring,----
*N1C(=*)CC(*)(*)C1=*,361,5,Ring,-=--=
*C1c2ccccc2Oc2ccccc21,361,1,Ring,-
*CCCCCCC(=O)O,361,1,Sub,-
*C(=N)NC(C)C,361,1,Sub,-
*N1CCOCC1=*,359,2,Ring,-=
*C1OC(=*)c2ccccc21,359,2,Ring,-=
*CCCCC(=O)N*,359,2,Linker,--
*C=CS(=O)(=O)N*,359,2,Linker,--
*C(=O)OCCCCC,359,1,Sub,-
*c1ccc2c(c1)CCC1C2CCC2(*)C1CCC2(*)*,358,4,Ring,----
*C1CCC(*)C1*,358,3,Ring,---
*c1ccc2c(=*)c(=*)oc2c1,358,3,Ring,-==
*c1ccc(*)c2c1C=CC(=*)N2,358,3,Ring,--=
*NCCCNC(*)=O,358,2,Linker,--
*C1=C(*)C(=*)CC(*)(*)O1,357,5,Ring,--=--
*NC(=O)NNC(*)=O,357,2,Linker,--
*C(C)CCC(=O)O,357,1,Sub,-
*C1C(=*)N2C1SC(*)(*)C2*,356,5,Ring,-=---
*N1CCC2(CC1)CN(*)C(=*)O2,356,3,Ring,--=
*c1cc2c(cc1*)C(=*)N1CCCC1C=N2,355,3,Ring,--=
*c1nc2ncnn2c(*)c1*,355,3,Ring,---
*N1CCOC(*)(*)C1,355,3,Ring,---
*CN=*,355,2,Linker,-=
*c1ccc2c3c1OC1C4(*)CCC5(CC4*)C(C2)N(*)CCC315,354,4,Ring,----
*N1CCc2sccc2C1,354,1,Ring,-
*c1ccnc2c(*)cccc12,354,2,Ring,--
*C1NC(*)C(*)C1*,354,4,Ring,----
*NC(=O)C(*)(C)C,354,2,Linker,--
*C1=Cc2cccc(*)c2C(=*)N1*,353,4,Ring,--=-
*CN(*)S(C)(=O)=O,353,2,Linker,--
*NC(=O)C(=O)OCC,353,1,Sub,-
*c1cc2nc(*)n(*)c2c(*)n1,352,4,Ring,----
*c1cc2c(cc1*)C(=*)C(*)C2,352,4,Ring,--=-
*C1=Cc2cc(*)cc(*)c2OC1=*,352,4,Ring,---=
*c1cccc2c1cnn2*,352,2,Ring,--
*C1=CC=C(*)N(*)C1=*,352,4,Ring,---=
*SCC(=O)N(*)C,352,2,Linker,--
*c1ccc2c(*)c(*)c(*)nc2c1,351,4,Ring,----
*C1=CC=CC(*)C(*)C(*)=CC(*)C(*)C(*)CC(*)Cc2c(*)c(=*)cc(c2=*)NC1=*,351,12,Ring,---------===
*N(C)CC,351,1,Sub,-
*C1CC(*)N(*)C1=*,350,4,Ring,---=
*c1nc(=*)c(=*)o1,350,3,Ring,-==
*c1cc2n(n1)CCCN(*)C2,350,2,Ring,--
*NC(=O)CN,350,1,Sub,-
*C(=O)NCCN,350,1,Sub,-
*c1nc2cccc(*)c2o1,349,2,Ring,--
*N1C(=*)C2CCCCC2C1=*,349,3,Ring,-==
*C1=NC(=*)N2CCc3cc(*)ccc3C2=C1,349,3,Ring,-=-
*c1ccc2c(*)c3ccccc3nc2c1,349,2,Ring,--
*CC=O,349,1,Sub,-
*=CC(=O)OC,349,1,Sub,=
*CC(=O)OC(C)(C)C,349,1,Sub,-
*B1OC2CC3CC(C3(*)*)C2(*)O1,348,4,Ring,----
*C1CN(*)C(*)C(*)C(*)(*)C(*)OC(=*)C(*)C(*)C(*)C(*)C(*)(*)C1,348,14,Ring,-------=------
*C(OC(C)(C)C)C(=O)O,348,1,Sub,-
*C1=C(*)C(=*)c2c(*)cc(*)c(*)c2O1,347,6,Ring,--=---
*c1ccc2cnn(*)c2c1,347,2,Ring,--
*C(C)=NO,347,1,Sub,-
*CCCCCCC(*)=O,346,2,Linker,--
*C1=NC(*)(*)C(=*)N1*,345,5,Ring,---=-
*c1cc(*)c2ccccc2c1,345,2,Ring,--
*C1=CN=C(*)NC1=*,345,3,Ring,--=
*CCN(*)C(*)=O,345,3,Linker,---
*NC(=O)CCNS(*)(=O)=O,345,2,Linker,--
*C(=O)NC(*)=S,345,2,Linker,--
*c1ncnc2c1CCN(*)CC2,344,2,Ring,--
*c1cnc2c(*)cnn2c1,344,2,Ring,--
*NCCCO*,344,2,Linker,--
*C=CCN(C)C*,344,2,Linker,--
*N1CCC2(CCC(=*)N(*)C2)CC1,343,3,Ring,-=-
*c1cc2ncn(*)c2cc1*,343,3,Ring,---
*c1cc2[nH]nc(*)c2cc1*,342,3,Ring,---
*CC(NC(*)=O)C(N)=O,342,2,Linker,--
*C1=NN(*)C(=*)C1*,341,4,Ring,--=-
*c1ccc2c(c1)COC2=*,340,2,Ring,-=
*C1(*)CC2CN(CCc3c([nH]c4ccccc34)C(*)(*)C2)C1,340,4,Ring,----
*C1NC(=*)NC1=*,340,3,Ring,-==
*c1ccc2c(c1)C=CC(=*)O2,340,2,Ring,-=
*C(=O)CN(C)C,340,1,Sub,-
*CCC(C)(C)C,340,1,Sub,-
*C1=CC(=*)N(*)N=C1,339,3,Ring,-=-
*c1ccc2c(c1)CCC1C2CCC2(*)C(*)CCC12,339,3,Ring,---
*c1oc(*)c(*)c1*,339,4,Ring,----
*SC(*)=O,339,2,Linker,--
*NC(C)CO,339,1,Sub,-
*C1=CN2c3c(cc(*)c(*)c3OCC2*)C1=*,338,5,Ring,----=
*C1C(*)(*)C1(*)*,338,5,Ring,-----
*C1C(=*)N(*)CCN1*,338,4,Ring,-=--
*c1n[nH]c2c1CN(*)C2(*)*,338,4,Ring,----
*CCC(*)C,338,2,Linker,--
*C(=O)NCC#N,338,1,Sub,-
*OC(=O)CCCCCCC,338,1,Sub,-
*C1Cc2c([nH]c3ccccc23)C(*)N1*,337,3,Ring,---
*c1nc(*)c2ccn(*)c2n1,337,3,Ring,---
*c1ccc2nncn2n1,337,1,Ring,-
*c1cc2c3c(cccc3c1)C(=*)N(*)C2=*,337,4,Ring,-=-=
*C1CC(=*)N1*,336,3,Ring,-=-
*C1=CCNCC1,336,1,Ring,-
*OCCCCCCC,336,1,Sub,-
*NCCCN,336,1,Sub,-
*NC(=O)NCC(F)(F)F,336,1,Sub,-
*C1=CC(=*)Nc2ccc(*)cc21,335,3,Ring,-=-
*N1CCC2(CCCN(*)C2=*)C1,335,3,Ring,--=
*C1=CCCC1,335,1,Ring,-
*C1CCCCC1=*,335,2,Ring,-=
*c1noc2c(*)c3c(cc12)CC1(C(=*)NC(=*)NC1=*)C1C(*)OC(*)CN31,335,7,Ring,--===--
*C1=CC(=*)c2cc(*)cc(*)c2O1,335,4,Ring,-=--
*C=CC(=O)CC(=O)C=C*,335,2,Linker,--
*c1cnc2ccccc2c1*,334,2,Ring,--
*c1cc2c([nH]1)CCNC2=*,334,2,Ring,-=
*c1c[nH]c(*)c1*,334,3,Ring,---
*C1(*)C(=*)Nc2ccccc21,334,3,Ring,--=
*CN(*)CCC,334,2,Linker,--
*OC(=O)NC,334,1,Sub,-
*SCCO,334,1,Sub,-
*C1=C(*)C(=*)N(*)C1,333,4,Ring,--=-
*c1cc2c3ccccc3n(*)c2c(*)n1,333,3,Ring,---
*C1Cc2c([nH]c3ccccc23)C(*)N1,333,2,Ring,--
*N1CCC2(CC1)CN(*)c1ccccc12,333,2,Ring,--
*CCC(F)(F)F,333,1,Sub,-
*C[N+](C)(C)C,333,1,Sub,-
*c1nccc2c1[nH]c1ccccc12,332,1,Ring,-
*c1ccc2scnc2c1,332,1,Ring,-
*c1ccc2nsnc2c1,332,1,Ring,-
*c1cc2ncnc(*)c2s1,332,2,Ring,--
*NCC(C)O,332,1,Sub,-
*C=CC(C)=O,331,1,Sub,-
*N(C)CCO,331,1,Sub,-
*c1nc(*)c2cccc(*)c2n1,330,3,Ring,---
*C1=C(*)C(*)n2nc(*)nc2N1,330,4,Ring,----
*N1CC2CCC(C1)N2*,330,2,Ring,--
*C1=C(*)C(*)(*)OC1=*,330,5,Ring,----=
*C1CC(*)(*)N(*)C(*)(*)C1,330,6,Ring,------
*NC(=O)C(NC(*)=O)C(C)C,330,2,Linker,--
*N(CCO)CCO,330,1,Sub,-
*c1cc(*)c2nc(*)n(*)c2n1,329,4,Ring,----
*C1=NNC(=*)O1,329,2,Ring,-=
*c1cc(=*)n(*)c1=*,329,4,Ring,-=-=
*c1ccc2c(c1)Cc1ccccc1-2,328,1,Ring,-
*CNCC(*)O,328,2,Linker,--
*C=C(C#N)C(*)=O,328,2,Linker,--
*N=CN(C)C,328,1,Sub,-
*C(=O)CCCCC,328,1,Sub,-
*c1ccc2nonc2c1,327,1,Ring,-
*c1cccc2c1CN(*)CC2,327,2,Ring,--
*c1cc(*)c2cc(*)c(*)cc2n1,326,4,Ring,----
*C1C(*)C(*)C(*)C(*)C1*,326,6,Ring,------
*CCNC(=S)N*,326,2,Linker,--
*CC(=O)NC(C)C,326,1,Sub,-
*CS,325,1,Sub,-
*c1ccc2c(c1)OC(*)C(*)O2,324,3,Ring,---
*C1=CC2=C(N=C3C=CC=CN3C2=*)N(*)C1=*,323,4,Ring,-=-=
*C1C2C=CC(C2)C1*,323,2,Ring,--
*c1ccc2cnccc2c1,323,1,Ring,-
*N1CCSC1,323,1,Ring,-
*CC(NC(*)=O)C(O)CN(CC(C)C)S(*)(=O)=O,323,3,Linker,---
*COCC(*)=O,323,2,Linker,--
*CC(=O)N(*)CC,323,2,Linker,--
*S(=O)(=O)NC(C(=O)O)C(C)C,323,1,Sub,-
*OCCCCCCCCCC,323,1,Sub,-
*OCC(O)CNC(C)(C)C,323,1,Sub,-
*NC(=O)NC(C)(C)C,323,1,Sub,-
*C1=NNC(=*)CC1,322,2,Ring,-=
*C1CSC(*)N1,322,2,Ring,--
*C1=C(*)N(*)C(=*)C(*)C1,322,5,Ring,---=-
*C(*)CO,322,2,Linker,--
*C(=O)NCC(*)N(C)C,322,2,Linker,--
*C(=O)NC(C)C(*)=O,322,2,Linker,--
*NCCCCC,322,1,Sub,-
*c1cc2c(cc1*)C(*)NCC2,321,3,Ring,---
*c1ccc2cc(*)n(*)c2c1,321,3,Ring,---
*c1ncnc2c1nnn2*,321,2,Ring,--
*NC(=O)C(*)=NOC(C)(C)C(=O)O,321,2,Linker,--
*C1C(*)N(*)C1*,320,4,Ring,----
*C1NC(=*)C(*)NC1=*,320,4,Ring,-=-=
*C1C[N+]2(*)CCC1CC2,320,2,Ring,--
*C1CCc2ccccc2C1,320,1,Ring,-
*OC(*)C(=O)O,320,2,Linker,--
*CN(C)CC(=O)N*,319,2,Linker,--
*CNC(=O)C(=O)N*,319,2,Linker,--
*CC(=O)OCC(*)=O,319,2,Linker,--
*NC(=O)CC(C)(C)C,319,1,Sub,-
*C(C)(O)C(F)(F)F,319,1,Sub,-
*CCC(C)(C)O,319,1,Sub,-
*c1nc(*)n2nc(*)nc2n1,318,3,Ring,---
*N1CCC2(CC1)CCN(*)C2=*,318,3,Ring,--=
*N1C(=*)CNC1=*,318,3,Ring,-==
*c1cc(*)n2c1COCC2,318,2,Ring,--
*NC(=O)CN(C)C,318,1,Sub,-
*N1CCCOCC1,317,1,Ring,-
*c1cc(*)c2c(c1)OCCCO2,317,2,Ring,--
*C1=NCCCCC1,317,1,Ring,-
*c1ncc2c(n1)N(*)C(*)C(=*)N2*,317,5,Ring,---=-
*C1=CC(=*)N(*)C(*)=C1,317,4,Ring,-=--
*C1=CNC(=*)NC1=*,317,3,Ring,-==
*C(=O)N(C)C(*)C,317,2,Linker,--
*OCCCC(F)(F)F,317,1,Sub,-
*CCCF,317,1,Sub,-
*C(=O)NC(=N)N,317,1,Sub,-
*c1cc2c([nH]1)C(=*)N(*)C(=*)N2*,316,5,Ring,-=-=-
*c1cnc2c(*)cnn2c1*,316,3,Ring,---
*c1cc(*)c2c(c1)CCN2*,316,3,Ring,---
*CS(=O)(=O)C*,316,2,Linker,--
*NS(=O)(=O)N(C)C,316,1,Sub,-
*c1cc(*)c2c(c1)C(=*)N(*)C2,315,4,Ring,--=-
*C1=NN(*)C(=*)c2nn(*)c(*)c21,315,5,Ring,--=--
*c1ccc2c(c1)CC(*)O2,314,2,Ring,--
*c1nc(*)c2c(n1)c(*)nn2*,314,4,Ring,----
*NC(=O)C(*)=NOC,314,2,Linker,--
*NC(=O)CCS*,314,2,Linker,--
*c1cccc2c1CCCC2*,313,2,Ring,--
*C1CC(*)(*)C(*)C(*)C(*)C(*)C(=*)OC(*)C(*)(*)C(*)C(*)C1=*,313,14,Ring,-------=-----=
*N1CCC2(CCCN(*)C2)CC1,313,2,Ring,--
*C1=C(*)C(=*)CC(*)(*)C1,313,5,Ring,--=--
*C#CC(*)(C)O,313,2,Linker,--
*CN(C)C(*)C,313,2,Linker,--
*CN=C(S)N*,313,2,Linker,--
*c1cscc1*,312,2,Ring,--
*CCNC(=O)C(=O)N*,312,2,Linker,--
*CC(=O)NNC(*)=O,312,2,Linker,--
*C(=O)CCS(*)(=O)=O,312,2,Linker,--
*c1nc(*)c2c(n1)CCCC2,311,2,Ring,--
*C1=NC=CN(*)C1=*,311,3,Ring,--=
*C1CC(*)C(=*)O1,311,3,Ring,--=
*c1cc(*)c2ccc(*)c(*)c2n1,311,4,Ring,----
*c1ncnn2c(*)nc(*)c12,310,3,Ring,---
*C1CC2C=CC1C2,310,1,Ring,-
*COC(=O)NC,310,1,Sub,-
*c1nc2c(n1*)C(*)N(*)C2=*,309,5,Ring,----=
*C1=CC(=*)NC=C1,309,2,Ring,-=
*c1cnn2c(*)ccnc12,309,2,Ring,--
*c1cc2c(cc1*)C(*)(*)CCC2(*)*,309,6,Ring,------
*C1=C(*)CCC1,309,2,Ring,--
*c1cc2[nH]cc(*)c2cc1*,309,3,Ring,---
*C(*)C(=O)OC,309,2,Linker,--
*C(CC)C(=O)O,309,1,Sub,-
*C1CNC(=*)C(=*)N1*,308,4,Ring,-==-
*C1=NC(=*)ON1,308,2,Ring,-=
*C1OC(=*)C1*,308,3,Ring,-=-
*c1cc2nc(*)c(*)c(*)n2n1,308,4,Ring,----
*C1CNC(*)C1*,308,3,Ring,---
*N1C(=*)COc2ccccc21,308,2,Ring,-=
*NC(=O)CN(CC)C(*)=O,308,2,Linker,--
*=NC,308,1,Sub,=
*c1cnc2c(c1)C(=*)N(*)CC(*)C(*)O2,307,5,Ring,-=---
*C1c2ccccc2C(=*)N(*)C1*,307,4,Ring,-=--
*C12CCC(*)(CC1)CC2,307,2,Ring,--
*C1COCCN(*)C1,307,2,Ring,--
*N=C(*)C,307,2,Linker,--
*S(F)(F)(F)(F)F,307,1,Sub,-
*CC(=O)NC(C)(C)C,307,1,Sub,-
*=NNC(N)=S,307,1,Sub,=
*N1[Se]c2ccccc2C1=*,306,2,Ring,-=
*c1ccc2c(c1)CC(*)CN2*,306,3,Ring,---
*c1nc(*)c2ccsc2n1,306,2,Ring,--
*c1nc(*)c2c(n1)CCC2,306,2,Ring,--
*CCCCCC(=O)O,306,1,Sub,-
*c1nc2ccccc2c2c1nc(*)n2*,305,3,Ring,---
*c1cc(*)c2c(c1*)OCO2,305,3,Ring,---
*C(*)N,305,2,Linker,--
*OC(=O)CCCCC,305,1,Sub,-
*OC(C)CC,305,1,Sub,-
*C1CCC(=*)CC1,304,2,Ring,-=
*N1CC2CCC(C1)N(*)C2=*,304,3,Ring,--=
*C1CC(=*)C(*)C1*,304,4,Ring,-=--
*N1N=CC(=*)NC1=*,304,3,Ring,-==
*C(=O)C(*)(C)C,304,2,Linker,--
*CC(*)C*,304,3,Linker,---
*C1(*)OCCO1,303,2,Ring,--
*C1=CC(=*)OC1*,303,3,Ring,-=-
*c1ncnc2ccsc12,303,1,Ring,-
*C(=O)NC(*)C(*)=O,303,3,Linker,---
*OCC#N,303,1,Sub,-
*NO,303,1,Sub,-
*C1CNCC(*)C1,302,2,Ring,--
*c1ccn2ncc(*)c2c1,302,2,Ring,--
*c1cc(*)c2nc(*)cc(*)c2c1,302,4,Ring,----
*c1nc2cccc(*)c2nc1*,302,3,Ring,---
*C12CC3CC(*)(C1)CC(*)(C3)C2,302,3,Ring,---
*C(=O)CN,302,1,Sub,-
*COC(=O)NC(C)C,302,1,Sub,-
*CC(NS(*)(=O)=O)C(=O)O,301,2,Linker,--
*COCC(=O)N*,301,2,Linker,--
*CNC(C)C,301,1,Sub,-
*C1CC2CCCCC2N1*,300,2,Ring,--
*c1nccc2c3ccccc3n(*)c12,300,2,Ring,--
*C1=NC2(C(=*)N1*)c1cc(*)ccc1CC21CCC(*)CC1,300,5,Ring,-=---
*N1C2CCC1CC(*)(*)C2,300,3,Ring,---
*C=CC(=O)C=C(O)C=C*,300,2,Linker,--
*CNC(=N)N,300,1,Sub,-
*C(=O)OCCOC,300,1,Sub,-
*C1C(=*)NC(=*)NC1=*,299,4,Ring,-===
*C1=CC(=*)c2ccc(*)c(*)c2O1,299,4,Ring,-=--
*C1=Nc2ccsc2C(=*)N1*,299,3,Ring,-=-
*NC(*)P(=O)(OCC)OCC,299,2,Linker,--
*OCCN(*)C,299,2,Linker,--
*NCCCN*,299,2,Linker,--
*C(=O)C(C)CC,299,1,Sub,-
*C1CC2C(=*)NC3(*)CC3C=CCCCCCC(*)C(=*)N2C1,298,5,Ring,-=--=
*c1ccc2c(c1)CC(*)CC2,298,2,Ring,--
*c1nn(*)c2ncccc12,298,2,Ring,--
*c1nn2c(*)nnc2c2ccccc12,298,2,Ring,--
*C1CC2(*)C(CCC3(*)C2CC=C2C4CC(*)(*)CCC4(*)CCC23*)C(*)(*)C1*,298,10,Ring,----------
*C1=C(*)C2OC1CC2*,298,3,Ring,---
*C1=NC(*)=C(*)N(*)C1=*,298,5,Ring,----=
*C(=O)C(*)N,298,2,Linker,--
*c1cc(*)c2cn[nH]c2c1,296,2,Ring,--
*C1=NC2=C(CCC2)C(=*)N1,296,2,Ring,-=
*N1C=CC(=*)C=C1,295,2,Ring,-=
*C1CCCCC1(*)*,295,3,Ring,---
*C1=CNC(=*)C=C1,295,2,Ring,-=
*C=C(NC(*)=O)C(*)=O,295,3,Linker,---
*CCNC(=O)COC(*)=O,295,2,Linker,--
*C(*)CNS(*)(=O)=O,295,3,Linker,---
*C(=O)NC(C)C(=O)O,295,1,Sub,-
*c1ccc2c(c1)C(*)(*)c1ccccc1-2,294,3,Ring,---
*c1ccc2c(c1)C13CCCCC1C(C2)N(*)CC3,294,2,Ring,--
*c1[nH]c2c(*)cccc2c1*,294,3,Ring,---
*C(N)C(=O)O,294,1,Sub,-
*C(=O)CC#N,294,1,Sub,-
*c1cc(*)c2c(c1)OC(*)C(*)C2=*,293,5,Ring,----=
*c1cnn2ncccc12,293,1,Ring,-
*C(=O)CCC(*)=O,293,2,Linker,--
*CCCCCCCCCCCCCC,293,1,Sub,-
*c1nc(*)n2ccccc12,292,2,Ring,--
*C1=NN(*)C(=*)C1,292,3,Ring,--=
*c1cc2c(cc1*)N(*)C(=*)N2*,292,5,Ring,---=-
*C1=NC(*)c2nnc(*)n2-c2sc(*)c(*)c21,292,5,Ring,-----
*C1=NCC(*)N1*,292,3,Ring,---
*c1ccc2cc(*)c(*)cc2c1,292,3,Ring,---
*C=NNC(=O)CC*,292,2,Linker,--
*C=C(*)C(=O)O,292,2,Linker,--
*C(=O)NC(CCCNC(=N)N)C(=O)O,292,1,Sub,-
*N1CCN2CCCC2C1,291,1,Ring,-
*c1cc(*)c2[nH]c(*)cc2c1,291,3,Ring,---
*C1CC(=*)N(*)C1*,291,4,Ring,-=--
*C(=O)NCC(*)O,291,2,Linker,--
*CN(*)C(=O)CO*,291,3,Linker,---
*c1ccc2c(c1)CCC(*)N2*,290,3,Ring,---
*N1C2CCC1CC(=*)C2,290,2,Ring,-=
*OCCCCO,290,1,Sub,-
*C(N)CC(C)C,290,1,Sub,-
*C(=O)COC(C)=O,290,1,Sub,-
*NC(=O)N(C)C,290,1,Sub,-
*c1c(*)c(=*)c2c(c1=*)C(*)C1(*)C3NC3CN21,289,6,Ring,--==--
*C1C2CCN(CC2)C1*,289,2,Ring,--
*C1c2ccsc2CCN1*,289,2,Ring,--
*C1(*)C(=*)OCC2=C1C=C1c3nc4ccccc4cc3CN1C2=*,289,4,Ring,--==
*S(=O)(=O)N=*,289,2,Linker,-=
*C(=O)NC(CC(=O)O)C(=O)O,289,1,Sub,-
*C12CCC(*)(CC1)OC2,288,2,Ring,--
*N1CC[N+](*)(*)CC1,288,3,Ring,---
*c1ccc2c(c1)N=CN(*)C2=*,288,3,Ring,--=
*OC(F)(F)C(F)F,288,1,Sub,-
*CCCCCCC(=O)NO,288,1,Sub,-
*c1ccc2c(c1)C(*)CC(*)(*)O2,287,4,Ring,----
*c1nc2c(*)nnn2c2ccsc12,287,2,Ring,--
*C1CNC(=*)C1*,287,3,Ring,-=-
*c1cccc2c1cc(*)n2*,287,3,Ring,---
*OC(=O)CCC(=O)O,287,1,Sub,-
*c1c(*)c(*)c2c(c1*)COC2=*,286,5,Ring,----=
*C=CC(=O)NCCCCC*,286,2,Linker,--
*NC(=O)C(C)N,286,1,Sub,-
*CCCN(CC)CC,286,1,Sub,-
*c1ccc2c(c1)N(*)C(=*)CS2,285,3,Ring,--=
*c1ccc2[nH]ccc2c1*,285,2,Ring,--
*C1=C(*)c2cccnc2N(*)C1=*,285,4,Ring,---=
*C1(*)CCCCCC1,285,2,Ring,--
*c1ccc2c(c1)NC(=*)CC2,285,2,Ring,-=
*C1COC(*)OC1,285,2,Ring,--
*CNC(*)*,285,3,Linker,---
*CCC(=O)NO,285,1,Sub,-
*C1CC=CC(=*)O1,284,2,Ring,-=
*C1OCCN1*,284,2,Ring,--
*c1ncc2ccn(*)c2n1,284,2,Ring,--
*c1ncc2cc(*)c(*)nc2n1,284,3,Ring,---
*C1=NS(=*)(=*)c2ccccc2N1,284,3,Ring,-==
*N1CC2CCC(C1)N2,284,1,Ring,-
*c1c2c(cc3c1CCC3)CCC2,284,1,Ring,-
*c1ccc2scc(*)c2c1,284,2,Ring,--
*CC(*)C(*)=O,284,3,Linker,---
*P(C)(C)=O,284,1,Sub,-
*NCC#C,284,1,Sub,-
*c1nnc2n1-c1ccccc1C(=*)N2*,283,3,Ring,-=-
*c1nc2ccccc2n2c(*)nnc12,283,2,Ring,--
*c1ccc2nc(*)ncc2c1,283,2,Ring,--
*c1cc2c(cc1*)OCCO2,283,2,Ring,--
*C1=C(*)C(*)c2ccc(*)cc2O1,283,4,Ring,----
*CNC(=O)OC*,283,2,Linker,--
*COC(=O)C(C)(C)C,283,1,Sub,-
*NC(C)CCCN(CC)CC,283,1,Sub,-
*[N+](C)(C)C,283,1,Sub,-
*C=C(C#N)C#N,283,1,Sub,-
*C1COc2ccccc2C1,282,1,Ring,-
*NCC(F)(F)F,282,1,Sub,-
*S(=O)(=O)NCC,282,1,Sub,-
*C(=O)NCCCCCCC(=O)NO,282,1,Sub,-
*c1cc[n+](*)c2ccccc12,281,2,Ring,--
*N1C(=*)c2c(nc3n2CCCN3*)N(*)C1=*,281,5,Ring,-=--=
*c1nn[nH]c1*,281,2,Ring,--
*C(C)CCC=C(C)C,281,1,Sub,-
*C1CN1*,280,2,Ring,--
*C1CCOC(*)(*)C1,280,3,Ring,---
*c1cc(*)c2c(=*)c3ccccc3c(=*)c2c1*,280,5,Ring,--==-
*c1cc2c(cc1*)OCC(=*)N2,280,3,Ring,--=
*C1=CC2CC3(*)C4CCC(*)C4CC2(*)C13*,280,5,Ring,-----
*CCCCC(*)=O,280,2,Linker,--
*CC(N)CN*,280,2,Linker,--
*NCCC(=O)O,280,1,Sub,-
*C(=O)NOC,280,1,Sub,-
*c1ccc2c(c1*)OC(=*)C=C2,279,3,Ring,--=
*c1ncnc2[nH]ncc12,279,1,Ring,-
*c1cc2nccc(*)c2s1,279,2,Ring,--
*c1nc2nccc(*)n2n1,279,2,Ring,--
*c1ccc2c(c1)C(*)CC2,279,2,Ring,--
*C1c2[nH]c3ccccc3c2CC2C(=*)N(*)CC(=*)N21,279,4,Ring,-=-=
*C1C(*)N2CCCCN(*)CC12,278,3,Ring,---
*c1nc(*)c2scc(*)c2n1,278,3,Ring,---
*c1nc(*)c2ccncc2n1,278,2,Ring,--
*c1cc2c(cc1=*)N(*)c1ccccc1N=2,278,3,Ring,-=-
*C1=C(*)N(*)S(=*)(=*)c2ccccc21,278,5,Ring,---==
*COCC(O)C*,278,2,Linker,--
*C(C#CC)CC(=O)O,278,1,Sub,-
*c1ccc2nccn2c1,277,1,Ring,-
*c1cn2ccsc2n1,277,1,Ring,-
*c1cc2cc(*)c(*)cc2[nH]1,277,3,Ring,---
*C1CCC2(OC1)OC1CC3C4CC=C5CC(*)CCC5(*)C4CCC3(*)C1C2*,277,5,Ring,-----
*C1=CC2=C(N=C3C(*)=CC=CN3C2=*)N(*)C1=*,277,5,Ring,--=-=
*N1CCN(*)c2ccccc21,277,2,Ring,--
*C1CCOC(*)C1,277,2,Ring,--
*NC(CC)CO,277,1,Sub,-
*C(=O)NC(CC(C)C)C(=O)O,277,1,Sub,-
*c1ccc2c(c1)N(*)C(=*)c1ccccc1S2,276,3,Ring,--=
*c1cc2ccccc2c(*)n1,276,2,Ring,--
*c1nnc2n1C=CN(*)C2=*,276,3,Ring,--=
*C1=CC(=*)c2c(*)cccc2O1,276,3,Ring,-=-
*c1ccc2c(c1)OC(=*)N2,276,2,Ring,-=
*N1CC2COCC2(*)C1,276,2,Ring,--
*[125I],276,1,Sub,-
*C(=O)CCCC,276,1,Sub,-
*C(=O)NC(C(=O)O)C(C)C,276,1,Sub,-
*C1CC(=*)C2CCC3C(=*)N(*)C(=*)C3C2C1*,275,6,Ring,-==-=-
*C1=Nc2cc(*)c(*)cc2C(=*)N1*,275,5,Ring,---=-
*C1(*)N=N1,275,2,Ring,--
*CC(*)OC(*)=O,275,3,Linker,---
*C1=NC(=*)CS1,274,2,Ring,-=
*C1=C(*)c2cc(*)ccc2NC1=*,274,4,Ring,---=
*C(=O)CN(*)S(*)(=O)=O,274,3,Linker,---
*CCC(=O)N(C)C*,274,2,Linker,--
*c1ncnc2sc3c(c12)CCCC3,273,1,Ring,-
*C1CN2CCN(*)CC2CO1,273,2,Ring,--
*c1cnc2c(ccn2*)c1,273,2,Ring,--
*C1(*)Cc2ccccc2C1,273,2,Ring,--
*C1CCCC(*)(*)C1,273,3,Ring,---
*C1=CC(*)=NNC1=*,273,3,Ring,--=
*C1CC2CCCCC2CN1*,273,2,Ring,--
*c1ncn[nH]1,273,1,Ring,-
*N1CCN(*)C(=*)C1=*,273,4,Ring,--==
*CC(=O)NC(*)*,273,3,Linker,---
*NC(=*)C,273,2,Linker,-=
*CC(NC(*)=O)C(=O)C(N)=O,273,2,Linker,--
*CC(=O)NC(C*)C(=O)N(*)C,273,3,Linker,---
*CCCC(=O)OC,273,1,Sub,-
*OC(=O)C=C(C)C,273,1,Sub,-
*OCCCN(CC)CC,273,1,Sub,-
*C1CN(*)C(*)CN1,272,3,Ring,---
*c1ccc2[nH]nnc2c1,272,1,Ring,-
*c1ccc2c(c1)c1c(n2*)CCN(*)C1,272,3,Ring,---
*=C1CSC(=*)N1,272,2,Ring,==
*CNC(C)C*,272,2,Linker,--
*SCC(=O)NNC(*)=O,272,2,Linker,--
*SC(F)F,272,1,Sub,-
*C1SCCN1*,271,2,Ring,--
*c1cc2c(cn1)nc(*)n2*,271,3,Ring,---
*c1ccc2c(c1)CC(=*)N2,271,2,Ring,-=
*C1(*)CCOC1,271,2,Ring,--
*N1CCCCS1(=*)=*,271,3,Ring,-==
*C#CCC*,271,2,Linker,--
*C=C(NC(*)=O)C(=O)N*,271,3,Linker,---
*C(=O)CC(*)C,271,2,Linker,--
*SCC#C,271,1,Sub,-
*c1ccc2c(c1)CNC(*)C2,270,2,Ring,--
*[N+]1(*)CCCCC1,270,2,Ring,--
*C1=NNC(=*)C=C1,270,2,Ring,-=
*C1=CC(=*)OC(*)=C1,270,3,Ring,-=-
*C1=CNc2ccc(*)cc2C1=*,270,3,Ring,--=
*CCN(*)CCC,270,2,Linker,--
*CN(CC(C)C)C(*)=O,270,2,Linker,--
*NC(=O)C(*)N,270,2,Linker,--
*C=C(*)C(*)=O,270,3,Linker,---
*SCCN(C)C,270,1,Sub,-
*C(C)(C)CO,270,1,Sub,-
*NC(=O)CC#N,270,1,Sub,-
*NCCCOC,270,1,Sub,-
*c1cc(*)c2[nH]ncc2c1,269,2,Ring,--
*C1=C(*)N(*)C(=*)N(*)C1*,269,6,Ring,---=--
*c1nc2c(*)c(*)ccc2[nH]1,269,3,Ring,---
*N1CCCC2(CCC(=*)N(*)C2)C1,269,3,Ring,-=-
*C1=C(*)C(=*)c2cc(*)ccc2O1,269,4,Ring,--=-
*OCC(=O)O*,269,2,Linker,--
*C(=O)CC(C)(C)C,269,1,Sub,-
*C(=O)NCCCO,269,1,Sub,-
*C1=CCC2CC1C2(*)*,268,3,Ring,---
*N1CCC(*)(*)C(*)(*)C1,268,5,Ring,-----
*c1cn2cccc(*)c2n1,268,2,Ring,--
*c1ccc2c(*)cc(*)cc2c1,267,3,Ring,---
*C1=CCC2C3CC=C4CC(*)CCC4(*)C3CCC12*,267,4,Ring,----
*C1=C(*)C(=*)n2nc(*)c(*)c2N1,267,5,Ring,--=--
*C1OCC(*)(*)C1*,267,4,Ring,----
*B1OC(*)(*)C(*)(*)O1,267,5,Ring,-----
*c1sc2ccccc2[n+]1*,267,2,Ring,--
*CCCCCC(=O)N*,267,2,Linker,--
*NC(=O)CCCCC,267,1,Sub,-
*C(C)N(C)C,267,1,Sub,-
*c1cn2c(*)csc2n1,266,2,Ring,--
*c1cn(*)c(*)c1*,266,4,Ring,----
*C1=Nc2sc(*)c(*)c2C(=*)N1*,266,5,Ring,---=-
*c1cc(*)c2c(=*)c(=*)oc2c1,266,4,Ring,--==
*C1SC(*)N(*)C1=*,266,4,Ring,---=
*CCC(=O)N(*)C,266,2,Linker,--
*C(=O)C(*)O,266,2,Linker,--
*C1OC(*)C2OC(*)(*)OC12,265,4,Ring,----
*C1C(*)C1*,265,3,Ring,---
*c1ccc2nc(*)n(*)c2n1,265,3,Ring,---
*C=CC(=O)NS(*)(=O)=O,265,2,Linker,--
*CCC(*)NC(*)=O,265,3,Linker,---
*OC(C)C(F)(F)F,265,1,Sub,-
*OC(=O)CCCC,265,1,Sub,-
*C1=Nc2ccccc2C(=*)O1,264,2,Ring,-=
*c1ccc2c(c1)N(*)CC(*)O2,264,3,Ring,---
*C(C)(C)CCCCCC,264,1,Sub,-
*C(=O)NCCCN(CC)CC,264,1,Sub,-
*c1cocn1,263,1,Ring,-
*NC(=O)CCO*,263,2,Linker,--
*C(O)CN(CCCC)CCCC,263,1,Sub,-
*CCCCCC(=O)NO,263,1,Sub,-
*C1=NC2(*)COC(*)CC2CS1,262,3,Ring,---
*OCC(=O)NNC(*)=O,262,2,Linker,--
*C(C)CCCC(C)(C)O,262,1,Sub,-
*NS(N)(=O)=O,262,1,Sub,-
*C(=O)NCCC(=N)N,262,1,Sub,-
*c1nn(*)c2c1CCN(*)C2=*,261,4,Ring,---=
*C1=NC(*)(*)CO1,261,3,Ring,---
*C=NNC(=O)CNC(*)=O,261,2,Linker,--
*CCCCCCCC*,261,2,Linker,--
*c1cc2c(cc1*)C1CCC3(*)C(*)CCC3C1CC2,260,4,Ring,----
*C1CCc2c(sc3c2C(=*)N(*)C=N3)C1,260,3,Ring,-=-
*c1cnc2c(cnn2*)c1*,260,3,Ring,---
*CCCNC(=S)N*,260,2,Linker,--
*COC(*)(C(F)(F)F)C(F)(F)F,260,2,Linker,--
*=C(C#N)C#N,260,1,Sub,=
*NC(=O)C=CC(=O)O,260,1,Sub,-
*C#CCO,260,1,Sub,-
*c1ccc2c(*)coc2c1,259,2,Ring,--
*C1=Nc2ccccc2C2=NC(*)C(=*)N12,259,3,Ring,--=
*c1ccc2nc(*)nc(*)c2n1,259,3,Ring,---
*c1nccn2c(*)cnc12,259,2,Ring,--
*C1CCCC1(*)*,259,3,Ring,---
*CCCC#N,259,1,Sub,-
*OCCCCCCCCCCCCCC,259,1,Sub,-
*C1C(*)C2(*)OC1(*)OC(*)C2(*)*,258,7,Ring,-------
*C1=CC(=*)C(*)=C(*)N1*,258,5,Ring,-=---
*c1ccc(*)c2c1C=CC(*)(*)O2,258,4,Ring,----
*C1CC(*)C(*)OC1*,258,4,Ring,----
*c1ccc2cccnc2c1,258,1,Ring,-
*C1=NC(*)C(=*)Nc2ccccc21,258,3,Ring,--=
*c1ccc2c(c1)N(*)C(=*)N2,258,3,Ring,--=
*NC(=O)CCNCCOC,258,1,Sub,-
*c1cc2c(cc1*)C1(*)CCCC(*)(*)C1CC2,257,5,Ring,-----
*c1cc(*)n2ncnc(*)c12,257,3,Ring,---
*c1cc(*)c2nnc(*)n2c1,257,3,Ring,---
*C1=C(*)C(=*)CC(*)C1,257,4,Ring,--=-
*c1nc2ncccn2c1*,257,2,Ring,--
*C1COC2(CCN(*)CC2)C1,257,2,Ring,--
*CCC(=O)OCC(=O)N*,257,2,Linker,--
*C(=O)N(*)CCCC,257,2,Linker,--
*c1cc(=*)oc1=*,256,3,Ring,-==
*c1cc(*)c2c(c1)C(*)(*)c1ccccc1-2,256,4,Ring,----
*C1=NN(*)CC1,256,2,Ring,--
*N1CCC2(CC1)C(=*)N(*)C(=*)N2*,256,5,Ring,-=-=-
*c1nc2c(c(*)nn2*)c(*)c1*,256,5,Ring,-----
*C(=O)NN(C(*)=O)C(C)(C)C,256,2,Linker,--
*C1=C(*)C(=*)NC=C1,255,3,Ring,--=
*c1cn2c(n1)CN(*)CC2,255,2,Ring,--
*N1CCC2(CC1)CC(=*)N(*)C2,255,3,Ring,-=-
*c1cnc(*)c2ccccc12,255,2,Ring,--
*C1=C(*)C(*)=C(*)N(*)C1=*,255,6,Ring,-----=
*C1CCC1*,255,2,Ring,--
*OCCOC(*)=O,255,2,Linker,--
*N1N=Cc2c(n(*)c3ccccc23)C1=*,254,3,Ring,--=
*C1=CC(=*)c2ccccc2N1,254,2,Ring,-=
*C1=CC(=*)c2cc(*)ccc2N1,254,3,Ring,-=-
*c1cn2cccnc2n1,254,1,Ring,-
*c1ccc2c(c1)sc1nc(*)cn12,254,2,Ring,--
*C1CCc2ccccc2N1*,254,2,Ring,--
*NC(=O)CN(CC)CC,254,1,Sub,-
*NC(=O)C(CC)CC,254,1,Sub,-
*c1cc(*)c2cc(*)[nH]c2c1,253,3,Ring,---
*c1nc(*)c2c(n1)OC(*)(*)CN(*)C2=*,253,6,Ring,-----=
*C1CCC(*)(*)C(*)O1,253,4,Ring,----
*c1cccc2[nH]nc(*)c12,253,2,Ring,--
*N1CC2CCN(*)C2C1,253,2,Ring,--
*C=NC*,253,2,Linker,--
*CCC(C)=O,253,1,Sub,-
*c1nnc2n1CCC2,252,1,Ring,-
*c1cc(*)c2nc(*)nnc2c1,252,3,Ring,---
*COCCCO*,252,2,Linker,--
*C(=O)NCC(=O)OC,252,1,Sub,-
*S(=O)(=O)NCCO,252,1,Sub,-
*c1ccc2nc(*)[nH]c2n1,251,2,Ring,--
*c1ccc2c3c1cccc3c(=*)n2*,251,3,Ring,-=-
*C1=CN2C(=*)C=C(*)N=C2C=C1,251,3,Ring,-=-
*C1N(*)C(=*)C1(*)*,251,5,Ring,--=--
*C1CCCCN(*)C1,251,2,Ring,--
*OCC(=O)N(C)C,251,1,Sub,-
*C1=CC(=*)NC(=*)N1,250,3,Ring,-==
*C1=CC(=*)CC(*)(*)C1,250,4,Ring,-=--
*OC(=O)C(*)(*)O,250,3,Linker,---
*=NN=*,250,2,Linker,==
*NCCCCCC,250,1,Sub,-
*C12CCC3C(CCC4C(*)(*)CCCC43*)(CC1=*)C2,249,5,Ring,----=
*C1c2ccccc2CCc2ccccc21,249,1,Ring,-
*c1ccc2c(c1)C(=*)N(*)C(=*)N2,249,4,Ring,-=-=
*C1=CC(*)C(*)OC(=*)CC(*)C(*)C(*)C(*)CC(*)C(=*)C=C1,249,10,Ring,---=-----=
*NC(=O)COC(=O)CO*,249,2,Linker,--
*COC(=O)CNC(*)=O,249,2,Linker,--
*NC(=N)N*,249,2,Linker,--
*NS(=O)(=O)C(C)C,249,1,Sub,-
*NC(C)(C)CO,249,1,Sub,-
*C1CC2CC(C1*)C2(*)*,248,4,Ring,----
*c1ccc2c3c1OC1C(=*)CCC4(*)C(C2)N(*)CCC314,248,4,Ring,-=--
*C1=CCC2C(C1)c1c(*)cc(*)cc1OC2(*)*,248,5,Ring,-----
*C(*)CC(C)C,248,2,Linker,--
*NC(=O)CNS(*)(=O)=O,248,2,Linker,--
*S(=O)(=O)NC(=O)OCCCC,248,1,Sub,-
*C1CC=CCC1*,247,2,Ring,--
*c1c2c(nn1*)C(=*)N(*)C2*,247,5,Ring,--=--
*C1=CS(=*)(=*)OC12C(*)OC(*)C2*,247,6,Ring,-==---
*c1c2c(nc3ccccc13)C1=CC3=C(COC(=*)C3(*)*)C(=*)N1C2,247,5,Ring,-=--=
*C1CC2C3CCC4=CC(=*)C=CC4(*)C3(*)C(*)CC2(*)C1(*)*,247,8,Ring,-=------
*C1=COC(=*)C=C1,246,2,Ring,-=
*C1C2CCC(C2)C1*,246,2,Ring,--
*C1C2C(=*)N(*)C(=*)C2ON1*,246,5,Ring,-=-=-
*c1cc2ccnc(*)c2cc1*,246,3,Ring,---
*c1cc2c(cc1*)C(=*)N(*)C(=*)N2,246,5,Ring,--=-=
*C1CCC(=*)N(*)C1=*,246,4,Ring,-=-=
*c1ncc2c(n1)CN(*)CC2,246,2,Ring,--
*CN(C*)C(=O)N*,246,3,Linker,---
*CC(NC(=O)OC(C)(C)C)C(=O)N*,246,2,Linker,--
*c1cnn2ccccc12,245,1,Ring,-
*C1CC(*)C(*)C(*)C1,245,4,Ring,----
*c1cc(*)c2c(c1)CN(*)C2=*,245,4,Ring,---=
*C1CCN(*)CC1(*)*,245,4,Ring,----
*CC(*)CC,245,2,Linker,--
*=N[N+](=O)[O-],245,1,Sub,=
*C(=O)NCCCOCC,245,1,Sub,-
*C1=CC(*)=C(*)NC1=*,244,4,Ring,---=
*C1=NC(=*)N(*)C(=*)N1*,244,5,Ring,-=-=-
*C1=NC(*)(*)COC1,244,3,Ring,---
*C1=NC(*)(*)CC(*)O1,244,4,Ring,----
*c1nc2sc(*)c(*)c2c(*)c1*,244,5,Ring,-----
*c1cc2c(*)cccc2s1,244,2,Ring,--
*CC(O)CC(C*)C(=O)N*,244,3,Linker,---
*C=NNC(N)=O,244,1,Sub,-
*C1C(=*)N(*)CC(=*)N1*,243,5,Ring,-=-=-
*C1=CN(*)C=C(*)C1*,243,4,Ring,----
*C1CN(*)C(*)CO1,243,3,Ring,---
*=C1CCCCC1,243,1,Ring,=
*c1nc2c(*)c(*)cnc2[nH]1,243,3,Ring,---
*CNC(*)=S,243,2,Linker,--
*SC(C)(C)C,243,1,Sub,-
*C(C)CCC,243,1,Sub,-
*C(=O)C(=O)O,243,1,Sub,-
*c1nc(*)c2c(*)nn(*)c2n1,242,4,Ring,----
*c1n[nH]c(=*)c1=*,242,3,Ring,-==
*C1CC(*)N(*)O1,242,3,Ring,---
*c1cc[nH]c1*,242,2,Ring,--
*c1ccc2sccc2c1,242,1,Ring,-
*c1cc(*)c2ncn(*)c2c1,242,3,Ring,---
*C1=c2ccc(=*)cc2Oc2cc(*)ccc21,242,3,Ring,-=-
*C(=O)CCNC(*)=O,242,2,Linker,--
*CCCC(=O)NCC*,242,2,Linker,--
*CN=C(*)S,242,2,Linker,--
*C=C(C#N)C(=O)NC*,242,2,Linker,--
*C(C)COC,242,1,Sub,-
*CC(OCC)C(=O)O,242,1,Sub,-
*c1ccc2cnc(*)nc2c1,241,2,Ring,--
*C1=Nc2c(cnn2*)C(=*)N1*,241,4,Ring,--=-
*c1cnc2cc(*)ccc2c1,241,2,Ring,--
*C1=CC(=*)NC(=*)N1*,241,4,Ring,-==-
*OCCCNC(*)=O,241,2,Linker,--
*OC(=O)C(O)C(*)NC(=O)OC(C)(C)C,241,2,Linker,--
*CNCC(O)C(C*)NC(*)=O,241,3,Linker,---
*C(C)OC,241,1,Sub,-
*C=NOC,241,1,Sub,-
*C1=CN(*)c2c(*)c(*)c(*)c(*)c2C1=*,240,7,Ring,------=
*=C1CCC(=*)C1=*,240,3,Ring,===
*C1=C(*)C(*)c2c(*)n[nH]c2O1,240,4,Ring,----
*c1cc2c(cn1)cnn2*,240,2,Ring,--
*CCN(C*)C(*)=O,240,3,Linker,---
*CCOC(C)=O,240,1,Sub,-
*C(=O)C(N)=O,240,1,Sub,-
*C1(*)CCC(*)(*)CC1,239,4,Ring,----
*C1=CN(*)C(*)=NC1=*,239,4,Ring,---=
*C=NNC(=O)CN*,239,2,Linker,--
*C=CC(=O)OCC(*)=O,239,2,Linker,--
*CNC(=O)CN(*)S(*)(=O)=O,239,3,Linker,---
*CSC(=N)N,239,1,Sub,-
*C(O)C(F)(F)F,239,1,Sub,-
*c1nc2c(*)cnn2c(*)c1*,238,4,Ring,----
*c1nnc2c3ccccc3n(*)c2n1,238,2,Ring,--
*C1=CCOCC1,238,1,Ring,-
*C1CC(*)(*)CC(*)C1*,238,5,Ring,-----
*C1=CC(=*)C(*)=CN1,238,3,Ring,-=-
*C(=O)NC(*)C(C)C,238,2,Linker,--
*CC(*)Cl,238,2,Linker,--
*c1nc2c(*)cccc2c(*)c1*,237,4,Ring,----
*N1CCC2(C=Cc3ccccc32)CC1,237,1,Ring,-
*c1nc(*)c2c(n1)CN(*)CC2,237,3,Ring,---
*C1C(=*)N(*)CC1(*)*,237,5,Ring,-=---
*c1ccc2c(c1)CN(*)C(*)C2,237,3,Ring,---
*NC(=S)NN=C(*)C,237,2,Linker,--
*CCN(C*)C*,237,3,Linker,---
*OC(C)COC,237,1,Sub,-
*C1COC(*)C1,236,2,Ring,--
*C1=CCC(*)(*)CC1,236,3,Ring,---
*c1cccc2c(=*)c(=*)[nH]c12,236,3,Ring,-==
*C1CC(*)OC(*)C1,236,3,Ring,---
*C1CC(=*)C(=*)C(=*)C1,236,4,Ring,-===
*COP(=O)(NC(C)C(=O)OC(C)C)O*,236,2,Linker,--
*C(C)CCC(=O)OC,236,1,Sub,-
*NC(=O)CO,236,1,Sub,-
*NS(=O)(=O)O,236,1,Sub,-
*C1Oc2ccccc2N(*)C1=*,235,3,Ring,--=
*C1CS(=*)(=*)CC1*,235,4,Ring,-==-
*=C1CCCC1,235,1,Ring,=
*c1cnc2c(c1)CCCN2*,235,2,Ring,--
*N1CCC(*)(*)OC1=*,235,4,Ring,---=
*c1cnc2[nH]ccc2c1*,235,2,Ring,--
*N1CCc2c([nH]c3ccccc23)C1,235,1,Ring,-
*c1cc(*)c2c(c1)OCCO2,235,2,Ring,--
*C(=O)OCC(=O)N(*)C,235,2,Linker,--
*N=NN(C)C,235,1,Sub,-
*C1=NN2C(=*)N(*)N=C2C=C1,234,3,Ring,-=-
*[N+]1(*)CCCC1,234,2,Ring,--
*C1=Nc2c(*)nn(*)c2C(=*)N1,234,4,Ring,---=
*C1CCC2C3CCC4=CC(=*)CCC4(*)C3CCC12*,234,4,Ring,-=--
*c1nc2sc(*)c(*)n2n1,234,3,Ring,---
*C(=O)ON=*,234,2,Linker,-=
*NN*,234,2,Linker,--
*C=CCO*,234,2,Linker,--
*c1ccc2c(*)c(*)oc2c1,233,3,Ring,---
*c1nnc(*)c2c(*)n(*)nc12,233,4,Ring,----
*c1ccc2c(c1)N(*)C(=*)c1ccccc1[S+]2*,233,4,Ring,--=-
*C(=O)CN(*)S(C)(=O)=O,233,2,Linker,--
*OCCCC(*)=O,233,2,Linker,--
*CCOCCO,233,1,Sub,-
*n1c(=*)c2ccccc2c2c(=*)c3ccccc3c1=2,232,3,Ring,-==
*N1C(=*)NC(*)(*)CS1(=*)=*,232,6,Ring,-=--==
*c1ccc2nc3c(c(*)c2c1)CCCC3,232,2,Ring,--
*c1cc(*)c2ncc(*)c(*)c2c1,232,4,Ring,----
*c1ccc2cnc(*)cc2c1,232,2,Ring,--
*c1ccc2c(*)ccc(*)c2n1,232,3,Ring,---
*C(C)C(=O)OC,232,1,Sub,-
*C1CCCC(=*)N1*,231,3,Ring,-=-
*C1=NN(*)C(=*)N(*)C1=*,231,5,Ring,--=-=
*c1cc(*)c2c(c1)CN(*)CCO2,231,3,Ring,---
*c1ccnc2c1CC(*)O2,231,2,Ring,--
*C1CCC(*)(*)C(*)C1,231,4,Ring,----
*c1cc(*)c2cc[nH]c2c1,231,2,Ring,--
*c1n(*)c2ccccc2[n+]1*,231,3,Ring,---
*C(=O)N(*)CC(C)C,231,2,Linker,--
*CCC=C(*)*,231,3,Linker,---
*C(*)=NOC,231,2,Linker,--
*OC(=O)CC(C)(C)C(=O)O,231,1,Sub,-
*CC(=O)NCC,231,1,Sub,-
*C1=CC(*)=C(*)N(*)C1=*,230,5,Ring,----=
*C1=C(*)C(*)C(*)=C(*)O1,230,5,Ring,-----
*c1c(*)c(*)c2c(=*)n(*)c(=*)c2c1*,230,7,Ring,---=-=-
*c1cc(*)n2c(nc3ccccc32)c1*,230,3,Ring,---
*c1[nH]nc2c1C(*)N(*)C2=*,230,4,Ring,---=
*C1C(*)C(*)C1*,230,4,Ring,----
*c1cc2c(cc1*)OC(=*)C=C2,230,3,Ring,--=
*c1cc2nccc(*)n2n1,230,2,Ring,--
*c1ccc2ncnn2c1,230,1,Ring,-
*NC(=O)C(C)N*,230,2,Linker,--
*CCCN(*)*,230,3,Linker,---
*CCCCCC(*)=O,230,2,Linker,--
*CNCC(=O)N*,230,2,Linker,--
*CNC(=O)CNC(*)=O,230,2,Linker,--
*C(=O)NCC(*)(C)C,230,2,Linker,--
*C(=O)CCOC,230,1,Sub,-
*c1cccn2c(*)nnc12,229,2,Ring,--
*c1ncnc2c1c(*)c(*)n2*,229,4,Ring,----
*C1Cc2ccccc2O1,229,1,Ring,-
*C1(*)CCCC(*)(*)O1,229,4,Ring,----
*c1cc(*)c2c(=*)ccc(=*)c2c1*,229,5,Ring,--==-
*C(=O)OC(*)*,229,3,Linker,---
*C(=O)CCNS(*)(=O)=O,229,2,Linker,--
*CNC(C)(C)C,229,1,Sub,-
*NC(P(=O)(O)O)P(=O)(O)O,229,1,Sub,-
*[Si](C)(C)C,229,1,Sub,-
*NC(=O)C(C)(O)C(F)(F)F,229,1,Sub,-
*C1CCC2C(CCN2*)O1,228,2,Ring,--
*C1COc2cc3c(cc2O1)CN(*)C(*)C3,228,3,Ring,---
*c1[nH]cnc2ncnc1-2,228,1,Ring,-
*C1CCC2(CC1)OOC1(O2)C2CC3CC(C2)CC1C3,228,1,Ring,-
*C1CCC(*)C(*)CO1,228,3,Ring,---
*C(=*)C#N,228,2,Linker,-=
*C(*)OC,228,2,Linker,--
*C(=O)C(NC(=O)OC(C)(C)C)C(C)(C)C,228,1,Sub,-
*CCCCCCCCCCCCCCCC,228,1,Sub,-
*c1cc(=*)ccc1=*,227,3,Ring,-==
*C1=C(*)C(=*)CCC1,227,3,Ring,--=
*c1nc(*)c2c(*)c(*)[nH]c2n1,227,4,Ring,----
*C1=C(*)C(=*)N2C=CC=CC2=N1,227,3,Ring,--=
*c1cc2c(n1*)C(*)N(*)C2=*,227,5,Ring,----=
*C1=NC(*)C(*)=C(*)N1*,227,5,Ring,-----
*C1=Nc2c([nH]c3ccccc23)C(=*)N1*,227,3,Ring,-=-
*CCCN(*)C,227,2,Linker,--
*CCC(=O)NC(*)C,227,2,Linker,--
*C(=O)NC(*)CN,227,2,Linker,--
*OCCCCCCCCCCCC,227,1,Sub,-
*c1cc2[nH]nc(*)c2c(*)n1,226,3,Ring,---
*c1nc2cccc(*)n2n1,226,2,Ring,--
*CC(O)CN*,226,2,Linker,--
*N(CC(C)C)S(*)(=O)=O,226,2,Linker,--
*CCNC(=O)C(=O)NC*,226,2,Linker,--
*C(=O)NCC#C,226,1,Sub,-
*SCCCCCC,226,1,Sub,-
*CCC(O)CC(O)CC(=O)O,226,1,Sub,-
*OS(=O)(=O)C(F)(F)F,226,1,Sub,-
*C1=NN(*)C(*)C1*,225,4,Ring,----
*N1NC(=*)C(=*)C1=*,225,4,Ring,-===
*C(=O)N(*)CCOC,225,2,Linker,--
*C(=O)COC(=O)CNC(*)=O,225,2,Linker,--
*C=CBr,225,1,Sub,-
*OCC(=O)NO,225,1,Sub,-
*c1ncnc2c3c(n(*)c12)CCC3,224,2,Ring,--
*C1=CC(=*)N(*)CC1,224,3,Ring,-=-
*C1=C(*)c2cc(*)ccc2N(*)C1=*,224,5,Ring,----=
*c1ccc2nn(*)cc2c1,224,2,Ring,--
*c1cc(*)c2nc(*)ccc2c1,224,3,Ring,---
*C(=O)C(*)NC(=O)OC,224,2,Linker,--
*COC(=O)CO*,224,2,Linker,--
*CC(CC)CC,224,1,Sub,-
*S(=O)(=O)NC(C)=O,224,1,Sub,-
*C=CC(O)CCCCC,224,1,Sub,-
*C1=NCCC1,223,1,Ring,-
*c1cc2cc(*)c(*)nc2cc1*,223,4,Ring,----
*C1CCc2ccccc2C1*,223,2,Ring,--
*C(C)(C)C(=O)O,223,1,Sub,-
*CC(O)C(F)(F)F,223,1,Sub,-
*NCCOCCOCCOCC#C,223,1,Sub,-
*C1=CC(=*)c2c(*)c(*)c(*)c(*)c2O1,222,6,Ring,-=----
*C1CC2CCN(*)CC2O1,222,2,Ring,--
*C1=C(*)C(*)N(*)C(=*)N1,222,5,Ring,----=
*c1nc2c3ccccc3nc(*)n2n1,222,2,Ring,--
*c1ccc2[nH]c3c(c2c1)CCNC3*,222,2,Ring,--
*N1CC2(*)CC1CC(*)(*)C2,222,4,Ring,----
*CNC(=O)C(=O)NC*,222,2,Linker,--
*NC(*)C(*)=O,222,3,Linker,---
*c1c(*)c(=*)c2c(*)cccc2c1=*,221,5,Ring,--=-=
*C1=Nc2c(c(*)nn2*)C(=*)N1,221,4,Ring,---=
*c1cc[nH]c1,221,1,Ring,-
*c1ncc2nc(*)n(*)c2n1,221,3,Ring,---
*c1ccc2c(c1*)OCO2,221,2,Ring,--
*C1=CN(*)C(=*)c2cc(*)c(*)cc21,221,5,Ring,--=--
*C=CC(=O)N(*)C,221,2,Linker,--
*NC(=O)NCCCl,221,1,Sub,-
*C1OC(=*)C(=*)C1*,220,4,Ring,-==-
*C1CCN1,220,1,Ring,-
*c1ncnc2c1nc1n2CCCCC1,220,1,Ring,-
*c1ccc2c(c1)C(*)CCC2,220,2,Ring,--
*N1C(=*)NC2(CCCCC2)C1=*,220,3,Ring,-==
*N1C(=*)CC2(CCCC2)CC1=*,220,3,Ring,-==
*N1C=Nc2c(nnn2*)C1=*,220,3,Ring,--=
*C1=C(*)C(*)CC(=*)N1,220,4,Ring,---=
*CC(=O)N(C)CC(=O)N*,220,2,Linker,--
*=CC(=O)OCC,220,1,Sub,=
*NC(N)=S,220,1,Sub,-
*n1cnc2c1N=CNC2=*,219,2,Ring,-=
*c1nc2cnccn2c1*,219,2,Ring,--
*C1=Cc2c(*)nc(*)nc2N(*)C1=*,219,5,Ring,----=
*c1nc(*)c2c(n1)N(*)C(=*)N(*)C2=*,219,6,Ring,---=-=
*CC(*)N*,219,3,Linker,---
*C(CC)C(=O)C(C)C(O)C(*)C,219,2,Linker,--
*C1=C(*)c2cnc(*)nc2N(*)C1=*,218,5,Ring,----=
*c1ncc2c(n1)N(*)C(=*)N(*)C2,218,4,Ring,--=-
*C1CN(*)C(=*)C1*,218,4,Ring,--=-
*C1=Nc2sc3c(c2C(=*)N1*)CCCC3,218,3,Ring,-=-
*C=NO*,218,2,Linker,--
*C(=O)NCCS(*)(=O)=O,218,2,Linker,--
*OC(=O)N(CC)CC,218,1,Sub,-
*OC(F)(F)Cl,218,1,Sub,-
*c1ccc2c(*)cc(*)c(*)c2n1,217,4,Ring,----
*c1cc2ccccc2c2ccccc12,217,1,Ring,-
*c1nc(*)c2cccn2n1,217,2,Ring,--
*C1OC2COP(*)(=*)OC2C1*,217,4,Ring,--=-
*C1=NC(*)CS1,217,2,Ring,--
*c1ccc2c(=*)c3ccccc3c(=*)c2c1,217,3,Ring,-==
*CC=CC*,217,2,Linker,--
*NC(C)CC,217,1,Sub,-
*CC(C)CC,217,1,Sub,-
*C1=CC(=*)N2C=CSC2=N1,216,2,Ring,-=
*c1ccc2ccc3cccc4ccc1c2c34,216,1,Ring,-
*c1c(*)c(*)c2occc2c1*,216,4,Ring,----
*c1nncc2ccccc12,216,1,Ring,-
*NC(=O)C(C)(C)O*,216,2,Linker,--
*OCC(=O)NS(*)(=O)=O,216,2,Linker,--
*OC(=O)NC(C(*)=O)C(C)(C)C,216,2,Linker,--
*CC(CO)N*,216,2,Linker,--
*c1cc2c(cn1)[nH]c1ccccc12,215,1,Ring,-
*c1cc(*)c2cc(*)ccc2c1,215,3,Ring,---
*c1ccc2ccc(*)c(*)c2n1,215,3,Ring,---
*c1c[n+](*)cc(*)c1*,215,4,Ring,----
*c1nc(*)c2cccnc2n1,215,2,Ring,--
*c1ccc2c(c1*)CCCC2,215,2,Ring,--
*CCCCCCC*,215,2,Linker,--
*CC(NC(C)=O)C(O)CN*,215,2,Linker,--
*=NC#N,215,1,Sub,=
*OCC=C(C)CCC=C(C)C,215,1,Sub,-
*NC(CC)CC,215,1,Sub,-
*C(=O)NC(C(=O)O)C(C)CC,215,1,Sub,-
*C1=CC(=*)n2ncc(*)c2N1,214,3,Ring,-=-
*C1=C(*)C(=*)C(*)(*)O1,214,5,Ring,--=--
*N1CC2OCCN(*)C2C1,214,2,Ring,--
*c1cc(*)c2ncnc(*)c2c1,214,3,Ring,---
*C1=CCC2(*)C(CCC3(*)C2CCC2C4C(*)CCC4(*)CCC23*)C1(*)*,214,8,Ring,--------
*c1ccc2c(c1)CCC2=*,214,2,Ring,-=
*OCCOCC,214,1,Sub,-
*c1nnc2n1-c1cccnc1Nc1ccccc1-2,213,1,Ring,-
*C1CSC2(*)CCC(=*)N12,213,3,Ring,--=
*C1CC=CC1,213,1,Ring,-
*c1ccc2c(c1)CCC(=*)N2*,213,3,Ring,-=-
*N1C2CCC1COC2,213,1,Ring,-
*c1ccc2c3ccnc(*)c3n(*)c2c1,213,3,Ring,---
*c1nc(*)c2c(n1)CCNCC2,213,2,Ring,--
*C1CC2(CN1*)C(*)(*)C21CCC1,213,4,Ring,----
*c1ccc2c(c1)N(*)C(=*)c1ccccc1S2(=*)=*,213,5,Ring,--===
*N1Cc2ccccc2NC1=*,213,2,Ring,-=
*N1c2ccccc2CCc2ccccc21,213,1,Ring,-
*C1CCNC(*)C1,213,2,Ring,--
*c1cnc2c(*)cccc2c1,213,2,Ring,--
*CP(=O)(OCC)OCC,213,1,Sub,-
*C=CCO,213,1,Sub,-
*c1nc(*)c2c(n1)N(*)C(=*)N2,212,4,Ring,---=
*C1=NNC(=*)N1,212,2,Ring,-=
*C1=CC(=*)SS1,212,2,Ring,-=
*c1ccc2c(*)n(*)nc2c1,212,3,Ring,---
*c1ccc2c(c1)C(*)N(*)CC(=*)N2,212,4,Ring,---=
*N1C(=*)CCC1(*)*,212,4,Ring,-=--
*C1CN(*)C(=*)C(=*)N1*,212,5,Ring,--==-
*C1=Cc2cc(*)c(*)cc2OC1=*,212,4,Ring,---=
*C1C(=*)N(*)CCS(=*)(=*)N1*,212,6,Ring,-=-==-
*COP(=O)(O)O*,212,2,Linker,--
*CCCN(C)C*,212,2,Linker,--
*CC(O)CS*,212,2,Linker,--
*COC(*)C*,212,3,Linker,---
*OC(=O)OC,212,1,Sub,-
*c1ccc2c(c1)CCc1ccc(*)cc1C2=*,211,3,Ring,--=
*c1cc2nc(*)c(*)c(*)c2cc1*,211,5,Ring,-----
*c1ccc2c(c1)OC(*)CC2=*,211,3,Ring,--=
*NCC(*)*,211,3,Linker,---
*C(*)=N,211,2,Linker,--
*N1CCOc2ccccc21,210,1,Ring,-
*c1ccc2c(c1)C=CC(*)(*)O2,210,3,Ring,---
*C1C(=*)N(*)c2ccccc2N(*)C1=*,210,5,Ring,-=--=
*c1c2ccccc2c(*)c2ccccc12,210,2,Ring,--
*C1=CC(=*)N2C(=C1*)SCC2*,210,4,Ring,-=--
*c1cc2[nH]c(*)c(*)c2cc1*,210,4,Ring,----
*NC(=O)C(*)O,210,2,Linker,--
*N=C(N)N*,210,2,Linker,--
*c1n[nH]c2cccnc12,209,1,Ring,-
*c1cccc2c1CC(*)CC2,209,2,Ring,--
*c1nn2cccnc2c1*,209,2,Ring,--
*c1cc[n+](*)cc1*,209,3,Ring,---
*c1ccc(*)[n+](*)c1,209,3,Ring,---
*c1cc2c(c(*)c1*)C(=*)CC(*)O2,209,5,Ring,---=-
*c1cccc2sccc12,209,1,Ring,-
*C1=CC=CN2C(=*)C(*)=C(*)N=C12,209,4,Ring,-=--
*C1=CN=CN(*)C1=*,209,3,Ring,--=
*CNC(=O)C(*)=O,209,2,Linker,--
*CCCCCCCO*,209,2,Linker,--
*CC(=O)NCC(*)=O,209,2,Linker,--
*NC(=O)COC(=O)CNC(*)=O,209,2,Linker,--
*CCN(*)C*,209,3,Linker,---
*C(=O)N(*)C(*)C(=O)NC(C)(C)C,209,3,Linker,---
*N1CCN(*)C(*)(*)C1,208,4,Ring,----
*c1ccc2c(c1)CCc1cccnc1C2=*,208,2,Ring,-=
*c1cc(*)c2cnn(*)c2c1,208,3,Ring,---
*C1=CN=C(*)C(=*)N1*,208,4,Ring,--=-
*c1cc(=*)c(=*)c2ccccc12,208,3,Ring,-==
*C1Cc2c([nH]c3ccccc23)CN1*,208,2,Ring,--
*c1cn(*)c2ccncc12,208,2,Ring,--
*c1ccc2[nH]c3c(c2c1)CCN(*)C3*,208,3,Ring,---
*C1CN(*)CCN(*)C1,208,3,Ring,---
*C1CN(*)C2CCCOC12,208,2,Ring,--
*C1=NN(*)C(=*)C2CC=CCC12,208,3,Ring,--=
*N1C(=*)OC(*)(*)C1=*,208,5,Ring,-=--=
*C(C)=NNC(N)=S,208,1,Sub,-
*CC(=O)NCCC,208,1,Sub,-
*CNC(=O)CC,208,1,Sub,-
*C(=O)NCC(C)(C)O,208,1,Sub,-
*c1nc(*)c2nc(*)sc2n1,207,3,Ring,---
*c1cc(*)c2c(c1)C(*)C(*)O2,207,4,Ring,----
*c1nc2cnccc2s1,207,1,Ring,-
*c1sc2ncccc2c1*,207,2,Ring,--
*c1cc(*)c2c(*)c(*)[nH]c2c1,207,4,Ring,----
*C1=C(*)C(*)N2C(=*)C(=*)SC2=N1,207,5,Ring,---==
*N1CC=CCC1,207,1,Ring,-
*c1cc2cc(*)c(*)c(*)c2[nH]1,207,4,Ring,----
*C(=O)NC(C)CO,207,1,Sub,-
*C(O)CC,207,1,Sub,-
*OCC(=O)NC,207,1,Sub,-
*[18F],207,1,Sub,-
*c1cnsn1,206,1,Ring,-
*C1COc2ccccc2C1*,206,2,Ring,--
*N1CC2CC1CN2,206,1,Ring,-
*C1CCC(*)(*)C1(*)*,206,5,Ring,-----
*N1CC2CC2(*)C1,206,2,Ring,--
*c1ccc2nnn(*)c2c1,206,2,Ring,--
*C1NC(*)C(*)(*)S1,206,4,Ring,----
*c1ccc2c(c1)NC(=*)C(*)S2,206,3,Ring,-=-
*N1CC=CC1,206,1,Ring,-
*C1C(=*)N(*)C(=*)N(*)C1=*,206,6,Ring,-=-=-=
*c1cc2c(s1)C(=*)N(*)C=N2,206,3,Ring,-=-
*N1CCCCCC1=*,206,2,Ring,-=
*C1=CC(*)(*)Oc2ccc(*)cc21,206,4,Ring,----
*C1CC(*)C2C(O1)C(*)C1(*)C3CCC4C(*)(*)C(*)CCC45CC35CCC21*,206,8,Ring,--------
*C(=O)N(*)CCCN(C)C,206,2,Linker,--
*SCC(=O)N(*)CC,206,2,Linker,--
*CN(CCC)C(*)=O,206,2,Linker,--
*OCC(=O)N(*)C,206,2,Linker,--
*CC(=O)NCCOC,206,1,Sub,-
*CCCC(=O)OCC,206,1,Sub,-
*CNCCNC(C)=O,206,1,Sub,-
*C1CC2CN(*)CC1O2,205,2,Ring,--
*C1OCC2OC(*)C(*)C(*)C2O1,205,4,Ring,----
*C1=C(*)N(*)C2=C(C(=*)CC(*)(*)C2)C1*,205,7,Ring,---=---
*c1cnnc(*)c1,205,2,Ring,--
*c1ncc2ccccc2c1*,205,2,Ring,--
*c1cccc2c1OC(*)(*)C2,205,3,Ring,---
*c1ccc2nccc(*)c2n1,205,2,Ring,--
*c1ccc2c(c1)C(=*)c1cc(*)ccc1-2,205,3,Ring,-=-
*c1ccc2c(c1)CCN(*)C2=*,205,3,Ring,--=
*CCC(C)NC(*)=O,205,2,Linker,--
*NC(=O)CN(*)C,205,2,Linker,--
*CC(=O)C(C)(C)C,205,1,Sub,-
*C(=O)NCC(=O)OCC,205,1,Sub,-
*C1OC(=*)NC1=*,204,3,Ring,-==
*c1cc2c(cc1*)[n+](*)c(*)c(*)[n+]2*,204,6,Ring,------
*[N+]1(*)CCOCC1,204,2,Ring,--
*C1CC(*)C2(C=CC(*)C3(CCC(*)(*)O3)O2)OC1*,204,6,Ring,------
*C1=C(*)C(=*)c2ccccc2N1,204,3,Ring,--=
*c1cnc2[nH]cc(*)c2n1,204,2,Ring,--
*C1CC2(*)C(CC(*)C3C4(*)CCC(*)C(*)C4CCC32*)C1=*,204,8,Ring,-------=
*c1c(*)[n+](*)c2ccccc2[n+]1*,204,4,Ring,----
*CSCC(*)=O,204,2,Linker,--
*N(*)S(*)(=O)=O,204,3,Linker,---
*CNC(=O)CCC(*)=O,204,2,Linker,--
*NC(=O)CC(*)=O,204,2,Linker,--
*C(=O)NCCCCCC,204,1,Sub,-
*c1ncc2c(*)nn(*)c2n1,203,3,Ring,---
*N1C(=*)C2C3CCC(C3)C2C1=*,203,3,Ring,-==
*c1nc(*)c2cc(*)c(*)c(*)c2n1,203,5,Ring,-----
*c1nc2c(*)ncnc2[nH]1,203,2,Ring,--
*c1cc2cccc(*)c2[nH]1,203,2,Ring,--
*c1cc(*)c2nc(*)c(*)nc2c1,203,4,Ring,----
*c1ccnc2c1CC(*)(*)O2,203,3,Ring,---
*c1ccc(*)c2c(=*)c3ccccc3c(=*)c12,203,4,Ring,--==
*ON=*,203,2,Linker,-=
*C=CC(=O)NCCCC*,203,2,Linker,--
*CCCNC(=O)CC*,203,2,Linker,--
*C=CC(=O)OCC*,203,2,Linker,--
*CNS(N)(=O)=O,203,1,Sub,-
*C(=O)N(CCCC)CCCC,203,1,Sub,-
*OCC(=C)C,203,1,Sub,-
*C1CN(*)C1*,202,3,Ring,---
*C1=CC(*)C(=*)CC(*)C(*)C(*)OC(=*)C2CCCCN2C(=*)C(=*)C2(*)OC(C(*)CC(*)C1)C(*)CC2*,202,14,Ring,--=---===-----
*c1cc2c(s1)CCCC2,202,1,Ring,-
*N1CCCC(*)(*)CC1,202,3,Ring,---
*c1ccc2ncc3c(c2c1)N(*)C(=*)N3*,202,4,Ring,--=-
*C1CCC(*)N1,202,2,Ring,--
*N1C(=*)NC(=*)N(*)C1=*,202,5,Ring,-==-=
*NNC(=O)N*,202,2,Linker,--
*CC(NC(*)=O)C(O)CN*,202,3,Linker,---
*COC(C)C,202,1,Sub,-
*c1c2c(nn1*)CS(=*)(=*)C2,201,4,Ring,--==
*C1CC(*)C1(*)*,201,4,Ring,----
*SCCNC(*)=O,201,2,Linker,--
*C(=O)CS(*)(=O)=O,201,2,Linker,--
*CCC(=O)OC*,201,2,Linker,--
*NC(C)CCCN,201,1,Sub,-
*c1nc(*)c2c(ncn2*)n1,200,3,Ring,---
*C1=C(*)C(=*)c2ccc(*)c(*)c2O1,200,5,Ring,--=--
*C1CCOc2ccccc21,200,1,Ring,-
*C1CC2(*)C(CCC2(*)*)C2CCC3=CC(=*)CCC3=C12,200,5,Ring,----=
*c1cc2c(s1)CCN(*)C2,200,2,Ring,--
*C1=NC(*)CN1,200,2,Ring,--
*c1cccc2c1CN(*)C2,200,2,Ring,--
*C1CCC2C3CCC4N(*)C(=*)CCC4(*)C3CCC12*,200,5,Ring,--=--
*C1N(*)C(=*)OC1(*)*,200,5,Ring,--=--
*C(=O)ON=C(*)N,200,2,Linker,--
*CNC(=O)N(C)C*,200,2,Linker,--
*C(=O)NCC(C)O,200,1,Sub,-
*S(=O)(=O)NCCC,200,1,Sub,-
*c1ccc2c(c1)Nc1ccccc1S2,199,1,Ring,-
*c1nc(*)c2oc3ccccc3c2n1,199,2,Ring,--
*C1OC(=*)C(*)C1*,199,4,Ring,-=--
*N1CCC(=*)NC1=*,199,3,Ring,-==
*c1cc(*)c2nccc(*)c2c1,199,3,Ring,---
*c1cnc2[nH]c(*)nc2c1,199,2,Ring,--
*C=CC=CC(*)=O,199,2,Linker,--
*CCC(*)OC(*)=O,199,3,Linker,---
*NCC(C)(C)C,199,1,Sub,-
*C1=C(*)C(=*)C(=*)OC1=*,198,5,Ring,--===
*c1ccc2c(c1)n1ncc(*)c1n[n+]2*,198,3,Ring,---
*c1nc2c(*)c(*)nn2c(*)c1*,198,5,Ring,-----
*c1cc2c(*)ccc(*)c2o1,198,3,Ring,---
*N1c2cccc3cccc(c23)S1(=*)=*,198,3,Ring,-==
*CC(O)C(C*)NC(=O)O*,198,3,Linker,---
*CC(=O)CO*,198,2,Linker,--
*SCC(=O)N(CC)CC,198,1,Sub,-
*NCCC(C)C,198,1,Sub,-
*C(S)=NC,198,1,Sub,-
*C1CC(*)(*)C(=*)O1,197,4,Ring,---=
*c1nc2c(s1)c(*)nn2*,197,3,Ring,---
*c1noc2c1CN(*)CC2,197,2,Ring,--
*CN(CCOC)C(*)=O,197,2,Linker,--
*CCOC(=O)N*,197,2,Linker,--
*C(=O)NCC(NS(*)(=O)=O)C(=O)O,197,2,Linker,--
*=NCC,197,1,Sub,=
*CCCCCCCCCCCCCCC,197,1,Sub,-
*c1cc2c3c(c1)CCN3C(=*)CC2,196,2,Ring,-=
*c1cc2c(*)cncc2s1,196,2,Ring,--
*N1CCCC(*)(*)C1=*,196,4,Ring,---=
*N1C(=*)CCc2ccccc21,196,2,Ring,-=
*C1=CC(=*)C(*)C(*)C1,196,4,Ring,-=--
*NC(=O)C(C)NC(*)=O,196,2,Linker,--
*c1nn2c(*)ccnc2c1*,195,3,Ring,---
*C1=CCCC2C1(*)CCC(*)C2(*)*,195,5,Ring,-----
*C1CCC2CN1C(=*)N2*,195,3,Ring,-=-
*c1ccc2c(c1)CCNC2=*,195,2,Ring,-=
*C1C2CCC1CN(*)C2,195,2,Ring,--
*c1nc2scc(*)n2n1,195,2,Ring,--
*c1c[nH]cc1*,195,2,Ring,--
*c1ccc2c(c1)C(*)N(*)CC2,195,3,Ring,---
*C1C=CCCC1,195,1,Ring,-
*c1cnc(*)c2c(*)csc12,195,3,Ring,---
*C1=C(*)c2cc(*)ccc2OC1=*,195,4,Ring,---=
*C=C(SC*)C(*)=O,195,3,Linker,---
*CCN(C)C(=O)C*,195,2,Linker,--
*C(*)C(C)C,195,2,Linker,--
*C=NCC*,195,2,Linker,--
*CON=C(*)C,195,2,Linker,--
*CCCCCCCCCC*,195,2,Linker,--
*CCC(=O)N(C)C,195,1,Sub,-
*C(=O)N(C)CC,195,1,Sub,-
*c1nn2ccccc2c1*,194,2,Ring,--
*C1=NOC2(C1)CC(*)N(*)C2,194,3,Ring,---
*C1C(=*)N(*)CC2N1C(=*)CN(*)N2*,194,6,Ring,-=-=--
*c1ccc2c(ccc[n+]2*)c1,194,2,Ring,--
*C1(*)CCCO1,194,2,Ring,--
*c1cc2ccn(*)c2cc1*,194,3,Ring,---
*C1OC(*)(*)OC1*,194,4,Ring,----
*c1cc2c(*)ncnc2cn1,194,2,Ring,--
*OCCNCC(O)CO*,194,2,Linker,--
*N(CC(N)=O)S(*)(=O)=O,194,2,Linker,--
*OCCCCCCC(=O)NO,194,1,Sub,-
*C1CCC2C1OCCN2*,193,2,Ring,--
*C1CCCC1=*,193,2,Ring,-=
*N1CCCCO1,193,1,Ring,-
*C1CCC(=*)C1*,193,3,Ring,-=-
*NC(=O)CCCCCNC(*)=O,193,2,Linker,--
*C(=O)CNS(*)(=O)=O,193,2,Linker,--
*=NOCC,193,1,Sub,=
*CNCCC,193,1,Sub,-
*N(C)CCOC,193,1,Sub,-
*C1=NC2=C(SCC2)C(=*)N1*,192,3,Ring,-=-
*C1CN(*)C(=*)c2c(c3ccccc3n2*)-c2ccccc2COC1*,192,5,Ring,--=--
*C1=NN2C(=*)C(=*)C(=*)N=C2S1,192,4,Ring,-===
*C1=CC(=*)N(*)c2ccc(*)cc21,192,4,Ring,-=--
*c1nc(*)c2[nH]cnc2n1,192,2,Ring,--
*c1ccc2ccnc(*)c2c1,192,2,Ring,--
*c1cc2c(o1)=NC(=*)N(*)C=2,192,3,Ring,-=-
*C#CC#C*,192,2,Linker,--
*C=CS(=O)(=O)C*,192,2,Linker,--
*SCCC(=O)O,192,1,Sub,-
*C1C(*)C2(*)OC(*)(*)CC(=*)C2(*)C2(*)C(*)CCC(*)(*)C12,191,11,Ring,-----=-----
*c1nc(*)n2c1CCOC(*)C2,191,3,Ring,---
*c1noc(=*)c1=*,191,3,Ring,-==
*N1CCC2(CCNC2=*)CC1,191,2,Ring,-=
*C1=CC(=*)N(*)c2c1c(*)nn2*,191,5,Ring,-=---
*C1CC2CN(*)CC2C1,191,2,Ring,--
*c1nc(*)c2c(*)c(*)cnc2n1,191,4,Ring,----
*c1cc2cc3c(cc2nc1*)OCO3,191,2,Ring,--
*C1C(*)(*)C(*)C1(*)*,191,6,Ring,------
*C(F)(F)C(F)(F)F,191,1,Sub,-
*SC(C)CC,191,1,Sub,-
*C1C2C=CC3(CN(*)C(=*)C13)O2,190,3,Ring,--=
*C1=C(*)C(=*)CC1,190,3,Ring,--=
*C1=C(*)c2ccccc2NC1=*,190,3,Ring,--=
*C1=Nc2c(*)cccc2C(=*)N1*,190,4,Ring,--=-
*C1OCC(*)C(*)O1,190,3,Ring,---
*N1CC2CNCC2C1,190,1,Ring,-
*C=CC(*)O,190,2,Linker,--
*C1=Nc2c(*)cc(*)cc2C(=*)N1*,189,5,Ring,---=-
*n1ncc2ccccc21,189,1,Ring,-
*C1CCOC2(CCN(*)CC2)C1,189,2,Ring,--
*c1cc2ccccc2c(*)c1*,189,3,Ring,---
*c1cn2c(*)c(*)nc2s1,189,3,Ring,---
*C(=O)CC(*)=O,189,2,Linker,--
*C[Se]*,189,2,Linker,--
*CC(NC(*)=O)C(C)C,189,2,Linker,--
*C(=O)N(*)C(*)C,189,3,Linker,---
*NCC(*)N,189,2,Linker,--
*C(C)=NN=*,189,2,Linker,-=
*NCCCCCCCC,189,1,Sub,-
*C(=O)C(N)C(C)CC,189,1,Sub,-
*C=CC(O)CC(O)CC(=O)O,189,1,Sub,-
*NCCNC(C)=O,189,1,Sub,-
*c1ccc2c(c1)OCCC2*,188,2,Ring,--
*n1ncnn1,188,1,Ring,-
*C1=NC(*)C(=*)Nc2ccc(*)cc21,188,4,Ring,--=-
*c1oc2cccc(*)c2c1*,188,3,Ring,---
*N1CCC2(CCN(*)C2)C1,188,2,Ring,--
*c1ccnc2c1c(*)nn2*,188,3,Ring,---
*C1c2[nH]c3ccccc3c2CC2C(=*)N(*)C(=*)N21,188,4,Ring,-=-=
*C1CC=NN1*,188,2,Ring,--
*C=CC=C*,188,2,Linker,--
*C(=O)NC(*)=O,188,2,Linker,--
*C(=O)NCCCOC(C)C,188,1,Sub,-
*CCNC(=O)CC,188,1,Sub,-
*c1ccc2[nH]c3nc(*)nc-3cc2c1,187,2,Ring,--
*c1cnc2nnn(*)c2n1,187,2,Ring,--
*C1=NCC(=*)N(*)c2ccc(*)cc21,187,4,Ring,-=--
*c1cc(*)c2c(c1*)OC(*)CC2=*,187,5,Ring,----=
*C=C(C)C(=O)N*,187,2,Linker,--
*C=C(*)*,187,3,Linker,---
*C(=*)O,187,2,Linker,-=
*OCCCF,187,1,Sub,-
*N=S(C)(C)=O,187,1,Sub,-
*C1=C(*)C(=*)c2c(cc(*)c(*)c2*)O1,186,6,Ring,--=---
*c1nc2c(*)cnc(*)n2n1,186,3,Ring,---
*C1COC(*)C(*)C1,186,3,Ring,---
*C1CSC(*)N1*,186,3,Ring,---
*N1CCCO1,186,1,Ring,-
*c1cc(*)c2c(c1)COCO2,186,2,Ring,--
*c1ccc2c(c1)C(=*)N(*)C1CCC(*)OC1CO2,186,4,Ring,-=--
*C1=CN(*)C(*)=C(*)C1=*,186,5,Ring,----=
*N1C=CSC1=*,186,2,Ring,-=
*N1N=NN(*)C1=*,186,3,Ring,--=
*C(*)C[N+](=O)[O-],186,2,Linker,--
*CNCC(O)CO*,186,2,Linker,--
*CC(=O)NS(*)(=O)=O,186,2,Linker,--
*CCN(*)C(=O)N*,186,3,Linker,---
*CNC(CO)C(C)C,186,1,Sub,-
*C#CC(C)(C)C,186,1,Sub,-
*c1ccc2nc3ccccc3c(*)c2c1,185,2,Ring,--
*c1ccc2c(c1)C(*)NCC2,185,2,Ring,--
*c1ccc2c(c1)C(=*)c1ccccc1-2,185,2,Ring,-=
*c1cc2c(*)ccc(*)c2[nH]1,185,3,Ring,---
*c1ccc2c(c1)N(*)C(=*)S2,185,3,Ring,--=
*c1cc2c(cc1*)C(=*)C(=*)C2,185,4,Ring,--==
*c1cccc2ccn(*)c12,185,2,Ring,--
*c1cc2c(cc1*)C(=*)N(*)C=N2,185,4,Ring,--=-
*CCCCNS(*)(=O)=O,185,2,Linker,--
*CNC(=O)N(*)*,185,3,Linker,---
*NC(*)=*,185,3,Linker,--=
*CC(=O)NCC(=O)N*,185,2,Linker,--
*C=CC=O,185,1,Sub,-
*SCC(C)C,185,1,Sub,-
*NC(=O)OC(C)C,185,1,Sub,-
*C1=CN(*)C=C(*)C1=*,184,4,Ring,---=
*C1=C(*)c2ccc(*)cc2C(=*)O1,184,4,Ring,---=
*N1C(=*)C2CCCN2C1=*,184,3,Ring,-==
*CC(=O)NN=*,184,2,Linker,-=
*CNS(=O)(=O)C*,184,2,Linker,--
*C(=O)CCCCCCCCCCC,184,1,Sub,-
*c1ccc2nncn2c1,183,1,Ring,-
*c1cc2n(n1)CCN(*)C2=*,183,3,Ring,--=
*C1=Cc2cccnc2N(*)C1=*,183,3,Ring,--=
*c1[nH]nc2ccccc12,183,1,Ring,-
*C1(*)CN2CCC1CC2,183,2,Ring,--
*c1cc2c(c(*)n1)C(*)N(*)C2,183,4,Ring,----
*c1ccc2c3c([nH]c2c1)C1(*)C(*)CC(*)C(=*)N1CC3,183,5,Ring,----=
*C1CSC(*)O1,183,2,Ring,--
*C1=NC(*)=C(*)C(*)N1,183,4,Ring,----
*CCCC(*)*,183,3,Linker,---
*CS(=O)(=O)NC(*)=O,183,2,Linker,--
*C(*)(*)*,183,4,Linker,----
*OCCC(*)=O,183,2,Linker,--
*NC(=O)C(CC(C)C)NC(*)=O,183,2,Linker,--
*C(C)C(C)C,183,1,Sub,-
*C(N)C(C)C,183,1,Sub,-
*N(CCCC)CCCC,183,1,Sub,-
*c1ccc2oc(=*)c(=*)c2c1,182,3,Ring,-==
*C1CCSCC1,182,1,Ring,-
*c1ccc2nc(*)sc2n1,182,2,Ring,--
*C1=NN=C(*)SC1,182,2,Ring,--
*C1COc2ccccc2N(*)C1=*,182,3,Ring,--=
*c1cnc2c(n1)N(*)C(=*)N2,182,3,Ring,--=
*c1ncnn2c(*)ccc12,182,2,Ring,--
*c1cc(=*)cc(*)c1=*,182,4,Ring,-=-=
*c1ccc2oc(*)c(*)c2c1*,182,4,Ring,----
*c1cccc2[nH]c3ccccc3c12,182,1,Ring,-
*NC(=O)NCCCC,182,1,Sub,-
*C=C(C#N)C(N)=O,182,1,Sub,-
*c1ncc2c(n1)-c1c(c(*)nn1*)CC2,181,3,Ring,---
*N1CC2CCC1C2,181,1,Ring,-
*C1=CC(*)=NS(=*)(=*)N1*,181,5,Ring,--==-
*c1ccc2c(c1)CC(*)CO2,181,2,Ring,--
*c1sc[n+](*)c1*,181,3,Ring,---
*C1=Cc2ccccc2N(*)C1=*,181,3,Ring,--=
*c1ccc2c(c1)C(*)(*)OC(=*)N2,181,4,Ring,---=
*CC(O)(CC(*)(C)C)C(F)(F)F,181,2,Linker,--
*NC(CCN(C)C)CS*,181,2,Linker,--
*CC(=O)NC(C*)C(=O)O,181,2,Linker,--
*CCN=*,181,2,Linker,-=
*c1nc(*)c2c(*)c(*)ccc2n1,180,4,Ring,----
*N1CCSC1=*,180,2,Ring,-=
*C1=Cc2ccccc2NC1=*,180,2,Ring,-=
*c1cnn[nH]1,180,1,Ring,-
*CCC(=C)C(OC(C)=O)C(C)C*,180,2,Linker,--
*C=C(C)C(*)=O,180,2,Linker,--
*C(*)NC(C)=O,180,2,Linker,--
*C(=N)NOC(*)=O,180,2,Linker,--
*C=CC(=O)NC(=S)N*,180,2,Linker,--
*CCCOCC,180,1,Sub,-
*c1cccc2cccc(*)c12,179,2,Ring,--
*c1nc2c(*)nccn2c1*,179,3,Ring,---
*c1ccc2c(c1)C1CC(*)OC(*)C1O2,179,3,Ring,---
*c1cc2ncccc2c(*)n1,179,2,Ring,--
*C1=C(*)c2ccccc2C1=*,179,3,Ring,--=
*c1ccc2c(c1)N(*)C(*)C(=*)N2*,179,5,Ring,---=-
*[Se]*,179,2,Linker,--
*[Se][Se]*,179,2,Linker,--
*C(=O)N(*)CCC,179,2,Linker,--
*CC(=O)NC(*)C*,179,3,Linker,---
*C(=O)NC(*)CCCCCC(=O)CC,179,2,Linker,--
*CCCCCCCCCCCC*,179,2,Linker,--
*NC(=O)NCCC,179,1,Sub,-
*CC=C(C)CCC=C(C)CCC=C(C)C,179,1,Sub,-
*N1Cc2cccnc2C1,178,1,Ring,-
*n1nc2ccccc2n1,178,1,Ring,-
*C1=CC(=*)Nc2cc(*)ccc21,178,3,Ring,-=-
*N1CCN(*)S1(=*)=*,178,4,Ring,--==
*C1=CC(*)=NC(=*)N1,178,3,Ring,--=
*CCCCNCC*,178,2,Linker,--
*CC(=O)C*,178,2,Linker,--
*CNC(=O)C(C)O*,178,2,Linker,--
*CN(CC)S(*)(=O)=O,178,2,Linker,--
*C(C)=N,178,1,Sub,-
*CCC=C,178,1,Sub,-
*NC(=O)CCCC(=O)O,178,1,Sub,-
*C(O)CN,178,1,Sub,-
*C1CC2(*)CCCCC=C2N(*)C1=*,177,4,Ring,---=
*C1OCCCN1*,177,2,Ring,--
*C1=Nc2cc(*)sc2C(=*)N1*,177,4,Ring,--=-
*c1nc2c3cnn(*)c3nc(*)n2n1,177,3,Ring,---
*c1cc(*)c2c(c1)CC(*)O2,177,3,Ring,---
*N1CCC2CN(*)C2C1,177,2,Ring,--
*OCC(C)(C)O,177,1,Sub,-
*OC(=O)N(C)CC,177,1,Sub,-
*C(=O)OCC#C,177,1,Sub,-
*SC#N,177,1,Sub,-
*c1ccc2c(c1*)C(=*)OC2*,176,4,Ring,--=-
*c1ccc(*)c2c1N(*)CC21CCN(*)CC1,176,4,Ring,----
*c1nc(*)c2cn[nH]c2n1,176,2,Ring,--
*C1=CC(*)C(*)CC1,176,3,Ring,---
*C1=C(*)C(=*)c2cc(*)c(*)cc2N1,176,5,Ring,--=--
*N1C(=*)SC2CS(=*)(=*)CC21,176,4,Ring,-===
*C1CC(*)(*)Cc2c1cnn2*,176,4,Ring,----
*c1nn2c(c1*)NCCC2*,176,3,Ring,---
*C1=CC(=*)n2nc(*)nc2N1,176,3,Ring,-=-
*c1csc2c(*)ncnc12,176,2,Ring,--
*c1nc2c(*)ncc(*)n2n1,176,3,Ring,---
*c1cc(*)c2c(*)c(*)oc2c1,176,4,Ring,----
*N1CCC2(CCCN(*)C2=*)CC1,176,3,Ring,--=
*c1cc2c(*)c(*)c(=*)c(=*)c2c(*)c1*,176,7,Ring,---==--
*C1=C(*)C(*)c2cc(*)ccc2O1,176,4,Ring,----
*NC(=O)CCC(=O)N*,176,2,Linker,--
*CCCNC,176,1,Sub,-
*C1CCC2C(*)C(=*)OC3OC4(*)CCC1C32OO4,175,4,Ring,--=-
*C1(*)CCS(=*)(=*)C1,175,4,Ring,--==
*C1N(*)C(=*)C2CCCN21,175,3,Ring,--=
*=C1NCCN1,175,1,Ring,=
*C1CC(=*)NC1=*,175,3,Ring,-==
*c1cc(*)c2sc(*)nc2c1,175,3,Ring,---
*C1=CC(=*)N(*)N1,175,3,Ring,-=-
*c1nc2cccc(*)c2s1,175,2,Ring,--
*C1=CC(=*)C=C(*)O1,175,3,Ring,-=-
*c1ccc2c(c1)N(*)c1ccccc1CC2,175,2,Ring,--
*CNC(=O)C(*)N(*)C(*)=O,175,4,Linker,----
*NC(=O)C(CC)S*,175,2,Linker,--
*CC(NC(=O)C(C*)NC(*)=O)C(N)=O,175,3,Linker,---
*C(=O)NCCCNC(*)=O,175,2,Linker,--
*C(=O)NC(*)C(=O)O,175,2,Linker,--
*OO,175,1,Sub,-
*C(=O)NC(C)C(N)=O,175,1,Sub,-
*CC(=O)NC(C(=O)C(F)(F)F)C(C)C,175,1,Sub,-
*C(=O)C(C)N,175,1,Sub,-
*C(=N)NO,175,1,Sub,-
*CCCCC(=O)NO,175,1,Sub,-
*c1ccc2c(c1)C(=*)N(*)N2*,174,4,Ring,-=--
*C1CN(*)C(=*)N1,174,3,Ring,--=
*C1CCC2(*)CC2C1,174,2,Ring,--
*N1N=C2C=CC=CN2C1=*,174,2,Ring,-=
*c1cccc2c(=*)c3ccccc3c(=*)c12,174,3,Ring,-==
*N1CC2(COC2)C1,174,1,Ring,-
*C(=O)OC(*)C,174,2,Linker,--
*C(=O)NCCC(*)C,174,2,Linker,--
*C(*)F,174,2,Linker,--
*OCC(O)CNC(=O)CO,174,1,Sub,-
*=CN(C)C,174,1,Sub,=
*C#CCCCC,174,1,Sub,-
*C1CN(*)S(=*)(=*)C1,173,4,Ring,--==
*N1C(=*)c2cccn2-c2cccnc21,173,2,Ring,-=
*C1=CC(=*)OC(*)=C1*,173,4,Ring,-=--
*C1=C(*)c2c(*)cc(*)cc2OC1=*,173,5,Ring,----=
*c1noc2c1CCCC2,173,1,Ring,-
*C1c2cccn2CCN1*,173,2,Ring,--
*c1ccc2c(c1)CCC(*)(*)O2,173,3,Ring,---
*C1=C(*)C(*)n2ncnc2N1,173,3,Ring,---
*CCSCC*,173,2,Linker,--
*=[N+](C)C,173,1,Sub,=
*NC(=O)CCN,173,1,Sub,-
*c1ccc2c(c1)N(*)CCS2,172,2,Ring,--
*c1cc(*)c2c(*)noc2n1,172,3,Ring,---
*c1nc2c(*)ccnc2[nH]1,172,2,Ring,--
*C1C2=C(CC(*)(*)CC2=*)N(*)C2=C1C(=*)CC(*)(*)C2,172,8,Ring,---=-=--
*c1nc(*)c2nc(*)nc(*)c2n1,172,4,Ring,----
*C1CN(*)C1=*,172,3,Ring,--=
*N1CCC2(C1)CN(*)C2,172,2,Ring,--
*c1nc2c(*)nccc2[nH]1,172,2,Ring,--
*c1csc2c1CCCC2,172,1,Ring,-
*c1cccc2c1C=CN(*)C2=*,172,3,Ring,--=
*CCNC(=O)O*,172,2,Linker,--
*NC(=O)NC(=O)CS*,172,2,Linker,--
*SC(C)C(*)=O,172,2,Linker,--
*C(=O)NCCCC(=O)O,172,1,Sub,-
*C(=NOC)C(=O)NC,172,1,Sub,-
*OC(=O)CCCCCCCCCCCCCCC,172,1,Sub,-
*N1CC2=C(C1)CN(*)C2,171,2,Ring,--
*n1c[n+](*)c2ccccc21,171,2,Ring,--
*c1ccn(*)c1*,171,3,Ring,---
*C1=COc2cccc(*)c2C1=*,171,3,Ring,--=
*c1ccc2[nH]c3c(c2c1)CCN1C(=*)C(*)CC(*)C31*,171,5,Ring,-=---
*c1ccc2c(c1)OCC(=*)N2,171,2,Ring,-=
*c1nc2ccncc2n1*,171,2,Ring,--
*CCN(*)S(*)(=O)=O,171,3,Linker,---
*C(=O)NC(*)C(=O)NC(C(*)=O)C(C)(C)C,171,3,Linker,---
*CC(=O)NC(=O)N*,171,2,Linker,--
*COP(=O)(O)CP(=O)(O)O,171,1,Sub,-
*CC(=O)NN,171,1,Sub,-
*CCC(=O)NC,171,1,Sub,-
*COS(=O)(=O)O,171,1,Sub,-
*C(=O)NC(C)(C)CO,171,1,Sub,-
*C(=O)NCC(O)CO,171,1,Sub,-
*CN(C)S(C)(=O)=O,171,1,Sub,-
*CCCC(C)C,171,1,Sub,-
*c1ccc2nc(*)c3nnc(*)n3c2c1,170,3,Ring,---
*c1cnc2[nH]ccc2n1,170,1,Ring,-
*c1cc2c(c(*)c1*)C(=*)c1c(cc(*)c(*)c1*)O2,170,7,Ring,---=---
*C1CCCNC1*,170,2,Ring,--
*CNC(=O)C(*)*,170,3,Linker,---
*CC(=O)N(C*)CCO,170,2,Linker,--
*CONC(*)=O,170,2,Linker,--
*C(*)CN,170,2,Linker,--
*C(=O)NC(CC(C)C)C(*)=O,170,2,Linker,--
*NC(=O)N(CCCl)N=O,170,1,Sub,-
*NC(=O)C(=C)Br,170,1,Sub,-
*C1CCC2(*)C(=CCC3(*)C2CC(*)C2(*)C(*)(*)CCC32*)C1,169,8,Ring,--------
*c1c(*)c2n(c1*)CCC2,169,3,Ring,---
*c1nc(*)c2c(c1*)CC(*)(*)OC2,169,5,Ring,-----
*c1ccc2c(*)c(*)nc(*)c2c1,169,4,Ring,----
*N1C(=*)CC(=*)N(*)C1=*,169,5,Ring,-==-=
*N1CCCN(*)C1=*,169,3,Ring,--=
*C1C=CS(=*)(=*)C1,169,3,Ring,-==
*c1nc(*)c2cccnc2c1*,169,3,Ring,---
*C1(*)CCNC1,169,2,Ring,--
*C1=NNC(=*)C2=C1NCCC2,169,2,Ring,-=
*CCC(*)CN(C)S(*)(=O)=O,169,3,Linker,---
*NC(=O)NC(*)COC,169,2,Linker,--
*C(=*)C,169,2,Linker,-=
*C=CC(=O)NCC(=O)N(*)C,169,2,Linker,--
*CNC(=O)NS(*)(=O)=O,169,2,Linker,--
*C(=O)CN(C)S(*)(=O)=O,169,2,Linker,--
*NC(=O)NC(*)*,169,3,Linker,---
*CCC=C(C)CCC=C(C)CCC=C(C)C,169,1,Sub,-
*N1C(=*)Nc2ccsc2C1=*,168,3,Ring,-==
*C1(*)c2ccccc2-c2ccccc21,168,2,Ring,--
*N1CCN2CCC1CC2,168,1,Ring,-
*C1CCC2(CC1)NC(=*)N(*)C2=*,168,4,Ring,-=-=
*C1CN(*)CC1=*,168,3,Ring,--=
*C1CC(*)(*)C(*)C(*)C(=*)C(*)C(=*)OC(*)C2(*)OC(=*)N(*)C2C(*)C1=*,168,14,Ring,-----=-=--=--=
*c1ccc2c(c1)c1c(n2*)CCCC1,168,2,Ring,--
*C1=Cc2ccccc2OC1,168,1,Ring,-
*c1ncnc2nc[nH]c12,168,1,Ring,-
*c1csc2c1C(=*)N(*)C=N2,168,3,Ring,-=-
*OCC(=O)OCC(*)=O,168,2,Linker,--
*OCC(=O)NC(*)C,168,2,Linker,--
*CC(=O)N(*)C(*)C(=O)N*,168,4,Linker,----
*CNCCN*,168,2,Linker,--
*S(=O)(=O)NC(C)C(F)(F)F,168,1,Sub,-
*OC(=O)OCC,168,1,Sub,-
*S(=O)(=O)CCCC,168,1,Sub,-
*c1ncn2c1N=NN(*)C2=*,167,3,Ring,--=
*c1ccc2c(c1)N(*)C(=*)c1cn[nH]c1-2,167,3,Ring,--=
*C1CNC(=*)CN(*)C1=*,167,4,Ring,-=-=
*c1cc2c(nc1*)N(*)CCC2,167,3,Ring,---
*c1nc(*)c2ncnc(*)c2n1,167,3,Ring,---
*c1cc2c(c3ccccc13)C(*)CN2*,167,3,Ring,---
*C1C2(*)CCC(C2)C1(*)*,167,4,Ring,----
*c1ccc2c(*)cnc(*)c2c1,167,3,Ring,---
*CCCN(*)C(*)=O,167,3,Linker,---
*COP(=O)(NC(C)C(=O)OC)O*,167,2,Linker,--
*CN(*)C(=O)CC,167,2,Linker,--
*C([2H])([2H])[2H],167,1,Sub,-
*c1ccc2c3c([nH]c2c1)C(*)(*)c1cc(*)c(*)cc1C3=*,166,6,Ring,-----=
*c1cnc2[nH]c(*)cc2c1,166,2,Ring,--
*c1ccc2c(c1)CNCC2,166,1,Ring,-
*C1=NC2=C(CN(*)CC2)C(=*)N1*,166,4,Ring,--=-
*c1cc2n(n1)CCC(=*)N2*,166,3,Ring,-=-
*C1CN(*)CCCN1*,166,3,Ring,---
*c1cn2c(*)cccc2n1,166,2,Ring,--
*c1cn2c(*)c(*)nc2cn1,166,3,Ring,---
*c1[nH]c2ncnc(*)c2c1*,166,3,Ring,---
*c1ccc2c(c1)C1C=CCC1C(*)N2,166,2,Ring,--
*N1CC[S+](*)CC1,166,2,Ring,--
*CCOCCOCCO*,166,2,Linker,--
*C[P+](*)(*)*,166,4,Linker,----
*NC(=O)CC(*)*,166,3,Linker,---
*C(*)(F)F,166,2,Linker,--
*C(=O)NC(C(*)=O)C(C)(C)C,166,2,Linker,--
*CCN=C(S)N*,166,2,Linker,--
*S(=O)(=O)C(C)(C)C,166,1,Sub,-
*CCCCl,166,1,Sub,-
*OC(=O)C(=C)C,166,1,Sub,-
*CCC#C,166,1,Sub,-
*c1ccc2c(c1)N(*)C(=*)C(=*)N2*,165,5,Ring,--==-
*N1CCC2C(CCC(=*)N2*)C1,165,3,Ring,-=-
*c1ccc2c(c1*)CCN(*)C2,165,3,Ring,---
*C1CCNC1*,165,2,Ring,--
*N1C=Cc2ccccc2C1=*,165,2,Ring,-=
*CC(*)(C)C,165,2,Linker,--
*C(=O)NC(*)CC(C)C,165,2,Linker,--
*NCC(*)(F)F,165,2,Linker,--
*C=CC=N*,165,2,Linker,--
*NC(=O)C(C)(C)NC(*)=O,165,2,Linker,--
*NCCC(*)=O,165,2,Linker,--
*CCNS(C)(=O)=O,165,1,Sub,-
*NCCCCCCCCCCCCCCCC,165,1,Sub,-
*NC(=O)CBr,165,1,Sub,-
*NCCCCN,165,1,Sub,-
*C1=NCc2nnc(*)n2-c2ccc(*)cc21,164,3,Ring,---
*C1=C(*)N(*)C(*)=C(*)C1*,164,6,Ring,------
*C1(*)CC(*)(*)C1,164,4,Ring,----
*C1CC(*)CC(*)(*)C1,164,4,Ring,----
*c1ncc(*)c2c(*)c[nH]c12,164,3,Ring,---
*C1=CN(*)C(=*)S1,164,3,Ring,--=
*N1CC2CN(*)CC(C1)O2,164,2,Ring,--
*c1ccc2c(c1)CN(*)CC2*,164,3,Ring,---
*C1=C(*)CCCC1,164,2,Ring,--
*CC(=O)N(*)*,164,3,Linker,---
*NC(=O)N(*)*,164,3,Linker,---
*CCNCC*,164,2,Linker,--
*CCSC*,164,2,Linker,--
*NC(=O)CCC(*)C,164,2,Linker,--
*NCCNS(*)(=O)=O,164,2,Linker,--
*OCC(C)(C)C(=O)O,164,1,Sub,-
*COCCOC,164,1,Sub,-
*N(C)CCC,164,1,Sub,-
*C1=NC(=*)C(*)(*)S1,163,4,Ring,-=--
*c1oc2c(*)cccc2c1*,163,3,Ring,---
*c1ccc2nc(*)cnc2c1,163,2,Ring,--
*C1SC(*)C(*)C1*,163,4,Ring,----
*C1CCC2(*)CCC3(*)C(CCC4C5(*)CCC(=*)C(*)(*)C5CCC43*)C12,163,8,Ring,----=---
*N1CC2CCCN(*)C2C1,163,2,Ring,--
*N1C(=*)C(=*)c2ccccc2C1=*,163,4,Ring,-===
*c1ccc2c(c1)C1(*)CCN(*)C1N2*,163,4,Ring,----
*C12CC(*)(C1)C2,163,2,Ring,--
*c1ccc2c(c1)CCC(*)C2*,163,3,Ring,---
*c1cc2c3ccccc3n(*)c2cn1,163,2,Ring,--
*c1ccc2c(c1)OC(*)CO2,163,2,Ring,--
*OC(=O)N(*)C,163,2,Linker,--
*C(=O)C(*)CC,163,2,Linker,--
*C(=O)NCCCCC,163,1,Sub,-
*CCCCCCCCCCCCC,163,1,Sub,-
*SCCCCC,163,1,Sub,-
*CC(=O)NCCCOC,163,1,Sub,-
*OCP(=O)(O)O,163,1,Sub,-
*COP(=O)(O)OP(=O)(O)O,163,1,Sub,-
*c1ccc2c(c1)C1C(CCN1*)C(*)N2,162,3,Ring,---
*c1nc2c(s1)CCC2,162,1,Ring,-
*c1ccc2c(c1)CCC1C2CCC2(*)C(*)C(*)CC12,162,4,Ring,----
*c1ccc2c(c1)OCC2*,162,2,Ring,--
*c1ccc2c3c(cccc13)CC2,162,1,Ring,-
*c1nc2ccn(*)cc-2n1,162,2,Ring,--
*C1NC(=*)C(*)NC(=*)C(*)NC(=*)C(*)NC(=*)C(*)NC1=*,162,10,Ring,-=-=-=-=-=
*C1=NN=C(*)N(*)C1=*,162,4,Ring,---=
*c1ccc2c(c1)NC(=*)C(*)O2,162,3,Ring,-=-
*n1c(=*)c2cccc3cccc1c32,162,2,Ring,-=
*c1ncnc2sc3c(c12)CCN(*)C3,162,2,Ring,--
*C1=C(*)C(*)C2=C(CC(*)CC2=*)N1,162,5,Ring,----=
*c1cc2c(cc1*)C1CC(*)C(*)CN1CC2,162,4,Ring,----
*C1CC(=*)C(=*)O1,162,3,Ring,-==
*c1ccc2c(*)noc2c1*,162,3,Ring,---
*C1=CC(=*)Nc2ccccc21,162,2,Ring,-=
*c1ccnc2c1nc(*)n2*,162,3,Ring,---
*c1ccc2[nH]c3c(c2c1)CN(*)CC3,162,2,Ring,--
*C1=Cc2c(ccc3ccccc23)OC1=*,162,2,Ring,-=
*c1nc2cccnc2[nH]1,162,1,Ring,-
*C1CC(*)c2ccccc21,162,2,Ring,--
*C(=O)OC(C)C(*)=O,162,2,Linker,--
*P(*)(*)=O,162,3,Linker,---
*CNCCCO*,162,2,Linker,--
*C(CO)CO,162,1,Sub,-
*C(=O)NC(CC(C)C)C(N)=O,162,1,Sub,-
*NCC(O)CO,162,1,Sub,-
*C(O)CCCCCCCCCCCC,162,1,Sub,-
*C1CCC2(*)CCN(*)C2C1,161,3,Ring,---
*c1nnc2n1-c1ccsc1C(=*)N2*,161,3,Ring,-=-
*c1ccc2c(c1)C(*)CC(*)N2*,161,4,Ring,----
*c1cn2c(n1)OC(*)(*)C2,161,3,Ring,---
*c1ccc2c(c1)Cc1c(*)n[nH]c1-2,161,2,Ring,--
*C1=NCC(=*)N2CCc3c(*)cccc3C2=C1,161,3,Ring,-=-
*N1CCC2(CC1)OCc1ccccc12,161,1,Ring,-
*NC(=O)C(*)NC(*)=O,161,3,Linker,---
*NCCCCN*,161,2,Linker,--
*OC(*)C(N)=O,161,2,Linker,--
*NC(=O)CN(C)CC(=O)N*,161,2,Linker,--
*COCC(=O)O,161,1,Sub,-
*NC(=O)C=CC,161,1,Sub,-
*NS(=O)(=O)CCO,161,1,Sub,-
*C(=O)CCC(F)(F)F,161,1,Sub,-
*c1cc(*)c2[nH]c(*)nc2c1,160,3,Ring,---
*C1=C(*)N2C(=*)C(*)C2C1,160,4,Ring,--=-
*c1cc2c(n1*)CC1CN(*)C(*)(*)C21,160,5,Ring,-----
*c1cc2c(*)c(*)cnn2c1,160,3,Ring,---
*N1c2ccccc2C(=*)c2ccccc21,160,2,Ring,-=
*c1nnc2sc(*)c(*)c2c1*,160,4,Ring,----
*N1CCC2CCCCC2C1,160,1,Ring,-
*c1ccc2c(c1)[nH]c1c(*)nccc12,160,2,Ring,--
*N1C(=*)N(*)c2cnccc21,160,3,Ring,-=-
*C1C(=*)Nc2ccccc21,160,2,Ring,-=
*C1C=C2c3cccc4[nH]cc(c34)CC2N(*)C1,160,2,Ring,--
*c1cc2c(*)c(*)ccc2[nH]1,160,3,Ring,---
*c1cnns1,160,1,Ring,-
*c1nc2c(*)ccnn2c1*,160,3,Ring,---
*C(=O)NNC(=S)NC(*)=O,160,2,Linker,--
*CC(=O)N(C*)CC,160,2,Linker,--
*NC(=O)CC(=O)N*,160,2,Linker,--
*C(=O)NCC(N)=O,160,1,Sub,-
*OC(=O)CCCCCCCCC,160,1,Sub,-
*S(=O)(=O)CC(C)C,160,1,Sub,-
*CC(=O)NC(=N)N,160,1,Sub,-
*CCP(=O)(O)O,160,1,Sub,-
*c1ccc2c(c1)OC(*)CC2,159,2,Ring,--
*N1CCC2CCC(C1)N2*,159,2,Ring,--
*c1ncc2c(n1)N(*)C(=*)C=N2,159,3,Ring,--=
*C1(*)CCOC(*)(*)C1,159,4,Ring,----
*C1CC2(*)CCCC=C2N(*)C1=*,159,4,Ring,---=
*C1=CC(=*)c2ccc3ccccc3c2O1,159,2,Ring,-=
*N1CCn2c1nc1ccccc12,159,1,Ring,-
*c1cc2oc3ccccc3c2cc1*,159,2,Ring,--
*CCN(C)CC*,159,2,Linker,--
*CC(NC(*)=O)C(*)O,159,3,Linker,---
*CCCCCCN*,159,2,Linker,--
*CC(NS(*)(=O)=O)C(=O)N*,159,3,Linker,---
*[S+]([O-])C(C)(C)C,159,1,Sub,-
*C1=CC(=*)N2C=CC=C(*)C2=N1,158,3,Ring,-=-
*C1=C(*)C(*)C2=C(CC(*)(*)CC2=*)N1,158,6,Ring,-----=
*c1ncc2c(n1)CN(*)C2,158,2,Ring,--
*C1CCC(=*)N(*)CC1,158,3,Ring,-=-
*c1ccc2c(c1)OC(*)(*)CC2*,158,4,Ring,----
*C1=CC(=*)c2ccccc2N1*,158,3,Ring,-=-
*c1ccc2[nH]c3c(c2c1)CCCC3,158,1,Ring,-
*c1ccn2ncnc(*)c12,158,2,Ring,--
*C(=O)CN(*)C,158,2,Linker,--
*ON=[N+](*)[O-],158,2,Linker,--
*C(=O)C(Cl)Cl,158,1,Sub,-
*OCCN(C(C)C)C(C)C,158,1,Sub,-
*C1CC2(CCN(*)CC2)C1,157,2,Ring,--
*C1CC2C=CCCCC(*)OC(=*)C=CC(*)C2C1,157,4,Ring,--=-
*C1NC(=*)C(*)N(*)C1=*,157,5,Ring,-=--=
*c1ccc2c(c1)c1c(n2*)C(=*)N(*)C(=*)N1*,157,6,Ring,--=-=-
*C1COCC(*)N1*,157,3,Ring,---
*c1nc2cccnc2s1,157,1,Ring,-
*C1=NC(=*)N(*)C2=C1CCC2,157,3,Ring,-=-
*C1CN=CNc2c1ncn2*,157,2,Ring,--
*CCNC(=O)C(*)C,157,2,Linker,--
*CCS(=O)(=O)N*,157,2,Linker,--
*CCNS(=O)(=O)C*,157,2,Linker,--
*CNC(=O)C(C*)NC(*)=O,157,3,Linker,---
*C(=O)NC(C)COC,157,1,Sub,-
*CI,157,1,Sub,-
*C(C)(C)N,157,1,Sub,-
*N(CCOC)CCOC,157,1,Sub,-
*C(OC)OC,157,1,Sub,-
*c1cn2cc(*)nc2c(*)n1,156,3,Ring,---
*C1CC2CCC1N2,156,1,Ring,-
*C1=C(*)C(*)C2=C(CC(*)(*)CC2=*)O1,156,6,Ring,-----=
*c1ccc2c(c1)OCC1C(*)OC(=*)N21,156,3,Ring,--=
*N1C(=*)OCc2ccccc21,156,2,Ring,-=
*C1CCC2CCC(=*)N2C1,156,2,Ring,-=
*N1CCCNCCNCCCNCC1,156,1,Ring,-
*C1(*)CC(=*)C(=*)C(=*)C1,156,5,Ring,--===
*c1ccc2c3c1OC1C(*)C=CC4C(C2)N(*)CCC341,156,3,Ring,---
*N1CCCNC1=*,156,2,Ring,-=
*CCNC(*)=S,156,2,Linker,--
*CSCCNC(*)=O,156,2,Linker,--
*C(C)CCC(=C)C(C)C,156,1,Sub,-
*c1nn(*)c2c1CCCC2,155,2,Ring,--
*C1CCC(*)c2ccccc21,155,2,Ring,--
*c1ncc2c(*)cn(*)c2n1,155,3,Ring,---
*N1CC2CNCC(C2)C1,155,1,Ring,-
*C1=CC=CC(*)C(*)C(*)C(*)C(*)C(*)C(*)C(*)C=COC2(*)Oc3c(*)c(*)c4c(*)c(c(*)c(*)c4c3C2=*)NC1=*,155,17,Ring,---------------==
*N1SC(=*)N(*)C1=*,155,4,Ring,-=-=
*C1=NC(=*)SN1*,155,3,Ring,-=-
*c1cc2c(cc1*)C(*)N(*)C(=*)C2,155,5,Ring,----=
*C(=O)OCC(=O)N(*)CC,155,2,Linker,--
*NC(=O)C(*)C(C)C,155,2,Linker,--
*CNC=*,155,2,Linker,-=
*OC(=O)CCl,155,1,Sub,-
*CCCCCO,155,1,Sub,-
*N1CC2CN(*)C(=*)C2C1,154,3,Ring,--=
*n1cnc2cccnc21,154,1,Ring,-
*C1CCC2(*)CCC3(*)C(=CCC4C5(*)CC(*)C(*)C(*)(*)C5CCC43*)C2C1*,154,10,Ring,----------
*C1=C(*)N(*)OC1=*,154,4,Ring,---=
*c1cccc2nccnc12,154,1,Ring,-
*C1CN2CCCC2CN1*,154,2,Ring,--
*C1CCC2(*)C(CCC3C2CC(*)C2(*)C(*)CCC32)C1,154,5,Ring,-----
*CCNC(=O)NC*,154,2,Linker,--
*CCCN(C)C(*)=O,154,2,Linker,--
*CC(*)C(=O)OC,154,2,Linker,--
*OCCCCCCCCCCCCCCCC,154,1,Sub,-
*C(=O)CCCC(=O)O,154,1,Sub,-
*CC(O)CC,154,1,Sub,-
*COCC(F)(F)F,154,1,Sub,-
*CCNC(=O)OC(C)(C)C,154,1,Sub,-
*C1OCC(*)(*)CO1,153,3,Ring,---
*C1CC(*)(*)CC(*)(*)C1,153,5,Ring,-----
*c1ccc2c(c1)C(=*)C(=*)NC2=*,153,4,Ring,-===
*c1nc(*)c2c(*)noc2n1,153,3,Ring,---
*C1C2CCCC2CN1*,153,2,Ring,--
*N1CCN2C(=*)c3ccccc3C12*,153,3,Ring,-=-
*c1cc(*)c2[nH]cc(*)c2c1,153,3,Ring,---
*C1=CC(=*)Oc2c1ccc1ccccc21,153,2,Ring,-=
*c1ncc2ncn(*)c2n1,153,2,Ring,--
*c1ccc2c(c1)C(*)CC2*,153,3,Ring,---
*c1cc2c(*)cnc(*)c2cc1*,153,4,Ring,----
*c1ccn2c(*)nnc2c1*,153,3,Ring,---
*C1N(*)CCCC1(*)*,153,4,Ring,----
*c1cc2[nH]c(*)nc2cn1,153,2,Ring,--
*CC(=O)N(*)C(C)C,153,2,Linker,--
*NN=C(C#N)C(*)=O,153,2,Linker,--
*CCCS(*)(=O)=O,153,2,Linker,--
*NCCCNS(*)(=O)=O,153,2,Linker,--
*CO[N+](=O)[O-],153,1,Sub,-
*CNCCCC,153,1,Sub,-
*c1ccc(*)c2c1NC(=*)S2,152,3,Ring,--=
*c1ccc2c(c1)C(*)C(=*)N2,152,3,Ring,--=
*N1c2ccccc2NC(=*)c2ccccc21,152,2,Ring,-=
*c1ncc2ccccc2n1,152,1,Ring,-
*C1CN(*)CCCO1,152,2,Ring,--
*C1C(=*)N(*)C2CCN(*)C12,152,4,Ring,-=--
*C1(*)OC2COC3N2C1OC3(*)*,152,4,Ring,----
*c1nc2ccccc2n2cnnc12,152,1,Ring,-
*C=CC(O)C*,152,2,Linker,--
*C#CCCC*,152,2,Linker,--
*CCCN(C)CC*,152,2,Linker,--
*CCC(*)O*,152,3,Linker,---
*C(=O)C(=C)CC,152,1,Sub,-
*S(=O)(=O)C(F)F,152,1,Sub,-
*=CC(=O)O,152,1,Sub,=
*S(=O)(=O)N(CCC)CCC,152,1,Sub,-
*C(C)CC(=O)O,152,1,Sub,-
*OCC(C)CCC,152,1,Sub,-
*C1=NC(=*)C(*)=C(*)N1*,151,5,Ring,-=---
*c1ccc2[nH]c3c(c2c1)CCCC3*,151,2,Ring,--
*C1C2CN(*)CC1N2,151,2,Ring,--
*C1=CN(*)C(=*)N1*,151,4,Ring,--=-
*c1ccc2c(c1)NC(=*)CS2,151,2,Ring,-=
*N1C(=*)Nc2ncccc21,151,2,Ring,-=
*C1CC[N+](*)(*)CC1,151,3,Ring,---
*c1ccc2c(c1)Cc1cc(*)ccc1-2,151,2,Ring,--
*c1nc(*)c2c(*)c(*)oc2n1,151,4,Ring,----
*c1c2nc(c(*)c3ccc([nH]3)c(*)c3nc(c(*)c4ccc1[nH]4)C=C3)C=C2,151,4,Ring,----
*c1nnc2c(n1)OC(*)N(*)c1ccccc1-2,151,3,Ring,---
*C1CCCOC1*,151,2,Ring,--
*c1cc(*)c2cc[nH]c2n1,151,2,Ring,--
*C1=CC=CC(=*)N1*,151,3,Ring,-=-
*c1ccc2c(c1)COC2(*)*,151,3,Ring,---
*c1cc2[nH]c(=*)c(=*)c2cc1*,151,4,Ring,-==-
*c1cccc2c1CC1N(*)CCC2(*)C1(*)*,151,5,Ring,-----
*c1cc(*)[n+](*)c2ccccc12,151,3,Ring,---
*c1ncc2ccnc(*)c2n1,151,2,Ring,--
*C1=CN=C2SC(*)=NN2C1=*,151,3,Ring,--=
*CC(*)CC(=O)O,151,2,Linker,--
*CCNC=*,151,2,Linker,-=
*CNC(=O)CN(*)C(=O)CCC(=O)N*,151,3,Linker,---
*CCCCC(=O)NC*,151,2,Linker,--
*NC(=O)CN(*)C(*)=O,151,3,Linker,---
*C=C(C#N)C(=O)OCC,151,1,Sub,-
*C(=O)NCNC(=O)C(CCCCC)C(CC)N(O)C=O,151,1,Sub,-
*N1CCCCc2ccccc21,150,1,Ring,-
*N1CCNC(=*)CC1,150,2,Ring,-=
*C1=C(*)N2C(=*)C(*)C2S(=*)(=*)C1,150,6,Ring,--=-==
*C1=CC=C2C(=CC1=*)C(*)CCc1c(*)c(*)c(*)c(*)c12,150,7,Ring,-=-----
*N1CC2CCCC2(*)C1,150,2,Ring,--
*C1=C(*)N(*)C2=C(C(=*)CCC2)C1*,150,5,Ring,---=-
*n1c(=*)c2cccnc2c1=*,150,3,Ring,-==
*C1(*)OC(=*)C(=*)C(=*)O1,150,5,Ring,--===
*C1=CN(*)c2nc(*)ncc2C1=*,150,4,Ring,---=
*N1C=CN(*)C1=*,150,3,Ring,--=
*c1cc(*)c2c(c1)C=CN(*)C2=*,150,4,Ring,---=
*c1cc(*)c2cc(*)c(*)nc2c1,150,4,Ring,----
*C1=CN(*)c2c(*)cccc2C1=*,150,4,Ring,---=
*=C1C2CC3CC(C2)CC1C3,150,1,Ring,=
*CN(C*)CCC,150,2,Linker,--
*CC#CC*,150,2,Linker,--
*C(=O)C(CCCN=C(N)N)NS(*)(=O)=O,150,2,Linker,--
*NC(=O)C=*,150,2,Linker,-=
*CN(C*)C(*)C,150,3,Linker,---
*C=NN(C)S(*)(=O)=O,150,2,Linker,--
*NC(S)=NNC(*)=O,150,2,Linker,--
*N(CCC#N)CCC#N,150,1,Sub,-
*NC(C)COC,150,1,Sub,-
*NCCC(F)(F)F,150,1,Sub,-
*c1nc(*)c2c(n1)N(*)C(=*)N2*,149,5,Ring,---=-
*C1OC2OC(*)(*)OC2C2OC(*)(*)OC12,149,5,Ring,-----
*C1=C(*)CN(*)CC1,149,3,Ring,---
*C1=NCC(*)S1,149,2,Ring,--
*c1n[nH]c2ncccc12,149,1,Ring,-
*c1c(*)n(*)c2c(*)cccc12,149,4,Ring,----
*C1N(*)CCN1*,149,3,Ring,---
*C1CC2C(=*)N(*)CCC(*)N2C1,149,4,Ring,-=--
*c1ccc2c(=*)c(=*)oc2c1*,149,4,Ring,-==-
*c1cccc2c1N=CN(*)C2=*,149,3,Ring,--=
*N1CC2CN(*)CC2(*)C1,149,3,Ring,---
*c1c(*)c(=*)c2ncccc2c1=*,149,4,Ring,--==
*c1cnc2c(*)snc2c1,149,2,Ring,--
*c1ccc2c(c1*)C(=*)N(*)C2,149,4,Ring,--=-
*C=CCC*,149,2,Linker,--
*C(C)=NNS(*)(=O)=O,149,2,Linker,--
*C(=C)CO,149,1,Sub,-
*C(=N)N(C)C,149,1,Sub,-
*CC(=O)NCCO,149,1,Sub,-
*NCCNCCO,149,1,Sub,-
*C(=O)OCCN(C)C,149,1,Sub,-
*C(=O)CNC(C)=O,149,1,Sub,-
*c1ccc2c(c1)CC(=*)N2*,148,3,Ring,-=-
*C1=NC(*)(*)CCS1,148,3,Ring,---
*c1cc(*)c2sc(*)cc2c1,148,3,Ring,---
*c1ccc2c(c1)COP(*)(=*)O2,148,3,Ring,--=
*c1c(*)c2ccccn2c1*,148,3,Ring,---
*c1ccc2[nH]ncc2c1*,148,2,Ring,--
*N1C(=*)C2C3CCC(O3)C2C1=*,148,3,Ring,-==
*c1ccc2c(=*)[nH]c(=*)c2c1,148,3,Ring,-==
*C1=COc2c(ccc(*)c2*)C1=*,148,4,Ring,---=
*C(=O)NC(*)CC(N)=O,148,2,Linker,--
*COC(*)(*)*,148,4,Linker,----
*CC(NC(C)=O)C(*)=O,148,2,Linker,--
*CCCN(*)C*,148,3,Linker,---
*C(C)(C)CC(C)(C)C,148,1,Sub,-
*CS(N)(=O)=O,148,1,Sub,-
*C#CCCO,148,1,Sub,-
*c1cccc2cn[nH]c12,147,1,Ring,-
*c1ccn2c(*)cc(*)c2c1,147,3,Ring,---
*C1CC2CCC(N2)C1*,147,2,Ring,--
*N1CC2CC2C1,147,1,Ring,-
*N1CCc2c(ncn2*)C1,147,2,Ring,--
*C1=CN(*)C(=*)c2[nH]c(*)cc21,147,4,Ring,--=-
*C1C=CCN1*,147,2,Ring,--
*C1CN(*)C2C3CCN(CC3)C12,147,2,Ring,--
*=C1c2ccccc2-c2ccccc21,147,1,Ring,=
*C1=CC(=*)C(*)(*)O1,147,4,Ring,-=--
*c1ccc(*)c2c1CCC(*)C2,147,3,Ring,---
*c1c[nH]c2c(*)ncnc12,147,2,Ring,--
*c1nn(*)c2c1C(*)CC(=*)N2,147,4,Ring,---=
*C(=O)N(*)C(C)C,147,2,Linker,--
*OCCOCCO*,147,2,Linker,--
*C=NOCC*,147,2,Linker,--
*C=CC(=O)C*,147,2,Linker,--
*CN(C)CCO,147,1,Sub,-
*C(=O)NC(CC(C)C)C(=O)OC,147,1,Sub,-
*CC=CCCC(=O)O,147,1,Sub,-
*OCCCCCCCCC,147,1,Sub,-
*C(=O)NCCNC(C)=O,147,1,Sub,-
*CC(=O)NCCCC,147,1,Sub,-
*CC(C)C(=O)O,147,1,Sub,-
*c1nc(*)c2nc(*)[nH]c2n1,146,3,Ring,---
*c1cc(*)c2c(c1)OC(*)(*)C1CCC(*)CC21,146,5,Ring,-----
*C1CC2c3cccc4c3c(cn4*)CC2N(*)C1,146,3,Ring,---
*C1CC2(CCN(*)CC2)CN1*,146,3,Ring,---
*c1cccc2c1N(*)CC2,146,2,Ring,--
*C1=C(*)N(*)CC1=*,146,4,Ring,---=
*N1CCC2OCCC2(*)C1,146,2,Ring,--
*c1cnc2c(c1)nc(*)n2*,146,3,Ring,---
*C1=COc2cc(*)c(*)cc2C1=*,146,4,Ring,---=
*C1=CC(=*)N=C(*)N1*,146,4,Ring,-=--
*C1=Nc2scc(*)c2C(=*)N1*,146,4,Ring,--=-
*CC(C=O)NC(*)=O,146,2,Linker,--
*C(C)C=CC(C)C(C)C,146,1,Sub,-
*OC(=O)CCCCCCCCCCC,146,1,Sub,-
*C1(*)CCCNC1,145,2,Ring,--
*C1=C(*)C(=*)N(*)C(=*)N1,145,5,Ring,--=-=
*c1ncnc2c1CCN(*)C2,145,2,Ring,--
*=C1C(=*)c2ccccc2C1=*,145,3,Ring,===
*N1CC(*)(*)CCC1=*,145,4,Ring,---=
*C1CC2CCC(C1)[N+]2(*)*,145,3,Ring,---
*c1nc2cc(*)c(*)cc2o1,145,3,Ring,---
*c1ccc2[nH]nc(*)c2n1,145,2,Ring,--
*c1c2c(nn1*)CSC2,145,2,Ring,--
*C1=C(*)C(=*)c2ccc(*)cc2N1,145,4,Ring,--=-
*C1CNC(*)C(*)C1*,145,4,Ring,----
*C1CC(*)C12CCN(*)CC2,145,3,Ring,---
*c1cc(*)c2nc(*)c(*)n2n1,145,4,Ring,----
*C1CCC(=*)O1,145,2,Ring,-=
*C1=NC2=C(COCC2)C(=*)N1,145,2,Ring,-=
*CC(C)(O)C(=O)N*,145,2,Linker,--
*CCC(*)CN(C)C(*)=O,145,3,Linker,---
*OCC(=O)NN=*,145,2,Linker,-=
*NC(=O)C(C)(O)CO*,145,2,Linker,--
*CNC(=O)C(C)C,145,1,Sub,-
*C(C)F,145,1,Sub,-
*CC(C)(C)F,145,1,Sub,-
*C1=C(*)C(*)C2=C(CCCC2=*)N1,144,4,Ring,---=
*C1=NS(=*)(=*)C(*)=C1*,144,5,Ring,-==--
*c1ccc2c(c1*)CCO2,144,2,Ring,--
*c1cc(*)n2ccccc12,144,2,Ring,--
*c1ccc2ncc3c(c2n1)N(*)C(=*)N3*,144,4,Ring,--=-
*c1cc2occ(*)c2cc1*,144,3,Ring,---
*c1ccc2c(c1)S(=*)(=*)CCC2,144,3,Ring,-==
*c1ccc2c(n1)CCN(*)C2,144,2,Ring,--
*c1cc(*)c2c(=*)c3c(*)cc(*)cc3c(=*)c2c1,144,6,Ring,--=--=
*C1=NCCc2cc(*)c(*)cc21,144,3,Ring,---
*c1nc2n(n1)CC(*)CC2,144,2,Ring,--
*=C1Cc2ccccc2C1=*,144,2,Ring,==
*CCCNC(=O)CO*,144,2,Linker,--
*CNC(=O)CCS(*)(=O)=O,144,2,Linker,--
*CN(CC(=O)N*)C(*)=O,144,3,Linker,---
*COP(=O)(O)OP(=O)(O)OC*,144,2,Linker,--
*OC([2H])([2H])[2H],144,1,Sub,-
*CCNC(=N)N,144,1,Sub,-
*NC(C)C(F)(F)F,144,1,Sub,-
*OC=O,144,1,Sub,-
*CNCCOC,144,1,Sub,-
*C1CN(*)Cc2nccn2C1,143,2,Ring,--
*C1=NC2CS(=*)(=*)CC2S1,143,3,Ring,-==
*c1nn2c(*)cnc2s1,143,2,Ring,--
*c1cncc2nnc(*)n12,143,2,Ring,--
*c1cc(*)c2oc3c(c2c1)CNCC3,143,2,Ring,--
*c1ccc2c3c1OC1CC(*)C=CC31CCN(*)C2,143,3,Ring,---
*C1CS1,143,1,Ring,-
*C1C2C(=*)N(*)C(=*)C2C2(*)C(=*)N(*)C(=*)N12,143,8,Ring,-=-=-=-=
*N1C(=*)C2C3C=CC(C4CC34)C2C1=*,143,3,Ring,-==
*C1CCC2(*)C(CCC3(*)C2CC=C2C4CC(*)(*)CCC4(*)C(*)CC23*)C1(*)*,143,10,Ring,----------
*N1C(=*)Cc2ccccc21,143,2,Ring,-=
*C1=NN(*)C(*)S1,143,3,Ring,---
*C1=CC(=*)C=C(*)S1,143,3,Ring,-=-
*c1cc(*)c2nc(*)nc(*)c2c1,143,4,Ring,----
*c1ccc2c(c1)C(=*)N(*)CCO2,143,3,Ring,-=-
*C1=C(*)N(*)c2ccccc2C1=*,143,4,Ring,---=
*N=NN*,143,2,Linker,--
*CCCCCC(=O)NC*,143,2,Linker,--
*CNC(S)=N*,143,2,Linker,--
*CCCC(F)(F)F,143,1,Sub,-
*C(=O)OCC(F)(F)F,143,1,Sub,-
*CC=CC,143,1,Sub,-
*N(CC)CCCC,143,1,Sub,-
*C=CS(=O)(=O)OCC,143,1,Sub,-
*C1CN(*)CC(*)C1*,142,4,Ring,----
*c1ccc2c(=*)c3ccccc3c(=*)c2c1*,142,4,Ring,-==-
*c1ncc2c(n1)N(*)N(*)C2=*,142,4,Ring,---=
*C1COCCN1,142,1,Ring,-
*c1ccc2c(c1)C1(*)CCCC(*)(*)C1CC2,142,4,Ring,----
*c1ccc2c(*)cc(*)nc2n1,142,3,Ring,---
*c1cnc2cccnn12,142,1,Ring,-
*C1CC(=*)N(*)c2ccccc2S1,142,3,Ring,-=-
*c1ccc2c(c1)OCCN(*)C2=*,142,3,Ring,--=
*C1=C(*)C(=*)C(*)O1,142,4,Ring,--=-
*C1=Nc2c([n+](*)cn2*)C(=*)N1,142,4,Ring,---=
*c1ccc2c(c1)OCC(=*)N2*,142,3,Ring,-=-
*c1ccc2ncnc(*)c2n1,142,2,Ring,--
*N=C(*)N,142,2,Linker,--
*NCCC(=O)N*,142,2,Linker,--
*CNCC(C)C,142,1,Sub,-
*C(O)=CC(=O)C(=O)O,142,1,Sub,-
*c1ccc(*)c2occc12,141,2,Ring,--
*C1CCC2(CC1)OCCO2,141,1,Ring,-
*c1nc(*)c2c3c(sc2n1)CCC3,141,2,Ring,--
*c1csnc1*,141,2,Ring,--
*c1ccc2cc3n(c2c1)CCCNC3=*,141,2,Ring,-=
*C1CC2(*)C(CCC2(*)*)C2CCC3=CC(=*)CCC3(*)C12,141,6,Ring,----=-
*c1cc(*)c2ncc(*)n2n1,141,3,Ring,---
*c1ccc2c(c1)c1c(n2*)CCC(*)C1,141,3,Ring,---
*C1CCC2CN(*)CC12,141,2,Ring,--
*=c1oc2ccccc2c1=*,141,2,Ring,==
*C1CN(*)C(=*)CCCn2cc(nn2)COC1*,141,4,Ring,--=-
*CC(=O)NN=C(*)C,141,2,Linker,--
*CCCCCCCCO*,141,2,Linker,--
*C#CC(*)=O,141,2,Linker,--
*C=C(C)C*,141,2,Linker,--
*CN(C)CC(*)(O)C*,141,3,Linker,---
*CNC(N)=NC(*)=O,141,2,Linker,--
*C(=O)NCC(C)(C)C,141,1,Sub,-
*C(=O)NC([2H])([2H])[2H],141,1,Sub,-
*O[11CH3],141,1,Sub,-
*c1nc2c(*)ccc(*)n2n1,140,3,Ring,---
*c1cc2cccnc2cc1*,140,2,Ring,--
*c1cc2cccc(*)c2s1,140,2,Ring,--
*c1ccc2c(c1)SC(=*)N2,140,2,Ring,-=
*c1cnc2[nH]ncc2c1,140,1,Ring,-
*N1CCC2(CCCC2)CC1,140,1,Ring,-
*c1ccc2[nH]c(*)nc2n1,140,2,Ring,--
*C1C(=*)c2ccccc2C1=*,140,3,Ring,-==
*C1=NN(*)C=CC1=*,140,3,Ring,--=
*c1cccc2c1C(=*)c1c(*)cccc1C2*,140,4,Ring,-=--
*=C1CCC2C3CCCN4CCCC(CN2C1=*)C34,140,2,Ring,==
*C1OC(=*)C2CC3CCCCC3C(*)C12,140,3,Ring,-=-
*n1c2ccccc2c2nc3ccccc3nc21,140,1,Ring,-
*CNC(=O)CN(C)S(*)(=O)=O,140,2,Linker,--
*CC(=O)N(C*)C*,140,3,Linker,---
*NC(=O)C(=O)CC(*)=O,140,2,Linker,--
*CNNC(*)=O,140,2,Linker,--
*CN(CCC)CCC,140,1,Sub,-
*CNC(CO)C(=O)O,140,1,Sub,-
*C(C)C(=O)OCC,140,1,Sub,-
*CN(C)CC,140,1,Sub,-
*c1nc(*)c2cnc(*)c(*)c2n1,139,4,Ring,----
*c1ccc2ccccc2[n+]1*,139,2,Ring,--
*C1=Cc2cc(*)ccc2OC1,139,2,Ring,--
*c1nccc2[nH]nc(*)c12,139,2,Ring,--
*C1CC(=*)NS1(=*)=*,139,4,Ring,-===
*c1cc2c(*)ccc(*)c2nc1*,139,4,Ring,----
*c1cccc2ncnc(*)c12,139,2,Ring,--
*C(=O)C(N)C(*)C,139,2,Linker,--
*NCCS*,139,2,Linker,--
*C(*)=C(*)CCCO,139,3,Linker,---
*CC(*)=NO,139,2,Linker,--
*=NN,139,1,Sub,=
*[3H],139,1,Sub,-
*c1nc2c(n1*)CCN(*)C2,138,3,Ring,---
*C1SCCC(=*)N1*,138,3,Ring,-=-
*C1=CCCC(*)(*)C1*,138,4,Ring,----
*c1cn2cc(*)sc2n1,138,2,Ring,--
*C1=C(*)C(*)Oc2ccc(*)cc21,138,4,Ring,----
*c1cc2cccnc2[nH]1,138,1,Ring,-
*C1CC(*)(*)C(*)C(*)C(*)C(*)C(=*)OC(*)C(*)(*)C(*)C(*)C1*,138,14,Ring,-------=------
*c1cnc2c(c1*)C(=*)N(*)C(=*)N2*,138,6,Ring,--=-=-
*C1C(=*)N2C(*)C(*)(*)S(=*)(=*)C12,138,7,Ring,-=---==
*c1nc(*)c2c(*)n(*)nc2n1,138,4,Ring,----
*c1nc(*)c2ccccc2c1*,138,3,Ring,---
*c1cc2c(cc1*)C1(*)CCCC(*)(*)C1CC2=*,138,6,Ring,-----=
*C1CC2CCC(C1)N2,138,1,Ring,-
*N1CCC2(CC1)CN(*)CCO2,138,2,Ring,--
*c1ccc2ncc3nc(*)n(*)c3c2c1,138,3,Ring,---
*c1nc(*)c2c(*)cn(*)c2n1,138,4,Ring,----
*CCOC(=S)N*,138,2,Linker,--
*CCCCOC(*)=O,138,2,Linker,--
*C(*)CCC,138,2,Linker,--
*NC(=O)C(C)(O)CS*,138,2,Linker,--
*NC(=O)C(=O)NCC(*)*,138,3,Linker,---
*N=C(N*)NC#N,138,2,Linker,--
*OCCCCCCCCCCC,138,1,Sub,-
*CC(=O)N(CCC)CCC,138,1,Sub,-
*N(CC)C(C)=O,138,1,Sub,-
*COC(=O)NCC,138,1,Sub,-
*[N+]12CC[N+](*)(CC1)CC2,137,2,Ring,--
*c1cccc2onc(*)c12,137,2,Ring,--
*c1ccc2c(c1)CCNCC2,137,1,Ring,-
*c1n[nH]c2c1CN(*)C2,137,2,Ring,--
*c1cnc2c(c1)CN(*)CC2,137,2,Ring,--
*c1cc2c(*)cccc2o1,137,2,Ring,--
*C1=NSSC1=*,137,2,Ring,-=
*C1CC(*)(*)CC1*,137,4,Ring,----
*c1ccc2c(c1)OCC(*)C2*,137,3,Ring,---
*C1C(=*)CC(*)(*)CC1=*,137,5,Ring,-=--=
*CC(NC(=O)C(CC(C)C)NC(*)=O)C(=O)NC(CO)C(=O)NC(C(N)=O)C(C)OP(=O)(O)O,137,2,Linker,--
*CC(*)NS(*)(=O)=O,137,3,Linker,---
*C(=O)N(C)OC,137,1,Sub,-
*C(C(=O)NCCS(N)(=O)=O)S(C)(=O)=O,137,1,Sub,-
*NC(CO)C(C)C,137,1,Sub,-
*CN(C)CC#C,137,1,Sub,-
*SCCOC,137,1,Sub,-
*C1=C(*)c2cc(*)c(*)cc2OC1=*,136,5,Ring,----=
*C1CCCCC12NC(=*)N(*)C2=*,136,4,Ring,-=-=
*c1ccc2c(*)c3[n+](cc2c1*)CCc1cc2c(cc1-3)OCO2,136,3,Ring,---
*N1CC(=*)N(*)C1,136,3,Ring,-=-
*c1c[nH]c2c1N=CNC2=*,136,2,Ring,-=
*c1cc(*)c2c(c1)Oc1ccccc1C2=*,136,3,Ring,--=
*c1nc2c(*)ccc(*)c2[nH]1,136,3,Ring,---
*C1CC=CC2C1C(=*)N(*)C2*,136,4,Ring,-=--
*c1cnoc1,136,1,Ring,-
*c1ccc2ncccc2c1*,136,2,Ring,--
*N1C(=*)NC(=*)c2ccccc21,136,3,Ring,-==
*C1OCCc2ccccc21,136,1,Ring,-
*C1CCC(*)(*)C2C(*)C3(*)OCC12C1CCC2C(=*)C(=*)C13C2*,136,8,Ring,-----==-
*c1cccc2c1NC(=*)N2,136,2,Ring,-=
*C1CC2(*)CC(*)(*)CC=C2N(*)C1=*,136,6,Ring,-----=
*C1SC(=*)C(=*)N1*,136,4,Ring,-==-
*OC(*)C(F)(F)F,136,2,Linker,--
*C=CC=NNC(*)=O,136,2,Linker,--
*CCC(=O)NNC(*)=O,136,2,Linker,--
*OCCC(F)(F)F,136,1,Sub,-
*NS(=O)(=O)CCCC,136,1,Sub,-
*C(=O)NS(=O)(=O)N(C)C,136,1,Sub,-
*C(=O)OC(C(F)(F)F)C(F)(F)F,136,1,Sub,-
*c1ccc2c(c1)C(=*)c1ccccc1CO2,135,2,Ring,-=
*c1nc2n(n1)C(*)CC(*)N2,135,3,Ring,---
*C1=CCCN(*)C1=*,135,3,Ring,--=
*c1cc2c(s1)CCC2,135,1,Ring,-
*C1=CC(*)OC1*,135,3,Ring,---
*c1ccc2c(c1)CCC1C2CCC2(*)C(=*)CCC12,135,3,Ring,--=
*c1ncnc2sc3c(c12)CCC(*)C3,135,2,Ring,--
*c1cccc2c1C(=*)CC2,135,2,Ring,-=
*C1=Nc2sc3c(c2C(=*)N1*)CCN(*)C3,135,4,Ring,-=--
*C1C2C=CC3(O2)C1C(=*)N(*)C3*,135,4,Ring,-=--
*C1C(=*)NC(=*)N1*,135,4,Ring,-==-
*c1oc2c(c1*)C(=*)N(*)C=N2,135,4,Ring,--=-
*C1=C(*)C(=*)NN=C1,135,3,Ring,--=
*C1=CC2C3C(*)(*)C3(*)C(*)C(*)C2(*)C2C=C(*)C(=*)C2(*)C1,135,10,Ring,--------=-
*c1cnc2nc(*)nc(*)c2c1,135,3,Ring,---
*C1c2nnn(*)c2CCN1*,135,3,Ring,---
*NC(=O)CC(*)C,135,2,Linker,--
*CN(C)CCCO*,135,2,Linker,--
*CC(=O)NC(C*)C(*)=O,135,3,Linker,---
*OC(=O)C(*)C,135,2,Linker,--
*CC(C)OC(*)=O,135,2,Linker,--
*CC=CC(=O)N*,135,2,Linker,--
*NC(=O)C(Cl)Cl,135,1,Sub,-
*NC(=O)COCC,135,1,Sub,-
*C(=O)C(=O)C(C)(C)CC,135,1,Sub,-
*CN(C)C(C)C,135,1,Sub,-
*NC(C)(C)CC(C)(C)C,135,1,Sub,-
*C1=CC(=*)NC(*)=C1,134,3,Ring,-=-
*c1nnc2n1CCN(*)C2*,134,3,Ring,---
*c1ncnc2c1oc1ccccc12,134,1,Ring,-
*c1cc(*)c2c(c1)CCO2,134,2,Ring,--
*C1CCC(*)OC1,134,2,Ring,--
*N1c2ccccc2C(=*)Nc2cccnc21,134,2,Ring,-=
*C1=CC(=*)c2cc(*)c(*)cc2O1,134,4,Ring,-=--
*C1=CC(=*)N(*)c2nc(*)ncc21,134,4,Ring,-=--
*c1nc2c(*)nnn2c2ccccc12,134,2,Ring,--
*C1=CC(*)n2nc(*)nc2N1,134,3,Ring,---
*c1cc2c(cc1*)-c1n[nH]c(*)c1C2,134,3,Ring,---
*C1=NNC(=*)S1,134,2,Ring,-=
*c1ccc2c(=*)c3cc(*)ccc3c(=*)c2c1,134,4,Ring,-=-=
*C1CCC(=*)N(*)C1*,134,4,Ring,-=--
*c1ncc2c(n1)N(*)C(=*)C=C2,134,3,Ring,--=
*c1ccc2c(c1)N=C1CCCN1C2=*,134,2,Ring,-=
*NC(=O)CC(C)=NNC(*)=O,134,2,Linker,--
*CCCCCNC(*)=O,134,2,Linker,--
*C(=O)N(*)CCN(C)C,134,2,Linker,--
*OC(=O)NCC,134,1,Sub,-
*OC(C)C(=O)OCC,134,1,Sub,-
*C=C(C)C(=O)O,134,1,Sub,-
*OCCCCCC(=O)O,134,1,Sub,-
*C(=O)OCCN(CC)CC,134,1,Sub,-
*c1cc2c(cc1*)C(*)CC2,133,3,Ring,---
*c1cncc2c1CCN(*)C2,133,2,Ring,--
*C1CCC2(*)C3=C(CCC2C1(*)*)C1(*)CCC(*)C1(*)CC3,133,7,Ring,-------
*C1NC(=*)OC1*,133,3,Ring,-=-
*C1=Nc2ccccc2NC1=*,133,2,Ring,-=
*C1CN2C(=NCC2*)N1*,133,3,Ring,---
*N1CC2OCC(=*)N(*)C2C1,133,3,Ring,-=-
*c1c(*)c(*)c2c(c1*)OC1=CC(=*)C(=*)C(=*)C12*,133,8,Ring,----===-
*N1CC(=*)NC1=*,133,3,Ring,-==
*c1ccc2c(*)ccc(*)c2c1,133,3,Ring,---
*C1OCC2C(*)OCC12,133,2,Ring,--
*c1cccc2c1CCO2,133,1,Ring,-
*CC(=O)N(C)C(*)C*,133,3,Linker,---
*C(CC(C)C)C(=O)O,133,1,Sub,-
*=NC(C)C,133,1,Sub,=
*OCCBr,133,1,Sub,-
*C=CC(C)(C=C)CCC=C(C)C,133,1,Sub,-
*CC(=O)OC(C)C,133,1,Sub,-
*SC(C)C(=O)O,133,1,Sub,-
*c1cc2nc(*)nn2c(*)n1,132,3,Ring,---
*c1ccc2no[n+](*)c2c1,132,2,Ring,--
*c1cccc2c1N(*)CCC2,132,2,Ring,--
*C1=CC=CC(=*)N1,132,2,Ring,-=
*C1CC2CCC1O2,132,1,Ring,-
*c1cc(*)c2cccnc2c1,132,2,Ring,--
*c1cccc2[nH]cnc12,132,1,Ring,-
*C1CCC(=*)C1=*,132,3,Ring,-==
*c1ccc2c(c1)C(=*)c1cc(*)ccc1O2,132,3,Ring,-=-
*c1ccc(*)c2c(*)c[nH]c12,132,3,Ring,---
*c1ccc2c(*)n[nH]c2n1,132,2,Ring,--
*c1ccc2c[nH]nc2c1,132,1,Ring,-
*c1ccc2nn(*)nc2c1,132,2,Ring,--
*c1cnc2cc(*)nn2c1,132,2,Ring,--
*C1=CC(*)(*)NC1(*)*,132,5,Ring,-----
*N1c2ccccc2Oc2ccccc21,132,1,Ring,-
*c1c(*)n(*)c2ncccc12,132,3,Ring,---
*c1cc(*)n2cc(*)nc2n1,132,3,Ring,---
*CCON=*,132,2,Linker,-=
*NC(=O)C(=O)C(CCC)NC(*)=O,132,2,Linker,--
*CN(*)CCCC,132,2,Linker,--
*CNC(=O)C(N)C*,132,2,Linker,--
*C(=O)N(*)C(*)=O,132,3,Linker,---
*CS(=O)(=O)CC(=O)N*,132,2,Linker,--
*C(NS(*)(=O)=O)C(=O)O,132,2,Linker,--
*CC(O)CNC(=O)CO*,132,2,Linker,--
*CC(C)C(=O)N*,132,2,Linker,--
*CN(CC(C)C)S(=O)(=O)C*,132,2,Linker,--
*CNC(=O)CN*,132,2,Linker,--
*OCC(=O)N(CC)CC,132,1,Sub,-
*NC(=O)CCCCCC,132,1,Sub,-
*C(=O)N(C)C(C)C,132,1,Sub,-
*OCCCCCC(=O)NO,132,1,Sub,-
*C(=O)NCCC(=O)OC,132,1,Sub,-
*C1=C(*)C(*)n2nccc2N1,131,3,Ring,---
*c1nc2c(c3c1CC(*)OC3)CN(*)CC2,131,3,Ring,---
*c1ccc2c(*)c(*)c(*)cc2c1,131,4,Ring,----
*C1CC(*)(*)C(*)C(*)C(=*)C(*)C(=*)OC(*)C(*)(*)C(*)C(*)C1=*,131,14,Ring,-----=-=-----=
*C1c2cc3c(cc2CC2COC(=*)C21)OCO3,131,2,Ring,-=
*C1=C(*)C(=*)C(*)=C(*)N1,131,5,Ring,--=--
*C1CN2CCC1C2,131,1,Ring,-
*c1ccc2c(c1)Oc1ccccc1C2=*,131,2,Ring,-=
*c1nn(*)c2c1CN(*)C2,131,3,Ring,---
*N1C(=*)C2C3c4ccccc4C(c4ccccc43)C2C1=*,131,3,Ring,-==
*c1cc(*)c[n+](*)c1,131,3,Ring,---
*C1=CC2C(=*)C3(C=C(*)C(*)C3(*)C1*)C(*)CC1C2C1(*)*,131,9,Ring,-=-------
*c1cn2c(*)nnc2c(*)n1,131,3,Ring,---
*c1[nH]c2c(c1*)C(=*)CC(*)C2,131,4,Ring,--=-
*C1CN(*)c2ccccc21,131,2,Ring,--
*N=C(*)*,131,3,Linker,---
*NC(*)CCC,131,2,Linker,--
*C(C)N(*)C,131,2,Linker,--
*CC(*)(*)O,131,3,Linker,---
*C[S+]([O-])C*,131,2,Linker,--
*CC=CCCCC(=O)OC,131,1,Sub,-
*CCOCCC,131,1,Sub,-
*c1nc2c(=*)c3ccccc3c(=*)c2n1*,130,4,Ring,-==-
*N1CCC2(CCCN2*)CC1,130,2,Ring,--
*c1c(*)c(*)c2c(c1*)CC(*)(*)O2,130,6,Ring,------
*c1nc2c([nH]1)C(=*)N(*)C(=*)N2,130,4,Ring,-=-=
*c1nc2ncccc2n1*,130,2,Ring,--
*C1=C(*)C(=*)NN1,130,3,Ring,--=
*C1(*)CCS(=*)(=*)CC1,130,4,Ring,--==
*c1coc2c(*)cccc12,130,2,Ring,--
*c1ccc(*)c2c1sc1ccccc12,130,2,Ring,--
*c1cc2n(n1)C=CN1C(=*)N(*)N=C21,130,3,Ring,-=-
*C1C(*)C(*)N(*)C1*,130,5,Ring,-----
*c1ccc2[nH]c3c(*)nccc3c2c1,130,2,Ring,--
*C1=Nn2ccc(*)c2C(=*)N1*,130,4,Ring,--=-
*C1=CSC(=*)N1,130,2,Ring,-=
*N1NC(=*)c2ccccc2C1=*,130,3,Ring,-==
*c1ccc2nc3c(cc2c1)CN1C(=*)C2=C(C=C31)C(*)(*)C(=*)OC2,130,5,Ring,-=--=
*C(=O)ON=C(*)C,130,2,Linker,--
*NC(=O)NC(C(*)=O)C(C)(C)C,130,2,Linker,--
*CCCCCN*,130,2,Linker,--
*COP(=O)(NC(C)C(=O)OCC)O*,130,2,Linker,--
*NC(=O)C(*)OC,130,2,Linker,--
*CC(NC(=O)N*)C(=O)N*,130,3,Linker,---
*COC(CO)CO,130,1,Sub,-
*CC(CC)C(=O)O,130,1,Sub,-
*C(=O)NC(C)C(=O)OC,130,1,Sub,-
*C(=O)C=CCN(C)C,130,1,Sub,-
*C(=O)C(NC(=O)OC(C)(C)C)C(C)C,130,1,Sub,-
*C1=Nc2cc(*)ccc2C(=*)N1,129,3,Ring,--=
*c1ccc2ncn(*)c2n1,129,2,Ring,--
*C1=CC2=CC(=*)C(*)(*)C(=*)C2=CN1*,129,6,Ring,-=--=-
*C1NCCc2c1[nH]c1ccccc21,129,1,Ring,-
*N1CCC2=NN(*)C(=*)C=C2C1,129,3,Ring,--=
*C1=NN(*)C(=*)c2cc3occc3n21,129,3,Ring,--=
*C1=CN=C2C=CC=CN2C1=*,129,2,Ring,-=
*N1C(=*)NC2(CCCc3ccccc32)C1=*,129,3,Ring,-==
*C1COc2ncccc21,129,1,Ring,-
*c1ccc2c(c1)S(=*)(=*)c1ccccc1C2=*,129,4,Ring,-===
*c1ccc2c3c(=*)c4ccccc4c=3n(*)c(=*)c2c1,129,4,Ring,-=-=
*C1CCN(*)C(=*)C1,129,3,Ring,--=
*C1=CCCCC1*,129,2,Ring,--
*c1ccc2c(c1)nc(*)c1cccn12,129,2,Ring,--
*C1=CC(=*)C2=C(O1)C(*)(*)C(=*)C(*)=C2*,129,7,Ring,-=--=--
*CNC(=O)CCNC(*)=O,129,2,Linker,--
*SCC(=O)NC(*)C,129,2,Linker,--
*CN(*)CC(O)C(F)(F)F,129,2,Linker,--
*CCC(=O)NS(*)(=O)=O,129,2,Linker,--
*CNCCNC(*)=O,129,2,Linker,--
*CN(*)C(C)C,129,2,Linker,--
*CNC(=O)CCNS(*)(=O)=O,129,2,Linker,--
*C(*)=NNC(N)=S,129,2,Linker,--
*NC(C)C(*)=O,129,2,Linker,--
*S(=O)(=O)NN=*,129,2,Linker,-=
*SC(*)=S,129,2,Linker,--
*C(O)CCCCC,129,1,Sub,-
*C(C(=O)O)C(C)C,129,1,Sub,-
*C(=O)CC(=O)C(=O)O,129,1,Sub,-
*C=CC(N)=O,129,1,Sub,-
*c1nc(*)c2c(c1*)CCCC2,128,3,Ring,---
*c1nc2cnc3[nH]ccc3c2n1*,128,2,Ring,--
*c1cc(*)c2cc(*)n(*)c2c1,128,4,Ring,----
*c1cc(*)c2c(c1)OC(*)n1c-2cc2cc(*)ccc21,128,4,Ring,----
*C1=NC2(N=C1*)c1cc(*)ccc1CC21CCC(*)CC1,128,4,Ring,----
*C1COCC2CN(*)CC12,128,2,Ring,--
*c1ccc2c(*)ncnc2n1,128,2,Ring,--
*C1CN(*)CC12CCOCC2,128,2,Ring,--
*N1C(=*)NC2(CCCCCC2)C1=*,128,3,Ring,-==
*c1ncc2c(n1)CC(*)CC2=*,128,3,Ring,--=
*c1cc2cc[nH]c2cc1*,128,2,Ring,--
*C1=NN(*)C(*)(*)S1,128,4,Ring,----
*c1cnc2c(c1)N(*)C(=*)C=C2,128,3,Ring,--=
*C1=CCCC1*,128,2,Ring,--
*C1=CC=C2C(=*)N(*)CCN2C1=*,128,4,Ring,-=-=
*c1cccc2c1-c1ccccc1C2=*,128,2,Ring,-=
*C1CC(*)C(*)N1,128,3,Ring,---
*C1=CN(*)c2ncccc2C1=*,128,3,Ring,--=
*N(CC(F)(F)F)S(*)(=O)=O,128,2,Linker,--
*CN(CC)C(=O)N*,128,2,Linker,--
*CCC(O)C*,128,2,Linker,--
*CCNC(*)C,128,2,Linker,--
*CCCC#C,128,1,Sub,-
*CN(C)CCOC,128,1,Sub,-
*NC(=O)OCCCC,128,1,Sub,-
*OC(=O)C=C(C)C(C)C,128,1,Sub,-
*C(N)=NOC,128,1,Sub,-
*S(=O)(=O)CC(=O)O,128,1,Sub,-
*c1ncnc2ncn(*)c12,127,2,Ring,--
*c1ccc2c(c1)C(*)CN(*)C2,127,3,Ring,---
*c1cccc2c1OC(=*)N2,127,2,Ring,-=
*C1=Nc2ccccc2SC(*)C1,127,2,Ring,--
*c1cnc2n1CCN(*)C2,127,2,Ring,--
*c1cc(*)c2nccc(*)c2c1*,127,4,Ring,----
*c1ccc2nc3c(c(*)c2c1)CN1C(=*)C2=C(C=C31)C(*)(*)C(=*)OC2,127,6,Ring,--=--=
*C1C(*)N1*,127,3,Ring,---
*c1cccc2c1c(*)c(*)n2*,127,4,Ring,----
*c1c2ccccc2nn1*,127,2,Ring,--
*c1ncnc2[nH]nc(*)c12,127,2,Ring,--
*C1CC2(*)CCC=C2N(*)C1=*,127,4,Ring,---=
*c1cc2c(=*)c3ccccc3c(=*)c2o1,127,3,Ring,-==
*C1=CC(=*)CCC1,127,2,Ring,-=
*CN(*)CCCCN,127,2,Linker,--
*CNC(=O)NC(*)C,127,2,Linker,--
*C=CC(C)=CC*,127,2,Linker,--
*CC(NC(*)=O)C(=O)NC(C(=O)NC(CC(C)C)C(=O)O)C(C)CC,127,2,Linker,--
*CNC(*)=N,127,2,Linker,--
*NNS(*)(=O)=O,127,2,Linker,--
*CN(C)CC(*)O,127,2,Linker,--
*SCC(=O)NC(C)(C)C,127,1,Sub,-
*C(=O)C(C)CS,127,1,Sub,-
*SCCN,127,1,Sub,-
*COC(=O)C(C)C,127,1,Sub,-
*S(=O)(=O)NCCOC,127,1,Sub,-
*CNCCN(C)C,127,1,Sub,-
*c1ccc2c(c1)C(=*)C(*)C(*)O2,126,4,Ring,-=--
*c1nn(*)c2nc3ccccc3c(*)c12,126,3,Ring,---
*C1=Cc2ccccc2C(=*)O1,126,2,Ring,-=
*c1ccc(*)c2c1CCC2,126,2,Ring,--
*c1cccc2c(*)nccc12,126,2,Ring,--
*c1cccc2c1C(=*)N(*)C=N2,126,3,Ring,-=-
*N1C(=*)c2sc3ccccc3c2N(*)C1=*,126,4,Ring,-=-=
*c1ccc2ccncc2c1,126,1,Ring,-
*C1C2=C(Oc3ccccc3C2=*)C(=*)N1*,126,4,Ring,-==-
*C1CC(*)CC(*)C1,126,3,Ring,---
*c1ccc2c(c1)CCCC(=*)N2,126,2,Ring,-=
*C1=CN2C(=CC1=*)c1cc(*)c(*)cc1CC2*,126,5,Ring,-=---
*C1NC(=*)C(*)NC(=*)C(*)NC(=*)C2CCCN2C(=*)C(*)NC(=*)C(*)NC1=*,126,11,Ring,-=-=-==-=-=
*CC(=O)NC(C*)C(O)CN(CC(C)C)S(*)(=O)=O,126,3,Linker,---
*NC(=O)CCC(=O)OC,126,1,Sub,-
*C(=O)C(N)C(C)C,126,1,Sub,-
*C(O)CNC(C)(C)C,126,1,Sub,-
*OCCCN(CCCC)CCCC,126,1,Sub,-
*C(=O)NC(=O)OCC,126,1,Sub,-
*C(=O)N(C)CCN(C)C,126,1,Sub,-
*c1cc2c(s1)CCC(*)C2,125,2,Ring,--
*C1=Cc2cc(*)ccc2N(*)C1=*,125,4,Ring,---=
*C1CC(=*)CC(*)C1,125,3,Ring,-=-
*C1=CC(*)=C2C=CC=CN2C1=*,125,3,Ring,--=
*C1=NC(*)C(*)N1*,125,4,Ring,----
*c1cc(=*)c2c(*)cccc2c1=*,125,4,Ring,-=-=
*N1CCCN(*)S1(=*)=*,125,4,Ring,--==
*N1C(=*)N(*)c2ncccc21,125,3,Ring,-=-
*c1cccc2ccoc12,125,1,Ring,-
*C1CCC2(*)C(=CCC3C4CCC(=*)C4(*)CCC32)C1,125,4,Ring,--=-
*c1c2ccccc2[n+](*)c2ccccc12,125,2,Ring,--
*c1ccc2ccc(*)c(*)c2c1,125,3,Ring,---
*C1=NN(*)C(=*)NC1=*,125,4,Ring,--==
*C1CCC(=*)NC1,125,2,Ring,-=
*c1ccc2c(c1)C(=*)C(=*)CC2,125,3,Ring,-==
*OCC(*)O,125,2,Linker,--
*C(=O)C(*)NC(=O)C(C)NC,125,2,Linker,--
*=CC#N,125,1,Sub,=
*C(=O)NC(C(=O)C(F)(F)F)C(C)C,125,1,Sub,-
*C1=CNC(=*)N(*)C1=*,124,4,Ring,-=-=
*C1C(*)N(*)C(=*)N(*)C1*,124,6,Ring,---=--
*c1cc2c(cc1*)C(=*)NC(*)C(=*)N2,124,5,Ring,--=-=
*C1=C(*)N2C(=*)C(*)C2S1,124,4,Ring,--=-
*c1cn2c(*)cnc(*)c2n1,124,3,Ring,---
*c1ccc2c(c1)C(=*)CC(*)O2,124,3,Ring,-=-
*C1CCO1,124,1,Ring,-
*c1ccnc2c1ccn2*,124,2,Ring,--
*C1=Nc2ccccc2N2C(=*)N(*)N=C12,124,3,Ring,-=-
*C1=C(*)C(*)(*)SC1=*,124,5,Ring,----=
*c1nc2c(*)c(*)ccc2s1,124,3,Ring,---
*C1=C(*)C2(*)CC(*)C(*)(*)C(*)(C1=*)C2=*,124,9,Ring,-------==
*C1=NC(*)C(*)O1,124,3,Ring,---
*C1(*)CCC(=*)NC1=*,124,4,Ring,--==
*c1ccc2c(*)c3ccc(*)cc3nc2c1,124,3,Ring,---
*N1C2CCC1CC2,124,1,Ring,-
*CN(C*)CCO,124,2,Linker,--
*OCCCCCCO*,124,2,Linker,--
*CN(CCN(C)C)C(*)=O,124,2,Linker,--
*C(=O)C(*)C(C)C,124,2,Linker,--
*C(=O)NCCCN,124,1,Sub,-
*C=C(C#N)C(=O)O,124,1,Sub,-
*C1=NCN(*)CN1,123,2,Ring,--
*C1CCC2(*)C(=*)CCCC2C1(*)*,123,5,Ring,--=--
*N1CCCC2=CC3CC(CN4CCCCC34)C21,123,1,Ring,-
*C1=Nc2sc(*)c(*)c2C(=*)N1,123,4,Ring,---=
*c1ccc2c(c1)NC(=*)C(*)CCCC(*)c1cc-2ccn1,123,4,Ring,-=--
*c1c2c(nn1*)CCCC2,123,2,Ring,--
*c1cnc2c(*)c(*)nn2c1*,123,4,Ring,----
*N1CCC2(CC1)CN(*)C(=*)CO2,123,3,Ring,--=
*c1nc2cc[nH]cc-2n1,123,1,Ring,-
*c1ccc2c3c1OC1C4(*)C=CC5(CC4*)C(C2)N(*)CCC315,123,4,Ring,----
*C1=Nc2ccccc2C(*)N1*,123,3,Ring,---
*n1nnc2cccnc21,123,1,Ring,-
*C1C(*)C(*)C2OCOC2C1*,123,4,Ring,----
*C1(*)SCCCS1,123,2,Ring,--
*c1c(*)n(*)c(=*)c1=*,123,5,Ring,---==
*c1cccc2c1Nc1ccccc1C2=*,123,2,Ring,-=
*c1c(*)c(*)n2c(nc3ccccc32)c1*,123,4,Ring,----
*N1CCN2C(=*)N(*)CC2C1,123,3,Ring,-=-
*C1COC(=*)N1,123,2,Ring,-=
*c1cc2ccccc2[n+](*)c1,123,2,Ring,--
*COC(=O)O*,123,2,Linker,--
*NN=C(*)*,123,3,Linker,---
*CCOCC*,123,2,Linker,--
*N(*)CCC,123,2,Linker,--
*OCC(*)C,123,2,Linker,--
*C(C)(O)CCC=C(C)C,123,1,Sub,-
*CCCCOC,123,1,Sub,-
*NCC(=O)OCC,123,1,Sub,-
*C(=O)CCN(C)C,123,1,Sub,-
*NCC(F)F,123,1,Sub,-
*C(=O)N(C)CCCC,123,1,Sub,-
*c1c2c(c(*)n1*)C(=*)N(*)N=C2,122,5,Ring,---=-
*C1CN(*)CCC1=*,122,3,Ring,--=
*C1CC2(C1)CN(*)C2,122,2,Ring,--
*c1nn2c(*)nnc2c2c1C1CCC2CC1,122,2,Ring,--
*C1(*)C(=*)c2ccccc2C1=*,122,4,Ring,--==
*c1cc(*)c2c(c1)CCN(*)C2,122,3,Ring,---
*N1C(=*)CC(*)(*)CC1=*,122,5,Ring,-=--=
*c1nc2c(s1)C(*)CCC2,122,2,Ring,--
*C1CCC2C(*)(*)OC3OC4(*)CCC1C32OO4,122,4,Ring,----
*C1NC(*)C(*)(*)C1*,122,5,Ring,-----
*C1CC(=*)NC(=*)C1,122,3,Ring,-==
*c1ccc2c3c(cc(*)c2c1)N(*)CC3*,122,4,Ring,----
*c1nc(*)c2nn(*)cc2n1,122,3,Ring,---
*C1=NC2C(OC(*)C(*)C2*)S1,122,4,Ring,----
*C1=CC2(*)CCCN3CCc4c(n1c1ccccc41)C32,122,2,Ring,--
*C1Cc2ccccc2C(*)C1,122,2,Ring,--
*c1ccc2c(*)cc[n+](*)c2c1,122,3,Ring,---
*C1OOC(*)OO1,122,2,Ring,--
*C1C(*)C2CC2C1*,122,3,Ring,---
*C=C(NC(*)=O)C(=O)NC*,122,3,Linker,---
*OC(*)CCNC,122,2,Linker,--
*COC(*)C,122,2,Linker,--
*CC(C)(C)NCC(*)O,122,2,Linker,--
*CN=C(S)NC*,122,2,Linker,--
*C(=O)NC(*)CCC,122,2,Linker,--
*COC(=O)C(C)NP(=O)(O*)OC*,122,3,Linker,---
*CC(=O)NC(C)CC,122,1,Sub,-
*SCCN(CC)CC,122,1,Sub,-
*S(=O)(=O)NC(=N)N,122,1,Sub,-
*C1=[N+](*)c2ccccc2C1(*)*,121,4,Ring,----
*C1c2nc[nH]c2CCN1*,121,2,Ring,--
*c1nn(*)c2c1CCC2,121,2,Ring,--
*c1ccc2nn(*)c(*)c2c1,121,3,Ring,---
*C1=CC(=*)Oc2cc(*)c(*)c(*)c21,121,5,Ring,-=---
*[n+]1ccc2ccccc2c1,121,1,Ring,-
*C1=CC(=*)N(*)C1*,121,4,Ring,-=--
*n1c2c(c3ccccc31)CCCC2,121,1,Ring,-
*c1cnn2c1NC(*)CC2*,121,3,Ring,---
*N1CCc2c(c3ccccc3n2*)C1,121,2,Ring,--
*c1nnc2n1CCN(*)CC2,121,2,Ring,--
*C1=C(*)C(*)n2c(nc3ccccc32)N1,121,3,Ring,---
*C1=C(*)N2C(=*)C(*)C2CC1,121,4,Ring,--=-
*c1ccc2sc3ccccc3c2c1,121,1,Ring,-
*C1=Nc2cc(*)ccc2N(*)c2ccccc21,121,3,Ring,---
*N(CCCC)S(*)(=O)=O,121,2,Linker,--
*C(CC)C(*)CC,121,2,Linker,--
*N(CC=C)S(*)(=O)=O,121,2,Linker,--
*CCCC(=O)O*,121,2,Linker,--
*COS(=O)(=O)NC(*)=O,121,2,Linker,--
*NC(=O)C(C#N)=C(*)O,121,2,Linker,--
*C(=O)NC(CCCNC(=N)N)C(=O)NC(CCCCN)C(=O)NC(*)C(N)=O,121,2,Linker,--
*OCF,121,1,Sub,-
*C(=O)OCCO,121,1,Sub,-
*CC(=O)NCCN(C)C,121,1,Sub,-
*C=CCCCC,121,1,Sub,-
*NC(=O)C(N)CC(C)C,121,1,Sub,-
*N(C(C)=O)C(C)=O,121,1,Sub,-
*C1CCC2CNC(*)CC2C1,120,2,Ring,--
*c1nccc2c1ncn2*,120,2,Ring,--
*C1C=CCC1,120,1,Ring,-
*N1CC(*)(*)CC1=*,120,4,Ring,---=
*C1c2ccccc2CN1*,120,2,Ring,--
*C12CCN(CC1)CC2,120,1,Ring,-
*n1nnc2c(=*)c3ccccc3c(=*)c21,120,3,Ring,-==
*c1ccc2c(c1)OC=CC2=*,120,2,Ring,-=
*c1nccc2occc12,120,1,Ring,-
*c1cc(*)n2c1CCCC2,120,2,Ring,--
*C=C(*)C(=O)N*,120,3,Linker,---
*CNC(=O)COC(=O)C*,120,2,Linker,--
*CC(NC(*)=O)C(=O)N(C)C*,120,3,Linker,---
*CN(CCO)C(*)=O,120,2,Linker,--
*NC(=O)OC(*)C,120,2,Linker,--
*CC(=O)N(C*)C(*)C,120,3,Linker,---
*CCOC(=O)C*,120,2,Linker,--
*CC(=O)NC(C*)CO,120,2,Linker,--
*C(=O)C(C)O,120,1,Sub,-
*C(C)CCC=C(C)C(=O)O,120,1,Sub,-
*OCC(C)O,120,1,Sub,-
*C(N)CO,120,1,Sub,-
*C(C)OC(C)=O,120,1,Sub,-
*C(=O)C#CC,120,1,Sub,-
*COC(=O)CCC,120,1,Sub,-
*NC(=S)NCC,120,1,Sub,-
*C1CC2(CCN(*)CC2)c2ccccc21,119,2,Ring,--
*c1oc2cnccc2c1*,119,2,Ring,--
*c1cccc2c1OCC(*)C2,119,2,Ring,--
*c1ccc2c(c1)N(*)C(=*)N(*)C2=*,119,5,Ring,--=-=
*c1c(*)c2c(*)ncnn2c1*,119,4,Ring,----
*C1=C(*)C(=*)c2cc(*)ccc2N1,119,4,Ring,--=-
*c1ccc2c(c1)-c1ccnc3[nH]c(*)c(c13)CN2*,119,3,Ring,---
*c1ccc2nc(*)c(*)n2n1,119,3,Ring,---
*c1nc(*)c2sc(*)nc2n1,119,3,Ring,---
*NC(=O)CCCCCC(=O)N*,119,2,Linker,--
*CNC(=O)C(NC(*)=O)C(C)C,119,2,Linker,--
*N=NC(*)=O,119,2,Linker,--
*C(C)C(C)O,119,1,Sub,-
*CCCS(C)(=O)=O,119,1,Sub,-
*CNC(N)=O,119,1,Sub,-
*C(=O)NC(CCSC)C(=O)OC,119,1,Sub,-
*NC(C)C(=O)O,119,1,Sub,-
*c1ccc2c(c1)CCC(=*)C2=*,118,3,Ring,-==
*c1cc(*)c2c(*)c(*)ccc2c1,118,4,Ring,----
*c1cc2cc3c(cc2nc1*)OCCO3,118,2,Ring,--
*c1ccc2c(c1)OC(*)n1c-2cc2cc(*)ccc21,118,3,Ring,---
*c1ccc2c(c1)C(=*)c1ccccc1N2*,118,3,Ring,-=-
*c1ccc2c(c1)N(*)C(=*)C(*)O2,118,4,Ring,--=-
*C1=CN(*)C(=*)C(*)=C1*,118,5,Ring,--=--
*C1=CCN(*)C1=*,118,3,Ring,--=
*n1ccc2cccnc21,118,1,Ring,-
*c1nc(*)n2nc(*)c(*)c2n1,118,4,Ring,----
*c1ccns1,118,1,Ring,-
*C1NCCc2ccccc21,118,1,Ring,-
*C1=C(*)C(*)=C(*)C(=*)O1,118,5,Ring,----=
*c1nnc2n1CCCC2,118,1,Ring,-
*c1cc2c(cc1*)C(*)CN(*)CC2,118,4,Ring,----
*[n+]1cccc2ccccc21,118,1,Ring,-
*N1CCC=CC1=*,118,2,Ring,-=
*c1cccc2c(=*)c(=*)n(*)c12,118,4,Ring,-==-
*C1=CCC2CC(CC3(C=CC(*)C(*)O3)O2)OC(=*)C2C=C(*)C(*)C3OCC(=CC=CC(*)C1*)C23*,118,9,Ring,---=-----
*C1CC2(CC2)CN1*,118,2,Ring,--
*c1nn(*)c2c1C(*)N(*)C2=*,118,5,Ring,----=
*c1nc2c(nc1*)CN(*)CC2,118,3,Ring,---
*NC(=*)O,118,2,Linker,-=
*CNC(=O)CSC*,118,2,Linker,--
*CC(*)O*,118,3,Linker,---
*NC(=O)CSC(*)=S,118,2,Linker,--
*C=CC(O)CO*,118,2,Linker,--
*O[N+](=O)[O-],118,1,Sub,-
*COC(=O)CC,118,1,Sub,-
*OCC(=O)C(C)(C)C,118,1,Sub,-
*OC(C(=O)O)C(=O)O,118,1,Sub,-
*C(=O)C=CC(=O)O,118,1,Sub,-
*C1C(=*)CC(*)N(*)C1*,117,5,Ring,-=---
*C12CCCN1CCC2,117,1,Ring,-
*C1c2ccccc2C2(CCN(*)CC2)C1*,117,3,Ring,---
*c1cn(*)c2cccnc12,117,2,Ring,--
*C1=NNC(=*)C(*)=C1*,117,4,Ring,-=--
*N1c2ccccc2C=Cc2ccccc21,117,1,Ring,-
*c1ccc2ncc3c(c2c1)N(*)C(=*)C=C3,117,3,Ring,--=
*N1c2ccccc2NC(=*)C1(*)*,117,4,Ring,-=--
*C1=Cc2c(*)cc(*)cc2OC1=*,117,4,Ring,---=
*c1nc2ccc3c(=*)c4ccccc4c(=*)c3c2[nH]1,117,3,Ring,-==
*c1cc2c(*)nccc2[nH]1,117,2,Ring,--
*c1cc2c(=*)n(*)c(=*)c2cc1*,117,5,Ring,-=-=-
*c1ccc2c(c1)NC(=*)C21C(*)NC(*)C1*,117,5,Ring,-=---
*N1CCC2(CC1)C(=*)N(*)c1ccccc12,117,3,Ring,-=-
*c1cc2ccccn2n1,117,1,Ring,-
*c1nc2c3ccccc3nc-2c(*)n1*,117,3,Ring,---
*c1c2c(nn1*)-c1ccccc1S(=*)(=*)N2*,117,5,Ring,--==-
*CC(NC(=O)OC(C)(C)C)C(*)=O,117,2,Linker,--
*NC(=N)N(*)C,117,2,Linker,--
*NCCCCCCN*,117,2,Linker,--
*CC(NC(=O)CCN)C(*)=O,117,2,Linker,--
*COCCO*,117,2,Linker,--
*CC(CN(O)C=O)C(*)=O,117,2,Linker,--
*CN(C)CCO*,117,2,Linker,--
*CCCN(*)C(=O)N*,117,3,Linker,---
*C=C(NC(*)=O)C(=O)O,117,2,Linker,--
*NC(=O)N=*,117,2,Linker,-=
*CCCNC(C)=O,117,1,Sub,-
*OCC(O)C(C)(C)C,117,1,Sub,-
*C(O)CCCCCCCCCC,117,1,Sub,-
*C(C)(C)S(C)(=O)=O,117,1,Sub,-
*CSCCC(N)C(=O)O,117,1,Sub,-
*NC(=O)C(N)C(C)C,117,1,Sub,-
*C(C)C(N)=O,117,1,Sub,-
*c1ccc2noc(*)c2c1,116,2,Ring,--
*C1=CC(=*)N2C(*)=CSC2=N1,116,3,Ring,-=-
*C1=NC(=*)c2ccccc2N1*,116,3,Ring,-=-
*C1=CC(*)C(*)C1*,116,4,Ring,----
*c1ccc2c(c1)C1CN(*)CCC1N2*,116,3,Ring,---
*N1CCC2=Cc3c(cnn3*)CC2(*)C1,116,3,Ring,---
*c1nc2c(*)c(*)c(*)c(*)c2[nH]1,116,5,Ring,-----
*c1cc2ncc3nc(*)n(*)c3c2cc1*,116,4,Ring,----
*c1ccc2c(c1)S(=*)(=*)c1cccc(*)c1C2=*,116,5,Ring,-==-=
*N1CC(=*)C(=*)C1=*,116,4,Ring,-===
*c1ccc2nnnn2n1,116,1,Ring,-
*c1cccc2nc3ccccc3c(*)c12,116,2,Ring,--
*c1cc(*)c2c(c1)C(*)(*)CO2,116,4,Ring,----
*C1COc2ncccc2O1,116,1,Ring,-
*c1cn2c(n1)C(*)N(*)CC2,116,3,Ring,---
*c1oc2c(*)nccc2c1*,116,3,Ring,---
*C1=Nc2ccsc2C(=*)N1,116,2,Ring,-=
*N1CCc2c(sc3c2C(=*)N(*)C=N3)C1,116,3,Ring,-=-
*N(*)C(=O)C(=O)O,116,2,Linker,--
*C(C)C(*)O,116,2,Linker,--
*CCCOC*,116,2,Linker,--
*SCCC(*)=O,116,2,Linker,--
*NCC(*)C,116,2,Linker,--
*CNCC(O)C*,116,2,Linker,--
*C(CC)C(N)=O,116,1,Sub,-
*NC#N,116,1,Sub,-
*CC(=O)NCCC(C)C,116,1,Sub,-
*C(O)C(C)C,116,1,Sub,-
*OCCCCN(C)C,116,1,Sub,-
*OC(=O)NCCCC,116,1,Sub,-
*NC(=O)C=C(C)C,116,1,Sub,-
*C(C)C(F)(F)F,116,1,Sub,-
*c1cc(*)c2ccn(*)c2c1,115,3,Ring,---
*c1cc(*)c2ncccc2c1*,115,3,Ring,---
*c1ccc2c(c1)C1CC2CCN1*,115,2,Ring,--
*c1cc2ncc(*)c(*)n2n1,115,3,Ring,---
*C1CC(=*)C(=*)C(*)C1*,115,5,Ring,-==--
*c1ccc2c(c1)OC(*)C(*)C2=*,115,4,Ring,---=
*C1=CC(*)(*)Nc2ccc(*)cc21,115,4,Ring,----
*N1CCCC2(C1)CN(*)CCO2,115,2,Ring,--
*C1=CC(=*)Nc2c(*)cccc21,115,3,Ring,-=-
*C1=C(*)C(*)c2c(*)nn(*)c2O1,115,5,Ring,-----
*c1cccc2c1CC(*)CO2,115,2,Ring,--
*c1cccc2c(=*)c(=*)oc12,115,3,Ring,-==
*c1cc(*)n2c(*)nnc2n1,115,3,Ring,---
*c1cc(*)c2c(c1*)OC(*)C(*)C2,115,5,Ring,-----
*C1C=CC(=*)C(*)O1,115,3,Ring,-=-
*c1ccc2c(c1)CCCO2,115,1,Ring,-
*C1=C(*)OC(=*)O1,115,3,Ring,--=
*c1ccnc2c1c(*)cn2*,115,3,Ring,---
*c1n[nH]c2c1CCC2,115,1,Ring,-
*CCCC(*)O,115,2,Linker,--
*CNC(=O)C(C)S*,115,2,Linker,--
*CNC(=O)C(C*)NC(=O)C(C*)NC(*)=O,115,4,Linker,----
*CC(*)CO,115,2,Linker,--
*CC=CC(*)=O,115,2,Linker,--
*NC(=O)CSCC(=O)N*,115,2,Linker,--
*NC(=O)C(*)N(*)C(=O)CNC(*)=O,115,4,Linker,----
*CN(C)CC(*)=O,115,2,Linker,--
*NC(=O)N(CC)CC,115,1,Sub,-
*NC(CO)CO,115,1,Sub,-
*N(C)CCCC,115,1,Sub,-
*C(=O)NC(CO)C(=O)O,115,1,Sub,-
*C(=O)C(CC)CC,115,1,Sub,-
*C(C)=NNC(N)=O,115,1,Sub,-
*=NC(C)=O,115,1,Sub,=
*C1=Cc2cc(*)c(*)c(*)c2OC1=*,114,5,Ring,----=
*c1ccc2c(*)cccc2c1*,114,3,Ring,---
*=c1ccc(=*)cc1,114,2,Ring,==
*c1nc2c(*)ncnc2s1,114,2,Ring,--
*c1cc(*)c2nonc2c1*,114,3,Ring,---
*c1ccc2c(c1)C1C(CCN1*)C(*)N2*,114,4,Ring,----
*c1nc2c(*)cncc2[nH]1,114,2,Ring,--
*C1=CC2Cc3nc4cc(*)ccc4c(*)c3C(C1)C2,114,3,Ring,---
*C1CC2CCC3C4CCC(*)C4(*)CCC3C2(*)CC1*,114,5,Ring,-----
*N1CCOC2CN(*)CC2C1,114,2,Ring,--
*c1ccc2c(c1)C(=*)N1CCCCCC1=N2,114,2,Ring,-=
*C1C2CCC(CC2)C1*,114,2,Ring,--
*C1C=CC(=*)OC1*,114,3,Ring,-=-
*C1C(*)C2OCCC12,114,2,Ring,--
*N1CCC2(*)c3ccccc3N(*)C12,114,3,Ring,---
*N1CCN2CCCCC2C1,114,1,Ring,-
*C1=Nc2cc(*)cc(*)c2C(=*)N1,114,4,Ring,---=
*C1=NCC(*)CN1,114,2,Ring,--
*c1cc(*)c2c(c1)CCC(*)(*)O2,114,4,Ring,----
*C1=CC(=*)C(*)=NN1*,114,4,Ring,-=--
*c1ccc2c(c1)cc(*)c1nnnn12,114,2,Ring,--
*c1cc2ccc(*)c(*)c2nc1*,114,4,Ring,----
*N=C(*)N*,114,3,Linker,---
*N(S(*)(=O)=O)S(*)(=O)=O,114,3,Linker,---
*CN(C(*)=O)C(*)C(=O)N*,114,4,Linker,----
*CN(CCO)CCO,114,1,Sub,-
*OC(C)(C)C(=O)OCC,114,1,Sub,-
*C(C)(O)CO,114,1,Sub,-
*OCC(O)CN(C)C,114,1,Sub,-
*c1ccc2cccnc2n1,113,1,Ring,-
*C1=CCC2C(*)(*)CCCC2(*)C1*,113,5,Ring,-----
*C1(*)C2CC3CC(C2)CC1C3,113,2,Ring,--
*C1=CC(*)=C2C(*)=C(*)C(*)=CN2C1=*,113,6,Ring,-----=
*C1=CCCC2(*)OC2C2OC(=*)C(*)C2CC1,113,4,Ring,--=-
*c1ccc2c(c1*)-c1ccsc1C(=*)N2,113,3,Ring,--=
*N1C(=*)CCCC1=*,113,3,Ring,-==
*c1cc(=*)c2c(c(*)c(*)n2*)c1=*,113,6,Ring,-=---=
*C1COC(=*)C(*)CC=CCC(*)C(=*)N1,113,5,Ring,-=--=
*C1CC2COCC(C1)N2*,113,2,Ring,--
*N1CC1(*)*,113,3,Ring,---
*C1=NNC(=*)C1*,113,3,Ring,-=-
*c1n[nH]c2c1C(*)(*)CC(=*)N2,113,4,Ring,---=
*c1nc(*)c2c(n1)CCSC2,113,2,Ring,--
*N1CC2CC1C2,113,1,Ring,-
*N1CCc2c(sc3c2C(=*)N(*)C(=*)N3*)C1,113,5,Ring,-=-=-
*C1=NN(*)C(=*)c2c1c1ccccc1n2*,113,4,Ring,--=-
*CNC(=S)NC(*)=O,113,2,Linker,--
*OC(=O)N(*)CC,113,2,Linker,--
*NC(=O)NN=C(*)C,113,2,Linker,--
*OCC(=O)NC(C)(C)C,113,1,Sub,-
*CN(C)C(C)=O,113,1,Sub,-
*SCC(=O)NN,113,1,Sub,-
*CS(=O)(=O)O,113,1,Sub,-
*C1=CC(*)N(*)C1*,112,4,Ring,----
*C1=CN2CCC1CC2,112,1,Ring,-
*C1C(=*)N(*)C1(*)*,112,5,Ring,-=---
*C1OCCN(*)C1*,112,3,Ring,---
*C1=CNC(=*)C(*)=C1*,112,4,Ring,-=--
*C1CC(*)C(*)S1,112,3,Ring,---
*c1sc(=*)c(=*)c1*,112,4,Ring,-==-
*c1ccc2c(c1)OCC(*)O2,112,2,Ring,--
*C1=NN(*)C(=*)c2c1sc1ccccc21,112,3,Ring,--=
*c1cc2c(=*)c3ccccc3c(=*)c2c(*)c1*,112,5,Ring,-==--
*=C1CCOC1=*,112,2,Ring,==
*c1cc(*)c2c(*)cc(*)nc2c1,112,4,Ring,----
*c1ccc(*)c2c(=*)c3c(*)ccc(*)c3c(=*)c12,112,6,Ring,--=--=
*c1ccc2c(c1)COC2,112,1,Ring,-
*CC=CCNC(*)=O,112,2,Linker,--
*C=CC(=O)OCC(=O)NC*,112,2,Linker,--
*C=CCS*,112,2,Linker,--
*COCC(*)NC(=O)C(C)(C)N,112,2,Linker,--
*CCC(=O)OCC(*)=O,112,2,Linker,--
*C(=O)NCCCCCC(=O)NO,112,1,Sub,-
*NC(=O)CCC(F)(F)F,112,1,Sub,-
*C(CC(=O)O)C(=O)O,112,1,Sub,-
*=NNC(N)=O,112,1,Sub,=
*c1nc(*)c2sc(*)c(*)c2n1,111,4,Ring,----
*c1cc2c(nc1*)C=CN(*)C2=*,111,4,Ring,---=
*c1sc2nccc(*)c2c1*,111,3,Ring,---
*N1C(=*)c2oc3ccccc3c2N(*)C1=*,111,4,Ring,-=-=
*c1ccc2c(c1)no[n+]2*,111,2,Ring,--
*N1C(=*)N(*)C(=*)N(*)C1=*,111,6,Ring,-=-=-=
*C1=C(*)C2N(*)c3ccccc3C23CC(*)N(*)C3=N1,111,5,Ring,-----
*C1NC(=*)c2ccccc2N1,111,2,Ring,-=
*C1=C(*)c2cc3c(*)coc3cc2OC1=*,111,4,Ring,---=
*c1ccn2nc(*)cc2n1,111,2,Ring,--
*c1c2c(nc3ccccc13)CCC2,111,1,Ring,-
*c1nc2c(s1)C(=*)N(*)C=N2,111,3,Ring,-=-
*C1C2CC3CCC1N3CC2=*,111,2,Ring,-=
*NC(=O)NN=*,111,2,Linker,-=
*C=NOC(*)=O,111,2,Linker,--
*CC(NC(*)=O)C(O)C(=O)N*,111,3,Linker,---
*C(*)C(=O)NC(C)(C)C,111,2,Linker,--
*OC(=O)CCC(=O)O*,111,2,Linker,--
*NC(*)(C)C,111,2,Linker,--
*NCCCCCCNC(*)=O,111,2,Linker,--
*CNC(=O)N(*)C*,111,3,Linker,---
*C#CCN(C)C,111,1,Sub,-
*C(C)=NOC,111,1,Sub,-
*S(=O)(=O)NCCCC,111,1,Sub,-
*OCC(C)(C)C,111,1,Sub,-
*C1=CC2=C(CC(*)(*)CC2=*)N(*)C1=*,110,6,Ring,---=-=
*C1CC(*)(*)C(=*)N1*,110,5,Ring,---=-
*c1ncnc2ccn(*)c12,110,2,Ring,--
*c1ccc2c(c1)C1(CC1*)C(=*)N2,110,3,Ring,--=
*c1sc2c(c1*)CCOC2,110,2,Ring,--
*C1CCSC1=*,110,2,Ring,-=
*C1=Cc2ccc(*)cc2NC1=*,110,3,Ring,--=
*N1CCN(*)C2(CCC(=*)N(*)CC2)C1,110,4,Ring,--=-
*C1=NOC(=*)N1*,110,3,Ring,-=-
*c1cc2c(nn1)CCN(*)C2,110,2,Ring,--
*c1nc2ccccc2n2cccc12,110,1,Ring,-
*C1c2c(c3ccccc3c(=*)c2=*)OC1(*)*,110,5,Ring,-==--
*c1ccc2c(*)cn(*)c2n1,110,3,Ring,---
*C1=CN(*)c2cc3c(cc2C1=*)OCO3,110,3,Ring,--=
*N1N=Cc2ccccc2C1=*,110,2,Ring,-=
*C1C2CC2CN1*,110,2,Ring,--
*C(=O)NC(CCCNC(=N)N)C(*)=O,110,2,Linker,--
*CCCCNC*,110,2,Linker,--
*COP(=O)(O)OP(=O)(O)O*,110,2,Linker,--
*NC(=O)C(*)OC(*)=O,110,3,Linker,---
*C(=O)NCCC(*)*,110,3,Linker,---
*C(*)C(=O)NS(*)(=O)=O,110,3,Linker,---
*NC(=O)C(*)S*,110,3,Linker,---
*CNC(=O)OC,110,1,Sub,-
*SC(C)(C)C(=O)O,110,1,Sub,-
*CCN(CCC)CCC,110,1,Sub,-
*NC(=O)CCOC,110,1,Sub,-
*COC(=O)C(C)=CC,110,1,Sub,-
*c1cc(=*)c(=*)o1,109,3,Ring,-==
*C1=COC(*)C2C(*)=CCC12,109,3,Ring,---
*C1=CN(*)C(=*)c2c1c1ccccc1n2*,109,4,Ring,--=-
*n1c[n+](*)cn1,109,2,Ring,--
*c1cc2c(cc1*)-c1cc3ccc(*)c(*)c3c[n+]1CC2,109,4,Ring,----
*C1CCc2ncnn2C1,109,1,Ring,-
*N1CC2CC1(*)C2,109,2,Ring,--
*c1ccc2c(c1)CCCC2=*,109,2,Ring,-=
*C1=C(*)C(=*)c2cccc(*)c2O1,109,4,Ring,--=-
*c1nc2n(n1)CCCC2*,109,2,Ring,--
*C1CCC2(CC1)OOC1(OO2)C2CC3CC(C2)CC1C3,109,1,Ring,-
*c1ccc2c(c1)CCc1cccnc1C2*,109,2,Ring,--
*c1[nH]c2c(c1*)C(=*)CCC2,109,3,Ring,--=
*C1(*)C=CC(=*)C=C1,109,3,Ring,--=
*C1=Nc2ccccc2C1=*,109,2,Ring,-=
*C1CC(*)C(*)CC1*,109,4,Ring,----
*C1=NN(*)C2=NC(=*)N(*)C(=*)C2=N1,109,5,Ring,--=-=
*c1ccc2c(c1)oc1ccccc12,109,1,Ring,-
*C1OCCCO1,109,1,Ring,-
*C1N2CC3(*)CN1CC(*)(C2)C3=*,109,4,Ring,---=
*c1cc(*)c2nc(*)c(*)cc2c1,109,4,Ring,----
*c1cc2c(*)cn(*)c2cc1*,109,4,Ring,----
*C1=CC(=*)C(*)=C(*)C=C1,109,4,Ring,-=--
*C1(*)CCC2(*)C(CCC3C4CCC(=*)C4(*)CCC32)C1,109,5,Ring,---=-
*c1cc2c3nnc(*)n3ccn2n1,109,2,Ring,--
*C1CC(=*)Nc2c1cnn2*,109,3,Ring,-=-
*COC(=O)N(*)*,109,3,Linker,---
*C=CC(=O)NCCC*,109,2,Linker,--
*CC#CCO*,109,2,Linker,--
*CN(C=O)C(*)C(=O)NC(C)(C)C,109,2,Linker,--
*CCN(*)*,109,3,Linker,---
*CC(C)C(C)C*,109,2,Linker,--
*C(=O)CBr,109,1,Sub,-
*CC(C)(F)F,109,1,Sub,-
*OCC[18F],109,1,Sub,-
*NC(=O)NCCCCC,109,1,Sub,-
*=CCO,109,1,Sub,=
*C(=O)NCNC(=O)C(CCCCC)CN(O)C=O,109,1,Sub,-
*S(=O)(=O)NCC(C)C,109,1,Sub,-
*OCCCC(=O)NO,109,1,Sub,-
*OCCNC,109,1,Sub,-
*NC(=O)C(C#N)=C(C)O,109,1,Sub,-
*OC(=O)CCCCCCCCCCCCC,109,1,Sub,-
*CN(O)C(N)=O,109,1,Sub,-
*c1ncc2ccc(*)n2n1,108,2,Ring,--
*N1CCC2=C(C1)C(=*)N(*)C(=*)N2*,108,5,Ring,-=-=-
*c1cc2c(cc(*)n2*)s1,108,3,Ring,---
*c1cc(*)c2nc(*)cn2c1,108,3,Ring,---
*N1CCC(=*)C1,108,2,Ring,-=
*c1ccc(*)c2c(*)c3ccccc3nc12,108,3,Ring,---
*c1ncc2c(n1)N(*)C(=*)N2*,108,4,Ring,--=-
*c1nc(*)c2c(*)c(*)n(*)c2n1,108,5,Ring,-----
*c1ccc2cc(*)c(*)c(*)c2c1,108,4,Ring,----
*c1ccc2c(c1)C(=*)C(=*)C2,108,3,Ring,-==
*c1cccc2c1C=CC(=*)N2*,108,3,Ring,-=-
*c1cccc2[nH]c(=*)c(=*)c12,108,3,Ring,-==
*c1cc2c(*)ncnc2c(*)c1*,108,4,Ring,----
*c1cn2ccnc(*)c2n1,108,2,Ring,--
*c1cc2c(cc1*)C(=*)N1CCC(=*)C1=N2,108,4,Ring,--==
*CC(=O)NCCO*,108,2,Linker,--
*C(=O)NCCCCCCNC(*)=O,108,2,Linker,--
*OCC(O)CO*,108,2,Linker,--
*C=C(NC(*)=O)C(=O)NCCC*,108,3,Linker,---
*CC(CC(C)C(=O)O)NC(*)=O,108,2,Linker,--
*CC(=O)OC(C)C(=O)N*,108,2,Linker,--
*NCCCNC(=S)NCCC(=O)O,108,1,Sub,-
*C(C)CCC(O)C(C)(C)O,108,1,Sub,-
*C=C(C)CCC=C(C)C,108,1,Sub,-
*C(=NOC)C(=O)OC,108,1,Sub,-
*NC(=O)C(=C)C,108,1,Sub,-
*CCCC(=O)NO,108,1,Sub,-
*NC(C)=N,108,1,Sub,-
*OC(=O)CN,108,1,Sub,-
*C(C)OCC,108,1,Sub,-
*NC(=O)CCCCCCC,108,1,Sub,-
*C(=O)C(NC(=O)C(C)NC)C(C)C,108,1,Sub,-
*N1CC2OC(=*)N(*)C2C1,107,3,Ring,-=-
*C1CCCC(*)O1,107,2,Ring,--
*c1ccc2c(c1)nc(*)c1ccncc12,107,2,Ring,--
*C1=NC2=C(SC(*)C2)C(=*)N1*,107,4,Ring,--=-
*c1cc2c(cc1*)CCC2,107,2,Ring,--
*c1ccc2c(c1)C(*)(*)c1[nH]c3cc(*)ccc3c1C2=*,107,5,Ring,----=
*c1ccc2[nH]c3ncnc(*)c3c2c1,107,2,Ring,--
*c1ccc2c(c1)CCc1cc(*)cnc1C2*,107,3,Ring,---
*c1nc2ccccc2n2nnnc12,107,1,Ring,-
*C1OC2COP(*)(=*)OC3C(*)OC(COP(*)(=*)OC2C1*)C3*,107,8,Ring,--=--=--
*C1=C(*)C(=*)C=CO1,107,3,Ring,--=
*C1=C(*)N(*)c2ccc(*)cc2C1=*,107,5,Ring,----=
*c1nc(*)n2ccnc2c1*,107,3,Ring,---
*c1c(*)c2n(c1*)CCN(*)C2,107,4,Ring,----
*C1=Nc2[nH]c(*)cc2C(=*)N1,107,3,Ring,--=
*c1cc(*)c2c(n1)N(*)C(=*)N(*)C2=*,107,6,Ring,---=-=
*COS(*)(=O)=O,107,2,Linker,--
*C(=O)C(*)CCCCN,107,2,Linker,--
*CC(C)(C)NCC(O)CO*,107,2,Linker,--
*CCN(C)S(*)(=O)=O,107,2,Linker,--
*NC(*)C(N)=O,107,2,Linker,--
*COC(=O)C(*)C,107,2,Linker,--
*C(*)C(=O)NC,107,2,Linker,--
*CC(C)NC(=O)N*,107,2,Linker,--
*C=NN(*)C,107,2,Linker,--
*COC(=O)NC(C*)C(=O)N*,107,3,Linker,---
*C(=O)COCC,107,1,Sub,-
*C(=O)CCCCCCC,107,1,Sub,-
*C(C)(O)CCCC(C)(C)O,107,1,Sub,-
*OCC(C)=O,107,1,Sub,-
*NCC(N)=O,107,1,Sub,-
*C=NN=C(N)N,107,1,Sub,-
*OCCCS(C)(=O)=O,107,1,Sub,-
*CC(OC)OC,107,1,Sub,-
*SCC(C)=O,107,1,Sub,-
*N1C(=*)CC(=*)C1=*,106,4,Ring,-===
*c1cc2c(cn1)OCCO2,106,1,Ring,-
*c1n[n+](*)c(*)s1,106,3,Ring,---
*c1cccc2c1CCC2,106,1,Ring,-
*C1=CC2C3Cc4ccc(*)c(*)c4C2(CCN3*)CC1=*,106,5,Ring,----=
*c1cn2ccccc2c1*,106,2,Ring,--
*N1CC2CCC(CC2)C1,106,1,Ring,-
*C1CN(*)C(*)C(=*)N1,106,4,Ring,---=
*C1=CN2C(=*)N(*)N=C2C=C1,106,3,Ring,-=-
*c1ccc2c(c1)OCCn1cc(*)nc1-2,106,2,Ring,--
*=C1CN2CCC1C2,106,1,Ring,=
*N1CCOC2CCCCC21,106,1,Ring,-
*c1ccc2c(c1)CCc1nnc(*)n1-2,106,2,Ring,--
*C1=CC(*)(*)N(*)C1(*)*,106,6,Ring,------
*OCC(=O)NN=C(*)C,106,2,Linker,--
*CNC(=O)C(C)NC(*)=O,106,2,Linker,--
*NC(=O)C=CC(*)=O,106,2,Linker,--
*CC(NC(*)=O)C(=O)OCC,106,2,Linker,--
*C(=O)N(*)S(*)(=O)=O,106,3,Linker,---
*OC(*)(C)C,106,2,Linker,--
*C=C(S*)C(*)=O,106,3,Linker,---
*C(=O)N(C)CCO,106,1,Sub,-
*CCCB(O)O,106,1,Sub,-
*C(=O)C=C(O)C(=O)OCC,106,1,Sub,-
*NC(=O)NCCN(C)C,106,1,Sub,-
*c1cc(*)c2nccn2n1,105,2,Ring,--
*C1=Nc2cncnc2N(*)C1=*,105,3,Ring,--=
*N1CCN(*)c2ncccc2C1,105,2,Ring,--
*c1ccc2c(*)c3cccc(*)c3nc2c1,105,3,Ring,---
*c1cccc2c1OCC2,105,1,Ring,-
*C1CC2(*)C3CC4C5(*)CCC(*)C4(C3N(*)C5)C3CC1C(*)C32*,105,7,Ring,-------
*C1=Nc2sc3c(c2C(=*)N1*)CCC3,105,3,Ring,-=-
*N1C(=*)N(*)C(=*)C(*)(*)C1=*,105,7,Ring,-=-=--=
*C1=Nc2c(sc3ccccc23)C(=*)N1*,105,3,Ring,-=-
*c1ccc2nsnc2c1*,105,2,Ring,--
*C1=C(*)C(*)C2=C(O1)c1ccccc1OC2=*,105,4,Ring,---=
*c1nc(*)c2c(n1)N(*)C(=*)S2,105,4,Ring,---=
*c1cc2c([nH]1)C(*)NC2=*,105,3,Ring,--=
*c1cccc2c1CCN(*)C2*,105,3,Ring,---
*c1ccc2c(=*)c(=*)n(*)c2c1,105,4,Ring,-==-
*c1ccc2c(c1)CC(*)C1C2CCC2(*)C(*)CCC12,105,4,Ring,----
*c1ccc2c(c1)N(*)C(=*)CC2,105,3,Ring,--=
*c1ccc2c(c1)C(=*)CC1C(*)(*)CCCC21*,105,5,Ring,-=---
*C1CC(=*)CC(*)C1=*,105,4,Ring,-=-=
*c1nc2ccccc2c2ccccc12,105,1,Ring,-
*N1C(=*)NC2(CCc3ccccc32)C1=*,105,3,Ring,-==
*C1CCCC2(*)C(*)CCC12,105,3,Ring,---
*c1cc[n+](*)c(*)c1*,105,4,Ring,----
*CCCCNC(=O)C*,105,2,Linker,--
*CC(=O)NC(=S)N*,105,2,Linker,--
*CN(*)CCO,105,2,Linker,--
*C=NNC*,105,2,Linker,--
*C=C(C(*)=O)S(=O)(=O)C*,105,3,Linker,---
*CNC(=O)C(*)CC,105,2,Linker,--
*C(C)(C)OC,105,1,Sub,-
*CNCCCN(C)C,105,1,Sub,-
*C=CC(C)=CC(=O)O,105,1,Sub,-
*COCCC,105,1,Sub,-
*C(C)=CC,105,1,Sub,-
*NOC,105,1,Sub,-
*SCC(=O)NC,105,1,Sub,-
*NCCNC(=N)N,105,1,Sub,-
*CNC(C)CCCCC,105,1,Sub,-
*C(=O)CCCCCCCCCCCCCCCCC,105,1,Sub,-
*C#CCCC,105,1,Sub,-
*NC(=O)CNC,105,1,Sub,-
*c1c2c(c(*)c3occc13)OC(=*)C=C2,104,3,Ring,--=
*c1nc(*)c2c(n1)n(*)c[n+]2*,104,4,Ring,----
*C1CCC2C3CC4OC45C(*)C=CC(=*)C5(*)C3CCC12*,104,5,Ring,--=--
*C1=CC(=*)N2CCC(*)N(*)C2=N1,104,4,Ring,-=--
*c1ccc2c(=*)cc(*)c(=*)c2n1,104,4,Ring,-=-=
*c1coc(*)c1*,104,3,Ring,---
*c1cn2c(n1)CCCC2,104,1,Ring,-
*N1CCC2(*)CC2C1,104,2,Ring,--
*C1CC12CCN(*)C2,104,2,Ring,--
*C1=C(*)N2C(=*)C(*)CN2C1,104,4,Ring,--=-
*C1=C(*)C(*)N(*)C(*)C1,104,5,Ring,-----
*C1=Nc2c(*)ccc(*)c2C(=*)N1*,104,5,Ring,---=-
*c1nc2ccc[nH]c-2n1,104,1,Ring,-
*N1C=CN(*)C(=*)C1=*,104,4,Ring,--==
*c1cc2c(cc1*)N(*)C(=*)C(=*)N2*,104,6,Ring,---==-
*c1cc2c(cc1*)N(*)C(=*)C(=*)N2,104,5,Ring,---==
*N1Cc2cn(*)nc2C1,104,2,Ring,--
*c1cc2c(cc1*)C1CCC3(*)C(=*)CCC3C1CC2,104,4,Ring,---=
*C1=C(*)n2ncnc2N(*)C1=*,104,4,Ring,---=
*c1ccc2c(c1)C1OCCCC1C(*)N2,104,2,Ring,--
*C1C(=*)N(*)c2ccccc21,104,3,Ring,-=-
*C1CNC(=*)N1,104,2,Ring,-=
*c1ccnc2[nH]nc(*)c12,104,2,Ring,--
*c1cc2c(cc1*)CC(=*)N(*)CC2,104,4,Ring,--=-
*C1OC2(CCN(*)CC2)c2ccccc21,104,2,Ring,--
*C1=NCC(*)O1,104,2,Ring,--
*CCCCCCCCC*,104,2,Linker,--
*C(=O)NC(=O)COC(*)=O,104,2,Linker,--
*C(=S)NN=C(*)C,104,2,Linker,--
*C(*)NS(*)(=O)=O,104,3,Linker,---
*CC(C)O*,104,2,Linker,--
*NC(*)=NC#N,104,2,Linker,--
*NCC(C)NC(=O)OC,104,1,Sub,-
*C(C)NC,104,1,Sub,-
*OC(=O)C(O)C(C=C(C)C)NC(=O)OC(C)(C)C,104,1,Sub,-
*C=[N+]([O-])C(C)(C)C,104,1,Sub,-
*NNC(C)=O,104,1,Sub,-
*C(O)C(=O)OC,104,1,Sub,-
*C1=CC2=C(*)C(=*)C(*)(*)C(=*)C2=CN1*,103,7,Ring,--=--=-
*c1sc2cccc(*)c2c1*,103,3,Ring,---
*C1CC(=*)c2ccccc2O1,103,2,Ring,-=
*c1cn2c(n1)sc1ccccc12,103,1,Ring,-
*c1cn2c(*)c(*)c(*)nc2n1,103,4,Ring,----
*c1cc2n(n1)CC(*)(*)N(*)C2=*,103,5,Ring,----=
*c1ncnc2c1C(=*)N(*)CCO2,103,3,Ring,-=-
*N1CC(=*)N(*)C(*)(*)C1,103,5,Ring,-=---
*c1cc2cc(*)c(*)cc2o1,103,3,Ring,---
*c1ccc2c(c1)CCC1C2C(*)CC2(*)C(*)CCC12,103,4,Ring,----
*C1c2scnc2CCN1*,103,2,Ring,--
*c1cc2c(*)cnc(*)c2o1,103,3,Ring,---
*C1C(*)(*)CCC2C(*)(*)CCCC12*,103,6,Ring,------
*C1(*)CCCCC1=*,103,3,Ring,--=
*C1=C(*)C2CC3OC(=*)C(*)C4C5(*)OCC34C(C(*)C5*)C2(*)CC1=*,103,9,Ring,--=-----=
*C1=C(*)N(*)c2cc(*)ccc2C1=*,103,5,Ring,----=
*c1ccc2c(c1)NC(=*)C(=*)N2,103,3,Ring,-==
*c1ccc2c3ccccc3n(*)c2c1,103,2,Ring,--
*c1nc2c(*)ncnc2o1,103,2,Ring,--
*N1C(=*)OC(=*)C1=*,103,4,Ring,-===
*C1=CC2=C(C(=*)O1)C(*)C1C3(*)CCC(*)C(*)(*)C3CC(*)C1(*)O2,103,9,Ring,-=-------
*c1ccc2c(c1)C1OCCC1C(*)N2,103,2,Ring,--
*c1cc2c(c(*)c1*)OCO2,103,3,Ring,---
*c1cc(*)c2cc3c(cc2n1)OCO3,103,2,Ring,--
*N1C(=*)C2(SCC(=*)N2*)c2ccccc21,103,4,Ring,-==-
*c1ccc2c(c1)C1CC1(*)Cn1c-2c(*)c2ccc(*)cc21,103,4,Ring,----
*C(=O)NC(*)C(F)(F)F,103,2,Linker,--
*C=CC(=O)N(C)C*,103,2,Linker,--
*NCCCCO*,103,2,Linker,--
*CCNC(C)C*,103,2,Linker,--
*CC=C(C)C(=O)O,103,1,Sub,-
*OCCCCC(=O)O,103,1,Sub,-
*S(C)(=N)=O,103,1,Sub,-
*=C[N+](=O)[O-],103,1,Sub,=
*C(=O)C=CN(C)C,103,1,Sub,-
*OCOCCOC,103,1,Sub,-
*C=CCCC,103,1,Sub,-
*OCCCC(C)(C)C(=O)O,103,1,Sub,-
*C1Cc2c(ncn2*)CN1*,102,3,Ring,---
*C1CN(*)C(*)C2OC(=*)OC2(*)C(*)OC(=*)C(*)C(*)C(*)C(*)C(*)(*)C1,102,13,Ring,---=--=------
*C1Sc2ccccc2NC1=*,102,2,Ring,-=
*c1ccc2c(c1)C(*)C(*)O2,102,3,Ring,---
*c1cc2c(s1)-c1ccccc1N(*)C2=*,102,3,Ring,--=
*c1nnc2c3ccccc3nc(*)n12,102,2,Ring,--
*c1ncnc2sc3c(c12)CCC3,102,1,Ring,-
*c1cccc2c1C(=*)c1c-2n[nH]c1*,102,3,Ring,-=-
*c1cnc2c(*)n[nH]c2n1,102,2,Ring,--
*N1CC2CC(C1)N2,102,1,Ring,-
*c1ccc2c(c1)C(*)C(*)C(*)(*)CS2(=*)=*,102,7,Ring,-----==
*C1=NOS(=*)N1,102,2,Ring,-=
*C1CC(*)(*)N(*)C1*,102,5,Ring,-----
*=C1c2ccccc2CCc2ccccc21,102,1,Ring,=
*c1ccc2c(c1)OCC(*)C2,102,2,Ring,--
*C1C(*)N2C(=*)CN(*)CC12,102,4,Ring,--=-
*C1NC(=*)C2(CCN(*)CC2)N(*)C1=*,102,5,Ring,-=--=
*=C1CCc2ccccc2C1=*,102,2,Ring,==
*c1ccc2c(c1)nc(*)c1ccsc12,102,2,Ring,--
*c1ccc2[nH]c(=*)c3cccc1c23,102,2,Ring,-=
*c1cc(*)c2c(c1*)CN1CCc3cc4c(cc3C1C2)OCO4,102,3,Ring,---
*C1NC(=*)CNC(=*)C(*)NC(=*)C(*)NC(=*)C(*)NC1=*,102,9,Ring,-==-=-=-=
*c1ccc2c(c1)OC(=*)C1=C2CCCC1,102,2,Ring,-=
*c1ccc2c(c1)OC(=*)C1=C2CCC1,102,2,Ring,-=
*c1c2c(cn1*)N(*)C(=*)N(*)C2=*,102,6,Ring,---=-=
*N1C(=*)N(*)S(=*)(=*)c2ccccc21,102,5,Ring,-=-==
*C1CCCCCCCCCCC1,102,1,Ring,-
*C1COC(*)(*)OC1,102,3,Ring,---
*c1nc(*)c2c(ccc3c2ccn3*)n1,102,3,Ring,---
*c1nnn2c1COC(*)C2,102,2,Ring,--
*C=C(*)NC(*)=O,102,3,Linker,---
*CC(NC(=O)C(C*)NC(*)=O)C(=O)O,102,3,Linker,---
*OC(C)(C)C(*)=O,102,2,Linker,--
*C(*)(O)C(F)(F)F,102,2,Linker,--
*CSCCN*,102,2,Linker,--
*OC(=O)C(*)(*)C,102,3,Linker,---
*CCC=C(C)CCC=C(C)C,102,1,Sub,-
*CC(O)(P(=O)(O)O)P(=O)(O)O,102,1,Sub,-
*NC(=O)C(C)CC,102,1,Sub,-
*C(=O)NC(C(=O)OC)C(C)C,102,1,Sub,-
*C=CN(C)C,102,1,Sub,-
*CCCCNC(=N)N,102,1,Sub,-
*N(C)CCCN(C)C,102,1,Sub,-
*CNC(=O)C(C)N,102,1,Sub,-
*c1cccc2scnc12,101,1,Ring,-
*c1ncnc2nn(*)cc12,101,2,Ring,--
*C1CNC(=*)O1,101,2,Ring,-=
*C1CC(*)N(*)c2ccccc21,101,3,Ring,---
*c1cc2n(n1)C(*)CC(*)N2,101,3,Ring,---
*c1ncc2scc(*)c2n1,101,2,Ring,--
*c1nc2c([nH]1)CN(*)CC2,101,2,Ring,--
*N1C(=*)c2ccc3c4c(ccc(c24)C1=*)C(=*)N(*)C3=*,101,6,Ring,-===-=
*C1CSC(*)C1*,101,3,Ring,---
*C1=Nc2sc(*)cc2C(=*)N1*,101,4,Ring,--=-
*c1nnc(*)c2c(*)n(*)c(*)c12,101,5,Ring,-----
*c1ccc2[nH]c3c(*)ncnc3c2c1,101,2,Ring,--
*C1CCC23CC24CCC2(*)C(*)CCC2(*)C4CCC3C1(*)*,101,6,Ring,------
*C1CCSc2ccccc21,101,1,Ring,-
*c1cnc2c(c1)ncn2*,101,2,Ring,--
*c1cnc2c(c1)c(*)cn2*,101,3,Ring,---
*c1cc2c(*)ncc(*)c2s1,101,3,Ring,---
*c1ccc2c(c1)C=CC(=*)N2,101,2,Ring,-=
*C1COC(=*)C1,101,2,Ring,-=
*C1COCC2OC(*)CCC2N(*)C1,101,3,Ring,---
*c1ccc2c(c1)NC(=*)C(*)N(*)C2=*,101,5,Ring,-=--=
*N1C(=*)CC(*)(*)NC1=*,101,5,Ring,-=--=
*c1cnc2c(c1)c(*)nn2*,101,3,Ring,---
*C1CCC2(*)C3CCC4(*)C(*)CCC4(*)C3CCC2(*)C1,101,6,Ring,------
*N1CCC2C1CCC(=*)N2*,101,3,Ring,-=-
*c1cc2n(n1)CCCN(*)C2=*,101,3,Ring,--=
*c1nc2n(c1*)CCS2,101,2,Ring,--
*CN(*)C(=O)CN(C)S(*)(=O)=O,101,3,Linker,---
*CCC(*)C(=O)NC*,101,3,Linker,---
*C(=O)NC(*)COC,101,2,Linker,--
*C(=O)NN(*)CC(C)C,101,2,Linker,--
*NC(=O)C=C(*)C,101,2,Linker,--
*CC(=O)OCCCC,101,1,Sub,-
*=CBr,101,1,Sub,=
*CNC(=O)C=C,101,1,Sub,-
*C(=O)NC(CC)CC,101,1,Sub,-
*NCCCCO,101,1,Sub,-
*c1ccc2cc3ccc(*)cc3nc2c1,100,2,Ring,--
*C1c2c(ccc3c2OC(=*)C=C3)OC(*)(*)C1*,100,5,Ring,-=---
*C1COc2ccccc2N1*,100,2,Ring,--
*C1=NN(*)C(=*)c2nc(*)n3nc(*)cc3c21,100,5,Ring,--=--
*c1ccc2cnc(*)n2n1,100,2,Ring,--
*C1=CC(=*)c2cccc(*)c2N1,100,3,Ring,-=-
*c1cnc(*)n2cnnc12,100,2,Ring,--
*C12CC3CC(CC1C3)C2,100,1,Ring,-
*C1NC2(CCCN(*)C2=*)C2C(=*)N(*)C(=*)C12,100,6,Ring,--==-=
*c1ccc2c(c1)N=C1CCCCCN1C2=*,100,2,Ring,-=
*c1ccc2c(*)c(*)cnc2n1,100,3,Ring,---
*=C1CCCCCC1,100,1,Ring,=
*N1CCC2C1CCN2*,100,2,Ring,--
*=C1CNCC(=*)C1=*,100,3,Ring,===
*c1nc2c(n1*)C(=*)N(*)C=C2,100,4,Ring,--=-
*c1cccc2c1CCC(*)C2*,100,3,Ring,---
*C1CC2(CN1*)SCCS2,100,2,Ring,--
*c1ccc2c(n1)-c1cc3c(*)cccc3n1CO2,100,2,Ring,--
*c1ccn2c(*)c(*)c(*)c2c1,100,4,Ring,----
*c1on[n+](*)c1*,100,3,Ring,---
*N1CSC(=*)N(*)C1,100,3,Ring,-=-
*c1ccc2[nH]c3nccc(*)c3c2c1,100,2,Ring,--
*C1=NC(=*)N(*)C(*)(*)N1,100,5,Ring,-=---
*C1C(=*)NC(=*)N(*)C1=*,100,5,Ring,-==-=
*N1C(=*)C=Cc2ccccc21,100,2,Ring,-=
*c1cc(*)c2c(c1)OC1(*)C(*)C(*)C(*)C21*,100,7,Ring,-------
*C1=C(*)C(*)C2=C(CCCC2=*)O1,100,4,Ring,---=
*c1ccc2snnc2c1,100,1,Ring,-
*N1OC(=*)NC1=*,100,3,Ring,-==
*C1=NN(*)C(=*)N(*)c2ccccc21,100,4,Ring,--=-
*C1c2c(cc3c4c(n5c3c2C(=*)C5*)C2(*)C(CCC3C(*)(*)C(*)CCC32*)C4)C2=CC(*)(*)OC(*)(*)C21,100,12,Ring,-=----------
*C1N(*)C(=*)c2ccccc2N1*,100,4,Ring,--=-
*CC(=O)N(*)C(*)C(=O)NC(C)(C)C,100,3,Linker,---
*CC(N*)C(=O)N*,100,3,Linker,---
*OC(=O)C(*)CO,100,2,Linker,--
*CN(CC(=O)O)S(*)(=O)=O,100,2,Linker,--
*C=NNC(=O)CCC(=O)N*,100,2,Linker,--
*NC(=O)NC(*)(C)C,100,2,Linker,--
*CC(CO)NC(*)=O,100,2,Linker,--
*C=C(*)O,100,2,Linker,--
*C(=O)NC(*)C(=O)OC,100,2,Linker,--
*C(=O)C(NC(=O)C(C)NC)C(C)(C)C,100,1,Sub,-
*SCC(=O)N(C)C,100,1,Sub,-
*OCCCCC(=O)NO,100,1,Sub,-
*NC(=O)OCC(C)C,100,1,Sub,-
*NC(C)C(C)C,100,1,Sub,-
*CNC(=O)COC,100,1,Sub,-
*=C(Br)Br,100,1,Sub,=
*C1C(=*)Nc2ccccc2N1*,99,3,Ring,-=-
*c1cc2cc(*)c(*)cc2c(*)n1,99,4,Ring,----
*c1nn2c(*)cccc2c1*,99,3,Ring,---
*C1OC2C(OC3=NC(=*)C=CN32)C1*,99,3,Ring,-=-
*n1c(=*)c2c(c1=*)CCCC2,99,3,Ring,-==
*C1=CN=C2C(=*)CCC(*)N2C1=*,99,4,Ring,-=-=
*c1ccc2c(c1)OC(*)(*)CC2=*,99,4,Ring,---=
*c1cccc(*)[n+]1*,99,3,Ring,---
*c1nc(*)c2cc(*)[nH]c2n1,99,3,Ring,---
*c1cc2c(cn1)ncn2*,99,2,Ring,--
*C1=CN(*)C=CC1=*,99,3,Ring,--=
*c1nn(*)c2cnccc12,99,2,Ring,--
*C1CN2CCCC2c2ccccc21,99,1,Ring,-
*C1CCCCCC1*,99,2,Ring,--
*c1nc2cccc(*)n2c1*,99,3,Ring,---
*c1ccc2c(c1)SC(*)C(*)O2,99,3,Ring,---
*CC(NC(*)=O)C(O)C(*)=O,99,3,Linker,---
*CN(C*)C(C)C,99,2,Linker,--
*CNC(*)C*,99,3,Linker,---
*NC(=O)C(C)(O)CS(*)(=O)=O,99,2,Linker,--
*C#CC(*)C,99,2,Linker,--
*C=C(NC(*)=O)C(=O)NCC*,99,3,Linker,---
*CCCOC(C)C,99,1,Sub,-
*C(=O)CC(F)(F)F,99,1,Sub,-
*C#CC(C)O,99,1,Sub,-
*CNC(=O)CCC,99,1,Sub,-
*C1CCc2ccccc2O1,98,1,Ring,-
*c1cc(*)c2c(c1*)-c1ccsc1C(=*)N2,98,4,Ring,---=
*C1CCC(*)(*)OO1,98,3,Ring,---
*c1nc(*)c2c3c(sc2n1)CN(*)CC3,98,3,Ring,---
*c1cccc2c1CC(*)C(*)C2,98,3,Ring,---
*c1cc(*)c2c(n1)-c1ccccc1C2,98,2,Ring,--
*c1nn(*)c2c1COCC2,98,2,Ring,--
*N1CCOCC1(*)*,98,3,Ring,---
*c1cc2c(s1)CCCCC2,98,1,Ring,-
*c1cnc2c(c1)N(*)CC2(*)*,98,4,Ring,----
*N1CC(*)(*)NC1=*,98,4,Ring,---=
*C1C2CCC(C2)N1*,98,2,Ring,--
*C1C=C2C(*)OC(*)C23C(*)CC(*)C(*)(*)C3C1,98,7,Ring,-------
*c1cc(*)c2c(c1)c(=*)c(=*)n2*,98,5,Ring,--==-
*C(=O)NCCCN(C)CCCNC(*)=O,98,2,Linker,--
*CNCC(*)=O,98,2,Linker,--
*CCC(C)N*,98,2,Linker,--
*CCNC(=O)C(*)=O,98,2,Linker,--
*C=CC(=O)C(=C*)C(=O)C=C*,98,3,Linker,---
*C(*)OC(C)=O,98,2,Linker,--
*C=[N+](*)[O-],98,2,Linker,--
*COC(=O)C(C*)NC(*)=O,98,3,Linker,---
*C(=O)NCNC(=O)C(CCCCC)C(CC)N(C=O)OC(*)=O,98,2,Linker,--
*CC(*)NC(=O)OC(C)(C)C,98,2,Linker,--
*C(=O)OCCCCCC,98,1,Sub,-
*C(C(=O)O)C(C)CC,98,1,Sub,-
*CCC(=C)C=C,98,1,Sub,-
*CNC(=O)NC(CC(C)C)C(=O)NO,98,1,Sub,-
*C(=C)C(=O)O,98,1,Sub,-
*N1CCC2(CC(=*)N(*)C2)C1,97,3,Ring,-=-
*c1cc2c(nc1*)CCC2,97,2,Ring,--
*c1cc2c(*)nc(*)cn2c1,97,3,Ring,---
*C1=Nc2ccc(*)cc2C(*)N1*,97,4,Ring,----
*C1CC(*)(*)C(*)C(*)C(=*)C(*)C(=*)OC(*)C2(*)OC(=*)NC2C(*)C1=*,97,13,Ring,-----=-=--=-=
*C1CN(*)CC(=*)N(*)C1,97,4,Ring,--=-
*c1cc2c(*)c3c(c(*)c2cc1*)C(=*)OC3,97,5,Ring,----=
*C1=NC(*)C(*)N1,97,3,Ring,---
*c1ncnc2cc3c(cc12)N(*)C(=*)O3,97,3,Ring,--=
*c1cc2cn(*)nc2cc1*,97,3,Ring,---
*c1ccc2cc1Oc1ccc(cc1)CC1c3cc(c(*)cc3CCN1*)Oc1c(*)c(*)cc3c1C(C2)N(*)CC3,97,6,Ring,------
*N1CCN2C(=*)N(*)C(=*)C2C1,97,4,Ring,-=-=
*c1[nH]c2cccc(*)c2c1*,97,3,Ring,---
*C1C=C2C=CC(*)C(*)C2C(*)C1,97,4,Ring,----
*C1CC2(*)CC(*)C1C(*)C2,97,4,Ring,----
*C1CN(*)Cc2cnn(*)c21,97,3,Ring,---
*c1cc2c(c(*)c1*)C(=*)c1c(cc3c(c1*)C=CC(*)(*)O3)O2,97,7,Ring,---=---
*c1cccc2c(=*)c3cccc(*)c3c(=*)c12,97,4,Ring,-=-=
*c1ccc2c(*)csc2c1,97,2,Ring,--
*C1CCC2(*)C(CCC3C4CCC(=*)C4(*)CCC32)C1,97,4,Ring,--=-
*C(=O)N(*)CCC(=O)O,97,2,Linker,--
*CCCCCOC*,97,2,Linker,--
*CNC(=N)N*,97,2,Linker,--
*COC(=O)NC(C(*)=O)C(C)C,97,2,Linker,--
*OCC(=O)NCC(*)*,97,3,Linker,---
*CC(C)C*,97,2,Linker,--
*CCNC(=O)CN(*)S(*)(=O)=O,97,3,Linker,---
*CNCC(*)C,97,2,Linker,--
*C(=O)CCC(=O)OC,97,1,Sub,-
*S(=O)(=O)NCC(=O)O,97,1,Sub,-
*OC(=O)C=C,97,1,Sub,-
*CCOCP(=O)(O)O,97,1,Sub,-
*OC(=O)NCCCCCCC,97,1,Sub,-
*S(=O)(=O)C=C,97,1,Sub,-
*CC=C(C)C=C,97,1,Sub,-
*OC(=O)NCCCCCC,97,1,Sub,-
*c1cc(*)c2c(=*)c3c(*)c(*)c(*)cc3c(=*)c2c1,96,7,Ring,--=---=
*C1Cc2ccccc2N(*)C1=*,96,3,Ring,--=
*c1ccc2nc3ccc(*)cc3c(*)c2c1,96,3,Ring,---
*c1cc(*)c2c(*)ncnc2n1,96,3,Ring,---
*c1cccn2c(*)cnc12,96,2,Ring,--
*c1ccc2c(c1)CN(*)C(=*)C(*)N2,96,4,Ring,--=-
*c1cn2c(n1)-c1cc(*)c(*)cc1OCC2,96,3,Ring,---
*C1CCOP(*)(=*)O1,96,3,Ring,--=
*c1c2c(c(*)c3c1OCO3)C(*)N(*)CC2,96,4,Ring,----
*c1c[n+](*)c2n1CCC2,96,2,Ring,--
*C1(*)CCC2(*)CCC3(*)C(=CCC4C5(*)CCC(=*)C(*)(*)C5CCC43*)C2C1,96,9,Ring,-----=---
*C1CC2CN(*)C(=*)C23CCCN13,96,3,Ring,--=
*C1=CC2=C(C(=*)N1*)C(*)C(*)=C(*)O2,96,6,Ring,-=----
*N1CC(=*)N(*)CC1=*,96,4,Ring,-=-=
*C1=C(*)C(=*)c2cc(*)c(*)cc2O1,96,5,Ring,--=--
*c1ccc2c(c1)NC(=*)O2,96,2,Ring,-=
*c1ccc(*)c2c1Sc1ccccc1C2=*,96,3,Ring,--=
*c1ccc2c(c1)C(=*)C1=C(CC(*)CC1=*)N2*,96,5,Ring,-=-=-
*C1CC2CC1N(*)C2,96,2,Ring,--
*C1C(=*)C(=*)C(=*)N1*,96,5,Ring,-===-
*c1ccc2[nH]c3ccccc3c2c1,96,1,Ring,-
*c1cccc2c1ncn2*,96,2,Ring,--
*c1ccc2cc3cc(*)oc3nc2c1,96,2,Ring,--
*C1CC(=*)N(*)C(=*)S1,96,4,Ring,-=-=
*c1cccc2c1oc1ccccc12,96,1,Ring,-
*c1n[nH]c2c1CCCC2,96,1,Ring,-
*c1ccc2c(c1)C(=*)NC2,96,2,Ring,-=
*C1=C(*)OC(*)(*)C1,96,4,Ring,----
*C[S+]([O-])C(*)*,96,3,Linker,---
*OCCN(C)C(*)=O,96,2,Linker,--
*OC(CO)C(*)O,96,2,Linker,--
*NC(=O)COC(=O)CCO*,96,2,Linker,--
*CN(C)CC(O)CO*,96,2,Linker,--
*C(=O)NOCCO,96,1,Sub,-
*CCCCCN,96,1,Sub,-
*CC=C(C)CCC(=O)O,96,1,Sub,-
*NC(=O)CCN(C)C,96,1,Sub,-
*C=NNC(=O)OC,96,1,Sub,-
*SCC(=O)OC(C)C,96,1,Sub,-
*CC(=O)N(CCCC)CCCC,96,1,Sub,-
*CCCCCC(=O)CC,96,1,Sub,-
*C(=O)C(=C)C,96,1,Sub,-
*=NN=C(N)N,96,1,Sub,=
*C(O)CCC,96,1,Sub,-
*C1=Cc2c(*)cccc2N(*)C1=*,95,4,Ring,---=
*C1Cc2c([nH]c3ccccc23)CN1,95,1,Ring,-
*c1ccc2c(c1)C(*)CCO2,95,2,Ring,--
*c1[nH]c(=*)c(=*)c1*,95,4,Ring,-==-
*N1CC(*)(*)N(*)CC1=*,95,5,Ring,----=
*C1CC(*)C(*)(*)OC1*,95,5,Ring,-----
*C1C[S+](*)C(*)C1*,95,4,Ring,----
*C1=C(*)SCCO1,95,2,Ring,--
*c1cc2cccnc2n1*,95,2,Ring,--
*c1ccc2c(*)c(*)ccc2n1,95,3,Ring,---
*c1ccc2c(c1)CC(=*)C2=*,95,3,Ring,-==
*c1ccc2c(c1)C1(CC(=*)N(*)C1=*)C(=*)N2*,95,6,Ring,-=-==-
*C1CNCCC1(*)*,95,3,Ring,---
*C1CCC2(*)C(=CCC3C2CCC2(*)C(*)C(*)CC32)C1,95,5,Ring,-----
*c1ccc2c(c1)N(*)C(=*)C(*)(*)O2,95,5,Ring,--=--
*c1n[n+](*)c2ccccc2[n+]1*,95,3,Ring,---
*c1ccc2c(c1)CN(*)C(=*)N2,95,3,Ring,--=
*B1OCc2cc(*)ccc21,95,2,Ring,--
*c1ccc2c(c1)NC(=*)CN2*,95,3,Ring,-=-
*c1nc2c([nH]1)CCN(*)C2,95,2,Ring,--
*[n+]1ccsc1,95,1,Ring,-
*C1CC23COCC(*)(C1*)C2CCC1C3=CCC2(*)C(*)C(*)(*)CCC12*,95,8,Ring,--------
*CN(C(C)C(=O)NO)S(*)(=O)=O,95,2,Linker,--
*NC(=O)N(*)C(*)C,95,3,Linker,---
*CC(CC(O)C(C*)NC(=O)OC(C)(C)C)C(=O)N*,95,3,Linker,---
*CNC(=O)C(*)N(*)C(=O)C*,95,4,Linker,----
*CC(=O)NN*,95,2,Linker,--
*C(=O)C(*)N(C)C,95,2,Linker,--
*C=CC(=O)NNC(*)=O,95,2,Linker,--
*C(N)C(C)CC,95,1,Sub,-
*CC=CCC,95,1,Sub,-
*NS(=O)(=O)C=C,95,1,Sub,-
*OCCNC(C)=O,95,1,Sub,-
*C1=NC(=*)N(*)c2ccc(*)cc21,94,4,Ring,-=--
*c1nn(*)c2c1C(=*)CC(*)(*)C2,94,5,Ring,--=--
*N1CCOC2CCCC21,94,1,Ring,-
*c1nccc2c1CCO2,94,1,Ring,-
*C1CC(*)C(*)(*)O1,94,4,Ring,----
*c1cnc2n1CCN(*)C2*,94,3,Ring,---
*N1C(=*)CNC(*)(*)c2ccccc21,94,4,Ring,-=--
*N1CC2C(C1)C2(*)*,94,3,Ring,---
*C1CCC2(*)CCC3(*)C(=CC(=*)C4C5(*)CCC(*)C(*)(*)C5CCC43*)C2C1*,94,10,Ring,---=------
*C1CC2C(CON2*)CN1*,94,3,Ring,---
*c1ccc2c(c1)C(*)c1ccccc1CO2,94,2,Ring,--
*c1ccc2c(c1)C(=*)C1=C(O2)C(=*)N(*)C1*,94,5,Ring,-==--
*c1ccc2c(c1)c1c(n2*)CC2CCC1N2,94,2,Ring,--
*C1CN(*)C(=*)CN1*,94,4,Ring,--=-
*c1ccc2[nH]c3nc(*)nc(*)c3c2c1,94,3,Ring,---
*c1ccc2c(c1)C(=*)c1c-2c(*)nc2ccccc12,94,3,Ring,-=-
*C1CC2CCCC2(*)C1,94,2,Ring,--
*C1=[N+](*)c2ccccc2N(*)C1=*,94,4,Ring,---=
*c1cc2c(*)c(*)c(*)c(*)c2c(*)c1*,94,7,Ring,-------
*C1=Nc2scc(*)c2C(=*)O1,94,3,Ring,--=
*C1=Nc2cccc(*)c2C(=*)O1,94,3,Ring,--=
*c1ccc(*)c2ncncc12,94,2,Ring,--
*C1=NCC2(CN3CCC2CC3)O1,94,1,Ring,-
*N1C(=*)c2cccnc2N(*)C1=*,94,4,Ring,-=-=
*C=C(C*)C(=O)O,94,2,Linker,--
*NC(=O)NC(*)C(C)(C)O,94,2,Linker,--
*C=C(C(*)=O)S(*)(=O)=O,94,3,Linker,---
*NC(=O)C(*)=NO,94,2,Linker,--
*NCCNC(=O)N*,94,2,Linker,--
*CCCCS*,94,2,Linker,--
*CNCCCCCCNC*,94,2,Linker,--
*OCCCS*,94,2,Linker,--
*CCOC(=S)N(*)C(*)=O,94,3,Linker,---
*CN(C*)C(*)CC(=O)O,94,3,Linker,---
*CN(*)C(=O)CN(C*)S(*)(=O)=O,94,4,Linker,----
*CC(O)C(=C)C,94,1,Sub,-
*CCCCN(C)C,94,1,Sub,-
*SC(C)C(=O)OCC,94,1,Sub,-
*NCCCCCCC,94,1,Sub,-
*C(=O)NCCF,94,1,Sub,-
*C(O)CN(CCCCCCC)CCCCCCC,94,1,Sub,-
*COCCOC(C)=O,94,1,Sub,-
*=CC(C)=O,94,1,Sub,=
*C(=C)C=O,94,1,Sub,-
*c1ccnc2c1NC(=*)N2,93,2,Ring,-=
*C1=CCN(*)C1*,93,3,Ring,---
*c1nn2c(*)csc2c1*,93,3,Ring,---
*c1cccc2c1-c1cccc3c1C(C2)N(*)CC3,93,2,Ring,--
*C1CCC2CN(*)CC(=*)N12,93,3,Ring,--=
*c1nc2cc3c(cc2s1)OCO3,93,1,Ring,-
*c1nc2c(c(*)c1*)CCCC2,93,3,Ring,---
*c1cc2c(cc1*)N(*)C(=*)N(*)C2=*,93,6,Ring,---=-=
*C1=CC(=*)Oc2c1cc(*)c(*)c2*,93,5,Ring,-=---
*c1cn2c(n1)CCC(*)C2,93,2,Ring,--
*c1ccc2c(c1)C(=*)CC1(CCN(*)CC1)O2,93,3,Ring,-=-
*C1CC2OCCC2N(*)C1,93,2,Ring,--
*C1NC(*)C(*)C(*)C1*,93,5,Ring,-----
*c1cc2ccccn2c1*,93,2,Ring,--
*c1nc(*)c2cn(*)nc2n1,93,3,Ring,---
*c1cc2c(*)c(*)sc2nc1*,93,4,Ring,----
*c1ccc2nc(*)n3nc(*)nc3c2c1,93,3,Ring,---
*c1cc2c(cc1*)CC(*)C2,93,3,Ring,---
*C1CC2CN(*)CCN2C1,93,2,Ring,--
*C1=CC(*)=NC1=*,93,3,Ring,--=
*c1ccc2c(c1)N(*)C(=*)c1cccnc1O2,93,3,Ring,--=
*C1CCC[N+]1(*)*,93,3,Ring,---
*C1CCc2nn(*)cc2C1,93,2,Ring,--
*C1CSSCC(*)C(=*)NC(*)C(=*)NC(*)C(=*)NC(*)C(=*)NC(*)C(=*)N1,93,11,Ring,--=-=-=-=-=
*N1N=CC=CC1=*,93,2,Ring,-=
*C1=CC2(*)C3=CC(=*)C4C5CC(*)(*)CCC5(*)CCC4(*)C3(*)CCC2C(*)(*)C1=*,93,11,Ring,--=-------=
*=C1CCCCC1=*,93,2,Ring,==
*C(=O)NCCCCNC(*)=O,93,2,Linker,--
*CNCCS*,93,2,Linker,--
*NC(=O)C(C)NS(*)(=O)=O,93,2,Linker,--
*SCC(*)=NO,93,2,Linker,--
*C(=O)CCC(*)C,93,2,Linker,--
*C#CC=*,93,2,Linker,-=
*CNC(=O)C(*)NC(*)=O,93,3,Linker,---
*CCCCF,93,1,Sub,-
*CCC(C)O,93,1,Sub,-
*COC(=O)CCC(=O)O,93,1,Sub,-
*C(=O)NC(C)(C)CC,93,1,Sub,-
*CCCCCCCC(=O)O,93,1,Sub,-
*NC(=O)CCCCCCCCCCCCCCC,93,1,Sub,-
*CSCC,93,1,Sub,-
*c1cc2c(cc1*)-c1c(cnn1*)C(=*)N2,92,4,Ring,---=
*c1cc2c(s1)N=CN(*)C2=*,92,3,Ring,--=
*c1ccc2c(c1)NC(=*)C2(*)*,92,4,Ring,-=--
*C1CNC(=*)C12CCN(*)CC2,92,3,Ring,-=-
*N1C(=*)C2Cc3ccccc3CN2C1=*,92,3,Ring,-==
*c1cc2c(cc1*)N(*)C(=*)CO2,92,4,Ring,---=
*c1cccc2c(=*)c3c(*)cccc3c(=*)c12,92,4,Ring,-=-=
*C1CCC2(OC1)OC1CC3C4CCC5CC(*)CCC5(*)C4CCC3(*)C1C2*,92,5,Ring,-----
*c1ccc2ncc3nnn(*)c3c2c1,92,2,Ring,--
*C1C=CCN2C(=*)N(*)C(=*)N12,92,4,Ring,-=-=
*C1NC(=*)C2CCCN2C1=*,92,3,Ring,-==
*c1c2cccc(*)c2nc2c(*)cccc12,92,3,Ring,---
*c1ccc2c3c1OC1c4[nH]c5ccccc5c4CC4(*)C(C2)N(*)CCC314,92,3,Ring,---
*C1=CCC(*)N(*)C1,92,3,Ring,---
*c1ccc2c(c1)C(=*)N(*)C(=*)O2,92,4,Ring,-=-=
*c1cc(*)c2cc1CC1c3c(cc(*)c(*)c3Oc3cc4c(cc3*)CCN(*)C4Cc3ccc(cc3)O2)CCN1*,92,7,Ring,-------
*C1=CNc2ccccc2C1=*,92,2,Ring,-=
*=C1COc2ccccc2C1=*,92,2,Ring,==
*c1ccc2cn(*)nc2c1,92,2,Ring,--
*c1nc2c3ccccc3ccn2c1*,92,2,Ring,--
*c1c[n+](*)cs1,92,2,Ring,--
*c1cn2ccccc2[n+]1*,92,2,Ring,--
*c1ccc2c(c1)CCC(*)C2=*,92,3,Ring,--=
*c1cc2c(cc1*)S(=*)(=*)CC(*)(*)NC2*,92,7,Ring,--==---
*c1cc2c3c(=*)c4cc5c(cc4c=3n(*)c(=*)c2cc1*)OCO5,92,5,Ring,-=-=-
*N1C(=*)C=Nc2ccccc21,92,2,Ring,-=
*c1ccc2c(c1)OCC2,92,1,Ring,-
*C1CCC2CC1C2(*)*,92,3,Ring,---
*c1n[nH]nc1*,92,2,Ring,--
*OCC(=O)OC(*)P(=O)(OC)OC,92,2,Linker,--
*C=C(C#N)S(*)(=O)=O,92,2,Linker,--
*OC(C)C(*)O,92,2,Linker,--
*C=CC(=O)NC(*)C,92,2,Linker,--
*CC(NC(*)=O)C(=O)NS(*)(=O)=O,92,3,Linker,---
*NC(=O)CN(CCC)C(*)=O,92,2,Linker,--
*NCC(*)(C)C,92,2,Linker,--
*NC(=O)NCCCCCC,92,1,Sub,-
*C(O)CNC(C)C,92,1,Sub,-
*C#C[Si](C)(C)C,92,1,Sub,-
*c1ccc2c(c1)NC(=*)N(*)C2,91,3,Ring,-=-
*c1ccn2c(*)nnc2c1,91,2,Ring,--
*C1CCN(*)C(*)C1*,91,4,Ring,----
*c1cc2cnccc2[nH]1,91,1,Ring,-
*C1=CC=CCC(*)OC(=*)CC(*)C(*)CC(*)CC(*)CC(*)C1*,91,9,Ring,--=------
*c1oc(=*)c(=*)c1*,91,4,Ring,-==-
*c1ccc2c3cc[n+](*)c(*)c3n(*)c2c1,91,4,Ring,----
*C1CC(*)C(*)N(*)C1=*,91,5,Ring,----=
*C1=CN2C(=*)c3cc(*)c(*)cc3N=CC2C1,91,4,Ring,-=--
*C1=C(*)c2ccccc2C1,91,2,Ring,--
*c1ccc2nonc2c1*,91,2,Ring,--
*c1ncc2c(*)n[nH]c2n1,91,2,Ring,--
*c1ncnc2c1CCC2,91,1,Ring,-
*N1Cc2cccn2Cc2ccccc21,91,1,Ring,-
*C1=NC(=*)N(*)C(*)=C1*,91,5,Ring,-=---
*c1cc2n(n1)CCCC2,91,1,Ring,-
*c1cccc2c1OC(*)C2,91,2,Ring,--
*c1ccnc2[nH]cc(*)c12,91,2,Ring,--
*c1cc2c3c(c1)CCC(=*)N3CCC2,91,2,Ring,-=
*C1COC2(CCN(*)CC2)N1*,91,3,Ring,---
*c1sc2c(*)ccc(*)c2c1*,91,4,Ring,----
*C1CCC2(*)CCC3(*)C(=CCC4C5(*)CCC(=*)C(*)(*)C5CCC43*)C2C1*,91,9,Ring,----=----
*N1CCc2cncnc2C1,91,1,Ring,-
*c1ccc2c(c1)C(=*)c1cc(*)cnc1C=C2,91,3,Ring,-=-
*CCC(*)(*)O,91,3,Linker,---
*CC(=O)NCC(*)*,91,3,Linker,---
*CC(=O)NC(CCCNC(=N)N)C(*)=O,91,2,Linker,--
*C#CC(=O)N*,91,2,Linker,--
*CC(O)CN(*)S(*)(=O)=O,91,3,Linker,---
*CCCC(*)C,91,2,Linker,--
*CCCCC(=O)O*,91,2,Linker,--
*OC(=O)C=CC(C)CC(C)CC,91,1,Sub,-
*S(=O)(=O)N=C(N)N,91,1,Sub,-
*NC(C)CCC,91,1,Sub,-
*CC(=O)NCCCN(C)C,91,1,Sub,-
*COC(=O)CC(C)C,91,1,Sub,-
*C(=S)NC,91,1,Sub,-
*C(=O)NC(CCCCN)C(=O)O,91,1,Sub,-
*CS(=O)(=O)NC,91,1,Sub,-
*C(=O)NCC(OC)OC,91,1,Sub,-
*C1=NCC(=*)N1*,90,3,Ring,-=-
*C1CC2(*)C(CCC2(*)*)C2CCC3=CC(=*)C=CC3(*)C12,90,6,Ring,----=-
*C1=C(*)N(*)C(=*)c2ccc(*)cc21,90,5,Ring,---=-
*C1OC2C(*)OC(*)C2O1,90,3,Ring,---
*C1CC(=*)N(*)C(=*)C1,90,4,Ring,-=-=
*c1noc2c1C(=*)N(*)C=N2,90,3,Ring,-=-
*=c1c2ccccc2c(=*)c2ccccc12,90,2,Ring,==
*C1CCC2C(*)C(=*)N(*)C3OC4(*)CCC1C23OO4,90,5,Ring,--=--
*N1C=Nc2sccc2C1=*,90,2,Ring,-=
*c1ccc2nc(*)c3c(*)nc(*)n3c2n1,90,4,Ring,----
*c1ccc2c(c1)S(=*)(=*)C=C2,90,3,Ring,-==
*c1cc2nn(*)nc2cc1*,90,3,Ring,---
*c1nc(*)c2c(n1)NCC2,90,2,Ring,--
*c1ccc2c(c1)C(=*)N(*)C1=NNC(=*)N12,90,4,Ring,-=-=
*C1=CC23CC4CC(OC4(*)C2)C3C(*)(*)C1=*,90,5,Ring,----=
*C1CCN(*)CCC1*,90,3,Ring,---
*C1=NCN(*)CN1*,90,3,Ring,---
*C1CCCC(=*)C1,90,2,Ring,-=
*C1=CC(*)C(*)C(*)C1*,90,5,Ring,-----
*c1ccc2c(c1)C(=*)CC2,90,2,Ring,-=
*c1nc(*)c2c(ccn2*)n1,90,3,Ring,---
*C1=CN2C(=*)N(*)N=C2C(*)=N1,90,4,Ring,-=--
*N1C=CC=NC1=*,90,2,Ring,-=
*c1cccc2c1OC(*)CO2,90,2,Ring,--
*c1ccc2c(c1)CCN2,90,1,Ring,-
*C1CC2C3CCC(=*)C3(*)CCC2C2(*)CCC(=*)C=C12,90,5,Ring,-=--=
*c1cc(*)c2c(n1)CCCC2*,90,3,Ring,---
*C1CCC2C3CNC4=CC(=*)CCC4(*)C3CCC12*,90,4,Ring,-=--
*c1cccc2c1C(=*)c1ccccc1-2,90,2,Ring,-=
*C1Oc2cc3c(cc2C(*)C1*)OCO3,90,3,Ring,---
*C1CCC(=*)NC1*,90,3,Ring,-=-
*c1cc2ncnc(*)c2cn1,90,2,Ring,--
*c1cc(*)c2cnc(*)nc2c1,90,3,Ring,---
*c1ccc2c(c1)NC(=*)C(=*)S2,90,3,Ring,-==
*C1CCN(*)CCN1*,90,3,Ring,---
*C1=CC2CC3=C(C=CC(=*)N3)C3(C1)C2CCCN3*,90,3,Ring,-=-
*CC(NC(*)=O)C(O)CNC(*)(C)C,90,3,Linker,---
*CC(=O)NC(*)CC(=O)O,90,2,Linker,--
*CC(O)CN(*)S(C)(=O)=O,90,2,Linker,--
*C(=O)C(NC(=O)C(*)NC(C)=O)C(C)C,90,2,Linker,--
*NC(=S)NC(=O)CO*,90,2,Linker,--
*C(=O)NC(*)P(=O)(OCC)OCC,90,2,Linker,--
*C=CC=CC(=O)C=C*,90,2,Linker,--
*CCNCCO*,90,2,Linker,--
*C#CCC(C)C,90,1,Sub,-
*NC(=O)CC(=O)O,90,1,Sub,-
*CNC(=O)NC,90,1,Sub,-
*C(=O)NC(CC)CO,90,1,Sub,-
*CCBr,90,1,Sub,-
*CCC(N)(CO)COP(=O)(O)O,90,1,Sub,-
*C(=O)C(N)CCCCN,90,1,Sub,-
*OCCCC(=O)OCC,90,1,Sub,-
*SCC(N)C(=O)O,90,1,Sub,-
*c1sc2c(*)cccc2c1*,89,3,Ring,---
*c1ccc2c3c([nH]c2c1)C(*)N(*)CC31CCN(*)CC1,89,4,Ring,----
*c1ccc2c(c1)OCC(=*)C2=*,89,3,Ring,-==
*C1=CC(=*)OC2=C1C(=*)NC(*)=N2,89,4,Ring,-==-
*c1cn2c(*)c(*)sc2n1,89,3,Ring,---
*C1=NCC(*)N1,89,2,Ring,--
*N1CCC2(CC1)Cc1cn(*)nc1C(=*)N2,89,3,Ring,--=
*C1CCC2(*)CC12,89,2,Ring,--
*C1=NC2=C(SC(=*)N2*)C(=*)N1*,89,5,Ring,-=-=-
*N1CCCCC1(*)*,89,3,Ring,---
*c1cc2c(cc1*)OC(*)(*)CC2,89,4,Ring,----
*c1cccc2c1CCN(*)C2=*,89,3,Ring,--=
*c1cnc2c(c(*)nn2*)c1*,89,4,Ring,----
*c1cc2c(cc1*)C1(C(=*)N2)C(*)NC(*)C1*,89,6,Ring,--=---
*C1=Nc2nccnc2C(=*)N1*,89,3,Ring,-=-
*C1CN(*)C2COCC12,89,2,Ring,--
*C1=C(*)C(=*)c2c(*)c(*)c(*)c(*)c2O1,89,7,Ring,--=----
*c1ccc2ncc(*)nc2n1,89,2,Ring,--
*C1=CC(=*)Oc2c(*)c(*)cc(*)c21,89,5,Ring,-=---
*c1cccc2c1NC(=*)C2(*)*,89,4,Ring,-=--
*C1=CC(*)OC(*)C1=*,89,4,Ring,---=
*C1=NC(=*)N2CCc3cc(*)c(*)cc3C2=C1,89,4,Ring,-=--
*N1CCn2ccnc2C1,89,1,Ring,-
*C1=Nc2ncccc2C(=*)N1*,89,3,Ring,-=-
*N1CC2(C1)CN(*)C2,89,2,Ring,--
*c1cc2ncc3c(c2cc1*)N(*)C(=*)N3*,89,5,Ring,---=-
*CS(=O)(=O)C(*)C(=O)NCCS(N)(=O)=O,89,2,Linker,--
*CCCN(C*)C(=O)C*,89,3,Linker,---
*CC(*)CNC(*)=O,89,3,Linker,---
*CC(=O)NCCN*,89,2,Linker,--
*P(*)(*)=S,89,3,Linker,---
*C(=O)OCC(=O)NC(*)C,89,2,Linker,--
*C(*)=CCCCCC(=O)O,89,2,Linker,--
*C#CC(*)O,89,2,Linker,--
*CC(=O)NC(*)CC(N)=O,89,2,Linker,--
*C(*)C(N)=O,89,2,Linker,--
*NC(=O)CCCNC(*)=O,89,2,Linker,--
*NC(=O)C(CC)O*,89,2,Linker,--
*N(*)CCNC(C)C,89,2,Linker,--
*C(=O)CN(CC)CC,89,1,Sub,-
*SC(C)=O,89,1,Sub,-
*C(=O)NCCCCCCCC,89,1,Sub,-
*[11CH3],89,1,Sub,-
*N(C)CCC#N,89,1,Sub,-
*[As](=O)(O)O,89,1,Sub,-
*N1CCNC(*)(*)C1,88,3,Ring,---
*C1=CC2=NN(*)C(=*)N2C(*)=N1,88,4,Ring,--=-
*N1CCN(*)C1,88,2,Ring,--
*c1cc2c(n1*)-c1ccccc1N(*)C2=*,88,4,Ring,---=
*C1CCC2(CO2)C(*)C1*,88,3,Ring,---
*C1CCCS(=*)(=*)C1,88,3,Ring,-==
*c1cn2c(n1)OC(*)(*)CC2,88,3,Ring,---
*C1=CSC(*)(*)C2=NOC(=*)N12,88,4,Ring,---=
*c1cnc2cnccn12,88,1,Ring,-
*C1=Nc2cc(*)sc2C(=*)N1,88,3,Ring,--=
*N1N=C2N(*)C(=*)c3sccc3N2C1=*,88,4,Ring,--==
*c1nc(*)c2ncccc2n1,88,2,Ring,--
*C1CCC2(*)C(C1)C(*)C(*)C1C3CCC(*)C3(*)CCC12,88,6,Ring,------
*C1(*)COP(*)(=*)OC1,88,4,Ring,---=
*C1=CC2=CC(=*)C(*)(*)C(=*)C2=CO1,88,5,Ring,-=--=
*c1ccc2c(c1)c1ccc(*)cc1n2*,88,3,Ring,---
*C1=C(*)SC(=*)S1,88,3,Ring,--=
*C1CC(*)n2ncnc2N1,88,2,Ring,--
*c1ccn2cc(*)nc2n1,88,2,Ring,--
*c1ccc2c(c1)c1c3c(c4c(c1n2*)CCc1nn(*)cc1-4)C(=*)NC3,88,4,Ring,---=
*CN(*)S(=O)(=O)CC,88,2,Linker,--
*C=CCN*,88,2,Linker,--
*CNCCCCNC*,88,2,Linker,--
*CNC(=O)C(*)N(*)C(=O)C#C,88,3,Linker,---
*CN(C*)C(=O)CO*,88,3,Linker,---
*NCCCCCCCCN*,88,2,Linker,--
*OP(=O)(O)O*,88,2,Linker,--
*CNC(=O)CN(*)S(C)(=O)=O,88,2,Linker,--
*NC(=O)COC(=O)CCC(*)=O,88,2,Linker,--
*NC(=O)C(*)(*)O,88,3,Linker,---
*CCC(C)NC(=O)C*,88,2,Linker,--
*C=CN*,88,2,Linker,--
*C(=O)OCCCCCCCC,88,1,Sub,-
*CNC(=O)CCCCCCCC,88,1,Sub,-
*CCNCCO,88,1,Sub,-
*NC(=O)CCCCCCCCCCC,88,1,Sub,-
*=NCCC,88,1,Sub,=
*C(=O)N(C)CCOC,88,1,Sub,-
*CN(C)CCN(C)C,88,1,Sub,-
*C1=CCC(*)C(*)C1,87,3,Ring,---
*C1=NC2(CCC(*)CC2)N(*)C1=*,87,4,Ring,---=
*C1=CC2CCC(C1)N2*,87,2,Ring,--
*c1ccc2c(c1)CNC2=*,87,2,Ring,-=
*C1CC2(*)C(CC(*)C3C(*)CCC32*)C2(*)CCC(*)C(*)(*)C12,87,9,Ring,---------
*C1=Nc2cc(*)c(*)cc2C(=*)N1,87,4,Ring,---=
*C1CC(=*)C(*)C(*)N1,87,4,Ring,-=--
*N1CCCN1*,87,2,Ring,--
*c1nc(*)c2c(n1)N(*)C(=*)C=N2,87,4,Ring,---=
*c1cccc2c1CC(=*)N2,87,2,Ring,-=
*C1C(=*)N(*)C(=*)c2ccccc21,87,4,Ring,-=-=
*c1ccc2c(c1)Sc1ccccc1N2*,87,2,Ring,--
*C1C2C(*)C3(OC2(*)*)C(*)(*)CCC(*)C3(*)C1*,87,9,Ring,---------
*N1CCCC2(CCN(*)C2=*)C1,87,3,Ring,--=
*c1cc2c(cc1*)C1Cc3ccc(*)c(*)c3CN1CC2,87,4,Ring,----
*C1CCCC2=Cc3c(cnn3*)CC21*,87,3,Ring,---
*c1sc2c(c1*)CC(*)(*)OC2,87,4,Ring,----
*B1OCc2cccc(*)c21,87,2,Ring,--
*N1C=CNC1=*,87,2,Ring,-=
*c1cc2c(*)nccn2n1,87,2,Ring,--
*C1CC2C(=*)C(=*)C3(C4CC5C(*)(*)CCCC5(C(*)O4)C13)C2*,87,7,Ring,-==----
*c1nn(*)c2c1CC(*)CC2,87,3,Ring,---
*c1ccc2c(c1)N(*)CC2(*)*,87,4,Ring,----
*c1cc(*)c2c(c1)c(*)cn2*,87,4,Ring,----
*c1nnc2n1-c1ccccc1N(*)C2=*,87,3,Ring,--=
*c1cc2c(ncn2*)c(*)n1,87,3,Ring,---
*C1CCC2(CC1)CCN(*)CC2,87,2,Ring,--
*c1ccc2ccoc2c1,87,1,Ring,-
*c1cc2cc(*)c(*)cc2s1,87,3,Ring,---
*c1cnc2n1CCN(*)CC2,87,2,Ring,--
*CC(*)NC(=O)C(C)(C)N,87,2,Linker,--
*CC(NC(*)=O)C(=O)NCC#N,87,2,Linker,--
*CNC(=O)C(*)NC(=O)C*,87,3,Linker,---
*CCCC(*)CC(=O)NO,87,2,Linker,--
*NCCCCNC(*)=O,87,2,Linker,--
*CCNC(S)=N*,87,2,Linker,--
*C(=O)NCCCN(*)C,87,2,Linker,--
*C(=O)NC(C(=O)NC(C(*)=O)C(C)C)C(C)C,87,2,Linker,--
*C(=O)CC(*)N,87,2,Linker,--
*CCC(*)C(COC*)=NOC,87,3,Linker,---
*CNCC(C)C(=O)N(C*)CC(C)C,87,2,Linker,--
*NC(S)=NC(*)C,87,2,Linker,--
*NCC(=O)OC,87,1,Sub,-
*C(CCC)CCC,87,1,Sub,-
*C#CCCCCCC,87,1,Sub,-
*C(=O)NC(CCC(=O)OCC)C(=O)OCC,87,1,Sub,-
*NC(=O)CCCN(C)C,87,1,Sub,-
*C(C)(O)C(=O)C=CC(C)(C)OC(C)=O,87,1,Sub,-
*S(=O)(=O)NC(C)CC,87,1,Sub,-
*C1CN(*)CC2CCCOC12,86,2,Ring,--
*C1=Nc2cc(*)c(*)cc2NC(=*)C1,86,4,Ring,---=
*N1c2ccccc2N(*)S1(=*)=*,86,4,Ring,--==
*c1[nH]c2c(*)cnn2c1*,86,3,Ring,---
*c1ccc2c(c1)C(*)C(*)C2,86,3,Ring,---
*C1=CCC(*)OC1=*,86,3,Ring,--=
*c1cc2c(cc1*)OCCCO2,86,2,Ring,--
*C1=C(*)C(=*)C2(*)C(=C1)Oc1c(*)c(*)c(*)c(*)c12,86,8,Ring,--=-----
*C1=CC(=*)c2ccc(*)cc21,86,3,Ring,-=-
*c1c(*)c(*)c2ccccc2c1*,86,4,Ring,----
*c1cc(*)c2c(c1)NC(=*)CO2,86,3,Ring,--=
*C1=CC(*)n2ncnc2N1,86,2,Ring,--
*C1c2ccccc2-c2cncn21,86,1,Ring,-
*C1C=C2CCN3Cc4cc5c(cc4C(C1*)C23)OCO5,86,2,Ring,--
*c1cccc2c1CCC(=*)N2,86,2,Ring,-=
*N1C(=*)C2C3C=CC(CC3)C2C1=*,86,3,Ring,-==
*c1ccc2c(c1)C=CS(=*)(=*)O2,86,3,Ring,-==
*C1=C(*)N(*)C(=*)N1,86,4,Ring,---=
*c1cc2occc2n1*,86,2,Ring,--
*C1CCC2(*)CCC3(*)C(=CCC4C5(*)CC(=*)C(=*)C(*)(*)C5CCC43*)C2C1*,86,10,Ring,----==----
*c1cc(*)c2c(c1)C=NN(*)C2=*,86,4,Ring,---=
*C1CCC2C3CCC4NC(=*)C=CC4(*)C3CCC12*,86,4,Ring,-=--
*c1nnc2c(n1)c(*)nn2*,86,3,Ring,---
*c1ccc2c(c1)NC(=*)C=C2,86,2,Ring,-=
*C1=NC(*)C(=*)N(*)c2ccc(*)cc21,86,5,Ring,--=--
*C1C2c3ccccc3C(c3ccccc32)C1*,86,2,Ring,--
*CNC(=O)CNS(*)(=O)=O,86,2,Linker,--
*C(=O)C(*)NC(=O)OC(C)(C)C,86,2,Linker,--
*CC(*)CC(C)C,86,2,Linker,--
*C(=O)C(*)C(C)CC,86,2,Linker,--
*CO[Si](*)(*)C(C)(C)C,86,3,Linker,---
*OP(*)(=O)O*,86,3,Linker,---
*C(=O)NCC(=O)NC(*)CC(=O)O,86,2,Linker,--
*CNC(=O)C(C)OC(*)=O,86,2,Linker,--
*CCNC(=O)CNC(*)=O,86,2,Linker,--
*NC(=O)CCCN,86,1,Sub,-
*C(C)NS(C)(=O)=O,86,1,Sub,-
*CNCCS(C)(=O)=O,86,1,Sub,-
*NCC(C)(C)O,86,1,Sub,-
*C(=O)NS(=O)(=O)CCC,86,1,Sub,-
*OCCCC(C)(C)C(=O)OC,86,1,Sub,-
*NC(=O)CCN(CC)CC,86,1,Sub,-
*C1=NOC(*)C1*,85,3,Ring,---
*c1nc(*)c2[nH]nc(*)c2n1,85,3,Ring,---
*C1=CC(*)C(*)C(*)(*)CC(*)C(=*)C(*)C2N(*)C(=*)OC2(*)C(*)OC1=*,85,13,Ring,------=--=--=
*C1Cc2ccccc2CC1*,85,2,Ring,--
*C1CN(*)CC12CC2,85,2,Ring,--
*c1nccc2c1N=CNC2=*,85,2,Ring,-=
*c1c(*)c2ccccc2c(=*)c1=*,85,4,Ring,--==
*c1cnnc2c1ncn2*,85,2,Ring,--
*c1[nH]nc2c1CCC2,85,1,Ring,-
*c1cc(*)c2c(=*)c3ccccc3c3onc1c23,85,3,Ring,--=
*c1cccc2c1OP(*)(=*)OC2,85,3,Ring,--=
*C1CC2(CCN(*)CC2)CN1,85,2,Ring,--
*N1C(=*)c2cccn2-c2ccccc21,85,2,Ring,-=
*c1cnc2scc(*)n12,85,2,Ring,--
*C1=NCc2nnc(*)n2-c2sc(*)cc21,85,3,Ring,---
*c1ccn2ccnc2c1,85,1,Ring,-
*c1cc2cc(*)c(*)c(*)c2cc1*,85,5,Ring,-----
*C1CCS(=*)(=*)C1*,85,4,Ring,-==-
*c1ccc2c(c1)C(=*)N(*)CC2,85,3,Ring,-=-
*N1C(=*)SCC1(*)*,85,4,Ring,-=--
*c1n[nH]c2c(*)cccc12,85,2,Ring,--
*N1C=Nc2sc3c(c2C1=*)CCCC3,85,2,Ring,-=
*c1ccc2[nH]c3c(c2c1)CCN(*)C3,85,2,Ring,--
*N1Sc2ncccc2C1=*,85,2,Ring,-=
*C1=NN2C(=*)C(*)=NN=C2S1,85,3,Ring,-=-
*C1CC(*)(*)C(*)C(*)C(*)C(*)C(=*)OC(*)C2(*)OC(=*)OC2C(*)C1=*,85,13,Ring,-------=--=-=
*C1=C2C(*)C(=*)C3(*)C(*)CC4OCC4(*)C3C(*)C3(OC(=*)OC3C1*)C2(*)*,85,11,Ring,--=----=---
*c1cnc2c(c1)CC1(*)C3Cc4ccc(*)c5c4C1(CCN3*)C2O5,85,4,Ring,----
*c1cc(*)c2c(c1)C(=*)N(*)C=N2,85,4,Ring,--=-
*c1ccc2[nH]c(=*)c(=*)c2c1*,85,4,Ring,-==-
*c1ccnnc1*,85,2,Ring,--
*CC(NC(=O)CO*)C(=O)O,85,2,Linker,--
*CN(C)C(=O)CNC(*)=O,85,2,Linker,--
*COC(=O)NC(C*)C(=O)O,85,2,Linker,--
*C(*)COC,85,2,Linker,--
*CCN(CCC(*)*)C(=O)N*,85,4,Linker,----
*CNC(=*)C,85,2,Linker,-=
*CN(C)C(=O)C(*)C,85,2,Linker,--
*C(=S)SSC(*)=S,85,2,Linker,--
*C(=O)OCCC(C)C,85,1,Sub,-
*C(=O)NCC(F)F,85,1,Sub,-
*C(=O)OCOC(=O)C(C)(C)C,85,1,Sub,-
*C(C)CCC(CC)C(C)C,85,1,Sub,-
*C(=O)NC(C)C(C)(C)C,85,1,Sub,-
*NC(C)C(C)(C)C,85,1,Sub,-
*NC(=O)CCCCCCCCC,85,1,Sub,-
*C(=O)CCCCCCCCCCCCCCC,85,1,Sub,-
*B1OCc2ccc(*)c(*)c21,84,3,Ring,---
*C1=C(*)C(=*)OC(*)(*)C1,84,5,Ring,--=--
*=C1C=Cc2ccccc21,84,1,Ring,=
*c1nc2sc3ccccc3n2c1*,84,2,Ring,--
*c1ccc2c(c1)CCCC2(*)*,84,3,Ring,---
*c1nc2ncccc2[nH]1,84,1,Ring,-
*c1scc[n+]1*,84,2,Ring,--
*c1nn2c(c1*)CCC2,84,2,Ring,--
*C1CCC(*)NC1,84,2,Ring,--
*c1cc(*)c2[nH]c(=*)c(=*)c2c1,84,4,Ring,--==
*c1ccc2[nH]c3c(c2c1)CC1(*)C2Cc4ccc(*)c5c4C1(CCN2*)C3O5,84,4,Ring,----
*N1CC2CCCC2C1,84,1,Ring,-
*c1ccc2c(c1)C(=*)OC2,84,2,Ring,-=
*C1NC(=*)C1*,84,3,Ring,-=-
*C1CC(*)(*)C23OC(*)(*)C(CC(*)C2(*)C1*)C3*,84,9,Ring,---------
*c1cnc2c(*)cn(*)c2c1,84,3,Ring,---
*C1=NC2=C(C(=*)c3ccccc3N2*)C(=*)N1*,84,5,Ring,-=-=-
*c1cc2nc(*)c(*)nc2cn1,84,3,Ring,---
*C1Cc2c([nH]c3ccccc23)C(*)(*)N1,84,3,Ring,---
*c1nc(*)c2c(n1)CN(*)C2,84,3,Ring,---
*c1nc(*)c2c(n1)CNCC2,84,2,Ring,--
*c1cc2c(cn1)C(*)(*)CN2*,84,4,Ring,----
*c1cccc2nccn12,84,1,Ring,-
*c1nc(*)c2c(n1)Oc1c(*)ncc(*)c1C2,84,4,Ring,----
*c1c2c(cc3occc13)OC(=*)C=C2,84,2,Ring,-=
*N1CC2CCCNC2C1,84,1,Ring,-
*C1CCC2(*)C(CCC3C2CCC2(*)C(*)C(*)CC32)C1,84,5,Ring,-----
*C1=NC(*)N(*)C(*)=N1,84,4,Ring,----
*C1CCC2(CCN(*)CC2)O1,84,2,Ring,--
*c1cccc2nc3c(*)cccc3nc12,84,2,Ring,--
*C1NC(=*)NC(*)(*)C1*,84,5,Ring,-=---
*C1=CCC2CC(CC3(CCC(*)C(*)O3)O2)OC(=*)C2C=C(*)C(*)C3OCC(=CC=CC(*)C1*)C23*,84,9,Ring,---=-----
*c1cc2c(*)c(*)c(*)cc2c(*)c1*,84,6,Ring,------
*NC(=O)CCC(=O)N(*)CC(=O)N*,84,3,Linker,---
*CC(NC)C(*)=O,84,2,Linker,--
*CC(NC(=O)CO*)C(O)C(*)=O,84,3,Linker,---
*C=CC(*)C,84,2,Linker,--
*C(*)C(*)O,84,3,Linker,---
*CC(=O)NC(C*)C(=O)N*,84,3,Linker,---
*NC(=O)C(*)O*,84,3,Linker,---
*CC(S)C(=O)N*,84,2,Linker,--
*CN(C)C(=O)CO*,84,2,Linker,--
*CN(*)C=O,84,2,Linker,--
*=[N+](CC)CC,84,1,Sub,=
*C(CCC)C(=O)O,84,1,Sub,-
*C(=O)CCCCCCCCC,84,1,Sub,-
*OC(=O)CCCCCC,84,1,Sub,-
*c1cccc2c1[nH]c1ccccc12,83,1,Ring,-
*c1ccc2c(c1)C(=*)N(*)Cc1c(*)ncn1-2,83,4,Ring,-=--
*C1CCC2(*)C(CCC3C2CC(*)C2(*)C(*)CCC32*)C1,83,6,Ring,------
*N1CCC2CN(*)CC2C1,83,2,Ring,--
*C1=CN2C(=*)C(*)=CN=C2C=C1,83,3,Ring,-=-
*C1=CC(*)=NC(=*)N1*,83,4,Ring,--=-
*c1nnc2n1CC(*)CC2,83,2,Ring,--
*C1=NC2=C(CCCC2)C(=*)N1,83,2,Ring,-=
*N1CCN(*)c2ccccc2C1,83,2,Ring,--
*C1=NC(=*)NN1,83,2,Ring,-=
*c1cn2c(n1)OC(*)CC2,83,2,Ring,--
*c1ccc2c(*)nsc2c1,83,2,Ring,--
*c1ccc2c(c1)Oc1cc(*)ccc1C2*,83,3,Ring,---
*c1ccc2c(c1)nc(*)c1nc(*)ncc12,83,3,Ring,---
*c1c(*)c(=*)c2c(*)ccc(*)c2c1=*,83,6,Ring,--=--=
*c1cc2c3c(c1)CC(=*)N3CCC2,83,2,Ring,-=
*c1nc(*)c2c(n1)[nH]c1cc(*)c(*)cc12,83,4,Ring,----
*c1cc2c(s1)-c1ccccc1OC2,83,1,Ring,-
*C1CCN2CCc3ccccc3C2C1,83,1,Ring,-
*N1CCC(*)(*)C2CCCCC21,83,3,Ring,---
*c1n[nH]c2c1CCN(*)C2,83,2,Ring,--
*c1cc2nc(*)c(*)n2c(*)c1*,83,5,Ring,-----
*C1CCCC2CN(*)CC12,83,2,Ring,--
*C1=CC2CN(CCc3c([nH]c4ccccc34)C(*)(*)C2)C1,83,3,Ring,---
*c1n[nH]c2c(*)ncnc12,83,2,Ring,--
*C1(*)CC2CCC1C2,83,2,Ring,--
*C1CC2C(=CCC3C2(*)C(=*)CC2(*)C(*)C(*)CC32*)C(*)(*)C1=*,83,10,Ring,--=------=
*c1cc(*)c2c(n1)SN(*)C2=*,83,4,Ring,---=
*=c1sc2nc3ccccc3n2c1=*,83,2,Ring,==
*C1=CCC2C(=*)N(*)C(=*)C2C1,83,4,Ring,-=-=
*c1ccn2c(*)cnc2n1,83,2,Ring,--
*c1ccc2c(*)c[nH]c2n1,83,2,Ring,--
*C1=Cc2ccc(*)cc2N=C(*)C1,83,3,Ring,---
*c1cc(*)c2nccnc2c1,83,2,Ring,--
*CCN(C*)CC,83,2,Linker,--
*CC(*)=NN*,83,3,Linker,---
*C(=O)NC(*)C(C)Cl,83,2,Linker,--
*CNC(=O)CN(*)C(*)=O,83,3,Linker,---
*CN(C)C(=O)O*,83,2,Linker,--
*CNC(*)CC,83,2,Linker,--
*CCN(C)C(=O)N*,83,2,Linker,--
*CC(=O)N(C*)C(C)C,83,2,Linker,--
*CN(*)C(=O)C(C)C,83,2,Linker,--
*OCCCOC(*)=O,83,2,Linker,--
*N(*)S(C)(=O)=O,83,2,Linker,--
*C(=O)OCC(N)=O,83,1,Sub,-
*NS(=O)(=O)NC,83,1,Sub,-
*NC(=O)C(CC)CCCC,83,1,Sub,-
*NC(=O)C(N)CCCCN,83,1,Sub,-
*OC(=O)CCC(=O)OC,83,1,Sub,-
*CCCCCCCCCCCCCCCCCC,83,1,Sub,-
*NCCNC,83,1,Sub,-
*OCCC(=O)O,83,1,Sub,-
*CCOC(C)C,83,1,Sub,-
*C1CC2C(*)C2C1,82,2,Ring,--
*c1cccc2c1OCCC2*,82,2,Ring,--
*C1CCC2C3CCC4CC(=*)CCC4(*)C3CCC12*,82,4,Ring,-=--
*c1cnc2c(*)c(*)sc2c1,82,3,Ring,---
*C1=Cc2cc3c(cc2C(*)C1*)OCO3,82,3,Ring,---
*C1=Cc2ccccc2C(=*)N1*,82,3,Ring,-=-
*c1ccc2c(*)nnc(*)c2c1,82,3,Ring,---
*C1C2C(=*)N(*)C(=*)C2C2(*)CCCCN12,82,5,Ring,-=-=-
*c1cc2n(n1)CCCNC2,82,1,Ring,-
*C1COCC(=*)N1*,82,3,Ring,-=-
*c1cc2n(n1)C(*)CN(*)C2=*,82,4,Ring,---=
*C1CC2c3cccc4[nH]cc(c34)CC2N(*)C1,82,2,Ring,--
*C1CCCC(*)N1,82,2,Ring,--
*C1=CC(*)NC(=*)N1,82,3,Ring,--=
*C1=CC2=NNC(=*)N2c2cc(*)ccc21,82,3,Ring,-=-
*C1=NC2(CCN(*)CC2)C(=*)N1,82,3,Ring,--=
*C1Sc2ccccc2N(*)C1=*,82,3,Ring,--=
*c1ccn2nc(*)nc2c1,82,2,Ring,--
*C1CCC(=*)C1,82,2,Ring,-=
*c1cccc2c1c1ccccc1n2*,82,2,Ring,--
*c1cc(*)c2nc3[nH]nc(*)c3c(*)c2c1,82,4,Ring,----
*N1CCC2(CC1)OC(=*)c1ccccc12,82,2,Ring,-=
*c1cc2c(c(*)c1*)C1OC(*)C(*)C(*)C1OC2=*,82,7,Ring,------=
*C1=C(*)C(*)c2ccc3ccccc3c2O1,82,3,Ring,---
*C1CC23CCC4C(*)(*)CCCC4(*)C2CCC1(*)C3,82,5,Ring,-----
*C1=CC=CC=CC1=*,82,2,Ring,-=
*c1cc2c3c(c1)C(*)C(=*)N3CCC2,82,3,Ring,--=
*c1ccc2c(=*)c3ccc(*)cc3c(=*)c2c1,82,4,Ring,-=-=
*N1CCOC2CN(*)CCC2C1,82,2,Ring,--
*c1cc2c(c(*)c1*)CN(*)C(*)C2,82,5,Ring,-----
*C1NC(=*)C(*)NC(=*)C(*)N(*)C(=*)C(*)NC(=*)C(*)NC1=*,82,11,Ring,-=-=--=-=-=
*c1cc2c(s1)c1c(n2*)C(=*)N(*)N=C1,82,4,Ring,--=-
*C1=C(*)C(*)c2c(ccc3ccccc23)O1,82,3,Ring,---
*c1ccc2c(c1)CC(*)(*)C2,82,3,Ring,---
*c1cc(*)c2c(n1)-c1ccccc1OC2,82,2,Ring,--
*CN(C)C(=O)CS*,82,2,Linker,--
*CC(*)(C)O,82,2,Linker,--
*CC(=NN*)C(=O)O,82,2,Linker,--
*CCCNC(=O)CCC*,82,2,Linker,--
*C=CC(O)CC*,82,2,Linker,--
*CCC(*)SC*,82,3,Linker,---
*CN(*)C(=O)O*,82,3,Linker,---
*OC(C)CCC,82,1,Sub,-
*OCC(=O)OC(C)(C)C,82,1,Sub,-
*NCCCCCCCCCCCC,82,1,Sub,-
*C(=O)NCCCCC(=O)NO,82,1,Sub,-
*C(O)P(=O)(O)CCC(N)C(=O)O,82,1,Sub,-
*CCN=[N+]=[N-],82,1,Sub,-
*C(=O)C(N)CC(C)C,82,1,Sub,-
*C(C)CCCC,82,1,Sub,-
*CCCBr,82,1,Sub,-
*C(Br)Br,82,1,Sub,-
*CCNC(=O)CCC,82,1,Sub,-
*N1CCSc2ccccc21,81,1,Ring,-
*c1c(*)c(*)c2c(c1*)OC(*)CC2=*,81,6,Ring,-----=
*c1ccc2c(c1)CN1CC(=*)NC1=N2,81,2,Ring,-=
*c1cccc2nc3cccc(*)c3nc12,81,2,Ring,--
*C1CCN(*)CC(*)(*)C1,81,4,Ring,----
*C1=c2cc(*)c(*)cc2=C(*)C(=*)N1,81,5,Ring,----=
*C1=NN(*)C(=*)c2c1csc2*,81,4,Ring,--=-
*C1CC(*)C2(*)c3[nH]c4ccccc4c3CCN2C1=*,81,4,Ring,---=
*C1OC(*)C(*)C1=*,81,4,Ring,---=
*c1cnc2onc(*)c2c1,81,2,Ring,--
*c1c2c(nn1*)C[S+](*)C2,81,3,Ring,---
*C1=Cc2c(c(=*)oc2=*)C(=*)N1,81,4,Ring,-===
*c1nc2n(*)c3ccccc3n2c1*,81,3,Ring,---
*c1ccn2c1CSC2*,81,2,Ring,--
*N1C(=*)c2c(nc3n2CCN3*)N(*)C1=*,81,5,Ring,-=--=
*c1c2c(nn1*)CCC2,81,2,Ring,--
*c1cccc2c1CNC2=*,81,2,Ring,-=
*C1=Nc2c(oc3ccccc23)C(=*)N1*,81,3,Ring,-=-
*c1c2c(n(*)c1*)N=CN(*)C2=*,81,5,Ring,----=
*c1nnc2n1CC(*)N(*)C2=*,81,4,Ring,---=
*c1ccc2[nH]c3cc(*)c4c(=*)[nH]c(=*)c4c3c2c1,81,4,Ring,--==
*C1(*)CCCc2ccccc21,81,2,Ring,--
*c1cc2c(cc1*)OC(*)C2,81,3,Ring,---
*C1=C2CC(*)C3C4(*)CCC(=*)C(*)(*)C4CCC3(*)C2(*)CC1,81,8,Ring,---=----
*c1cccc2c1-c1ccccc1C2(*)*,81,3,Ring,---
*C1(*)CCc2ccccc21,81,2,Ring,--
*c1nc2ccsc2n2cccc12,81,1,Ring,-
*c1cc2c(cc1*)N(*)C1=C(C(=*)NS1)C2=*,81,5,Ring,---==
*c1ccc2c(c1)SN(*)C2=*,81,3,Ring,--=
*N1CCCC2(COCCN(*)C2)C1,81,2,Ring,--
*c1cc2c(cc1*)C(=*)CC2,81,3,Ring,--=
*c1c2c(nn1*)C(=*)N(*)C=N2,81,4,Ring,--=-
*c1nc2cc3c(cc2s1)OCCO3,81,1,Ring,-
*c1ccc2nc(*)c3nnc(*)n3c2n1,81,3,Ring,---
*C1=CC(=*)N2CCCN(*)CC2=N1,81,3,Ring,-=-
*c1cccc2c1CCC1CN(*)CC21,81,2,Ring,--
*CCCNCC*,81,2,Linker,--
*CC(NC(=O)C(C)(C)N)C(*)=O,81,2,Linker,--
*C=NN=C*,81,2,Linker,--
*CCNC(=O)CCS(*)(=O)=O,81,2,Linker,--
*NC(=O)NCC(*)*,81,3,Linker,---
*OCC(=O)NC(*)*,81,3,Linker,---
*C(=O)NC(CCCCN)C(*)=O,81,2,Linker,--
*C=NNC(=N)NN=C*,81,2,Linker,--
*CCC(CS*)N*,81,3,Linker,---
*CC(*)(O)C(*)(F)F,81,3,Linker,---
*NCCCCCCCN*,81,2,Linker,--
*NC(=O)CCCCC(=O)N*,81,2,Linker,--
*C(=O)NCCC(N)=O,81,1,Sub,-
*SCC(=O)C(C)(C)C,81,1,Sub,-
*C(O)P(=O)(O)O,81,1,Sub,-
*C(C)=CC(=O)O,81,1,Sub,-
*NC(=O)CCCCCC(=O)NO,81,1,Sub,-
*C(=O)CCN,81,1,Sub,-
*OCC(O)CC(O)CC(=O)O,81,1,Sub,-
*OC(=O)CCCC(=O)O,81,1,Sub,-
*OP(=O)(OCC)OCC,81,1,Sub,-
*=C(O)OC(C)C,81,1,Sub,=
*NC(=O)CCCCCCCCCCCCC,81,1,Sub,-
*C(CC)NC(C)CC(N)=O,81,1,Sub,-
*SCC(=O)NCCOC,81,1,Sub,-
*c1ncn2c1CN(*)CCC2,80,2,Ring,--
*C1OCC(*)(*)C(*)C1*,80,5,Ring,-----
*C1=NOC2(CCN(*)CC2)C1,80,2,Ring,--
*c1c(*)c2c(*)cccn2c1*,80,4,Ring,----
*C1=Cc2cnc(*)cc2N(*)C1=*,80,4,Ring,---=
*c1ccc2[nH]c3c(c2c1)CC(*)CC3,80,2,Ring,--
*c1ccc2nc(*)c3nncn3c2c1,80,2,Ring,--
*c1cc2cncc(*)c2cc1*,80,3,Ring,---
*c1ccc2c(c1)Oc1c(*)cccc1C2=*,80,3,Ring,--=
*c1cc2onc(*)c2cc1*,80,3,Ring,---
*C1=CC(*)(*)N(*)c2ccc(*)cc21,80,5,Ring,-----
*C1CC=CC(=*)NC(*)C(=*)NCC(*)(*)C(=*)OC(*)C(=*)O1,80,9,Ring,-=-=--=-=
*N1c2nccc[n+]2CC1(*)*,80,3,Ring,---
*C1SCCCS1,80,1,Ring,-
*C1=C2CC(*)CCC(*)C2CC1=*,80,4,Ring,---=
*C1=C(*)c2ccccc2C(*)(*)C1=*,80,5,Ring,----=
*c1cc(*)c2c(c1)NC(*)CC2*,80,4,Ring,----
*N1CCCC2CCCCC21,80,1,Ring,-
*c1ncc2c(c1*)CCN(*)C2,80,3,Ring,---
*c1nc(*)c2ncc(*)n2n1,80,3,Ring,---
*N1C(=*)CSc2ccccc21,80,2,Ring,-=
*c1cc2c(=*)c3ccccc3c(=*)c2c2nsnc12,80,3,Ring,-==
*c1cc(*)c2c(*)nc(*)nc2n1,80,4,Ring,----
*C1C2(*)OC2C2OC23C2(*)CCC4=C(COC4=*)C2CC2OC213,80,4,Ring,---=
*C1=Cc2c(*)cnc(*)c2NC1=*,80,4,Ring,---=
*C1=NS(=*)(=*)c2cc(*)ccc21,80,4,Ring,-==-
*c1cc2c(c(*)c1*)C(=*)C(*)(*)C2,80,6,Ring,---=--
*c1cccc2cn(*)nc12,80,2,Ring,--
*C1=CC(=*)c2cc(*)c3c(*)ccc(*)c3c2O1,80,5,Ring,-=---
*c1c(*)c(=*)c2c(c1=*)CC1C(*)N3C(*)c4c(c(=*)c(*)c(*)c4=*)CC3C2N1*,80,11,Ring,--==--=--=-
*CCC=*,80,2,Linker,-=
*CC(=O)NNC(=S)N*,80,2,Linker,--
*NC(=O)CN(C)C(=O)CS*,80,2,Linker,--
*CC(=O)NC(C(*)=O)C(C)C,80,2,Linker,--
*CN(C(=O)CO*)C(C)C,80,2,Linker,--
*CN(C*)C(S)=N*,80,3,Linker,---
*NC(*)CC(*)=O,80,3,Linker,---
*CC(*)(O)C(C)NC(*)=O,80,3,Linker,---
*CC(C)(O*)C(=O)O,80,2,Linker,--
*CN(*)C(*)C,80,3,Linker,---
*C(=O)NC(CCCN=C(N)N)C(*)=O,80,2,Linker,--
*C(*)C(O)CNC,80,2,Linker,--
*C=NNC(*)=S,80,2,Linker,--
*CCC(O*)C(C)C,80,2,Linker,--
*C(O)C(=O)O,80,1,Sub,-
*C(=S)SC,80,1,Sub,-
*C(OC(C)=O)C(C)(C)O,80,1,Sub,-
*CNCCNC,80,1,Sub,-
*C(=O)SCC,80,1,Sub,-
*S(=O)(=O)[O-],80,1,Sub,-
*C(N)CC,80,1,Sub,-
*C(=O)CC(OC)C(C(C)CC)N(C)C(=O)C(NC(=O)C(C(C)C)N(C)C)C(C)C,80,1,Sub,-
*c1nc2ccc3nc(*)sc3c2s1,79,2,Ring,--
*C1COCCS(=*)(=*)N1*,79,4,Ring,-==-
*c1nn2ncccc2c1*,79,2,Ring,--
*C1=NC(=*)C(*)O1,79,3,Ring,-=-
*N1CCC2(CC1)NC(=*)NC2=*,79,3,Ring,-==
*c1ccc2c(c1)C(=*)N(*)N=N2,79,3,Ring,-=-
*=C1CC1,79,1,Ring,=
*C1CCOC2CCN(*)CC12,79,2,Ring,--
*c1ccc2n1CCC2*,79,2,Ring,--
*n1ccc2ncccc21,79,1,Ring,-
*C1CSC(*)(*)SC1,79,3,Ring,---
*c1nc(*)c2c[nH]nc2n1,79,2,Ring,--
*C1=C(*)C(=*)C(*)(*)S1,79,5,Ring,--=--
*C1=CN(*)C(=*)N1,79,3,Ring,--=
*c1cc2c(cc1*)OC(*)(*)C=C2,79,4,Ring,----
*c1ccc2[nH]cc(*)c2n1,79,2,Ring,--
*C1=Nc2cc(*)ccc2N(*)c2cc3c(cc21)C(*)(*)CCC3(*)*,79,7,Ring,-------
*c1ccc2c(c1)C(=*)N1CCc3c([nH]c4ccc(*)cc34)C1N2*,79,4,Ring,-=--
*C1CCC(*)(*)CC1*,79,4,Ring,----
*C1CN(*)c2ccccc2N1*,79,3,Ring,---
*C1C(*)C23CCC4C(*)(*)CCCC4(*)C2CCC1(*)C3,79,6,Ring,------
*c1nc2c(ccc3ccccc32)s1,79,1,Ring,-
*C1=C(*)c2ccccc2C(=*)O1,79,3,Ring,--=
*C1=C(*)C(=*)C(*)=C(*)O1,79,5,Ring,--=--
*C1=CN2C(=*)C3=C(N=C2C=C1)N(*)C(=*)C(*)=C3,79,5,Ring,-=-=-
*C1COC2(CCCCC2)O1,79,1,Ring,-
*c1ccc2c(c1)CCCN(*)C2,79,2,Ring,--
*N1CC(*)(*)C(*)(*)C1,79,5,Ring,-----
*C1NC(=*)C(*)NC(=*)C2CCCN2C(=*)C(*)NC(=*)C(*)NC1=*,79,9,Ring,-=-==-=-=
*C1=NC2=CC(=*)NN2C(*)=N1,79,3,Ring,-=-
*C1=C(*)C(*)(*)C(*)=C(*)C1=*,79,7,Ring,------=
*C1CC2CCC3OC(CCC45CC6OC7C(OC8CCC(CC(=*)CC9C(CC(O2)C1=*)OC(*)C9*)OC8C7O4)C6O5)CC3=*,79,6,Ring,-==--=
*CNC(=O)CN(CC)C(*)=O,79,2,Linker,--
*NC(=O)CCCS*,79,2,Linker,--
*CCCCN(C)C*,79,2,Linker,--
*COC(=O)NC(C*)C(*)=O,79,3,Linker,---
*CC(*)(O)CO*,79,3,Linker,---
*NC(*)C(F)(F)F,79,2,Linker,--
*NC(=O)NCCNCC(O)CO*,79,2,Linker,--
*NC(=O)NCC(*)=O,79,2,Linker,--
*CC=C(*)C,79,2,Linker,--
*CS(=O)(=O)CC(*)=O,79,2,Linker,--
*SCC(=O)NN=*,79,2,Linker,-=
*=NCCCN(C)C,79,1,Sub,=
*NC(=O)C(O)CCN,79,1,Sub,-
*OC(=O)NC(C)C,79,1,Sub,-
*OC(C(F)(F)F)C(F)(F)F,79,1,Sub,-
*CNS(=O)(=O)C(C)C,79,1,Sub,-
*C(=O)N(C)O,79,1,Sub,-
*NCCCOC(C)C,79,1,Sub,-
*OC(=O)CCCCCCCCCCCCCCCCC,79,1,Sub,-
*c1ccc2c(c1*)CCC1C(*)(*)CCCC21*,78,5,Ring,-----
*C1=CCCNC1,78,1,Ring,-
*N1C=c2c(nn(*)c2=*)-c2ccccc21,78,3,Ring,--=
*c1nc(*)c2c(n1)N1CCOCC1CO2,78,2,Ring,--
*c1cc2c(cc1*)C1CC(C1)n1c-2nc(*)c1*,78,4,Ring,----
*C1=NN(*)C(=*)C2CCCCC12,78,3,Ring,--=
*C1CCC(=*)C(*)C1(*)*,78,5,Ring,-=---
*C1=CN(*)OC1=*,78,3,Ring,--=
*C1Cc2ccccc2N1,78,1,Ring,-
*C1=CN2C(=*)c3cc(*)ccc3N=C2C=C1,78,3,Ring,-=-
*c1ccc2c(c1)C(=*)OC2*,78,3,Ring,-=-
*C1C2CCCC(=*)C2=NN1*,78,3,Ring,-=-
*C1=Nc2ccccc2N(*)C1*,78,3,Ring,---
*C1=C2SCN(*)CN2C(=*)CC1*,78,4,Ring,--=-
*C1=COC(*)C(=*)C1*,78,4,Ring,--=-
*c1ccc2c(ccc3ccccc32)c1,78,1,Ring,-
*C1=C(*)C(=*)N(*)CC1,78,4,Ring,--=-
*C1=Nc2nc(*)cnc2C(=*)N1,78,3,Ring,--=
*N1C=CC(=*)c2ccccc21,78,2,Ring,-=
*c1nc(*)c2nc(*)c(*)nc2n1,78,4,Ring,----
*C1=C(*)c2cc(*)c(*)c(*)c2OC1=*,78,6,Ring,-----=
*C1=CC(=*)NN1,78,2,Ring,-=
*C1OC(=*)C2(*)CC(*)(*)C(*)C(*)C12,78,7,Ring,-=-----
*C1CC(=*)CC(=*)C1,78,3,Ring,-==
*C1CC=CC=CC(*)C(*)CC(*)C(*)C(*)C(*)CC(=*)O1,78,8,Ring,-------=
*C1(*)CCc2ccccc2C1,78,2,Ring,--
*N1C(=*)NC2(CCCCCCC2)C1=*,78,3,Ring,-==
*N1CCC2(CC1)CC(=*)c1ccccc1O2,78,2,Ring,-=
*C1=CC2C3OC4(*)OC3(*)CC(*)C2(O4)C2C=C(*)C(=*)C2(*)C1,78,7,Ring,-----=-
*c1nc2c(s1)C(=*)CC(*)(*)C2,78,4,Ring,-=--
*C1=CN2C(=*)C=C(*)N=C2C(*)=C1,78,4,Ring,-=--
*c1nc2c(c(*)c1*)C(*)CC(*)(*)C2,78,6,Ring,------
*c1ccn2nc(*)c(*)c2n1,78,3,Ring,---
*N1CCc2[nH]c3ccccc3c2C1,78,1,Ring,-
*c1cc2c(cc1*)C(*)N(*)C(*)C2,78,5,Ring,-----
*C=NNCC*,78,2,Linker,--
*N=C(*)NS(*)(=O)=O,78,3,Linker,---
*C(CC(=O)O)NS(*)(=O)=O,78,2,Linker,--
*C(=O)CCC(=O)N(*)CC(C)(C)C,78,2,Linker,--
*C(=O)OCC(=O)N(*)CC(C)C,78,2,Linker,--
*NC(=O)NS(=O)(=O)O*,78,2,Linker,--
*CCC(=O)N(*)CC,78,2,Linker,--
*CC(NC(*)=O)C(=O)NC(CC(C)C)B(O)O,78,2,Linker,--
*CCC(=O)N(*)C*,78,3,Linker,---
*OCCCC(=O)N(*)C,78,2,Linker,--
*CC(=O)N(C*)CCN(CC)CC,78,2,Linker,--
*C(=O)OCOC(C)=O,78,1,Sub,-
*CSCCO,78,1,Sub,-
*C(=O)CCCCCCCC=CCCCCCCCC,78,1,Sub,-
*OCCCCCC(=O)OCC,78,1,Sub,-
*OCCCO[N+](=O)[O-],78,1,Sub,-
*OC(=O)C(N)C(C)C,78,1,Sub,-
*NC(=O)CC(F)(F)F,78,1,Sub,-
*SCC(=O)NC(C)C,78,1,Sub,-
*CCCCC(=O)OC,78,1,Sub,-
*=NNC(=N)N,78,1,Sub,=
*OC(=O)C=CC,78,1,Sub,-
*OS(=O)(=O)F,78,1,Sub,-
*C1CN(*)Cc2ccccc21,77,2,Ring,--
*c1cc(*)c2nn[nH]c2n1,77,2,Ring,--
*C1CC(=*)Nc2ccccc2N1*,77,3,Ring,-=-
*C1OC(=*)N2C(*)CCC12,77,3,Ring,-=-
*c1cc2c(cc1*)C(=*)NC=C2,77,3,Ring,--=
*C1=CNN(*)C1=*,77,3,Ring,--=
*N1CCC2(CC1)NCCc1[nH]cnc12,77,1,Ring,-
*c1cc(*)n2nc(*)nc2c1,77,3,Ring,---
*c1ccc2c(c1)c1c3c(=*)[nH]c(=*)c3c(*)cc1n2*,77,5,Ring,-==--
*c1nc2c(=*)c3ccccc3c(=*)c2o1,77,3,Ring,-==
*C1CS(=*)(=*)CC(*)C1*,77,5,Ring,-==--
*c1cc2c(*)ccc(*)n2n1,77,3,Ring,---
*C1=C(*)C(*)C2=C(NC(=*)NC2=*)O1,77,5,Ring,---==
*C1=Nc2[nH]cc(*)c2C(=*)N1,77,3,Ring,--=
*c1[nH]c2c(*)cc3c(c2c1*)C(*)CN3*,77,5,Ring,-----
*c1ccc2c(c1)C(=*)c1cc(*)c(*)nc1O2,77,4,Ring,-=--
*C1=C(*)c2ccccc2CC1,77,2,Ring,--
*c1ccc2c(c1)Cc1sc(*)nc1-2,77,2,Ring,--
*C1=Nc2c(*)cccc2C(=*)N1,77,3,Ring,--=
*c1cc2c(n1*)C(=*)N(*)C(=*)N2*,77,6,Ring,--=-=-
*=C1CCCc2ccccc21,77,1,Ring,=
*c1nc2ncccn2n1,77,1,Ring,-
*C1=NC(*)(*)CS1,77,3,Ring,---
*N1Cc2cnn(*)c2C1,77,2,Ring,--
*c1cnc2c(c1)c(*)c(*)n2*,77,4,Ring,----
*c1cnc2cc(*)c(*)cc2c1,77,3,Ring,---
*C1OC(*)(*)C(*)C1(*)*,77,6,Ring,------
*c1cc(*)c2ncn(*)c2n1,77,3,Ring,---
*C1CCC2CN(*)CCN2C1,77,2,Ring,--
*C1=NN2C(=*)c3ccc(*)cc3N=C2S1,77,3,Ring,-=-
*C1CN(*)CC(*)(*)C1,77,4,Ring,----
*CCNCC(*)C,77,2,Linker,--
*NC(*)C(C)O,77,2,Linker,--
*C=CCNC(*)=O,77,2,Linker,--
*CNC(=O)C[S+]([O-])C*,77,2,Linker,--
*CC(*)=NOC,77,2,Linker,--
*CC(C)NS(*)(=O)=O,77,2,Linker,--
*CCCN(C*)C*,77,3,Linker,---
*N=C(N*)N*,77,3,Linker,---
*CNC(=O)CC(*)*,77,3,Linker,---
*C#CCN(*)*,77,3,Linker,---
*OCC(=O)CO*,77,2,Linker,--
*C(*)CCNC,77,2,Linker,--
*C[N+](C)(C)C*,77,2,Linker,--
*C(=O)NCC(N)C(=O)O,77,1,Sub,-
*C#CCOC,77,1,Sub,-
*NC(=O)CCNC(C)C,77,1,Sub,-
*C(=O)CSC,77,1,Sub,-
*COC(C)(C)C,77,1,Sub,-
*CCCC=C,77,1,Sub,-
*C(=O)NC(C#N)CC(N)=O,77,1,Sub,-
*C(C)C(=O)NO,77,1,Sub,-
*SCCC#N,77,1,Sub,-
*c1ccc2c3c1CC(*)Sc3c(*)n2*,76,4,Ring,----
*N1CC2C3C(=*)N(*)C(=*)C3C(*)(C1=*)N2*,76,7,Ring,-=-=-=-
*B1Oc2c(*)cccc2CC1*,76,3,Ring,---
*C12CC(C1)C2,76,1,Ring,-
*c1[nH]nc2c1CN(*)C2(*)*,76,4,Ring,----
*C1CC2CC(*)C(C1)N2*,76,3,Ring,---
*c1ccc2c(c1*)-c1cccc3c1C(C2)N(*)CC3,76,3,Ring,---
*n1cc2ccccc2n1,76,1,Ring,-
*C1CC(*)C(*)CO1,76,3,Ring,---
*C1=C(*)N2C(=*)C(=*)C2S(=*)(=*)C1,76,6,Ring,--====
*c1cnc2nc(*)[nH]c2c1,76,2,Ring,--
*C1CCC2C(C1)CC1C(=*)OC(*)C1C2*,76,4,Ring,-=--
*C1NC(*)C2CCCC1C2=*,76,3,Ring,--=
*c1cc2c(*)ncnc2o1,76,2,Ring,--
*C1CCC(=*)C(=*)C1,76,3,Ring,-==
*C1COP(*)(=*)CO1,76,3,Ring,--=
*c1cc(*)c2[nH]c3ncc(*)c(*)c3c2c1,76,4,Ring,----
*C1CN(*)CN1*,76,3,Ring,---
*C1=C(*)c2cc3c(*)coc3c(*)c2OC1=*,76,5,Ring,----=
*N1CCCC(=*)C1=*,76,3,Ring,-==
*c1cc2c(c(*)c1*)C=CC(*)(*)O2,76,5,Ring,-----
*C1CC(*)(*)Oc2ccccc21,76,3,Ring,---
*c1ccc2c(c1)S(=*)(=*)NCN2*,76,4,Ring,-==-
*c1ccc2c(c1)c(=*)c1nc3ccccc3c(=*)n12,76,3,Ring,-==
*N1C(=*)OCC1(*)*,76,4,Ring,-=--
*c1nc(*)c2c(n1)CCC(*)C2,76,3,Ring,---
*c1ccc2c(c1)CCc1cc(*)cnc1C2=*,76,3,Ring,--=
*c1cc2n(n1)CCNC2,76,1,Ring,-
*C1COC2(CCCN(*)C2)C1,76,2,Ring,--
*N1COc2cc3c(cc2C1=*)OC1CCCN1C3=*,76,3,Ring,-==
*c1cc2c3ccccc3nc-2c[nH]1,76,1,Ring,-
*c1cnc2cc(*)c(*)cc2n1,76,3,Ring,---
*N1CCC2(CC1)c1nc[nH]c1CCN2*,76,2,Ring,--
*c1cc(*)c2oc(*)c(*)c2c1,76,4,Ring,----
*C1CC(=*)C2OCC1O2,76,2,Ring,-=
*c1ncc2cccc(*)c2n1,76,2,Ring,--
*c1nn(*)[n+](*)n1,76,3,Ring,---
*c1cn2c(n1)CCC2,76,1,Ring,-
*C1CC2CC2C1,76,1,Ring,-
*c1cccc2c1c(=*)c(=*)n2*,76,4,Ring,-==-
*c1ccc2nccn2n1,76,1,Ring,-
*C1=Cc2cc(*)ccc2OC1*,76,3,Ring,---
*c1ccc2c(n1)CCN(*)C2=*,76,3,Ring,--=
*C1CC2C(=*)C(=*)C3(C(*)CC4C(*)(*)CCCC4(*)C13)C2*,76,8,Ring,-==-----
*CC=C(C)CC*,76,2,Linker,--
*CC(NC(*)=O)C(=O)NC(C(=O)NC(CC(C)C)C(=O)O)C(C)(C)C,76,2,Linker,--
*CNC(=O)NC(=O)CS*,76,2,Linker,--
*C=NNC(=O)CN(*)S(*)(=O)=O,76,3,Linker,---
*NC(=O)C(=O)C(*)C(*)=O,76,3,Linker,---
*C=CC(=*)O,76,2,Linker,-=
*NC(=O)C(NS(*)(=O)=O)C(C)C,76,2,Linker,--
*CN(C)CCCNC(*)=O,76,2,Linker,--
*CCCNC(=O)C(CC(N)=O)NC(*)=O,76,2,Linker,--
*CC(C)CNC(*)=O,76,2,Linker,--
*NC(*)C(=O)O,76,2,Linker,--
*C(=O)N(*)CCN(CC)CC,76,2,Linker,--
*CCCNC(=O)CS*,76,2,Linker,--
*CNC(=O)C(*)(C)C,76,2,Linker,--
*C(*)=NOCC,76,2,Linker,--
*NC(=O)CCCCCO*,76,2,Linker,--
*CCC(NC(*)=O)C(=O)O,76,2,Linker,--
*C(=O)NCCNC,76,1,Sub,-
*C(C)CN,76,1,Sub,-
*CNC(CC)CO,76,1,Sub,-
*C(=O)NNCCC,76,1,Sub,-
*CN(C)C(=O)NC(C)C,76,1,Sub,-
*COC(=O)CCCCC,76,1,Sub,-
*C=CC=CC(=O)O,76,1,Sub,-
*C(=O)NC(CC(C)C)C(=O)NCC(N)=O,76,1,Sub,-
*C(O)C(C)(C)O,76,1,Sub,-
*CCNC(=O)OC,76,1,Sub,-
*C(=O)C=CC,76,1,Sub,-
*CC[N+](C)(C)C,76,1,Sub,-
*C(=O)NCCCCN,76,1,Sub,-
*C(O)CC(C)C,76,1,Sub,-
*c1cc(*)c2c(*)cccc2n1,75,3,Ring,---
*c1cc(*)c2c(c1)C(*)c1cccc(*)c1C2=*,75,5,Ring,----=
*c1oc2c(c1*)-c1nn(*)cc1CC2,75,3,Ring,---
*C1CCC2(*)C(C1)C(*)CC1C3CCC(*)C3(*)CCC12,75,5,Ring,-----
*c1cc(*)c2c(*)n[nH]c2n1,75,3,Ring,---
*C1(*)CCCN1,75,2,Ring,--
*C1CC(*)(*)CC(*)O1,75,4,Ring,----
*C12CCC3C(CCC4=CC(=*)CCC43*)C1CCC2=*,75,4,Ring,-=-=
*C1NC(=*)C(*)NC(=*)C2CCCN2C(=*)C(*)NC1=*,75,7,Ring,-=-==-=
*c1ccc2c(c1)CC(*)C2*,75,3,Ring,---
*c1cc(*)c2c(ccc3nc[nH]c32)n1,75,2,Ring,--
*C1=NC(=*)N(*)C2=C1CCCC2,75,3,Ring,-=-
*c1n(*)c2c(=*)c3ccccc3c(=*)c2[n+]1*,75,5,Ring,--==-
*C1C(*)C23CCC(*)C(*)(C(*)CC1(*)*)C2C(=*)C(=*)C3,75,9,Ring,-------==
*c1cccc2c1C1CCCCN1C2=*,75,2,Ring,-=
*C1OC2COP(*)(=*)OC2C1(*)*,75,5,Ring,--=--
*c1ccnc2sc3c(c12)N=CN(*)C3=*,75,3,Ring,--=
*c1[nH]c2c(*)ccc(*)c2c1*,75,4,Ring,----
*c1ccc(*)c2c(=*)n(*)c(=*)c12,75,5,Ring,--=-=
*C1=NN(*)CCC1,75,2,Ring,--
*C1CCC2C3CCC4CC(*)(*)CCC4(*)C3CCC12*,75,5,Ring,-----
*C1C2CN(*)C(*)C23CC1(*)C3,75,4,Ring,----
*C1NC(=*)C(*)NC(=*)C2CCCCN2C(=*)C(*)NC1=*,75,7,Ring,-=-==-=
*c1ccc2c(c1)N(*)CC2*,75,3,Ring,---
*C1CN2CCSC2=N1,75,1,Ring,-
*C1=Nn2c(cnc2*)C(=*)N1,75,3,Ring,--=
*c1ccc2c(n1)N(*)CCC2,75,2,Ring,--
*c1cc2c(*)c(*)cnc2[nH]1,75,3,Ring,---
*N1CCCN(*)CC(=*)CN(*)CCC1,75,4,Ring,--=-
*c1nc2ncnc-2c(*)[nH]1,75,2,Ring,--
*N1CCC2(CC1)OCCN2*,75,2,Ring,--
*c1ccnc2ccsc12,75,1,Ring,-
*c1ccc2c(c1)N(*)C=CC2=*,75,3,Ring,--=
*c1ccc2c(c1)OCC(*)N(*)CC(*)C(*)CN(*)C2=*,75,7,Ring,------=
*c1cc(=*)c2cccc(*)c2c1=*,75,4,Ring,-=-=
*N1C(=*)c2[nH]cnc2N(*)C1=*,75,4,Ring,-=-=
*C1CN(*)Cc2ccccc2O1,75,2,Ring,--
*C1=CC(*)(*)Nc2ccc3c(c21)C(*)Oc1cccc(*)c1-3,75,5,Ring,-----
*c1cc2nncc(*)c2cc1*,75,3,Ring,---
*c1ccc2c(c1)C(*)C(=*)N2*,75,4,Ring,--=-
*c1ccc2c(c1)N(*)C(=*)c1cccn1-2,75,3,Ring,--=
*SCCNS(*)(=O)=O,75,2,Linker,--
*N(CCC)S(*)(=O)=O,75,2,Linker,--
*NC(=O)COC(=O)CS*,75,2,Linker,--
*CC(=O)NC(C*)C(=O)OC,75,2,Linker,--
*CC(NC(*)=O)C(=O)OC(C)C,75,2,Linker,--
*[N-]S(*)(=O)=O,75,2,Linker,--
*CCCCNC(=O)N*,75,2,Linker,--
*N(*)O,75,2,Linker,--
*CN(CCCC)CCCC,75,1,Sub,-
*C(O)C(O)C(O)CO,75,1,Sub,-
*NCCCl,75,1,Sub,-
*NC(=O)C#CC,75,1,Sub,-
*C(C)C(C)CCCCC,75,1,Sub,-
*N(CC(C)C)CC(C)C,75,1,Sub,-
*CCCCNC(=O)OC(C)(C)C,75,1,Sub,-
*SCC=C(C)CCC=C(C)CCC=C(C)C,75,1,Sub,-
*SCCCO,75,1,Sub,-
*NC(=O)CCCl,75,1,Sub,-
*NC(=O)NCCOC,75,1,Sub,-
*CC[18F],75,1,Sub,-
*CC(=O)N(C(C)C)C(C)C,75,1,Sub,-
*C1Cc2ccccc2CN(*)C1=*,74,3,Ring,--=
*c1cc2c(cc1*)C(*)C1C(=*)OCC1C2*,74,5,Ring,---=-
*c1nc2c([nH]1)C(=*)NC(=*)N2*,74,4,Ring,-==-
*c1sc2c(c1*)CC(*)(*)NC2(*)*,74,6,Ring,------
*c1ccc2sc(*)[n+](*)c2c1,74,3,Ring,---
*C1=CC2(*)CCC=CCCCCN3CCC1C1(CC4C=CCCCCN4C21)C3,74,2,Ring,--
*c1cc2c(cc1*)CC(*)CC2,74,3,Ring,---
*c1c[nH]c2nc(*)nc-2c1,74,2,Ring,--
*c1nc2ccccc2c2c1ccn2*,74,2,Ring,--
*c1cc(*)c2occc2c1,74,2,Ring,--
*c1cnc2c(*)nn(*)c2n1,74,3,Ring,---
*c1ccc2c(c1)c1nnc(*)nc1n2*,74,3,Ring,---
*c1cc2ccncc2o1,74,1,Ring,-
*C1CCCN2C(=*)N(*)C(=*)CC12,74,4,Ring,-=-=
*c1cc2ncc3c(c(*)nn3*)c2cc1*,74,4,Ring,----
*C1=Nc2sccc2C(=*)N1*,74,3,Ring,-=-
*c1ccc2c(c1)C(=*)N(*)C(*)C(=*)N2,74,5,Ring,-=--=
*c1nc2ccc(*)c(*)c2s1,74,3,Ring,---
*C1=C(*)C(=*)c2c(*)ccc(*)c2N1,74,5,Ring,--=--
*C1NC(=*)C(*)N(*)C(=*)C(*)NCCOc2ccccc2CCCNC1=*,74,7,Ring,-=--=-=
*c1[nH]nc2c1CCCC2,74,1,Ring,-
*C1=NN(*)C(=*)c2noc(*)c21,74,4,Ring,--=-
*c1cc2c(c(*)c1*)CCN(*)C2,74,4,Ring,----
*C1=C2C(=NC(*)=C(*)C2*)CCC1,74,4,Ring,----
*c1cc2c(cc1*)-c1c(*)c3ccc(*)c(*)c3c[n+]1CC2,74,5,Ring,-----
*c1ccc2c(c1)c(*)nc1c(*)nnn12,74,3,Ring,---
*N1CCC2(*)CCN(*)CC2C1,74,3,Ring,---
*c1cc2cn[nH]c2cc1*,74,2,Ring,--
*c1nc2ccnc(*)c2[nH]1,74,2,Ring,--
*c1ccc2c(nc(*)n2*)c1*,74,4,Ring,----
*c1cc2c(cc1*)C(*)[N+](*)(*)CC2,74,5,Ring,-----
*C1=Nc2cc(*)ccc2N(*)C1=*,74,4,Ring,---=
*c1cc(*)c2ccc(*)nc2c1,74,3,Ring,---
*c1nc(*)c2[nH]cc(*)c2n1,74,3,Ring,---
*C1CN(*)c2ccccc2CN1*,74,3,Ring,---
*C1=NC(=*)NC(*)=N1,74,3,Ring,-=-
*c1cc2nc(*)ccc2cn1,74,2,Ring,--
*c1cccc2ccncc12,74,1,Ring,-
*c1c(*)c(*)c2c(c1*)C=CC(*)(*)O2,74,6,Ring,------
*c1nc2cccnc2o1,74,1,Ring,-
*c1cn2ncc(*)c(*)c2n1,74,3,Ring,---
*C1CC(*)C1*,74,3,Ring,---
*c1cnc2c(c1)C(*)CC1(CCC1)O2,74,2,Ring,--
*C1=NOC2C(=*)N(*)C(=*)C12,74,4,Ring,-=-=
*COC(=O)CS*,74,2,Linker,--
*NC(=O)ON=*,74,2,Linker,-=
*C(*)(O)C(C)C,74,2,Linker,--
*CC(=O)N(C*)C(*)C(=O)N*,74,4,Linker,----
*NC(=O)NC(=O)COC(*)=O,74,2,Linker,--
*C=CC(C)=CC=CC(C)=CC(=O)N*,74,2,Linker,--
*N(CCO)S(*)(=O)=O,74,2,Linker,--
*C(=O)C(*)CCC(=O)O,74,2,Linker,--
*C(*)CCCC,74,2,Linker,--
*C[N+](*)(C)C,74,2,Linker,--
*COC(=O)C(=*)CCC=C(C)C,74,2,Linker,-=
*OCCCl,74,1,Sub,-
*[Se]C,74,1,Sub,-
*N(C)C(=O)OC(C)(C)C,74,1,Sub,-
*NCCCC(=O)O,74,1,Sub,-
*NC(=O)CSCC(=O)O,74,1,Sub,-
*OCCCCN(CC)CC,74,1,Sub,-
*N(CC)C(C)C,74,1,Sub,-
*C(C)N(O)C(N)=O,74,1,Sub,-
*NC(=O)OCCC,74,1,Sub,-
*c1ccc2c(c1)CN(*)C(*)CN2*,73,4,Ring,----
*C1=C(*)N(*)CN(*)C1,73,4,Ring,----
*c1cc(*)c2c(c1)N(*)C(=*)CO2,73,4,Ring,---=
*N1C(=*)Nc2cccnc21,73,2,Ring,-=
*C1CCCC(=*)N1,73,2,Ring,-=
*C1=C(*)C2=C(CCCCCC2)OC1=*,73,3,Ring,--=
*c1ccc2c(c1)NC(=*)C21C(*)C(*)NC12CCCCC2,73,4,Ring,-=--
*C1=CC(=*)CC(*)(*)C1(*)*,73,6,Ring,-=----
*C1(*)Oc2ccccc2-n2cccc2C1=*,73,3,Ring,--=
*C1CC(*)N(*)C1*,73,4,Ring,----
*C1CC2(CCN(*)C2)C1,73,2,Ring,--
*C1(*)CNC1,73,2,Ring,--
*C1=C2C(*)C(*)C3(*)C(*)CC4OCC4(*)C3C(*)C(*)(CC1*)C2(*)*,73,11,Ring,-----------
*c1nccn2ccnc12,73,1,Ring,-
*C1CC2CC1CN2*,73,2,Ring,--
*c1ncnc2c1N(*)C(=*)C(*)N2,73,4,Ring,--=-
*c1nc2scc(*)n2c1*,73,3,Ring,---
*c1cnc2c(c1)c1ccccc1n2*,73,2,Ring,--
*c1cc2c(*)c(*)ccc2o1,73,3,Ring,---
*c1cc(*)c2c(*)c(*)c(*)nc2c1,73,5,Ring,-----
*C1=C(*)C(*)C2Cc3c(c(*)c4c(*)c(*)ccc4c3*)C(=*)C2(*)C1=*,73,10,Ring,-------=-=
*c1ccc2cc[nH]c2n1,73,1,Ring,-
*c1nc(*)c2c3c(sc2n1)CC(*)CC3,73,3,Ring,---
*C1=COc2cc(*)c(*)c(*)c2C1=*,73,5,Ring,----=
*c1c2c(nn1*)N(*)C(=*)N(*)C2=*,73,6,Ring,---=-=
*C1=CNC(*)=C(*)C1=*,73,4,Ring,---=
*c1nccc2c1nc(*)n2*,73,3,Ring,---
*c1[nH]c2c(c1*)C13CC1CN(*)C3=CC2=*,73,4,Ring,---=
*C1=NC(=*)C2=C(CCC2)N1*,73,3,Ring,-=-
*C1(*)CCC2(*)CCC3(*)C(=CCC4C5(*)Cc6nccnc6C(*)(*)C5CCC43*)C2C1,73,8,Ring,--------
*C1=Nc2scc(*)c2C(=*)N1,73,3,Ring,--=
*C1=NN(*)c2ccccc2C1=*,73,3,Ring,--=
*C1C2COC(O2)C(*)C1*,73,3,Ring,---
*c1ccc2c(c1)OC(*)CN(*)S2(=*)=*,73,5,Ring,---==
*N1CCC2(CCC(=*)N2*)CC1,73,3,Ring,-=-
*C1=CCC(*)OC1*,73,3,Ring,---
*C1=NCC(*)C(*)=N1,73,3,Ring,---
*c1nc(*)c2c(n1)COC2,73,2,Ring,--
*c1nc2ccccc2c2cn(*)nc12,73,2,Ring,--
*c1cc2c(*)nc(*)nc2cn1,73,3,Ring,---
*c1onc2c1CCCC2,73,1,Ring,-
*C1=C(*)C(=*)n2nc(*)cc2N1,73,4,Ring,--=-
*C1=NN(*)C(=*)c2cc3sccc3n21,73,3,Ring,--=
*C=CC=NN*,73,2,Linker,--
*CN(C*)C(C)=O,73,2,Linker,--
*CC(CC(O)CNS(*)(=O)=O)C(=O)N*,73,3,Linker,---
*SCC(=O)NC(*)=O,73,2,Linker,--
*CC(NC(=O)NC(C(*)=O)C(C)(C)C)C(C)(C)C,73,2,Linker,--
*CCN(C*)C(=O)C*,73,3,Linker,---
*NC(=O)C(C)(C)C(*)*,73,3,Linker,---
*OCCCCCCCC(=O)O,73,1,Sub,-
*CNCCN,73,1,Sub,-
*C(=O)NCCN(C(C)C)C(C)C,73,1,Sub,-
*OS(=O)(=O)N(C)C,73,1,Sub,-
*C(=O)NC(CCC)C(=O)C(=O)NCC=C,73,1,Sub,-
*C(OC)C(=O)NC,73,1,Sub,-
*OCCOCCOCCOC,73,1,Sub,-
*OCC(=O)NC(C)C,73,1,Sub,-
*N(CCBr)CCBr,73,1,Sub,-
*NC(=O)NCCO,73,1,Sub,-
*COCCCC,73,1,Sub,-
*CNC(=O)C(COC)NC(C)=O,73,1,Sub,-
*C(=O)C(=O)OCC,73,1,Sub,-
*C(=O)CCCCCC,73,1,Sub,-
*C=CCC,73,1,Sub,-
*c1cc(*)c2c(c1)C(*)(*)C(=*)N2,72,5,Ring,----=
*C1(*)CC1=*,72,3,Ring,--=
*C1CN(*)Cc2nnn(*)c21,72,3,Ring,---
*c1cn2nc(*)nc2c(*)n1,72,3,Ring,---
*C1=NC(=*)N(*)S1,72,3,Ring,-=-
*C1C2C=CC(O2)C1*,72,2,Ring,--
*C1=CN(*)c2c(cc(*)c3ncccc23)C1=*,72,4,Ring,---=
*C1=Nc2sc(*)cc2C(=*)N1,72,3,Ring,--=
*c1cc2n(*)ccn2n1,72,2,Ring,--
*c1cncc2c1CCCC2*,72,2,Ring,--
*c1cc(*)c2c(c1*)OC(=*)C=C2,72,4,Ring,---=
*N1C(=*)N(*)C2(CCC2)C1=*,72,4,Ring,-=-=
*c1nc2cccc3c2-c(n[nH]c3=*)[nH]1,72,2,Ring,-=
*c1sc2c(c1*)C(=*)N1CCCC1=N2,72,3,Ring,--=
*c1cc2c3c(cccc3c1*)C(=*)N(*)C2=*,72,5,Ring,--=-=
*C1=Nc2ccccc2N=C(*)C1,72,2,Ring,--
*C1COc2ccccc2C1=*,72,2,Ring,-=
*c1nc2c(cnn2*)[nH]1,72,2,Ring,--
*C1=NOCC1,72,1,Ring,-
*C1=CC2=NC(*)=C(*)C(=*)N2C=C1,72,4,Ring,---=
*C1NC(=*)N(*)C(*)C1*,72,5,Ring,-=---
*C1CC(=*)CN1*,72,3,Ring,-=-
*N1CCC2(C1)CN(*)C(=*)CN2*,72,4,Ring,--=-
*C1=C(*)N(*)C(=*)CC1*,72,5,Ring,---=-
*C1=CC2C(CCC(=*)C(*)C3C(*)C(*)CC3(*)C1=*)C2(*)*,72,9,Ring,-=----=--
*c1cc(*)n2c(*)c(*)nc2n1,72,4,Ring,----
*c1cc2c(cc1*)-c1c(*)c(*)cc3c1C(C2)N(*)CC3,72,5,Ring,-----
*C1=CC(=*)c2ccc(*)cc2N1,72,3,Ring,-=-
*c1nc2cscc2[nH]1,72,1,Ring,-
*N1C(=*)C(*)(*)C2=C1CC(*)(*)CC2=*,72,7,Ring,-=----=
*C1C(=*)N(*)C(=*)C1*,72,5,Ring,-=-=-
*c1nc(*)c2cc(*)n(*)c2n1,72,4,Ring,----
*c1nc(*)c2nn[nH]c2n1,72,2,Ring,--
*c1ccc2c(c1)sc1c(*)ncnc12,72,2,Ring,--
*C1=CC(=*)c2c(ccc(*)c2*)O1,72,4,Ring,-=--
*C1NCCOc2ccccc2C=CCNC(=*)C(*)NC(=*)C2(CCCC2)NC1=*,72,5,Ring,-=-==
*=c1ccc(=*)o1,72,2,Ring,==
*N1CCCN(*)C1,72,2,Ring,--
*CN(CC(=O)N*)S(*)(=O)=O,72,3,Linker,---
*CN(C*)CCC(N)C(=O)O,72,2,Linker,--
*C(*)=CCCCC(=O)O,72,2,Linker,--
*CNC(=S)SC*,72,2,Linker,--
*CC(N)CC(=O)N*,72,2,Linker,--
*C=NNC(=O)C(=O)N*,72,2,Linker,--
*C(=O)NC(*)C(=O)NC,72,2,Linker,--
*CN=C(*)N,72,2,Linker,--
*CC=CCO*,72,2,Linker,--
*CC(O)COC(*)*,72,3,Linker,---
*CCC(N)(CO)CO,72,1,Sub,-
*CCCNC(=O)OC(C)(C)C,72,1,Sub,-
*C(=O)SC,72,1,Sub,-
*C(=O)N(C)CC(=O)O,72,1,Sub,-
*C(=O)C(CC(C)C)NC(=O)OC(C)(C)C,72,1,Sub,-
*C(=O)C(C)(C)O,72,1,Sub,-
*CNC(C)C(N)=O,72,1,Sub,-
*C(=O)NC(N)=O,72,1,Sub,-
*CNS(=O)(=O)CC,72,1,Sub,-
*C(=O)CSC(C)=O,72,1,Sub,-
*C(O)CCCC,72,1,Sub,-
*C=CC=CC,72,1,Sub,-
*C1=NC(*)=C(*)C(*)N1*,71,5,Ring,-----
*C1OC2CC(=*)OC2C1*,71,3,Ring,-=-
*c1sc(*)c2c1CC(*)(*)CC2=*,71,5,Ring,----=
*C1=NNC(*)(*)C1,71,3,Ring,---
*=C1Oc2ccccc2C(=*)C1=*,71,3,Ring,===
*C1=Nc2cccc(*)c2C(=*)N1,71,3,Ring,--=
*C1OC(=*)C(*)C(*)C1*,71,5,Ring,-=---
*c1ccc2c(*)ncc(*)c2c1,71,3,Ring,---
*c1cccc2c1CC1CC(*)CN(*)C1C2,71,3,Ring,---
*c1ccc2c(c1)-c1ccccc1C(=*)N2*,71,3,Ring,-=-
*c1ccc2c(c1)[nH]c1ccccc12,71,1,Ring,-
*c1c2c(nc3ccccc13)C(*)N(*)C2,71,3,Ring,---
*C1=COC(*)C(*)C1*,71,4,Ring,----
*C1=CC(=*)Oc2ccc3ccccc3c21,71,2,Ring,-=
*C1CS(=*)(=*)CCN1*,71,4,Ring,-==-
*C1CC[N+](*)(*)C1,71,3,Ring,---
*c1cc2c(cc1*)-c1nc(*)c(*)n1CCO2,71,4,Ring,----
*c1nc2c(*)ncn(*)c-2n1,71,3,Ring,---
*c1nc(*)c2c(cnn2*)n1,71,3,Ring,---
*c1ccc2c(c1)C(*)CN(*)CC2,71,3,Ring,---
*C1=Nc2cn(*)nc2C(=*)N1*,71,4,Ring,--=-
*C1=C2C=CC=CN2C(=*)N(*)C1=*,71,4,Ring,-=-=
*C1=CC(=*)c2ccccc21,71,2,Ring,-=
*C1=CC(=*)Nc2nnc(*)n21,71,3,Ring,-=-
*c1ccnc2c1CCC(=*)N2,71,2,Ring,-=
*c1cnc2ccnn2c1,71,1,Ring,-
*c1c2c3ccc(*)c4cccc(c-2nc1=*)c43,71,3,Ring,--=
*C1COCN1*,71,2,Ring,--
*C1C(=*)NCCCN1*,71,3,Ring,-=-
*c1cnc2ncn(*)c2n1,71,2,Ring,--
*c1cc2n(c1*)C(*)CNC2=*,71,4,Ring,---=
*C1CCC2CCC(*)N2C(=*)C1*,71,4,Ring,--=-
*C1OC(*)C2(CCO2)C1*,71,3,Ring,---
*c1cnc2cccc(*)c2n1,71,2,Ring,--
*C1=Nc2cc3c(cc2C(=*)N1*)OCO3,71,3,Ring,-=-
*OCC(*)=NO,71,2,Linker,--
*CN(*)CCOC,71,2,Linker,--
*C(=O)C(*)CNC(C)C,71,2,Linker,--
*CCCNC(=O)OC*,71,2,Linker,--
*SC(*)*,71,3,Linker,---
*N[S+](*)[O-],71,2,Linker,--
*OC(=O)CNC(*)=O,71,2,Linker,--
*CCCN(C*)C(*)=O,71,3,Linker,---
*CNC(=O)CN(C*)C(=O)CNS(*)(=O)=O,71,3,Linker,---
*C(=O)C=C(*)O,71,2,Linker,--
*C(*)CN(C)C,71,2,Linker,--
*C(=O)NCCNS(*)(=O)=O,71,2,Linker,--
*C(=O)N(*)CC(N)C(C)CC,71,2,Linker,--
*C(=O)C(*)C#N,71,2,Linker,--
*CN(C*)CC(=O)N*,71,3,Linker,---
*NC(=O)C(C)Br,71,1,Sub,-
*CCC[N+](C)(C)C,71,1,Sub,-
*CC(O)COC,71,1,Sub,-
*C=CI,71,1,Sub,-
*C(=O)C(N)CO,71,1,Sub,-
*N(C)CC=C,71,1,Sub,-
*OCCCCl,71,1,Sub,-
*CC(P(=O)([O-])O)P(=O)(O)O,71,1,Sub,-
*OCCOCCOC,71,1,Sub,-
*=C1COCC(=*)C1=*,70,3,Ring,===
*c1nnc2c(n1)[nH]c1ccccc12,70,1,Ring,-
*N1C(=*)NC(=*)C2=C1NC(=*)C2(*)*,70,6,Ring,-===--
*c1ccc2c(c1*)C(=*)c1c(*)cccc1C2,70,4,Ring,--=-
*C1COC2(CCN(*)CC2)O1,70,2,Ring,--
*C1=Nc2ccc(*)cc2N(*)C1=*,70,4,Ring,---=
*C1=CSC2=NC(*)=C(*)C(=*)N12,70,4,Ring,---=
*c1cc2c(cc1*)C(*)CC(=*)N2,70,4,Ring,---=
*c1cc2c(*)c(*)oc2nc1*,70,4,Ring,----
*N1CCC2(CCOC2)C1,70,1,Ring,-
*c1ccc2c(*)c(*)oc2c1*,70,4,Ring,----
*C1CCC2(*)CCC3(*)C(CCC4C5(*)CC(*)C(*)C(*)(*)C5CCC43*)C12,70,9,Ring,---------
*C1=NC(*)(*)COC1(*)*,70,5,Ring,-----
*c1ccc2c(*)c(*)ccc2c1*,70,4,Ring,----
*C1=CN2C(=*)C(*)=C(*)N=C2C(*)=C1,70,5,Ring,-=---
*=C1CN2CCC1CC2,70,1,Ring,=
*c1cnc2ccn(*)c2c1,70,2,Ring,--
*C1=C(*)C(=*)C2=C(CCCCCC2)O1,70,3,Ring,--=
*C1CC=CC2CCN(*)C(=*)C12,70,3,Ring,--=
*C1=CC2(CC(*)=NO2)C(*)C(*)=C1*,70,5,Ring,-----
*C1=Nc2ccc(*)cc2C(=*)O1,70,3,Ring,--=
*c1ccc2c(*)c(*)nn2c1,70,3,Ring,---
*C1=CN(*)C(=*)c2cncn21,70,3,Ring,--=
*C1=C(*)C(=*)n2nc(*)nc2N1,70,4,Ring,--=-
*C1CCC(*)C(*)(*)C1,70,4,Ring,----
*c1ccc2c(cc(*)n2*)c1*,70,4,Ring,----
*c1ccc2nc3c(c(*)c2c1)C(=*)CC(*)C3,70,4,Ring,--=-
*C1CCC2CN(*)C1CN2*,70,3,Ring,---
*C1SCCS1,70,1,Ring,-
*C1=NS(=*)(=*)c2cc(*)c(*)cc2S1,70,5,Ring,-==--
*C1=CN=C2SCCN2C1=*,70,2,Ring,-=
*c1ccc(*)c2c1cc(*)n2*,70,4,Ring,----
*C1=CC23CCCN2CCc2cc4c(cc2C3C1*)OCO4,70,2,Ring,--
*N1CCC1=*,70,2,Ring,-=
*C1=NCC(=*)Nc2ccc(*)cc21,70,3,Ring,-=-
*c1ccc2c(c1)C(=*)N(*)CC(*)C(*)CN(*)C(*)CO2,70,7,Ring,-=-----
*C1OCC2(CCN(*)CC2)C1*,70,3,Ring,---
*C1=Nc2c(c(*)nn2*)C(=*)N1*,70,5,Ring,---=-
*N1COC(*)(*)C1,70,3,Ring,---
*CC(*)=C,70,2,Linker,--
*C(*)C(NC(=O)OC)C(=O)NC(*)C(F)(F)F,70,3,Linker,---
*N(C(C)C)S(*)(=O)=O,70,2,Linker,--
*NC(=O)NCC(*)O,70,2,Linker,--
*C(*)CC(C)=O,70,2,Linker,--
*C(=O)NC(*)CCO,70,2,Linker,--
*NCCCN(C)CCCN*,70,2,Linker,--
*NC(=O)NCC(*)C,70,2,Linker,--
*C(=O)NCCOC(*)=O,70,2,Linker,--
*C=CCON=*,70,2,Linker,-=
*NCC(*)N(C)C,70,2,Linker,--
*NC(=O)CC(*)NS(*)(=O)=O,70,3,Linker,---
*CNC(=O)CCC(=O)N*,70,2,Linker,--
*CCC(C)NCC(*)O,70,2,Linker,--
*COCC(*)C*,70,3,Linker,---
*CNCCCS*,70,2,Linker,--
*CCCCCCCCCCO*,70,2,Linker,--
*CCCC(N)=O,70,1,Sub,-
*C=CC(=O)OC(C)(C)C,70,1,Sub,-
*CCC(=O)OCCCOP(=O)(O)OCC(N)C(=O)O,70,1,Sub,-
*C=CS(=O)(=O)F,70,1,Sub,-
*CNCC(=O)O,70,1,Sub,-
*NCCCCCN,70,1,Sub,-
*CNC(C)(CO)CO,70,1,Sub,-
*SCCC(C)C,70,1,Sub,-
*CNCCC(=O)O,70,1,Sub,-
*[123I],70,1,Sub,-
*S(=O)(=O)NCCN(C)C,70,1,Sub,-
*c1cnc2c3c1C(*)(*)CN3C(=*)C=C2,69,4,Ring,---=
*C1OC2(CCN(*)CC2)CN(*)C1=*,69,4,Ring,---=
*N1C(=*)Nc2cc3c(cc2C1=*)OCO3,69,3,Ring,-==
*c1nn(*)c2c1C(*)CS(=*)(=*)O2,69,5,Ring,---==
*C1CC(=*)N2CCCC2C(=*)N2CCCC2C(=*)NC(*)C(=*)N1,69,6,Ring,-===-=
*c1ccc2c(*)nn(*)c2n1,69,3,Ring,---
*c1ccc2[nH]c3c(*)c4cc[n+](*)cc4c(*)c3c2c1,69,4,Ring,----
*C1=C(*)c2ccccc2S(=*)(=*)N1,69,4,Ring,--==
*c1ccc2c(c1)CC1(C2)C(=*)Nc2ncccc21,69,2,Ring,-=
*c1ccc2c(c1)CC(*)(*)O2,69,3,Ring,---
*C1C(=*)C(*)C(*)N(*)C1*,69,6,Ring,-=----
*C1=NC2=C(CCN(*)C2)C(=*)N1,69,3,Ring,--=
*n1cnc2cncnc21,69,1,Ring,-
*C1CSC(=*)N1*,69,3,Ring,-=-
*C1CC(*)n2nnnc2N1,69,2,Ring,--
*c1ccc(*)c2c1Nc1ccccc1C2=*,69,3,Ring,--=
*N1CCC(=*)c2ccccc2S1(=*)=*,69,4,Ring,-===
*C1=CC(=*)c2c(*)ccc(*)c2O1,69,4,Ring,-=--
*c1nc2cnccc2c(*)c1*,69,3,Ring,---
*C1=NC(=*)CC(*)S1,69,3,Ring,-=-
*c1nnc2n1CCS2,69,1,Ring,-
*c1ccc2c(n1)NC(=*)CS2,69,2,Ring,-=
*c1ccc2c(c1)CC1(C2)C(=*)NC(=*)N1*,69,4,Ring,-==-
*C1OC2(C(=*)c3ccccc3C2=*)C2C(=*)N(*)C(=*)C12,69,6,Ring,-===-=
*c1cc2c(*)cccc2cn1,69,2,Ring,--
*C1=C(*)c2ncc(*)cc2N(*)C1=*,69,5,Ring,----=
*C1=NOC2(CCN(*)CC2)N1,69,2,Ring,--
*c1cn2c(nc3ccccc32)c(*)n1,69,2,Ring,--
*C1CCc2cccc3c2N(C1=*)C(*)C3,69,3,Ring,-=-
*C1=Cc2c(*)cnc(*)c2OC1=*,69,4,Ring,---=
*c1ccc2[nH]c3c(c2c1)C(*)CNC3=*,69,3,Ring,--=
*c1ccc2c(c1)[nH]c1c(*)ccc(*)c12,69,3,Ring,---
*C1CC(*)(*)C(*)C(*)C(*)C(*)C(=*)OC(*)C2(*)OC(=*)N(*)C2C(*)C1=*,69,14,Ring,-------=--=--=
*c1cc(=*)c(=*)n1*,69,4,Ring,-==-
*C1=C(*)C(=*)N2C=CSC2=N1,69,3,Ring,--=
*N1CCn2c(nc3ccccc32)C1,69,1,Ring,-
*C1=NSC(=*)N1*,69,3,Ring,-=-
*C1=CC(=*)C2C(*)=CCC3C(*)CCC3(*)CC12,69,5,Ring,-=---
*C1CCC(*)(*)C1*,69,4,Ring,----
*c1cc(*)c2nnc(*)n2n1,69,3,Ring,---
*c1csc2nnc(*)n12,69,2,Ring,--
*C1(*)CCC2C3CCC4=CC(=*)CCC4C3CCC21*,69,4,Ring,--=-
*C1=CCC2C(=*)CCCC12*,69,3,Ring,-=-
*C1=Cc2cc(*)cc(*)c2OC1*,69,4,Ring,----
*c1cn2c(n1)C(=*)N(*)C=C2,69,3,Ring,-=-
*N1CCC2(*)CCCCC2C1,69,2,Ring,--
*CN(C*)C(=S)N*,69,3,Linker,---
*COC(=O)N(C*)C(C)=O,69,2,Linker,--
*CC(=O)NC(CCCCNC(=O)C=C)C(*)=O,69,2,Linker,--
*CN(CCCC)C(=O)N*,69,2,Linker,--
*N(*)CCO,69,2,Linker,--
*C(=O)C(=*)C#N,69,2,Linker,-=
*C=CC(=O)CC*,69,2,Linker,--
*CC(=O)NC(*)C(=O)OC,69,2,Linker,--
*CC(=O)C(=O)N*,69,2,Linker,--
*CC(=O)NCCC(=O)N*,69,2,Linker,--
*C=CC(=O)NC(C*)C(=O)O,69,2,Linker,--
*COC(=O)N(*)CC=C,69,2,Linker,--
*C=C(*)C(=O)NC*,69,3,Linker,---
*C(*)C(=O)N(CC)CC,69,2,Linker,--
*CC(=NO)C(=O)NCCSSCCNC(=O)C(C*)=NO,69,2,Linker,--
*C(=O)OCC(=O)N(*)CCC#N,69,2,Linker,--
*C(C)CCCOC(C)=O,69,1,Sub,-
*C=CC(C)=CC=CC(C)=CC(=O)O,69,1,Sub,-
*[S+]([O-])CC,69,1,Sub,-
*CC(=O)NCC(C)C,69,1,Sub,-
*OC(CC)C(=O)O,69,1,Sub,-
*CC(=O)NCC(F)(F)F,69,1,Sub,-
*OCCCC#N,69,1,Sub,-
*C#CC(C)NC(C)=O,69,1,Sub,-
*NC(=O)CC(C)(C)N,69,1,Sub,-
*C=C(C#N)C(=O)OC,69,1,Sub,-
*C1=NC(*)N=C(*)N1,68,3,Ring,---
*c1cc[n+](*)c(*)c1,68,3,Ring,---
*c1c2c(c(*)c3c1OC14C(=CC5CC1C(*)(*)OC4(*)C5=*)C3=*)C=CC(*)(*)O2,68,9,Ring,-----==--
*N1CCn2c(nc3c2C(=*)N(*)C(=*)N3*)C1,68,5,Ring,-=-=-
*c1ccc2c(n1)CCC2*,68,2,Ring,--
*c1c[nH]c2cnccc12,68,1,Ring,-
*c1cc(*)c2c(c1*)CC(*)CC2,68,4,Ring,----
*N1C(=*)COC1=*,68,3,Ring,-==
*C12CNCC1C2,68,1,Ring,-
*C1=C(*)C(*)C2CC3Cc4c(*)cc(*)c(*)c4C(=*)C3=C(*)C2(*)C1=*,68,10,Ring,------=--=
*c1cc(*)c2c(*)cccc2c1*,68,4,Ring,----
*c1cc(*)c2c(c1)C(*)C(*)C2,68,4,Ring,----
*c1nn(*)c2c1C(*)C(*)C(=*)N2,68,5,Ring,----=
*N1CCCC2(CCCN2*)C1,68,2,Ring,--
*c1cc(*)c2c(c1)OC1(*)C(*)CC(*)C21*,68,6,Ring,------
*c1cc2c(c(*)n1)NC(=*)N2*,68,4,Ring,--=-
*N1CCn2c(cc3c2CC(*)(*)C3)C1=*,68,4,Ring,---=
*c1cc2ncccc2[nH]1,68,1,Ring,-
*c1nn(*)[n+](*)c1*,68,4,Ring,----
*c1ncnc2c1cc(*)n2*,68,3,Ring,---
*c1ccc2c(c1)C(=*)NC=N2,68,2,Ring,-=
*C1=NC(*)(*)C(*)(*)CO1,68,5,Ring,-----
*c1cnc2c(c1)C(=*)N(*)c1ccc(*)nc1N2*,68,5,Ring,-=---
*c1ccc2c(c1*)CCC(*)C2,68,3,Ring,---
*c1cc2n(n1)C=CN(*)C2=*,68,3,Ring,--=
*c1cc(*)c2nc(*)cnc2c1,68,3,Ring,---
*C1=Nc2cccnc2N(*)C1=*,68,3,Ring,--=
*C1=C(*)C(*)(*)c2c(n[nH]c2*)O1,68,5,Ring,-----
*C1=Nc2c(sc3ccc(*)cc23)C(=*)N1,68,3,Ring,--=
*c1oc2c(=*)c3cccnc3c(=*)c2c1*,68,4,Ring,-==-
*N1CC(=*)C1,68,2,Ring,-=
*C1=C(*)C(=*)n2ncc(*)c2N1,68,4,Ring,--=-
*c1cccc2c1C=CNC2=*,68,2,Ring,-=
*C1CN(*)CC(*)C1(*)*,68,5,Ring,-----
*C1C2(*)c3ccccc3NC2N2C(=*)C3(*)SSC12C(=*)N3*,68,6,Ring,--=-=-
*C1=NCC2C3C(=*)N(*)C(=*)C3C(*)(*)N12,68,6,Ring,-=-=--
*c1cccc2c1CCC2=*,68,2,Ring,-=
*C1=CC(=*)C=C(*)N1*,68,4,Ring,-=--
*C1=NN(*)C(*)(*)O1,68,4,Ring,----
*CNCCC(=O)N*,68,2,Linker,--
*C(C)C(O)C(*)C,68,2,Linker,--
*C=CC(=O)N(*)*,68,3,Linker,---
*CCCN(C*)C(=O)N*,68,3,Linker,---
*NC(=O)C(*)NS(*)(=O)=O,68,3,Linker,---
*P(*)(=O)OCC,68,2,Linker,--
*C=C(C)C=*,68,2,Linker,-=
*C(=O)N(*)CC(=O)O,68,2,Linker,--
*OCCNCC(*)O,68,2,Linker,--
*C(=O)CN(C)C(*)=O,68,2,Linker,--
*NC=C(*)C(=O)OCC,68,2,Linker,--
*C(=O)N(*)CCN,68,2,Linker,--
*C=NNC(=S)NCC*,68,2,Linker,--
*NC(=O)CNC(=O)CO*,68,2,Linker,--
*OP(=O)([O-])O*,68,2,Linker,--
*SCC#CCOC(*)=O,68,2,Linker,--
*CC(*)C(N)=O,68,2,Linker,--
*NC(=O)NCCO*,68,2,Linker,--
*C(*)(*)C,68,3,Linker,---
*COCCN(C)C,68,1,Sub,-
*CCNC(=O)C(C)(C)C,68,1,Sub,-
*C=CC(=O)OC(C)C,68,1,Sub,-
*C(=N)OC,68,1,Sub,-
*NCCOCCO,68,1,Sub,-
*C(=O)CS(C)(=O)=O,68,1,Sub,-
*OCC(C)(N)CC(C)C,68,1,Sub,-
*C(=O)NCCOCCO,68,1,Sub,-
*OC(C)C(=O)OC,68,1,Sub,-
*CC=C(C)CO,68,1,Sub,-
*C(=O)C(CCCC)CN(O)C=O,68,1,Sub,-
*=CCCN(C)C,68,1,Sub,=
*OCCOCCOCCF,68,1,Sub,-
*c1cc2sc(*)c(*)c2cc1*,67,4,Ring,----
*c1cccc2c1OC(*)(*)O2,67,3,Ring,---
*c1cc2nc(*)c(*)nc2c(*)c1*,67,5,Ring,-----
*c1ccnc2c1ncn2*,67,2,Ring,--
*C1=Cc2c(*)c(*)nc(*)c2N(*)C1=*,67,6,Ring,-----=
*C1=CNC(=*)C=C1*,67,3,Ring,-=-
*C1CC2CN(*)CCC2N1*,67,3,Ring,---
*c1nc2ccc3ncnc(*)c3c2s1,67,2,Ring,--
*N1CCSc2ncccc21,67,1,Ring,-
*c1ccc2cc1-c1cc(ccc1*)C(*)C(=*)NC(*)C(=*)NC(*)C2,67,7,Ring,---=-=-
*C1CCC2(*)C(CCC3C4CCC(*)C4(*)CCC32)C1*,67,5,Ring,-----
*c1ccc2c(*)cc(*)c-2cc1,67,3,Ring,---
*N1CCc2c(cnn2*)C1,67,2,Ring,--
*c1cc2c(cc1*)[n+](*)cn2*,67,4,Ring,----
*c1nc(*)c2c(*)n[nH]c2n1,67,3,Ring,---
*C1CCC(*)C1(*)*,67,4,Ring,----
*C1CCSC1,67,1,Ring,-
*C1=NOC(*)N1*,67,3,Ring,---
*c1cc(*)c2cccc(*)c2c1,67,3,Ring,---
*N1CCC(=*)C1=*,67,3,Ring,-==
*C1Cc2cc3c(cc2OC1(*)*)OC(=*)C=C3,67,4,Ring,---=
*C1=CC(=*)C(=*)C(=*)O1,67,4,Ring,-===
*=C1Nc2ccccc2S1,67,1,Ring,=
*C1=CNC(=*)N=C1*,67,3,Ring,-=-
*C1=NC2=C(CN(*)CC2)C(=*)N1,67,3,Ring,--=
*c1ccnc2c1cnn2*,67,2,Ring,--
*C1=NN(*)C(=*)c2cc3cc(*)ccc3n21,67,4,Ring,--=-
*c1cc2cc(*)n(*)c2cc1*,67,4,Ring,----
*N1c2ccccc2C(=*)N2CCc3c(n(*)c4ccccc34)C21,67,3,Ring,-=-
*C1C2C(=*)N(*)C(=*)C2C2(*)C(=*)N(*)CC(=*)N12,67,8,Ring,-=-=-=-=
*c1cc2c(nc1*)CN(*)C2=*,67,4,Ring,---=
*C1Nc2cccc3cccc(c23)N1,67,1,Ring,-
*c1ccc2c3n(*)c(=*)c4cc(*)ccc4c=3c(=*)c2c1,67,5,Ring,--=-=
*C1=CC(=*)Oc2c1ccc1oc(*)c(*)c21,67,4,Ring,-=--
*N1C(=*)N=C2C(=Nc3ccccc3N2*)C1=*,67,4,Ring,-=-=
*C1CCCCC(=*)N1*,67,3,Ring,-=-
*c1cc(*)c2cc(*)cnc2c1,67,3,Ring,---
*C1NC2(C(=*)Nc3ccccc32)C(*)C1*,67,4,Ring,-=--
*N1CCC2C1CC(=*)N2*,67,3,Ring,-=-
*c1nn(*)c2c1C(*)SCC(=*)N2,67,4,Ring,---=
*C1=NC(=*)c2ccccc21,67,2,Ring,-=
*C1CCC2(OC1)OC1CC3C4CCC5CC(*)CCC5(*)C4CC(=*)C3(*)C1C2*,67,6,Ring,---=--
*c1ccc2c(c1)CCC1(CCN(*)CC1)O2,67,2,Ring,--
*C1=C(*)C(*)NC1=*,67,4,Ring,---=
*c1cccc2occc12,67,1,Ring,-
*C1=C(*)C(=*)CO1,67,3,Ring,--=
*C1=Nc2c(nc(*)n2*)C(=*)N1,67,4,Ring,---=
*C1OCC(=*)N(*)C1*,67,4,Ring,-=--
*C1=CC2C(*)(C1=*)C(*)C1(*)OC1C1C3OC4(*)OC3(*)C(*)C(*)C12O4,67,9,Ring,--=------
*C1=C(*)C(=*)SS1,67,3,Ring,--=
*C1=Nc2[nH]c(*)nc2C(=*)N1,67,3,Ring,--=
*NC(=O)CCCCO*,67,2,Linker,--
*CC(NC(=O)N*)C(*)=O,67,3,Linker,---
*CC(=O)NNC(=O)N*,67,2,Linker,--
*CCNC(=O)C(*)N(*)C(=O)CCl,67,3,Linker,---
*C(=O)NCC(O)C(*)O,67,2,Linker,--
*CCC(O)CO*,67,2,Linker,--
*C(=O)NNC=*,67,2,Linker,-=
*C(=O)NC(*)C(=O)NO,67,2,Linker,--
*COC(=O)NN=*,67,2,Linker,-=
*CC(*)=NOC(*)=O,67,3,Linker,---
*OC(*)C(=O)OC,67,2,Linker,--
*C#CCON=*,67,2,Linker,-=
*CC(C(*)=O)N(C)C,67,2,Linker,--
*CN(CC(=O)NO)S(*)(=O)=O,67,2,Linker,--
*CCCN(C*)C(=S)N*,67,3,Linker,---
*CCCCNCCO*,67,2,Linker,--
*CN(C(C)C(=O)O)S(*)(=O)=O,67,2,Linker,--
*CCN(C*)C(=O)N*,67,3,Linker,---
*SC(CCCCCC)C(=O)O,67,1,Sub,-
*S(=O)(=O)C=CC#N,67,1,Sub,-
*C(=C)C(=O)OC,67,1,Sub,-
*OCCCBr,67,1,Sub,-
*CNC(=O)N(C)C,67,1,Sub,-
*C(C)(C)OC(C)=O,67,1,Sub,-
*CN=C=S,67,1,Sub,-
*CCCCCCC(=O)OC,67,1,Sub,-
*NS(=O)(=O)CCCCCCCC,67,1,Sub,-
*CCS(=O)(=O)O,67,1,Sub,-
*=NOC(C)=O,67,1,Sub,=
*C(=O)OCCF,67,1,Sub,-
*NC(=O)C(C)(N)CO,67,1,Sub,-
*CNC(=O)NCC,67,1,Sub,-
*CCCCCCCCCCCCCCCCC,67,1,Sub,-
*C(C)NC(=O)OC(C)(C)C,67,1,Sub,-
*c1ncc2c(n1)N(*)C(=*)N2,66,3,Ring,--=
*C1=CC(=*)Nc2c1ccc(*)c2*,66,4,Ring,-=--
*c1ccc2c(c1)CCN(*)C2(*)*,66,4,Ring,----
*c1ccc2c(c1)NC(=*)C(*)N2,66,3,Ring,-=-
*C12CCC(=*)C=C1CCC1C2CCC2(*)C1CCC2(*)*,66,5,Ring,-=---
*c1ccc2c3c1OC1C(=*)C(=*)CC4(*)C(C2)N(*)CCC314,66,5,Ring,-==--
*c1nc2ccncc2nc1*,66,2,Ring,--
*C1CCc2ccccc2C1=*,66,2,Ring,-=
*c1cc2c(cc1*)N(*)C1=NC(=*)NC(=*)C1=N2,66,5,Ring,---==
*c1ccc(*)c2c1CC(*)CO2,66,3,Ring,---
*c1ccc2c(c1)C(=*)C=CO2,66,2,Ring,-=
*C1Oc2ccccc2NC1=*,66,2,Ring,-=
*C1Cc2ccccc2C(=*)O1,66,2,Ring,-=
*C1CN2CCCC2(*)C1,66,2,Ring,--
*C1CC2CC(=*)CC2C1*,66,3,Ring,-=-
*c1ccc2occc2c1*,66,2,Ring,--
*C1=CNC(=*)C(*)=N1,66,3,Ring,-=-
*N1CCOCC2(C1)CN(*)CCO2,66,2,Ring,--
*c1cc2n(n1)CCCN2*,66,2,Ring,--
*c1ncc2c(n1)N(*)c1ccccc1C(=*)N2*,66,4,Ring,--=-
*C1=NC(*)(*)C2(CCC(*)CC2)S1,66,4,Ring,----
*C1CC(*)(*)OOC1(*)*,66,5,Ring,-----
*C1=C(*)C(*)(*)CCC1*,66,5,Ring,-----
*c1ncnc2sc3c(c12)N=CN(*)C3=*,66,3,Ring,--=
*c1ccc2c(c1)Oc1ccc(*)cc1C2=*,66,3,Ring,--=
*c1nc(*)c2c3c(sc2n1)COC(*)(*)C3,66,4,Ring,----
*C1=NC2(CO1)c1cc(*)ccc1OC(*)(*)C21COC1,66,4,Ring,----
*C1C(*)(*)CCC2C(*)(*)C(=*)CCC12*,66,7,Ring,-----=-
*c1nc2cc3nc(*)sc3cc2s1,66,2,Ring,--
*c1cc(*)c2[nH]ccc2c1,66,2,Ring,--
*C1=NC(=*)SS1,66,2,Ring,-=
*C1CCc2nccn2C1,66,1,Ring,-
*c1cc2c(cc1*)CN(*)C(*)C2,66,4,Ring,----
*c1ncnc2c3c(n(*)c12)COC3,66,2,Ring,--
*C1=Nc2c(*)n[nH]c2C(=*)N1,66,3,Ring,--=
*c1ccc(*)c2c1CCCC2,66,2,Ring,--
*c1cc2c(n1*)CCCC2,66,2,Ring,--
*C1CC2CN(*)CC2N1*,66,3,Ring,---
*C1C2=C(CC(*)(*)CC2=*)OC2=C1C(=*)CC(*)(*)C2,66,7,Ring,---==--
*c1ccc2nnsc2c1,66,1,Ring,-
*c1nc2c(n1*)C(=*)N(*)C1=NC3CCCC3N12,66,4,Ring,--=-
*N1CC2(CCOCC2)C1,66,1,Ring,-
*c1ccc2c(c1)-c1nc(*)c(*)n1CCO2,66,3,Ring,---
*C1=CNc2cc(*)ccc2C1=*,66,3,Ring,--=
*c1sc(*)c2c1CC1C2C1(*)*,66,4,Ring,----
*c1nc2ncnn2c2c1CCN2*,66,2,Ring,--
*C1CCC2(*)C(CCC3C2CCC2(*)C(*)C(*)CC32*)C1,66,6,Ring,------
*c1c(*)c(=*)c2c(c1=*)C(*)C1(*)C3C(CN21)N3*,66,7,Ring,--==---
*c1cc2c(*)c(*)cnc2s1,66,3,Ring,---
*CCSC(*)=S,66,2,Linker,--
*OC(*)CCC,66,2,Linker,--
*C(O)C(*)O,66,2,Linker,--
*C(*)C=C,66,2,Linker,--
*C(=O)COC(=O)CNS(*)(=O)=O,66,2,Linker,--
*CN(*)CC(*)=O,66,3,Linker,---
*C(=O)NC(*)(C)CO,66,2,Linker,--
*C=NNC(=O)C(*)=O,66,2,Linker,--
*NCCC(*)*,66,3,Linker,---
*CN(C)CCCCCCCO*,66,2,Linker,--
*C(=O)OC(*)CC=C(C)C,66,2,Linker,--
*C(*)=C(*)*,66,4,Linker,----
*CC(NC(*)=O)C(=O)OC(C)(C)C,66,2,Linker,--
*CCC(*)(N)C(=O)O,66,2,Linker,--
*CN(CC(=O)O)C(*)=O,66,2,Linker,--
*NC(=O)C(N)CO,66,1,Sub,-
*NCCC#N,66,1,Sub,-
*NC(=S)NC(C)=O,66,1,Sub,-
*S(=O)(=O)CCO,66,1,Sub,-
*C(O)C(C)O,66,1,Sub,-
*C(=O)OC(C)CC,66,1,Sub,-
*CCN(C(C)C)C(C)C,66,1,Sub,-
*NC(=O)CCCCCCCC=CCCCCCCCC,66,1,Sub,-
*=NN(C)C,66,1,Sub,=
*=CCCCC(=O)O,66,1,Sub,=
*C(=O)NCCC(O)CO,66,1,Sub,-
*NC(=O)C=CC(=O)OC,66,1,Sub,-
*NC(C)C(N)=O,66,1,Sub,-
*C(=O)NC(CO)CO,66,1,Sub,-
*C(=O)NC(C)C(F)(F)F,66,1,Sub,-
*COS(C)(=O)=O,66,1,Sub,-
*C(=O)OCC(=O)NC(C)(C)C,66,1,Sub,-
*C1Oc2ccccc2C(=*)C1*,65,3,Ring,-=-
*c1nc2ccnn2c(*)c1*,65,3,Ring,---
*c1cc(*)c2c(c1)OC(*)C2*,65,4,Ring,----
*C1COc2ccccc21,65,1,Ring,-
*C1=Nc2sc3c(c2C(=*)N1)CCCC3,65,2,Ring,-=
*c1ccc2nc(*)c3c(c2c1)-c1ccccc1C3=*,65,3,Ring,--=
*C1=NOC(*)O1,65,2,Ring,--
*c1c2ccccc2nc2c1[nH]c1ccccc12,65,1,Ring,-
*c1ccn2nc(*)c(*)c2c1,65,3,Ring,---
*C1=C2C3CCC4C5(*)CCC(*)C(*)(*)C5CCC4(*)C3(*)CCC2(*)CC1=*,65,9,Ring,--------=
*C1c2ncccc2C(=*)N1*,65,3,Ring,-=-
*c1nn(*)c2c1CCN(*)C2,65,3,Ring,---
*C1CC2OC(*)(C1*)n1c3ccccc3c3c4c(c5c6ccccc6n2c5c31)C(=*)NC4,65,4,Ring,---=
*C1=NSC2=NC(=*)C(=*)C(=*)N12,65,4,Ring,-===
*C1=NC(=*)CN1*,65,3,Ring,-=-
*N1C(=*)Cc2ccccc2C1=*,65,3,Ring,-==
*c1ccc2cc(*)c(*)cc2n1,65,3,Ring,---
*C1(*)CS(=*)(=*)C2(CCOC2)C(=*)N1,65,5,Ring,--===
*c1ccc2c(*)nc(*)cc2c1,65,3,Ring,---
*c1nc2sc(=*)c(=*)n2n1,65,3,Ring,-==
*c1nc2c(=*)c(*)c(*)c(=*)c2[nH]1,65,5,Ring,-=--=
*C1CCCNCC1,65,1,Ring,-
*c1ccc2c(c1)C(=*)c1ccccc1O2,65,2,Ring,-=
*c1ccc2c(c1)C(=*)CC(*)(*)O2,65,4,Ring,-=--
*N1CCCN2CCCC2C1,65,1,Ring,-
*C1=C(*)c2ccc(*)cc2N(*)C1=*,65,5,Ring,----=
*C1C=CC(*)C(*)C1*,65,4,Ring,----
*c1cc(*)n2nc(*)c(*)c2c1,65,4,Ring,----
*c1nc2ccnc(*)n2n1,65,2,Ring,--
*c1nc(*)c2c(*)c(*)c(*)nc2n1,65,5,Ring,-----
*N1Cc2cn[nH]c2C1,65,1,Ring,-
*c1ccc2c3c1c(=*)c1ccncc1c3nn2*,65,3,Ring,-=-
*C1(*)OC(=*)c2ccccc21,65,3,Ring,--=
*C1CCC2(CC1)CCN(*)C(=*)O2,65,3,Ring,--=
*C1=CC(=*)Oc2c(*)c(*)c(*)c(*)c21,65,6,Ring,-=----
*c1ccc(*)c2c1OCC1C(*)OCCC21*,65,4,Ring,----
*c1sc2nc3c(cc2c1*)CN(*)CC3,65,3,Ring,---
*C1=C(*)C(=*)N(*)C=N1,65,4,Ring,--=-
*c1cnc2nc(*)oc2c1,65,2,Ring,--
*n1ncc2c1-c1ccccc1OC2=*,65,2,Ring,-=
*c1cc2c(cc1*)N1C(=*)OC(*)C1CO2,65,4,Ring,--=-
*C1=NN2C(*)=Nc3ccccc3C2=NC1=*,65,3,Ring,--=
*c1ccc2ccc(*)nc2n1,65,2,Ring,--
*C1=CC(=*)Oc2cc(*)c3c(c21)OC(*)(*)C=C3,65,5,Ring,-=---
*c1cc2c(nc1*)CCN(*)C2,65,3,Ring,---
*C1=C(*)C(*)(*)N(*)C1=*,65,6,Ring,-----=
*c1ccc2c(c1)CCNC2,65,1,Ring,-
*C=CC(=O)NC(C*)C(=O)OC,65,2,Linker,--
*NC(=NC#N)N*,65,2,Linker,--
*CN(*)CC(C)C,65,2,Linker,--
*CCCNC(=O)C(C*)NC(*)=O,65,3,Linker,---
*C(*)N(C)C,65,2,Linker,--
*CCCN=C(S)N*,65,2,Linker,--
*C(*)CS(=O)(=O)C(C)(C)C,65,2,Linker,--
*CCNC(*)=NO,65,2,Linker,--
*CNCCCNC(*)=O,65,2,Linker,--
*CN(C)C(=O)COC(*)=O,65,2,Linker,--
*C[S+](C)[O-],65,1,Sub,-
*C(=N)S,65,1,Sub,-
*C(Cl)Cl,65,1,Sub,-
*C(=O)NCCNC(=N)N,65,1,Sub,-
*NCCCCCCCCCC,65,1,Sub,-
*CN(C)CCC,65,1,Sub,-
*C(=O)NC(C(=O)OC)C(C)CC,65,1,Sub,-
*C1CN(*)N(*)C(=*)N(*)C1*,64,6,Ring,---=--
*N1C(=*)c2c(sc3c2CCCC3)N(*)C1=*,64,4,Ring,-=-=
*c1cnc2c(c1*)NCCO2,64,2,Ring,--
*C1=CN(*)N=C(*)C1=*,64,4,Ring,---=
*C1(*)CCC(=*)O1,64,3,Ring,--=
*c1c(*)[n+](*)c(*)n1*,64,5,Ring,-----
*c1ccc2c(c1)OC(=*)c1ccccc1-2,64,2,Ring,-=
*C1CC(*)(*)OOC1*,64,4,Ring,----
*c1cc(*)c2cc3[n+](cc2c1*)CCc1cc2c(cc1-3)OCO2,64,3,Ring,---
*c1nc2c(n1*)N1CC(*)N=C1N(*)C2=*,64,5,Ring,----=
*C1=CN(*)C=CC1,64,2,Ring,--
*N1CCNCC1=*,64,2,Ring,-=
*c1ccc2c(c1)N(*)Cc1c(*)ncn1-2,64,3,Ring,---
*C1=NC(=*)C(*)=C1*,64,4,Ring,-=--
*N1CC2CCCCC2C1,64,1,Ring,-
*c1ncc2c(n1)-c1ccccc1N(*)S2(=*)=*,64,4,Ring,--==
*C1(*)CCC(=*)CC1,64,3,Ring,--=
*C1=CC(=*)N2C=C(*)SC2=N1,64,3,Ring,-=-
*c1ccc2c(*)c(*)ncc2c1,64,3,Ring,---
*c1ccc2c(c1)c(*)c1c3ccccc3nc-1n2*,64,3,Ring,---
*c1cc2c(cc(*)n2*)c(*)c1*,64,5,Ring,-----
*c1cc(*)c2nc(*)nc(*)c2n1,64,4,Ring,----
*C1CSSCCC(=*)NC(*)C(=*)NC(*)C(=*)NC(*)C(=*)NC(*)C(=*)N1,64,10,Ring,-=-=-=-=-=
*c1ccc2c(c1)CC(*)OC2=*,64,3,Ring,--=
*C1CC(=*)NCCCCC(*)C(=*)NC(*)C(=*)NC(*)C(=*)N1,64,8,Ring,-=-=-=-=
*c1c[nH]c2ncncc12,64,1,Ring,-
*C1=NN(*)C(=*)C(*)=N1,64,4,Ring,--=-
*c1cc2c(nc1*)CCN(*)CC2,64,3,Ring,---
*c1cc2n(c1)C(=*)N(*)C2,64,3,Ring,-=-
*C1=CN2C(=*)C(*)=C(*)N=C2C=C1,64,4,Ring,-=--
*C1CCCC(*)CCC1,64,2,Ring,--
*N1CCc2c(nnn2*)C1,64,2,Ring,--
*C1CC2C(CCC3(*)C(=*)CCC23)C2(*)C=CC(=*)C=C12,64,5,Ring,--=-=
*c1c(*)c(=*)c2c(nc3n2CCC3*)c1=*,64,5,Ring,--=-=
*c1nc2c(*)c(*)ncn2n1,64,3,Ring,---
*c1cc2c(cc1*)N(*)CCC2,64,3,Ring,---
*N1CCc2cccc3c2C1CNC3=*,64,2,Ring,-=
*c1ccc2c(c1)C(*)N(*)S2(=*)=*,64,5,Ring,---==
*c1cnc2c(c1)N(*)C(=*)N2,64,3,Ring,--=
*c1cc(*)c2[nH]c3nc(*)nc(*)c3c2c1,64,4,Ring,----
*c1ccc(*)c2c(*)cccc12,64,3,Ring,---
*C1CCCC2C1N(*)CCN2*,64,3,Ring,---
*C(*)=C(*)C,64,3,Linker,---
*C=CC(=O)OCC(=O)NCC*,64,2,Linker,--
*CC(NCC(=O)O)C(*)=O,64,2,Linker,--
*CC(NC(*)=O)C(=O)NC(*)C(=O)NC(C(=O)C(F)(F)F)C(C)C,64,3,Linker,---
*C=CCOC(*)=O,64,2,Linker,--
*CCCCCCN(C*)CC,64,2,Linker,--
*C(=O)N(CCCN)C(*)CC,64,2,Linker,--
*CC(*)C(=O)OCC,64,2,Linker,--
*NC(=NC(*)=O)N*,64,3,Linker,---
*N(*)CC#C,64,2,Linker,--
*COC(=O)C(N)C*,64,2,Linker,--
*CCCCOC(=O)N*,64,2,Linker,--
*CCCCC(=O)NCC*,64,2,Linker,--
*CCCOS(*)(=O)=O,64,2,Linker,--
*CNC(=O)C(C*)NS(*)(=O)=O,64,3,Linker,---
*CC(=O)NCC(*)C,64,2,Linker,--
*OCCCCN,64,1,Sub,-
*CNS(=O)(=O)CCC,64,1,Sub,-
*CN(C)CCNC,64,1,Sub,-
*NS(=O)(=O)CC(C)C,64,1,Sub,-
*CC(O)C(C)(C)O,64,1,Sub,-
*CNS(=O)(=O)C(F)(F)F,64,1,Sub,-
*C(=O)NCCCCCC(=O)O,64,1,Sub,-
*COC(=O)CCCCCCC,64,1,Sub,-
*C(=O)CSC(=S)SCC,64,1,Sub,-
*S(=O)(=O)NCC#C,64,1,Sub,-
*S(=O)(=O)NC(=O)OCCC(C)C,64,1,Sub,-
*C=NNC(=N)NO,64,1,Sub,-
*C(=O)C(Cl)(Cl)Cl,64,1,Sub,-
*CCCN=[N+]=[N-],64,1,Sub,-
*=C(C)C(=O)OC,64,1,Sub,=
*C=NNC(=S)NC,64,1,Sub,-
*C=CC(C)(C)O,64,1,Sub,-
*OCC=C(Cl)Cl,64,1,Sub,-
*SCCCC(=O)O,64,1,Sub,-
*C(=O)NC(C=O)CCCN=C(N)N,64,1,Sub,-
*CCNC(C)C,64,1,Sub,-
*SCC(=O)NC(C)CC,64,1,Sub,-
*C(=O)NC(CO)C(N)=O,64,1,Sub,-
*N1CC2COCC2C1,63,1,Ring,-
*c1cc2c(cc1*)OCC2,63,2,Ring,--
*C1CC(*)(*)C(*)(*)C(*)O1,63,6,Ring,------
*c1cc(*)c2c(c1*)CCC2,63,3,Ring,---
*c1cccc2c1C(=*)OC2(*)*,63,4,Ring,-=--
*N1CCCOC1=*,63,2,Ring,-=
*c1cc(*)c2c(c1)ncn2*,63,3,Ring,---
*C1=C(*)C(*)(*)C(=*)C(*)(*)C1=*,63,8,Ring,----=--=
*C1=Nc2c(oc3ccc(*)cc23)C(=*)N1,63,3,Ring,--=
*c1cnsc1,63,1,Ring,-
*C1=CC(=*)Nc2c(*)cnn21,63,3,Ring,-=-
*C1=NC(=*)N(*)N=C1*,63,4,Ring,-=--
*C1(*)c2ccccc2C2=NCCN21,63,2,Ring,--
*c1sc2c(c1*)CCC(*)(*)C2,63,4,Ring,----
*C1=NCCCS1,63,1,Ring,-
*N1CCc2ccccc2CC1,63,1,Ring,-
*C1=NC(*)c2nnc(*)n2-c2ccc(*)cc21,63,4,Ring,----
*C1=CC(*)C2(*)C3CC4OC45C(*)C=CC(=*)C5(*)C3CCC12*,63,7,Ring,----=--
*c1ccc2c(c1)oc1ccc(*)cc12,63,2,Ring,--
*C1=Cc2c(cnc(*)c2*)N(*)C1=*,63,5,Ring,----=
*C1CCC2(*)C1CCC1C3(*)CCC(*)C(*)(*)C3CCC12*,63,7,Ring,-------
*C1CC2C(CN1*)C(=*)CC(*)N2*,63,5,Ring,--=--
*c1cc(*)c(=*)c(=*)c1,63,4,Ring,--==
*C1=Nc2cc(*)ccc2Sc2ccc(*)cc21,63,3,Ring,---
*c1cc(*)c2c(c1*)CCCO2,63,3,Ring,---
*C1C2C=CCCC2(*)C(=*)N1*,63,4,Ring,--=-
*C1=CC(=*)N(*)c2cc(*)ccc21,63,4,Ring,-=--
*c1cc2c(nc1*)CCCN2*,63,3,Ring,---
*c1ccc2c(c1)C(=*)N(*)C(*)N2,63,4,Ring,-=--
*C1CCC2CC(*)N(*)C2C1,63,3,Ring,---
*C1=NN(*)C(=*)c2cc3sc(*)cc3n21,63,4,Ring,--=-
*C1CC2CCCC(C1)C2=*,63,2,Ring,-=
*C1=C(*)C(*)OC1,63,3,Ring,---
*C1=NS(=*)(=*)c2ccccc2N1*,63,4,Ring,-==-
*c1nc2n(*)c(*)cn2c1*,63,4,Ring,----
*c1c2c(cc3c1C(*)N(*)CC3)OCO2,63,3,Ring,---
*C1C(=*)CCCC1=*,63,3,Ring,-==
*C1=NN(*)C(=*)c2c(*)noc21,63,4,Ring,--=-
*C1=[N+](*)C(*)(*)C(*)(*)N1*,63,7,Ring,-------
*N1CN(*)c2nc3ccccc3nc21,63,2,Ring,--
*C1CCC2(*)C(*)C3(CCC2C1(*)*)CO3,63,5,Ring,-----
*C1=C(*)N(*)C(=*)O1,63,4,Ring,---=
*c1c2[nH]c3ccccc3c2cc[n+]1*,63,2,Ring,--
*C1C(=*)N(*)S(=*)(=*)N1*,63,6,Ring,-=-==-
*C1CC(*)(*)C(*)C(*)C1*,63,6,Ring,------
*C1=CC=CC1,63,1,Ring,-
*c1ccc2c(c1)-c1sc(*)cc1C(=*)O2,63,3,Ring,--=
*C1c2ccccc2C=NN1*,63,2,Ring,--
*c1cccc2c1C(=*)c1c(*)n[nH]c1-2,63,3,Ring,-=-
*C1=CNc2cc(*)c(*)cc2C1=*,63,4,Ring,---=
*C1=Nc2c(*)csc2C(=*)N1*,63,4,Ring,--=-
*c1cn(*)c2cnccc12,63,2,Ring,--
*C1CCC2(*)C3CC(=*)C(=*)C3(*)CCC2C1(*)*,63,7,Ring,--==---
*C1CC2CC1CC2*,63,2,Ring,--
*C(=NS(*)(=O)=O)NCC,63,2,Linker,--
*CC(C)(C)NC(*)=O,63,2,Linker,--
*CN(C)C(C)C(=O)N*,63,2,Linker,--
*C(=O)CC(*)CC(*)=O,63,3,Linker,---
*CC(*)C(=O)NC,63,2,Linker,--
*NC(=N)NC(*)=O,63,2,Linker,--
*CC(*)NC(=O)C(C)C(*)OC,63,3,Linker,---
*CC(*)S*,63,3,Linker,---
*CN(*)C(=O)CSC(*)=S,63,3,Linker,---
*OCC(=O)NNC(=S)NC(*)=O,63,2,Linker,--
*SCC(=O)N(*)CCOC,63,2,Linker,--
*OCC(*)N,63,2,Linker,--
*C(=O)NC(CO)C(*)=O,63,2,Linker,--
*CN(*)C(=O)CCCC,63,2,Linker,--
*CCN(CC)C(*)=O,63,2,Linker,--
*CCCC(C)N*,63,2,Linker,--
*CCN(C)CCO*,63,2,Linker,--
*C=NOC(=O)N*,63,2,Linker,--
*CCCCN(*)CCC,63,2,Linker,--
*C(C)(O)C(=O)CCC(C)(C)OC(C)=O,63,1,Sub,-
*C(C)(C)C(F)(F)F,63,1,Sub,-
*C(=O)C#C,63,1,Sub,-
*C(C)C(=O)NCC,63,1,Sub,-
*C(=O)NC(CCC(=O)OC)C(=O)OC,63,1,Sub,-
*=CC(C)C,63,1,Sub,=
*C(=O)CCC(C)C,63,1,Sub,-
*OCCCNC,63,1,Sub,-
*C(=O)NCCC#N,63,1,Sub,-
*C(=O)N(C)CCC,63,1,Sub,-
*OC(=O)OC(C)(C)C,63,1,Sub,-
*C(CC(=O)O)OCC,63,1,Sub,-
*CON,63,1,Sub,-
*NC(=O)C(C)(C)CC,63,1,Sub,-
*NC(=O)CCCCC(=O)NO,63,1,Sub,-
*CC(=O)OCC#C,63,1,Sub,-
*c1cccc2c3c(cnc12)C(=*)N(*)C(=*)N3*,62,5,Ring,-=-=-
*c1ccc2c(c1)C1(*)CCN(*)C(C2)C1(*)*,62,5,Ring,-----
*C1CC(=*)N(*)C(=*)N1,62,4,Ring,-=-=
*C1=C(*)N(*)c2nc3c(n2C1=*)C(=*)N(*)C(=*)N3*,62,8,Ring,---==-=-
*C1CC(*)(*)C(*)CN1*,62,5,Ring,-----
*c1c2c(cc3ccoc13)C=CC(=*)O2,62,2,Ring,-=
*c1nn(*)c2c1CC1CC21,62,2,Ring,--
*=S1(=*)CCC1,62,2,Ring,==
*C1C2COCC12,62,1,Ring,-
*C1Oc2ccccc2C(=*)C1=*,62,3,Ring,-==
*C1CCC12CCN(*)CC2,62,2,Ring,--
*c1cc2c(nc(*)n2*)c(*)c1*,62,5,Ring,-----
*C1=NCC2(S1)c1ccccc1N(*)C2*,62,3,Ring,---
*C1SC(*)C(*)C(*)C1*,62,5,Ring,-----
*c1nc(*)c2nccnc2n1,62,2,Ring,--
*C1=Nc2ccc(*)cc2NC(=*)C1,62,3,Ring,--=
*C1=Nc2ncc(*)nc2C(=*)N1,62,3,Ring,--=
*c1cc2c(cc1*)N(*)CCO2,62,3,Ring,---
*c1cc2c(cc1*)OC(*)(*)O2,62,4,Ring,----
*c1ccc2c(c1)CN(*)C(=*)C(*)O2,62,4,Ring,--=-
*c1cc2c(*)cncc2[nH]1,62,2,Ring,--
*c1cc(*)c2nn(*)cc2c1,62,3,Ring,---
*C1CCCC(=*)C1=*,62,3,Ring,-==
*C1CC(=*)NC(*)C(=*)NC(*)C(=*)NC(*)C(=*)O1,62,8,Ring,-=-=-=-=
*C1COCC(*)(*)O1,62,3,Ring,---
*N1CCOC2(CCCC2)C1,62,1,Ring,-
*c1nc2c(c(*)c1*)C(=*)N(*)C(=*)N2*,62,7,Ring,---=-=-
*c1ccc2c(=*)n(*)c(=*)c2c1*,62,5,Ring,-=-=-
*N1C=Nc2c(c3nc4ccccc4nc3n2*)C1=*,62,3,Ring,--=
*c1ccc2c(c1)C(*)CC2=*,62,3,Ring,--=
*C1=NC(=*)c2ccc(*)c(*)c2O1,62,4,Ring,-=--
*c1c2n(c3ccccc13)CC(*)CC2,62,2,Ring,--
*C1N(*)CC1(*)*,62,4,Ring,----
*C1=NCC(=*)N(*)c2ccccc21,62,3,Ring,-=-
*c1csc2c1C(=*)NC=N2,62,2,Ring,-=
*C1=CC(=*)N=C(*)N1,62,3,Ring,-=-
*c1nc(*)c2c(*)coc2n1,62,3,Ring,---
*C1CC1=*,62,2,Ring,-=
*C1CC2(CCN(*)CC2)CN(*)C1=*,62,4,Ring,---=
*c1cc2cnn(*)c2cc1*,62,3,Ring,---
*c1ccc2c(c1)CCc1c(*)noc1-2,62,2,Ring,--
*c1cccc2ccsc12,62,1,Ring,-
*CC(*)OC,62,2,Linker,--
*C(=O)N(*)CCC(C)C,62,2,Linker,--
*NNC(=S)N*,62,2,Linker,--
*CC(N)C(=O)O*,62,2,Linker,--
*CC(=O)N(CCS(=O)(=O)CC)C(*)C,62,2,Linker,--
*OCC(=O)NC(C(=O)NC(CC(=O)O)C(=O)CO*)C(C)C,62,2,Linker,--
*CCC(=O)N(C)CC*,62,2,Linker,--
*NC(C(=O)O)C(C)C,62,1,Sub,-
*NCCCCCCN,62,1,Sub,-
*N(CC)CCO,62,1,Sub,-
*SCC(=C)C,62,1,Sub,-
*NC(=O)COC(C)=O,62,1,Sub,-
*NCC(C)(C)CO,62,1,Sub,-
*=CCCC,62,1,Sub,=
*C(=O)C(N)CCCNC(=N)N,62,1,Sub,-
*CN(CCCl)CCCl,62,1,Sub,-
*C(=O)C(C)CC(F)(F)F,62,1,Sub,-
*C(OCC)OCC,62,1,Sub,-
*COCC=C,62,1,Sub,-
*NCCCCN(CC)CC,62,1,Sub,-
*SCC(=O)NCC(=O)OCC,62,1,Sub,-
*CNC(=O)C(F)(F)F,62,1,Sub,-
*OC(=O)NCCC,62,1,Sub,-
*c1ccc2c(c1)C(=*)c1ccc(*)cc1-2,61,3,Ring,-=-
*c1ccc2c(c1)OC(*)CN2*,61,3,Ring,---
*c1cc(*)c2c(*)[nH]nc2n1,61,3,Ring,---
*N1Cc2cc3c(=*)n(*)c(=*)c3cc2C1,61,4,Ring,-=-=
*c1cc2c(nc(*)n2*)c2c1CCC(*)O2,61,4,Ring,----
*C1CSSC1,61,1,Ring,-
*c1cc(*)c2c(c1)OC(*)C(*)C2*,61,5,Ring,-----
*c1ccc2c(c1)CCC21OC(=*)N(*)C1=*,61,4,Ring,-=-=
*C1COC(*)(*)C1,61,3,Ring,---
*c1cc(*)c2ccn(*)c2n1,61,3,Ring,---
*C1C(=*)C(=*)N(*)C1=*,61,5,Ring,-==-=
*c1ccc2c(c1)N(*)CC(*)N2*,61,4,Ring,----
*c1ccc2c(c1*)CCC2*,61,3,Ring,---
*N1CC(=*)N2CCc3ccccc3C2C1,61,2,Ring,-=
*c1ccc2cc3ccccc3cc2c1,61,1,Ring,-
*c1ccc2c(c1)CCC1C(*)CCC21*,61,3,Ring,---
*C1NC(=*)C(*)NC(=*)C(*)NC(=*)C(*)NC(=*)C(*)NC(=*)C(*)NC1=*,61,12,Ring,-=-=-=-=-=-=
*C1CC2C(C1(*)*)C2(*)*,61,5,Ring,-----
*C1CCC=CC2CC2(*)NC(=*)C2CC(*)CN2C(=*)C(*)C(*)C1,61,7,Ring,--=-=--
*C1Cc2ccccc21,61,1,Ring,-
*c1csc(*)[n+]1*,61,3,Ring,---
*c1cc2c[nH]ccc-2n1,61,1,Ring,-
*N1C(=*)C(=*)NC(=*)C1=*,61,5,Ring,-====
*c1cc(*)c2sc(*)c(*)c2c1,61,4,Ring,----
*C1=CC(*)C(*)CC1*,61,4,Ring,----
*C1CCC2CCCCC2C1,61,1,Ring,-
*c1ccc2ncccc2n1,61,1,Ring,-
*C1=CC(=*)N2C(=N1)SC(*)=C2*,61,4,Ring,-=--
*c1cc(*)c2c(c1)N(*)CCO2,61,3,Ring,---
*c1ccc2c(c1)NC(=*)C2,61,2,Ring,-=
*c1ccc2[nH]nc(*)c2c1*,61,3,Ring,---
*C1C=CC(=*)C1*,61,3,Ring,-=-
*C1CC2(CCN(*)CC2)CO1,61,2,Ring,--
*C1=CN(*)C2=C(NC(=*)C=C2)C1=*,61,4,Ring,--==
*N1CC(*)(*)c2ccccc21,61,3,Ring,---
*c1ccc2cc(*)c3ccc(*)cc3c2c1,61,3,Ring,---
*c1cccc2c1ccc1nc3cccc(*)c3nc12,61,2,Ring,--
*C1=[N+]2C(=Cc3c(*)cc(*)n3[B-]2(*)*)C=C1,61,5,Ring,-----
*C1COC2(C1)CN(*)C2,61,2,Ring,--
*c1[nH]c2ncccc2c1*,61,2,Ring,--
*C1=NC2(CCC3CN(*)CC32)C(=*)N1*,61,4,Ring,--=-
*c1cccc2c1C(=*)N(*)C(=*)N2*,61,5,Ring,-=-=-
*N1C(=*)C2CCCCN2C1=*,61,3,Ring,-==
*N1CC(=*)N(*)C(=*)C1,61,4,Ring,-=-=
*C1C2CC(*)(CO2)C1*,61,3,Ring,---
*c1cc(=*)[nH]c1=*,61,3,Ring,-==
*N1CCC2(CCC2)C1,61,1,Ring,-
*c1cc2c3c(ccc4c3c1C(=*)N(*)C4=*)C(=*)N(*)C2=*,61,7,Ring,-=-==-=
*C=CCNC(=O)O*,61,2,Linker,--
*CNC(=O)CS(=O)(=O)C*,61,2,Linker,--
*N(C)C(=O)C(*)(C)C,61,2,Linker,--
*C(*)CCN(C)C,61,2,Linker,--
*CNC(=O)NC(=O)C*,61,2,Linker,--
*COC(=O)NCC(*)=O,61,2,Linker,--
*C=NNC(=S)NC*,61,2,Linker,--
*CC(NC(*)=O)C(=O)N(*)C,61,3,Linker,---
*N(*)C(C)C,61,2,Linker,--
*NC(=O)CN(*)C(=O)CNC(*)=O,61,3,Linker,---
*N(CC(=O)OC)S(*)(=O)=O,61,2,Linker,--
*NC(=O)C(*)CC(*)=O,61,3,Linker,---
*OCC(=O)C(CC(=O)O)NC(*)=O,61,2,Linker,--
*COC(=O)NC(*)*,61,3,Linker,---
*C=C(*)Cl,61,2,Linker,--
*C(CN)CC(=O)O,61,1,Sub,-
*OCCCCCCCC(=O)NO,61,1,Sub,-
*C=CCl,61,1,Sub,-
*CCCCCCO,61,1,Sub,-
*OCCO[N+](=O)[O-],61,1,Sub,-
*O[Si](C(C)C)(C(C)C)C(C)C,61,1,Sub,-
*NC(=O)CCCCCCC(=O)O,61,1,Sub,-
*OC(=O)COC,61,1,Sub,-
*C(=O)N(CCCCC)CCCCC,61,1,Sub,-
*NC(CCC)CCO,61,1,Sub,-
*OCCCCCCCCCCCCCCCCCC,61,1,Sub,-
*C(C)(C)F,61,1,Sub,-
*c1cc(*)c2nc[nH]c2c1,60,2,Ring,--
*c1nc2n(n1)CCN(*)C2,60,2,Ring,--
*C1=CC2c3c(*)cc(*)cc3OC(*)(*)C2CC1,60,5,Ring,-----
*N1CCC2(CCNCC2)CC1,60,1,Ring,-
*c1c[se]c(*)n1,60,2,Ring,--
*c1[nH]c2c(c1*)C(=*)CC(*)(*)C2,60,5,Ring,--=--
*c1ccc2c(*)nncc2c1,60,2,Ring,--
*c1cc2cccnc2nc1*,60,2,Ring,--
*c1ccc2nc3c(c(*)nn3*)c(*)c2c1,60,4,Ring,----
*C1N=NN=N1,60,1,Ring,-
*N1CC[N+]2(CCCC2)CC1,60,1,Ring,-
*c1ccc2c(c1)-c1nc(*)nc(*)c1C2=*,60,4,Ring,---=
*C1=C(*)c2cc3[nH]c4c(c5nc(cc6[nH]c(cc1n2)c(*)c6*)C(*)C5*)CC(=*)c4c3*,60,8,Ring,------=-
*C1=CC(=*)NN=C1*,60,3,Ring,-=-
*c1ccc2ocnc2c1,60,1,Ring,-
*c1nc(*)c2[nH]c(*)cc2n1,60,3,Ring,---
*c1ccc2c(c1)Oc1cc(*)ccc1C21OC(=*)c2cc(*)ccc21,60,4,Ring,--=-
*c1nc2c(cnn2*)c(*)c1*,60,4,Ring,----
*C1=CN(*)c2cccc(*)c2C1=*,60,4,Ring,---=
*c1ccc2c(c1)[nH]c1c2c2c(=*)n(*)c(=*)c2c2c3ccc(*)cc3n(*)c12,60,6,Ring,-=-=--
*C1=C2CCC3C4CCC(=*)C4(*)CCC3C2(*)CCC1=*,60,5,Ring,-=--=
*N1CC(=*)NS1(=*)=*,60,4,Ring,-===
*C1=C(*)c2ccc(*)cc2C1,60,3,Ring,---
*C1=Nc2[nH]c(*)c(*)c2C(=*)N1,60,4,Ring,---=
*C1CCC2C(*)(*)C(*)OC3OC4(*)CCC1C32OO4,60,5,Ring,-----
*C1=NN(*)C(=*)C1(*)*,60,5,Ring,--=--
*C1=C(*)c2ccc(*)cc2NC1=*,60,4,Ring,---=
*N1CC2CC(C1)CN(*)C2,60,2,Ring,--
*c1ccc2c(c1)nc1n2CCN(*)C1,60,2,Ring,--
*C1=CC(=*)CC(*)C12Oc1c(*)c(*)cc(*)c1C2=*,60,7,Ring,-=----=
*c1cc2c3c(c1)-c1c(ccc(*)c1*)CC3N(*)CC2,60,4,Ring,----
*c1ccc2c(c1)S(=*)(=*)N(*)C2=*,60,5,Ring,-==-=
*C1=Nc2ccc(*)nc2N(*)C1=*,60,4,Ring,---=
*C1=CN2C(=*)c3ncn(*)c3N=C2N1,60,3,Ring,-=-
*C1=C(*)C(=*)c2c(*)cccc2N1,60,4,Ring,--=-
*c1ccc2c(c1)[n+](*)nc(*)[n+]2*,60,4,Ring,----
*C1CN(*)Cc2ncn(*)c21,60,3,Ring,---
*C1CCC2(*)C(CCC(*)(*)C2*)OC1(*)*,60,7,Ring,-------
*c1cc2nc(*)c(*)cc2cn1,60,3,Ring,---
*c1cccc2c1NC(=*)O2,60,2,Ring,-=
*c1c2c(c(*)c3c(=*)c4ccccc4c(=*)c13)C(*)CC(*)(*)C2,60,7,Ring,--==---
*C1OCC(=*)C1*,60,3,Ring,-=-
*=c1sc2ccccc2c1=*,60,2,Ring,==
*c1ccc2c(c1)c(*)cc[n+]2*,60,3,Ring,---
*c1ccc2c(c1)C1(*)CCN(*)CC1O2,60,3,Ring,---
*c1nn2cnnc2c2ccccc12,60,1,Ring,-
*C1=Cc2cccc(*)c2OC1,60,2,Ring,--
*C1CNC(=*)C(*)CC(=*)NC(*)C(=*)NC(*)C(=*)N1,60,8,Ring,-=-=-=-=
*c1cc2c(c(*)c1*)N(*)C1=C(C(=*)NS1)C2=*,60,6,Ring,----==
*c1cccc2c1CC(*)C(*)C(=*)N2*,60,5,Ring,---=-
*N1CC2CC=CCC2C1,60,1,Ring,-
*CC(=O)N=*,60,2,Linker,-=
*CN(*)CCN(C*)S(*)(=O)=O,60,4,Linker,----
*CC(=O)N(CC)CC(=O)N*,60,2,Linker,--
*NC(=S)NS(*)(=O)=O,60,2,Linker,--
*CS(=O)(=O)NCCO*,60,2,Linker,--
*C=C(C)C=NNC(*)=O,60,2,Linker,--
*N(C(C)=O)S(*)(=O)=O,60,2,Linker,--
*CCCN=*,60,2,Linker,-=
*CN(*)C(=O)CS*,60,3,Linker,---
*CCC(*)C*,60,3,Linker,---
*C=CC(=O)N(*)C*,60,3,Linker,---
*OC(=O)N(*)*,60,3,Linker,---
*CNC(=O)C(*)CC(C)C,60,2,Linker,--
*CCC(C)NC*,60,2,Linker,--
*SC(*)CC(*)=O,60,3,Linker,---
*COCCNC(*)=O,60,2,Linker,--
*NC(=O)CN(C)C(=O)CO*,60,2,Linker,--
*CCCCCCOC(*)=O,60,2,Linker,--
*CN=C(N)N,60,1,Sub,-
*N(C(C)C)C(C)C,60,1,Sub,-
*NC(=O)C(CCC)CCC,60,1,Sub,-
*CCCOC(C)=O,60,1,Sub,-
*C(OCC)C(C)(C)O,60,1,Sub,-
*COC(C)C(F)(F)F,60,1,Sub,-
*NC(=O)C(N)CC,60,1,Sub,-
*CCCCC#N,60,1,Sub,-
*OCC(=O)NN,60,1,Sub,-
*NN=C(C)C,60,1,Sub,-
*CC#CI,60,1,Sub,-
*CC(CCC)C(=O)O,60,1,Sub,-
*NCCF,60,1,Sub,-
*c1cc(*)c2[nH]nc(*)c2c1,59,3,Ring,---
*C1(*)SC(=*)NC1=*,59,4,Ring,--==
*C1CC(*)(*)N(*)C1(*)*,59,6,Ring,------
*N1CCC2(C1)C(=*)N(*)c1ccccc12,59,3,Ring,-=-
*C1=CSC2=NCCN12,59,1,Ring,-
*c1cc2c(c(*)c1*)-c1c(cc3c(c1*)OCO3)CC(*)C(*)(*)C2*,59,8,Ring,--------
*C1=C2CCCCN2C(=*)N(*)C1=*,59,4,Ring,-=-=
*=S1(=*)CCCC1,59,2,Ring,==
*C1Cc2c(sc3ccccc23)CN1,59,1,Ring,-
*C1CCC(*)C(=*)N(*)C1,59,4,Ring,--=-
*c1cc(*)c2c(c1)OC(*)(*)C1=C2CN(*)CC1,59,5,Ring,-----
*c1ccc2nnc(*)c(*)c2c1,59,3,Ring,---
*C1CC(*)(*)C1(*)*,59,5,Ring,-----
*c1ccc2c(c1)C(=*)N1CCCC1c1c(*)ncn1-2,59,3,Ring,-=-
*C1CC(=*)N(*)CC1*,59,4,Ring,-=--
*C1N(*)CC2CC21*,59,3,Ring,---
*C1CC2CC(*)(C1)C(*)CN2*,59,4,Ring,----
*c1ccc(*)c2c1c(=*)c1c(*)ccc3c1c2nn3*,59,5,Ring,--=--
*C1=CNc2ccnc(*)c2C1=*,59,3,Ring,--=
*C1CC(=*)c2ccccc21,59,2,Ring,-=
*c1nc(*)c2c(n1)-c1ccccc1CC2,59,2,Ring,--
*N1CN(*)c2c(cnc3[nH]ccc23)C1=*,59,3,Ring,--=
*c1cc(*)c2c(*)c[nH]c2c1,59,3,Ring,---
*C1=CC(=*)C(*)=C(*)N1,59,4,Ring,-=--
*C1=CN(*)C=CC1*,59,3,Ring,---
*C1CC2(*)C3C(*)C1CC3C13C(*)CCC4(*)CN(*)C1C2(*)C(*)C43,59,8,Ring,--------
*c1oc2c(cc(*)c3ccccc32)c1*,59,3,Ring,---
*C1Cc2c(nnn2*)CN1*,59,3,Ring,---
*C1CC2CCCCC(C1)C2,59,1,Ring,-
*c1cnc2cccc(*)c2c1,59,2,Ring,--
*c1ccc2c(c1*)NC(=*)C2(*)*,59,5,Ring,--=--
*c1ccc2c(c1)OCc1ccccc1C2=*,59,2,Ring,-=
*N1C(=*)c2cccnc2N1*,59,3,Ring,-=-
*c1cccc2c1N(*)C(=*)S2,59,3,Ring,--=
*C1NCCNC1=*,59,2,Ring,-=
*c1cccc2nn(*)cc12,59,2,Ring,--
*C1CC(=*)N1,59,2,Ring,-=
*N1CC2CCC1CC2,59,1,Ring,-
*C1c2ccccc2C=Cc2ccccc21,59,1,Ring,-
*c1cc2c(nn1)-c1ccccc1C2=*,59,2,Ring,-=
*c1cc(*)c2c(*)nc(*)nc2c1,59,4,Ring,----
*C1=Nc2sc3c(c2C(=*)N1)CCN(*)C3,59,3,Ring,-=-
*C1C=CC(=*)N1*,59,3,Ring,-=-
*c1cn2c(*)nc3c(c2n1)CN(*)CC3,59,3,Ring,---
*C1CCC2(*)C(=CCC3C4CC(=*)C(=*)C4(*)CCC32)C1,59,5,Ring,--==-
*c1c2c(nc3cc4c(cc13)OCO4)C1=CC3=C(COC(=*)C3(*)*)C(=*)N1C2,59,5,Ring,-=--=
*c1cnc2c(*)ccnc2c1,59,2,Ring,--
*N1CC2(*)CN(*)CC(*)(C1)C2=*,59,5,Ring,----=
*=C1CCc2ccccc21,59,1,Ring,=
*c1ccnc2ncnn12,59,1,Ring,-
*c1ccc[n+](*)c1*,59,3,Ring,---
*C1=C(*)C2(*)CCC(*)C2C1,59,4,Ring,----
*c1sc2c(c1*)CCCCCC2,59,2,Ring,--
*N1C2=NCCN2c2ccccc21,59,1,Ring,-
*c1cc(*)c2c(*)c(*)n(*)c2n1,59,5,Ring,-----
*C1=Cc2ccc(*)cc2N(*)C1=*,59,4,Ring,---=
*c1ccc2c(c1)C(*)CCN2*,59,3,Ring,---
*c1cc2c(*)c(c1)Cc1cc(*)cc(c1*)Cc1cc(*)cc(c1*)Cc1cc(*)cc(c1*)C2,59,8,Ring,--------
*c1ccc2c(c1)C1C(CO2)C(*)C2(*)C(=*)N(*)CC(=*)N12,59,6,Ring,---=-=
*C1(*)CCC2(CCNCC2)C1,59,2,Ring,--
*c1ncc2c3ccnc(*)c3n(*)c2n1,59,3,Ring,---
*C1=Nc2ccc(*)c(*)c2C(=*)N1,59,4,Ring,---=
*N1CCc2c(n(*)c3ccccc23)C1,59,2,Ring,--
*c1ccc2c(c1)C(*)(*)OCC(=*)N2,59,4,Ring,---=
*c1cc(*)c2c(c1)CC1C(*)(CCC(*)C1(*)*)O2,59,6,Ring,------
*c1cc2c3c(c1*)-c1cc4c(cc1CC3N(*)CC2)OCO4,59,3,Ring,---
*C1=COC(=*)C(*)=C1,59,3,Ring,-=-
*C1=NNC(=*)C1(*)*,59,4,Ring,-=--
*c1cn2c(*)c(*)nc2c2c1CCC(*)O2,59,4,Ring,----
*C1=CS(=*)(=*)c2cc(*)ccc2N1,59,4,Ring,-==-
*C1Sc2ccccc2N1*,59,2,Ring,--
*N1CC2CN(*)C2C1,59,2,Ring,--
*c1ccc2c(c1)C(*)CO2,59,2,Ring,--
*c1cc2cccnc2c(*)n1,59,2,Ring,--
*C1=NC(*)(*)C(*)N1*,59,5,Ring,-----
*C12CC3CC(*)(CC(C1)c1ccccc13)C2,59,2,Ring,--
*C1=CC2C3C(*)(*)C3(*)C(*)C(*)C2(*)C2C=C(*)C(=*)C2C1,59,9,Ring,--------=
*C1OP(*)(=*)OCC1(*)*,59,5,Ring,--=--
*C1C2c3ccccc3N(*)CC2N1*,59,3,Ring,---
*C1=Nc2ccccc2C1(*)*,59,3,Ring,---
*c1ccc2c(*)[nH]nc2c1,59,2,Ring,--
*CNC(=O)CCCO*,59,2,Linker,--
*C(*)CC(=O)OC,59,2,Linker,--
*NC(=O)C(*)CN,59,2,Linker,--
*CCC(=O)NC(*)*,59,3,Linker,---
*CS(=O)(=O)O*,59,2,Linker,--
*NC(=NC#N)NC(NC(*)=O)C(C)(Cl)Cl,59,2,Linker,--
*COCC(*)*,59,3,Linker,---
*C(=O)NN=C(*)*,59,3,Linker,---
*CNCCCCCCNCCSSCCNCCCCCCNC*,59,2,Linker,--
*OCCCN(*)C,59,2,Linker,--
*C(=O)C(N)C(*)C(=O)N(C)C,59,2,Linker,--
*NC(=O)C=CC(=O)N*,59,2,Linker,--
*C(=O)NN=C(*)CC,59,2,Linker,--
*C(C)S(*)(=O)=O,59,2,Linker,--
*COC(=O)NC(*)=O,59,2,Linker,--
*CCNCC,59,1,Sub,-
*C(O)(CC)C(F)(F)F,59,1,Sub,-
*C(=O)NCCCCCCC,59,1,Sub,-
*OC(=O)CO,59,1,Sub,-
*CC(O)CNC,59,1,Sub,-
*CN(C)CCCC,59,1,Sub,-
*C(=O)CCSC,59,1,Sub,-
*C=NN=C(N)S,59,1,Sub,-
*NS(=O)(=O)C(C)(C)C,59,1,Sub,-
*P(=O)(CC)OC,59,1,Sub,-
*SCC(=O)NCCCC,59,1,Sub,-
*C(=O)NC(CCCNC(=N)N)C(=O)NC(CC(N)=O)C(N)=O,59,1,Sub,-
*NC(=O)OC(C)(C)C(F)(F)F,59,1,Sub,-
*S(=O)(=O)NCCN,59,1,Sub,-
*CC(=O)NCC(=O)O,59,1,Sub,-
*C(=O)NCCCCCCCC(=O)O,59,1,Sub,-
*C(=O)NCCC(=O)OCC,59,1,Sub,-
*C=NNC(=O)CC#N,59,1,Sub,-
*S(=O)(=O)NC(=O)C(N)CC(C)C,59,1,Sub,-
*NC(=O)C(S)C(C)C,59,1,Sub,-
*OCC(=O)NCC,59,1,Sub,-
*C(=O)CCC=C,59,1,Sub,-
*C=CCOC,59,1,Sub,-
*C1=NC(*)(*)C(*)=C(*)N1,58,5,Ring,-----
*c1ccc(*)c2c3c([nH]c12)C(*)(*)OCC3,58,4,Ring,----
*C1=CC2CC3=C(C=CC(=*)N3)C(*)(C1)C2=*,58,4,Ring,-=-=
*C1C2CCCCC12,58,1,Ring,-
*C1CC2CCC1N(*)C2,58,2,Ring,--
*C1=NC(*)C(=*)Nc2c(*)cccc21,58,4,Ring,--=-
*c1ccc2c(c1*)OC(=*)C1=C2CCC1,58,3,Ring,--=
*c1ccc2c(*)ccnc2c1*,58,3,Ring,---
*C1NCCN(*)C1*,58,3,Ring,---
*c1nc2nc3ccccc3nc2n1*,58,2,Ring,--
*c1ccc2c(c1)CC(*)C2=*,58,3,Ring,--=
*N1CCC2CN(*)CC2(*)C1,58,3,Ring,---
*C1CSCCN1*,58,2,Ring,--
*c1noc2c1CC(*)CC2,58,2,Ring,--
*C1NC(=*)C2Cc3c([nH]c4ccccc34)C(*)N2C1=*,58,4,Ring,-=-=
*c1nc2c(o1)CN(*)C2,58,2,Ring,--
*c1ccc2ccc(*)n2c1,58,2,Ring,--
*C1=Cc2ccccc2C(=*)N1,58,2,Ring,-=
*c1nnc2c(*)cccc2c1*,58,3,Ring,---
*N1C(=*)C(=*)C(=*)N1*,58,5,Ring,-===-
*C1=NC(*)c2ccccc2CN1*,58,3,Ring,---
*c1ccc2c(n1)N(*)c1ncccc1C(=*)N2*,58,4,Ring,--=-
*c1cn2c(n1)SCC2,58,1,Ring,-
*C1CCC2(*)C3CCC4(*)C(*)CCC4C3CC(*)C2(*)C1,58,6,Ring,------
*c1cc2c(cc1*)C(=*)N(*)CC2,58,4,Ring,--=-
*C1=C(*)C(=*)OC(*)(*)O1,58,5,Ring,--=--
*c1cc2cccc(*)c2cc1*,58,3,Ring,---
*c1ccc2c(c1)C1(*)CCN(*)C(C2)C1,58,3,Ring,---
*c1cnc2nccnc2c1,58,1,Ring,-
*c1ccc2c(c1)CC1(CCN(*)CC1)O2,58,2,Ring,--
*c1cccc2cc3cccc(*)c3nc12,58,2,Ring,--
*C1CC(=*)NC12CCN(*)CC2,58,3,Ring,-=-
*c1cnn2c1CCCC2,58,1,Ring,-
*C1=[N+](*)c2ccc(*)cc2C1(*)*,58,5,Ring,-----
*C1C=C2C(CCC(*)C2(*)*)C2(*)CCC3(*)C(*)CCC3(*)C12,58,8,Ring,--------
*C1CCC(*)(*)CC1(*)*,58,5,Ring,-----
*c1ccc2c(c1)-c1[nH]c3ccc(*)cc3c1CC(=*)N2,58,3,Ring,--=
*c1nc2ccncc2[nH]1,58,1,Ring,-
*C1=NS(=*)(=*)N(*)c2nc(*)c(*)nc21,58,6,Ring,-==---
*C1=NCCCC1=*,58,2,Ring,-=
*C12CCCc3cccc(c31)NC2=*,58,2,Ring,-=
*c1ccc2c(c1*)OC(=*)C1=C2CCCC1,58,3,Ring,--=
*C1OCC2CCN(*)CC21,58,2,Ring,--
*c1cccc2c1CCC(=*)C2=*,58,3,Ring,-==
*c1cc2c3c(c(*)[nH]c3c1)CCNC2=*,58,3,Ring,--=
*c1cc2ncnc(*)c2c2c1OCCO2,58,2,Ring,--
*N1CCN(*)CC2(CC(=*)N(*)C2)C1,58,4,Ring,--=-
*c1cc(*)c2c(c1)N(*)c1cc(*)c(*)cc1C2=*,58,6,Ring,-----=
*C1=Cc2ccccc2OC1*,58,2,Ring,--
*C1=NC2(ON1*)c1cc(*)ccc1CC21CCC(*)CC1,58,4,Ring,----
*c1cc(*)c2c(c1)C=CCC(*)C(*)C(=*)C=CC(*)C(*)OC2=*,58,8,Ring,----=--=
*c1cccc2c1[nH]c1c(*)nccc12,58,2,Ring,--
*N1C2CCC1CC(=*)NC2,58,2,Ring,-=
*C1=C2C(=NC(*)=C(*)C2*)CC(*)(*)C1,58,6,Ring,------
*C1CCC2(CC1)OC(*)Cc1ccccc12,58,2,Ring,--
*c1cc2c(cc1*)C(=*)N(*)C2,58,4,Ring,--=-
*C1CON(*)C1,58,2,Ring,--
*=C1C(=*)N2CCC1CC2,58,2,Ring,==
*c1c2c(nc3ccccc13)C(=*)N(*)C2,58,3,Ring,-=-
*c1ccc2c(c1)C(=*)c1ccccc1S2,58,2,Ring,-=
*CCCCCCCCN*,58,2,Linker,--
*CCCCCOC(*)=O,58,2,Linker,--
*NC(=O)C(*)N*,58,3,Linker,---
*C=CCOC(=O)C=C*,58,2,Linker,--
*CNC(=O)CN(C*)C(*)=O,58,3,Linker,---
*NC(=O)C(C)(C)N*,58,2,Linker,--
*NCCOCCO*,58,2,Linker,--
*CC(=O)OCCO*,58,2,Linker,--
*CCC(=O)NCC(*)=O,58,2,Linker,--
*NC(=O)C(*)CC(C)C,58,2,Linker,--
*C=C(C#N)C(=O)NC(*)C,58,2,Linker,--
*N=NC(*)=NNC(*)=O,58,3,Linker,---
*CC(CO*)NC(*)=O,58,3,Linker,---
*CCCCCCCCCCCCC(*)O,58,2,Linker,--
*COC(=O)C(NC(*)=O)C(C)C,58,2,Linker,--
*NC(=O)NCCNS(*)(=O)=O,58,2,Linker,--
*CN(CC)CC(=O)N*,58,2,Linker,--
*C(=O)C(N)C(*)*,58,3,Linker,---
*OC(=O)C(C)NC(*)=O,58,2,Linker,--
*OC(=O)CCC(*)=O,58,2,Linker,--
*C(=O)NCC(*)S(*)(=O)=O,58,3,Linker,---
*=C(F)F,58,1,Sub,=
*CNC(=O)CN,58,1,Sub,-
*SCC(NC(=O)CCC(N)C(=O)O)C(=O)NCC(=O)O,58,1,Sub,-
*CCCSC,58,1,Sub,-
*C(=O)C(NC(=O)NC(C)(C)C)C(C)(C)C,58,1,Sub,-
*C(=O)NC(C(N)=O)C(C)O,58,1,Sub,-
*CCC(=O)NC(C)C,58,1,Sub,-
*C(=O)CNC,58,1,Sub,-
*CN(C)CC(N)=O,58,1,Sub,-
*C(=O)NCCCCNC(=N)N,58,1,Sub,-
*CC(C)(C)CO,58,1,Sub,-
*C(=O)NC(C)C(C)C,58,1,Sub,-
*OCCCCCC(F)(F)F,58,1,Sub,-
*OC(=O)CBr,58,1,Sub,-
*CCNS(N)(=O)=O,58,1,Sub,-
*C=CC(=C)C,58,1,Sub,-
*CC(P(=O)(O)O)P(=O)(O)O,58,1,Sub,-
*OC(=O)CCCCCCCC=CCCCCCCCC,58,1,Sub,-
*CCC(=O)OC(C)(C)C,58,1,Sub,-
*C(=O)CC(C)=O,58,1,Sub,-
*OC(=O)C(C)N,58,1,Sub,-
*NCC(C)N,58,1,Sub,-
*C1COC2(CCCCC2)OO1,57,1,Ring,-
*c1ccc2c(c1*)CCN(*)CC2,57,3,Ring,---
*C1=C(*)C(=*)NC=N1,57,3,Ring,--=
*c1cc2cc(*)sc2s1,57,2,Ring,--
*C1CC(*)(*)C(*)C(*)C(=*)C(*)(*)C(=*)OC(*)C2(*)OC(=*)N(*)C2C(*)C1=*,57,15,Ring,-----=--=--=--=
*c1cccc2ncnn12,57,1,Ring,-
*c1ccc2c(c1)CCC1C2C(*)CC2(*)C1CCC2(*)*,57,5,Ring,-----
*C1=NN(*)C(=*)c2cccn21,57,3,Ring,--=
*N1CCC2C(CCCN2*)C1,57,2,Ring,--
*N1N=CC(=*)N(*)C1=*,57,4,Ring,-=-=
*C1=C(*)N(*)C(=*)c2ccccc21,57,4,Ring,---=
*C1C2CCC(CC2)N1*,57,2,Ring,--
*c1cc2c(ccc3ccccc32)o1,57,1,Ring,-
*c1cc2cc(*)c3cc(*)c(*)cc3c2cc1*,57,5,Ring,-----
*N1C2C3C4CC5C6C4C2C6C1(*)C53,57,2,Ring,--
*c1nc2c(*)c(*)nc(*)n2n1,57,4,Ring,----
*C1=Nc2nc3ccccn3c2C(=*)C(*)N1,57,3,Ring,-=-
*C1CC(=*)N(*)C(=*)N1*,57,5,Ring,-=-=-
*c1ccc2c(c1)OCCC2,57,1,Ring,-
*c1ccc2ncoc2c1,57,1,Ring,-
*C1=CC=C(*)SS1,57,2,Ring,--
*c1cc2c(*)nc(*)c(*)c2cc1*,57,5,Ring,-----
*C1=Cc2ccc(*)cc2C(*)N1*,57,4,Ring,----
*C1COC2(CCCC2)OO1,57,1,Ring,-
*C1=NCCCN1*,57,2,Ring,--
*C1=Nc2ccccc2S(=*)(=*)N1,57,3,Ring,-==
*N1CCC2(CCCNC2)C1,57,1,Ring,-
*c1cccc2c1Nc1c(*)ccc(*)c1C2=*,57,4,Ring,---=
*c1ccc2c(ccc(*)[n+]2*)c1,57,3,Ring,---
*C1C2OC2C(=*)C2CCN3C(=*)N(*)C(=*)N3C21,57,5,Ring,-==-=
*C1CN(*)CCC12C=Cc1ccccc12,57,2,Ring,--
*C1CC2C(=*)C=C3C(CCC4(*)C(*)CCC34*)C2(*)CC1*,57,7,Ring,-=-----
*c1cc2c(nc1*)CCCCN2*,57,3,Ring,---
*C1=NC(*)(*)C(*)(*)N1*,57,6,Ring,------
*c1ccc2n(c1)cc(*)[n+]2*,57,3,Ring,---
*C1CC(=*)NC(*)C(=*)NC(*)C(=*)NC(*)C(=*)N1,57,8,Ring,-=-=-=-=
*C1CC(=*)C1,57,2,Ring,-=
*C1COC2(OO1)C1CC3CC(C1)CC2C3,57,1,Ring,-
*c1nc(*)c2c(n1)CCS(=*)(=*)C2,57,4,Ring,--==
*c1ccc2c3c(c4cc(*)c(*)cc4c2c1)CC1CCCN1C3,57,3,Ring,---
*c1cc2nc(*)[nH]c2cn1,57,2,Ring,--
*C1=CC2=C(CCCCCC2)N(*)C1=*,57,3,Ring,--=
*c1c2c(nc3ccccc13)CCCCC2,57,1,Ring,-
*c1cccc2oc(=*)c(=*)c12,57,3,Ring,-==
*N1CCC2(CC1)CNC(=*)O2,57,2,Ring,-=
*C1=C(*)C2C3CCC(C3)C2N(*)C1=*,57,4,Ring,---=
*C1=CCN(*)C1,57,2,Ring,--
*C1=C2C(=*)N(*)NC2=CC(=*)N1*,57,5,Ring,-=-=-
*N1C(=*)NC(=*)C(*)(*)C1=*,57,6,Ring,-==--=
*C1=C(*)N(*)C(=*)c2cc(*)ccc21,57,5,Ring,---=-
*C1=CC2(*)C(CCC3(*)C2CCC2C4C(*)CCC4(*)CCC23*)C(*)(*)C1=*,57,9,Ring,--------=
*C1CCC2(*)C(=CC(*)C3C2CCC2(*)C(*)CCC32)C1,57,5,Ring,-----
*C1=Nc2cc(*)ccc2C(=*)O1,57,3,Ring,--=
*C1=Cc2ccccc2S1(=*)=*,57,3,Ring,-==
*c1nc(*)c2c(n1)C(*)(*)OC2,57,4,Ring,----
*C1=Cc2cccc(*)c2NC1=*,57,3,Ring,--=
*c1ccc2cnccc2n1,57,1,Ring,-
*c1ccc2[nH]c3c(c2c1)CCN1C(=*)c2ccccc2N(*)C31,57,3,Ring,-=-
*C1=NNC(=*)c2nn(*)c(*)c21,57,4,Ring,-=--
*C1=C(*)C2CN(*)CC(C1)N2,57,3,Ring,---
*c1ccc2c(c1)C1(CC(=*)Nc3c1nnn3*)C(=*)N2*,57,5,Ring,-=-=-
*C1=C(*)c2cc(*)cc3c2N(C1=*)C(*)CC3,57,5,Ring,---=-
*C(=O)N(*)CC=C,57,2,Linker,--
*CC(NC(=O)N*)C(=O)O,57,2,Linker,--
*CC(*)OC(C)=O,57,2,Linker,--
*C(*)C(=O)NO,57,2,Linker,--
*CCNC(=O)CCC(*)=O,57,2,Linker,--
*C(=O)NNC(=O)COC(*)=O,57,2,Linker,--
*C(=O)NC(*)C(N)=O,57,2,Linker,--
*SC(C)(C)S*,57,2,Linker,--
*NCCCCCNC(*)=O,57,2,Linker,--
*C(=NO)N(*)C,57,2,Linker,--
*CNC(=O)C(*)C#N,57,2,Linker,--
*C(=O)CC(N)C(*)=O,57,2,Linker,--
*CNC(=O)C(=O)NCC(*)*,57,3,Linker,---
*CN(C*)CCCCN,57,2,Linker,--
*CCC(*)C(CN(C)C(*)=O)=NOC,57,3,Linker,---
*OC(=O)NC(CCCC)C(=O)C(=O)NC(*)C,57,2,Linker,--
*CCCNC(=O)C(*)*,57,3,Linker,---
*CC(C)OCP(=O)(NC(C)C(=O)OC(C)C)O*,57,2,Linker,--
*OC(=O)O*,57,2,Linker,--
*OC(=O)NS(*)(=O)=O,57,2,Linker,--
*CCNC(=O)OC*,57,2,Linker,--
*C(=O)NC(CCSC)C(*)=O,57,2,Linker,--
*CCC(*)N,57,2,Linker,--
*CN(*)CCN(C)C,57,2,Linker,--
*CCCCCS*,57,2,Linker,--
*C(=O)NCCC(F)(F)F,57,1,Sub,-
*C(=O)CC(=O)OCC,57,1,Sub,-
*C(=O)NC(C(=O)NO)C(C)O,57,1,Sub,-
*=NOCCN,57,1,Sub,=
*C(=O)NCCCCO,57,1,Sub,-
*=C(C)O,57,1,Sub,=
*COC(=O)NCCC,57,1,Sub,-
*NC=NOCC,57,1,Sub,-
*C(=O)NCCCCCCCCCCCC,57,1,Sub,-
*=C(C#N)C(N)=O,57,1,Sub,=
*C(=O)NC(CO)C(C)C,57,1,Sub,-
*S(=O)(=O)Cl,57,1,Sub,-
*C(C)(O)CCCC(C)(C)OC,57,1,Sub,-
*NCCCCCCCCC,57,1,Sub,-
*OC(=O)C(F)(F)F,57,1,Sub,-
*N(CC=C)CC=C,57,1,Sub,-
*NC(=O)CNCC,57,1,Sub,-
*CC(=O)OCCC,57,1,Sub,-
*C1=C(*)c2cccc3c2N(CCC3)C1=*,56,3,Ring,--=
*C1CC2c3[nH]c4ccccc4c3CCN2CC1*,56,2,Ring,--
*C1CN(*)C(=*)CO1,56,3,Ring,--=
*n1c(=*)c2nccnc2c1=*,56,3,Ring,-==
*C1=C(*)C(=*)CS1,56,3,Ring,--=
*C1=NC2(CCCCC2)N(*)C(*)=N1,56,3,Ring,---
*c1ccc2c(c1)CCN(*)CC2*,56,3,Ring,---
*c1cc(*)c2ccncc2n1,56,2,Ring,--
*C1CC2(*)C3CCC4C(*)C(=*)C=CC45CC35CCC2(*)C1*,56,6,Ring,---=--
*N1CCC2(CCCC2)C1,56,1,Ring,-
*C1=C(*)c2cc3[nH]c(c(*)c4nc(cc5[nH]c(cc1n2)c(*)c5*)C(*)C4*)c(*)c3*,56,9,Ring,---------
*c1cc2c(nc(*)n2*)c(*)n1,56,4,Ring,----
*c1ccc2c(c1)C(*)(*)CC(*)(*)S2,56,5,Ring,-----
*C1=NN(*)C(=*)CO1,56,3,Ring,--=
*c1nc(*)c2c(n1)CNC2,56,2,Ring,--
*C1=NC(=*)C(=*)NN1*,56,4,Ring,-==-
*C1CC2(CCC(*)(*)O2)OC(*)C1*,56,5,Ring,-----
*C1=C(*)C(=*)c2c(*)cc(*)cc2N1,56,5,Ring,--=--
*c1ncc2c(n1)CN(*)C2=*,56,3,Ring,--=
*C1=CC(=*)c2cc(*)cc(*)c2S1,56,4,Ring,-=--
*C1(*)CCCC(*)(*)C1,56,4,Ring,----
*c1nc2cc3ccccc3cc2[nH]1,56,1,Ring,-
*c1cccc2c1OC(=*)N2*,56,3,Ring,-=-
*C1=CC(*)n2nnnc2N1,56,2,Ring,--
*C1=C2C(C(*)C1*)C(*)(*)CC(*)C1(*)C2OC(=*)C1(*)*,56,10,Ring,-------=--
*c1cnc2c(c1)C(=*)N(*)c1cccnc1N2*,56,4,Ring,-=--
*=C1Nc2ccccc2NC1=*,56,2,Ring,==
*C1=Nc2cc(*)ccc2NC1=*,56,3,Ring,--=
*C1=CC(=*)N2C(=N1)SC1=C2CCCC1,56,2,Ring,-=
*c1cnc2ncccn12,56,1,Ring,-
*N1CCC2(CC1)C[S+](*)c1ccccc12,56,2,Ring,--
*C1=CC(=*)N(*)C2=C1CC(*)C(*)(*)C2,56,6,Ring,-=----
*c1ncn2c1CN(*)c1ccccc1-2,56,2,Ring,--
*C1Cc2ccccc2C2(CCN(*)CC2)O1,56,2,Ring,--
*C1=NC(=*)NC(*)=C1*,56,4,Ring,-=--
*C1C2COc3ccccc3C2N2C(=*)N(*)C(=*)C12*,56,5,Ring,-=-=-
*c1cc2nonc2nc1*,56,2,Ring,--
*c1cnc2nc(*)ccc2c1,56,2,Ring,--
*c1ncc(*)c2c1nc(*)n2*,56,4,Ring,----
*C1C(=*)CCC2C3(*)COC(*)(*)OC3CCC12*,56,6,Ring,-=----
*c1cc(*)c2c(c1)OC(*)CC2,56,3,Ring,---
*C1=C2C=CC3CC2(OC1=*)C1CCCCN31,56,2,Ring,-=
*c1ccc2c(c1)C(=*)N1CCCC1=N2,56,2,Ring,-=
*C1c2ccccc2OCC(=*)N1*,56,3,Ring,-=-
*C1=CC(=*)Oc2c3c(cc(*)c21)OC(*)(*)CC3,56,5,Ring,-=---
*c1ccc2[nH]c3c4c(c5c(=*)[nH]c(=*)c5c3c2c1)CCC4,56,3,Ring,-==
*c1cc2nc(*)[nH]c2c(*)n1,56,3,Ring,---
*C1=NC(*)CN1*,56,3,Ring,---
*c1ccc2c(c1)c1cc3c(*)nccc3c(*)c1n2*,56,4,Ring,----
*N1CCC2(CC2)C1,56,1,Ring,-
*C1OC(=*)N(*)C1=*,56,4,Ring,-=-=
*C1(*)CC=C2C(CCC3C(*)(*)CCCC23*)C1,56,5,Ring,-----
*c1cccc2c1C(=*)NC2,56,2,Ring,-=
*C1CC2(*)CCN(*)C1C(*)C2,56,4,Ring,----
*C1CCCS1,56,1,Ring,-
*N1CCC2(CC1)CCN(*)c1ccccc1O2,56,2,Ring,--
*c1c2c(c3n1-c1ccccc1NC3*)N(*)C(=*)N(*)C2=*,56,6,Ring,---=-=
*C1CCC2C(=CCCC2(*)*)C1(*)*,56,5,Ring,-----
*C1CCC2CN3CCc4c([nH]c5ccccc45)C3CC2C1*,56,2,Ring,--
*c1cnc2sc(*)c(*)c2c1,56,3,Ring,---
*c1cc2c(*)nn(*)c2nc1*,56,4,Ring,----
*c1cccc2c1C1CCN(*)C1CC2,56,2,Ring,--
*N1CCC2(COC2)C1,56,1,Ring,-
*c1cnn2c1OCCC2,56,1,Ring,-
*c1ncnc2c1CCNCC2,56,1,Ring,-
*c1ccc2c(c1)CCC1N(*)CCC21*,56,3,Ring,---
*c1ccc2c(c1)Oc1cc(*)ccc1C21c2ccccc2C(=*)N1*,56,4,Ring,--=-
*C1Cc2ccccc2OC1*,56,2,Ring,--
*c1ncc2c(n1)C1(CCN(*)C1)COC2,56,2,Ring,--
*c1ccc2c(c1)C(*)N(*)C(=*)N2*,56,5,Ring,---=-
*COC(=O)CCC(=O)O*,56,2,Linker,--
*NC(=O)C(=O)NNC(*)=O,56,2,Linker,--
*C(*)(*)SCCN,56,3,Linker,---
*C(C)=NN=C(*)S,56,2,Linker,--
*C=C(*)CC,56,2,Linker,--
*C#CC(=O)NC*,56,2,Linker,--
*CN(C)C(*)C(=O)O,56,2,Linker,--
*CNC(=O)C(C*)NC(=O)N*,56,3,Linker,---
*C[S+]([O-])CC(=O)N*,56,2,Linker,--
*C(=O)NCC(=O)NC(*)C,56,2,Linker,--
*SCC(=O)N(*)CC(C)C,56,2,Linker,--
*C(=O)NC(*)CCN(C)C,56,2,Linker,--
*CC(C*)C(=O)O,56,2,Linker,--
*C(=O)CC(*)C(*)=O,56,3,Linker,---
*CCCN(C*)S(*)(=O)=O,56,3,Linker,---
*CNC(=O)C(*)NC(C)=O,56,2,Linker,--
*CNC(=O)C(*)N(*)C(=O)CNC(*)=O,56,4,Linker,----
*C(*)(*)OC,56,3,Linker,---
*CCN(C*)S(*)(=O)=O,56,3,Linker,---
*CNC(=O)N(*)C,56,2,Linker,--
*NCC(=O)O*,56,2,Linker,--
*CCC(C)CC*,56,2,Linker,--
*CNC(=O)C(*)N(C*)C(*)=O,56,4,Linker,----
*CC(*)NC(=O)C(*)C,56,3,Linker,---
*N(C)CC#C,56,1,Sub,-
*NCCS(C)(=O)=O,56,1,Sub,-
*S(=O)(=O)NC(=O)NCCCC,56,1,Sub,-
*SC(CCCC)C(=O)O,56,1,Sub,-
*CC=CCCCC(=O)OC(C)C,56,1,Sub,-
*C(=O)CCO,56,1,Sub,-
*OC(C)CN(C)C,56,1,Sub,-
*CNCCN(CC)CC,56,1,Sub,-
*OCCCCCCC(C(=O)CC)C(=O)CC,56,1,Sub,-
*CC(CC=C(C)C)C(=C)C,56,1,Sub,-
*C=CC(C)=CC(C)CC,56,1,Sub,-
*NC(=O)CC(C)=O,56,1,Sub,-
*C#CC(C)C,56,1,Sub,-
*OC(=O)C(O)C(CC(C)C)NC(=O)OC(C)(C)C,56,1,Sub,-
*C=COC(=O)C=C(C)C,56,1,Sub,-
*SCC(=O)CC(=O)OCC,56,1,Sub,-
*N(C)CC(=O)O,56,1,Sub,-
*C(=O)NS(=O)(=O)C(C)C,56,1,Sub,-
*COC(=O)CCCCCCCCCCCCCCC,56,1,Sub,-
*CCCC(C)CCCC(C)CCCC(C)C,56,1,Sub,-
*OCCOCCO,56,1,Sub,-
*C1=CCC(*)CC1=*,55,3,Ring,--=
*C12CC3(*)CC(*)(C1)CC(*)(C2)C3,55,4,Ring,----
*C1=CC(*)=C2C(=*)NC3(CCCCC3)N2C1=*,55,4,Ring,--==
*c1ccc2c(c1)C(=*)c1c(*)ccc(*)c1N2,55,4,Ring,-=--
*N1CCC2CN(*)S(=*)(=*)C2CC1,55,4,Ring,--==
*C1=CC(*)NC(*)=N1,55,3,Ring,---
*=C1CCCCCN1,55,1,Ring,=
*c1nc2c(s1)CCN(*)CC2,55,2,Ring,--
*C1CCN(*)C2CN(*)CC12,55,3,Ring,---
*C1COC(*)(*)N1*,55,4,Ring,----
*c1nc2nccc(*)c2[nH]1,55,2,Ring,--
*C1=NC(*)(*)NC(*)=N1,55,4,Ring,----
*N1CCN(*)C(*)(*)C1=*,55,5,Ring,----=
*c1cnn2c1CN(*)C(*)C2,55,3,Ring,---
*c1cc2n(n1)CCCO2,55,1,Ring,-
*c1nn(*)c2c1CSc1ccccc1-2,55,2,Ring,--
*C1CCC2(*)C3CCC4C(*)(CCC5C(*)(*)C(*)CCC45*)CC3=CCC2C1(*)*,55,9,Ring,---------
*c1c(*)c2cccc(*)n2c1*,55,4,Ring,----
*C1NCCOc2ccccc2CCCNC(=*)C(*)NC(=*)C(*)NC1=*,55,6,Ring,-=-=-=
*C1C=C2CCC3C(CCC4(*)C(*)CCC34)C2(*)CC1,55,4,Ring,----
*C1=Nc2cn(*)c(=*)c2=CN1,55,3,Ring,--=
*n1cc2c(n1)-c1ccccc1OC2=*,55,2,Ring,-=
*=C1CC(=*)C(=*)N1,55,3,Ring,===
*C1CN(*)CC(*)(*)O1,55,4,Ring,----
*C1=C(*)C2(*)CCCC2C1,55,3,Ring,---
*c1nc2ccc(*)c(*)c2o1,55,3,Ring,---
*c1ccc2c(*)c(*)[nH]c2c1*,55,4,Ring,----
*C1CC[S+](*)CC1,55,2,Ring,--
*c1cc2c(cc1*)C(*)C(*)N(*)C2=*,55,6,Ring,-----=
*C1=Cc2onc(*)c2C(=*)N1*,55,4,Ring,--=-
*c1nccc2c1ccn2*,55,2,Ring,--
*N1Nc2ccccc2C1=*,55,2,Ring,-=
*C1C(=*)N2CCCC2C2(*)OC(*)(*)C(=*)N12,55,6,Ring,-=---=
*c1ncc2c(n1)-c1c(c(*)cn1*)CC2,55,3,Ring,---
*C1=CC(*)(*)OC1=*,55,4,Ring,---=
*C1CCC2(*)C(CC=C3C4CCC(*)C4(*)CCC32)C1,55,4,Ring,----
*C1=C(*)NC(=*)C=C1,55,3,Ring,--=
*C1=CC2C3C(*)(*)C3(*)CC(*)C2(*)C2C=C(*)C(=*)C2(*)C1,55,9,Ring,-------=-
*C1CNCC(*)C1*,55,3,Ring,---
*C1CC(*)(*)C(*)O1,55,4,Ring,----
*C1=C(*)N2C(=*)C(*)(*)C2OC1,55,5,Ring,--=--
*C1=NCc2c(*)ncn2-c2ccc(*)cc21,55,3,Ring,---
*C1=CCC2C3CCc4cc(*)ccc4C3CCC12*,55,3,Ring,---
*C1CCC2C3CCC4CC(*)(*)CCC4C3CCC12*,55,4,Ring,----
*c1nn(*)c2c1C(*)C(*)C(=*)N2*,55,6,Ring,----=-
*C1(*)CC2(CCCCC2)OO1,55,2,Ring,--
*n1cc2c(n1)C(*)(*)C1CCC3(*)C(CC=C4C5CC(*)(*)CCC5(*)CCC43*)C1(*)C2,55,9,Ring,---------
*c1cccc2c1CN(*)CC2*,55,3,Ring,---
*c1ccc2c(c1)[n+](*)c(*)n[n+]2*,55,4,Ring,----
*C1=CC=CN2C(=*)c3cc(*)n(*)c3N=C12,55,4,Ring,-=--
*C1CCC2CCOc3ccccc3C(=*)N3CCN(*)CC3C(=*)NCC1O2,55,4,Ring,-=-=
*B1OC2C3CC(CC2(*)O1)C3(*)*,55,4,Ring,----
*c1cccc2c1CCNC2,55,1,Ring,-
*c1cc2c(cc1*)NC(=*)CC2,55,3,Ring,--=
*c1ccc(*)c2[nH]ccc12,55,2,Ring,--
*c1ccc2c(c1)OCc1ccc(*)cc1C2=*,55,3,Ring,--=
*c1ccc2c(c1)C(*)CCC2*,55,3,Ring,---
*N1C=CC2=C(C(=*)OC2(*)*)C1=*,55,5,Ring,-=--=
*c1ccc2c(=*)c(*)c(*)c(=*)c2n1,55,5,Ring,-=--=
*C1C(=*)NCC(=*)N1*,55,4,Ring,-==-
*C1C2=C(CCCC2=*)N(*)C2=C1C(=*)CCC2,55,4,Ring,-=-=
*C1OC2CN(*)C(=*)C1O2,55,3,Ring,--=
*c1nc2n(c1*)CCN(*)C2,55,3,Ring,---
*C1=C(*)C(*)C2=C(CC(*)CC2=*)O1,55,5,Ring,----=
*C1CCC2(*)C3CCC4(*)C(*)CCC4(*)C3=CCC2C1(*)*,55,7,Ring,-------
*C1CNC(=*)C(*)NC(=*)C(=*)NC(=*)C(*)NC(=*)C(*)NC1=*,55,10,Ring,-=-===-=-=
*C1=CC=CC(*)C(*)C(*)C(*)C(*)C(*)C(*)C(*)C=COC2(*)Oc3c(*)c(*)c4c(*)c(cc(*)c4c3C2=*)NC1=*,55,16,Ring,--------------==
*c1cc2c(cc1*)OC(*)(*)C2,55,4,Ring,----
*C1CN(*)CC12CCN(*)C2=*,55,4,Ring,---=
*c1ccc2c(c1)C(=*)N(*)[Se]2,55,3,Ring,-=-
*c1cc2ccccc2n2nnnc12,55,1,Ring,-
*C1=NC=CC(=*)N1,55,2,Ring,-=
*CC(O)CCNC(*)=O,55,2,Linker,--
*NC(=O)C(*)S(=O)(=O)O,55,2,Linker,--
*CCCC(=O)N(*)C*,55,3,Linker,---
*NC(=O)NC(*)CC,55,2,Linker,--
*COP(=O)(NC(C)C(=O)O*)O*,55,3,Linker,---
*OCC(=O)N(*)*,55,3,Linker,---
*OP(=O)(O*)C(NC(*)=O)C(C)C,55,3,Linker,---
*CN(C)CCNC(*)=O,55,2,Linker,--
*CNCCC(*)*,55,3,Linker,---
*SC(N)=C(*)C#N,55,2,Linker,--
*CN(C*)C(*)*,55,4,Linker,----
*C(=O)NC(=O)N(*)C,55,2,Linker,--
*OC(*)CC,55,2,Linker,--
*C=CC(=O)NN=C*,55,2,Linker,--
*CCON=C(*)*,55,3,Linker,---
*C(=O)NC(*)CCSC,55,2,Linker,--
*CC(NC(C)=O)C(=O)NC(CC(C)C)C(*)=O,55,2,Linker,--
*CCCN(*)CC,55,2,Linker,--
*CC(NC(*)=O)C(=O)OCC(C)C,55,2,Linker,--
*CC(CNC)NC(*)=O,55,2,Linker,--
*CC(CN)NC(*)=O,55,2,Linker,--
*C(=O)NC(C)C(*)*,55,3,Linker,---
*CNCCCNC(=O)N*,55,2,Linker,--
*C(=O)C(NS(*)(=O)=O)C(C)C,55,2,Linker,--
*N(S(C)(=O)=O)S(C)(=O)=O,55,1,Sub,-
*NC(=O)CC(=O)OCC,55,1,Sub,-
*S(=O)(=O)NCC(=O)NO,55,1,Sub,-
*CCC(C)(O)C=C,55,1,Sub,-
*C(=O)NC(C#N)CCCCN,55,1,Sub,-
*C(CC)CO,55,1,Sub,-
*C(=O)C(NC(=O)OC)C(C)OC,55,1,Sub,-
*C(=O)OCCOCC,55,1,Sub,-
*NC(=O)CCCCl,55,1,Sub,-
*C(N)N,55,1,Sub,-
*NCCC(C)(C)C,55,1,Sub,-
*C(=O)C=C(C)C,55,1,Sub,-
*C(=O)CCCCCCCC,55,1,Sub,-
*N(C)C(=O)C(C)C,55,1,Sub,-
*NC(CO)CC(C)C,55,1,Sub,-
*CNS(=O)(=O)N(C)C,55,1,Sub,-
*CCC(F)F,55,1,Sub,-
*c1cc2c(*)c(*)cnc2cn1,54,3,Ring,---
*N1C(=*)C(=*)Oc2ccccc21,54,3,Ring,-==
*c1cccc2cc3ccccc3nc12,54,1,Ring,-
*c1c2c(n(*)c1*)CCCC2=*,54,4,Ring,---=
*c1nnn2c1CN(*)CCC2,54,2,Ring,--
*c1nc2c(*)cccc2c2cnccc12,54,2,Ring,--
*c1cc(*)c2c(*)c[nH]c2c1*,54,4,Ring,----
*c1cccc2c1C(=*)N(*)C2*,54,4,Ring,-=--
*c1c(*)c2ccc(*)c3cccc(c1=*)c32,54,4,Ring,---=
*C1=CN(*)c2sc(*)cc2C1=*,54,4,Ring,---=
*c1cnnc2ccccc12,54,1,Ring,-
*c1oc2c(=*)c3ccccc3c(=*)c2c1*,54,4,Ring,-==-
*C1=CC=CC(*)C2(*)CC(OC(=*)N2)C(*)C2OC2(*)C(*)CC(=*)N(*)c2cc(cc(*)c2*)C1,54,11,Ring,---=---=---
*C1=C(*)C(*)(*)NC1=*,54,5,Ring,----=
*C1=C(*)C(*)SC1=*,54,4,Ring,---=
*N1CCN(*)CCN(*)CC1,54,3,Ring,---
*N1CCC2(CCCCC2)C1,54,1,Ring,-
*c1nc2c(*)c(*)cc(*)c2s1,54,4,Ring,----
*c1cc(*)c2occc2c1*,54,3,Ring,---
*c1ccc2c(c1*)OC(*)CC2,54,3,Ring,---
*C1CC(*)(*)OC1=*,54,4,Ring,---=
*c1ccc2[nH]cc(*)c2c1*,54,3,Ring,---
*c1cc(*)c2c(c1)C(=*)N(*)CC2,54,4,Ring,--=-
*C1=Cc2cc(*)cc(*)c2NC1=*,54,4,Ring,---=
*C1=C(*)CC(*)CC1,54,3,Ring,---
*c1cc2c(cc1*)C1=NN(*)C(*)C1C2,54,4,Ring,----
*C1CC2C(=*)NC3(*)CC3C=CCCCCN(*)C(=*)C2C1,54,5,Ring,-=--=
*C1=C(*)N(*)C(=*)C=C1,54,4,Ring,---=
*C1CCC2(*)C3=CCC4C(*)(*)C(=*)CCC4(*)C3CCC12*,54,7,Ring,----=--
*c1ccc2c(c1)OC(*)C(=*)N2,54,3,Ring,--=
*c1cc2c(cnc3cc(*)c(*)cc32)c(*)n1,54,4,Ring,----
*C1=C(*)C2(CCN(*)CC2)OC1=*,54,4,Ring,---=
*C1=CC(=*)OC(*)C1,54,3,Ring,-=-
*c1cc2c(c(*)c1*)CCN(*)CC2*,54,5,Ring,-----
*N1C(=*)NC2(CCOc3ccccc32)C1=*,54,3,Ring,-==
*c1cccc2c1N(*)C(=*)N2*,54,4,Ring,--=-
*C1C=CC(=*)C2(CC(=*)OC2*)C1,54,4,Ring,-==-
*c1ccc2c(c1)nc(*)c1nc(*)n(*)c12,54,4,Ring,----
*C1=NC(*)(*)CC(*)N1*,54,5,Ring,-----
*c1nc2ccc3[nH]ncc3c2s1,54,1,Ring,-
*c1n[s+](*)nc1*,54,3,Ring,---
*c1noc2c1CCCCC2,54,1,Ring,-
*C1=CC=C2C3CC(CN(*)C3)CN2C1=*,54,3,Ring,--=
*C1CCC(=*)C(*)C1,54,3,Ring,-=-
*c1ncc(*)n2ccnc12,54,2,Ring,--
*c1cnc2c(*)c(*)ccc2c1,54,3,Ring,---
*C1COC2(CCN(*)C2)C1,54,2,Ring,--
*c1nc(*)c2c(n1)CN(*)C(*)C2,54,4,Ring,----
*c1cc(*)c2c(c1)C=CC(*)(*)O2,54,4,Ring,----
*C1CN(*)c2ccccc2N(*)C1=*,54,4,Ring,---=
*C1=C(*)C(*)c2c(n[nH]c2*)O1,54,4,Ring,----
*C1=C(*)N(*)C(=*)N1*,54,5,Ring,---=-
*c1nc2c(=*)c3ccccc3c(=*)c2[nH]1,54,3,Ring,-==
*c1ccc2c(c1)OC(*)(*)CC2,54,3,Ring,---
*c1nc2c(*)nc3ccccc3c2[nH]1,54,2,Ring,--
*C1=CC2=C(C=C3CCC(*)CC3O2)C(=*)O1,54,3,Ring,--=
*C1=Nc2ncnn2C(*)C1=*,54,3,Ring,--=
*OC(*)CCN(C)C,54,2,Linker,--
*CCCCOC*,54,2,Linker,--
*CN(C*)CC(=O)O,54,2,Linker,--
*SC(*)C(=O)O,54,2,Linker,--
*CCNC(=S)NC(*)=O,54,2,Linker,--
*COC(=O)C(C)NC(*)=O,54,2,Linker,--
*CCC(CC(=O)N*)NC(*)=O,54,3,Linker,---
*C(=O)NCCCCN(*)CCC,54,2,Linker,--
*CCCNCC(*)O,54,2,Linker,--
*OC(C)CNC(*)=O,54,2,Linker,--
*CCCN(*)OC,54,2,Linker,--
*C=C(*)F,54,2,Linker,--
*C#CC(*)(*)O,54,3,Linker,---
*CCCNC(=O)C(=O)NC*,54,2,Linker,--
*C=CC=CC=C*,54,2,Linker,--
*CCN(*)C(C)=O,54,2,Linker,--
*CC(*)CS*,54,3,Linker,---
*NC(=O)CN(C)C(=O)COC(*)=O,54,2,Linker,--
*C(=C)COC(*)=O,54,2,Linker,--
*C=CC(=O)OCCC*,54,2,Linker,--
*CC(*)CN,54,2,Linker,--
*C=CC(C)C=C(*)C,54,2,Linker,--
*C(=O)NC(C=O)CC(=O)O,54,1,Sub,-
*C(C)C(C)(C)C,54,1,Sub,-
*OCC(F)(F)C(F)F,54,1,Sub,-
*OS(=O)(=O)CC,54,1,Sub,-
*CNC=O,54,1,Sub,-
*C=C(C)[N+](=O)[O-],54,1,Sub,-
*OCCC=C,54,1,Sub,-
*C(=O)NNC(N)=S,54,1,Sub,-
*CC(N)C(=O)OC,54,1,Sub,-
*C=C(Cl)Cl,54,1,Sub,-
*CNC(C)(C)CO,54,1,Sub,-
*CN(C(C)C)C(C)C,54,1,Sub,-
*C(C)C(=O)NC(C)C,54,1,Sub,-
*ON=[N+]([O-])N(C)C,54,1,Sub,-
*C=CCCCCCCCC,54,1,Sub,-
*N=C(N)S,54,1,Sub,-
*C(=O)NCC(C)(C)C(=O)O,54,1,Sub,-
*CC(=O)NCCCOCC,54,1,Sub,-
*[S+]([O-])CCCC,54,1,Sub,-
*SC(C)C(=O)OC,54,1,Sub,-
*NC(=O)CCC(=O)OCC,54,1,Sub,-
*S(C)(=O)=NC#N,54,1,Sub,-
*C(=N)NC,54,1,Sub,-
*C(=O)N(CCOC)CCOC,54,1,Sub,-
*=NC(C)(C)C,54,1,Sub,=
*NC(=O)C(Cl)(Cl)Cl,54,1,Sub,-
*c1[nH]c2c(c1*)CCCC2,53,2,Ring,--
*N1C=Nc2c(oc3ccccc23)C1=*,53,2,Ring,-=
*c1cc2c(cc1*)C(=*)CC(*)O2,53,4,Ring,--=-
*C1CCN(*)C(=*)O1,53,3,Ring,--=
*C1CC2CN(*)CC2O1,53,2,Ring,--
*c1cc2c(cc1*)C(*)C(*)C2,53,4,Ring,----
*C1=Nc2ccccc2Oc2ccc(*)cc21,53,2,Ring,--
*C1CNC(*)C(*)C(*)(*)C(*)OC(=*)C(*)C(*)C(*)C(*)C(*)(*)C1,53,13,Ring,------=------
*c1cc2c(c(*)c1*)C(=*)C(*)CO2,53,5,Ring,---=-
*c1cc2c(cc1*)CCN(*)CC2,53,3,Ring,---
*C1=Cc2ccc(*)cc2C(=*)O1,53,3,Ring,--=
*C1=C(*)C(=*)N2CCCC2C1,53,3,Ring,--=
*c1ccc2ncc3c(*)nn(*)c3c2c1,53,3,Ring,---
*C1NC(*)C2C(=*)C1C(*)NC2*,53,5,Ring,--=--
*C1(*)CCSC1,53,2,Ring,--
*c1nc2c(s1)CNCC2,53,1,Ring,-
*c1cc2c(cc1*)C1(*)CCC(*)C(*)(*)C1CC2,53,6,Ring,------
*C1C(=*)NC=CN1*,53,3,Ring,-=-
*c1ncnc2c(*)ncnc12,53,2,Ring,--
*C1=CN=C2SC=CN2C1=*,53,2,Ring,-=
*c1nc(*)c2c(n1)N(*)CN2,53,3,Ring,---
*c1ccc2c(c1)c1nc3ccccc3nc1n2*,53,2,Ring,--
*C1=NC(*)(*)C(*)N1,53,4,Ring,----
*c1cc(*)c2nc(*)c(*)c(*)c2c1,53,5,Ring,-----
*C1CSC(=*)N1,53,2,Ring,-=
*C1NC(=*)C(=*)C1=*,53,4,Ring,-===
*c1nc2c(nc(*)c3ncn(*)c32)s1,53,3,Ring,---
*c1cc(*)c2c(*)c(*)oc2c1*,53,5,Ring,-----
*C1CC2C(*)C(*)OC3OC4(*)CCC(C1*)C32OO4,53,5,Ring,-----
*c1nc2c(*)c(*)n(*)c2nc1*,53,5,Ring,-----
*c1cc(*)c2c(c1)Oc1c(*)cccc1C2=*,53,4,Ring,---=
*C1=NSC(=*)O1,53,2,Ring,-=
*n1cc2c(n1)CCCC2,53,1,Ring,-
*C1(*)CCC(=*)N1,53,3,Ring,--=
*C1=Cc2ccc(*)cc2OC1,53,2,Ring,--
*c1nc2cccc3c2n1CC(*)N(*)C3,53,3,Ring,---
*C1=C(*)C2CCC(*)C3CCC4(*)OOC23C(O1)O4,53,4,Ring,----
*c1cnc2c(*)ccc(*)c2c1,53,3,Ring,---
*C1CC2C3CCC(*)(*)C3(*)CC(*)C2(*)C2(*)C=CC(=*)C=C12,53,8,Ring,-------=
*c1ccc2nc3c(cc2c1*)CN1C(=*)C2=C(C=C31)C(*)(*)C(=*)OC2,53,6,Ring,--=--=
*N1CC2CC(C1)N2*,53,2,Ring,--
*c1cc2c(=*)c(=*)n(*)c2cc1*,53,5,Ring,-==--
*C1CCC2(*)CCC3(*)C(CCC4C(*)(*)C(*)CCC43*)C12,53,7,Ring,-------
*c1ccc2c(*)c3c(=*)c4cccnc4c(=*)c3n2c1,53,4,Ring,--==
*c1cc(*)c2c(c1)N(*)C(=*)NC2,53,4,Ring,---=
*c1nc2c(s1)C(=*)NC(*)(*)C2,53,4,Ring,-=--
*N1CCC2(CC1)COCCN2*,53,2,Ring,--
*c1ccc2c(c1)CCCc1c(*)n[nH]c1-2,53,2,Ring,--
*c1ccc2c(c1)C(*)(*)N(*)C(=*)N2,53,5,Ring,----=
*C1=C(*)C(*)=C(*)C(*)(*)C1=*,53,7,Ring,------=
*c1ccc(*)c2cnccc12,53,2,Ring,--
*c1ccc2c(c1)OCC(*)C2=*,53,3,Ring,--=
*C1=CN2C(=*)N=C(*)N=C2C=C1,53,3,Ring,-=-
*c1c(*)c2n(c1*)CC(*)(*)C2,53,5,Ring,-----
*C1=NC(*)C(*)C(=*)N1,53,4,Ring,---=
*c1nc(*)n2c1CCOCC2,53,2,Ring,--
*C1=CC(*)C(*)C(*)CC(*)=CC=CC(*)C(*)OC(=*)C(*)=C1,53,9,Ring,-------=-
*C1=NC(=*)N(*)c2c1oc1ccc(*)cc21,53,4,Ring,-=--
*C1CN(*)c2ccccc2S1,53,2,Ring,--
*c1cc2c(*)nn(*)c2cn1,53,3,Ring,---
*c1cc(*)c2c(c1)C(*)c1cc(*)cc(*)c1C2=*,53,6,Ring,-----=
*C1CCC2=C(C=CC(=*)N2*)C1,53,3,Ring,-=-
*c1c[nH]c2c(*)ccnc12,53,2,Ring,--
*C1=CC(*)(*)CC(*)C1*,53,5,Ring,-----
*NC(=O)CCC(=O)O*,53,2,Linker,--
*CNC(*)CO,53,2,Linker,--
*SCC(=O)OCC(*)=O,53,2,Linker,--
*C=NNC(=O)CCC*,53,2,Linker,--
*C(=O)CC(*)(*)*,53,4,Linker,----
*CC(*)C(C*)NC(=O)O*,53,4,Linker,----
*CC(=O)N(C*)C(C)C(F)(F)F,53,2,Linker,--
*N(CC(=O)NN=*)S(*)(=O)=O,53,3,Linker,-=-
*NC(=O)C(CCC(=O)O)NC(*)=O,53,2,Linker,--
*OCCCCC(*)=O,53,2,Linker,--
*CC(=O)NNC(=O)CO*,53,2,Linker,--
*C(=O)OCC(=O)N(*)CCOC,53,2,Linker,--
*CCNC(=O)C(C*)=NO,53,2,Linker,--
*CN(CC(C)C)S(*)(=O)=O,53,2,Linker,--
*C(=O)C(*)OC,53,2,Linker,--
*CC(CC(=O)NC(CCC(=O)O)CC(=O)O)NC(*)=O,53,2,Linker,--
*CCN(C*)C(S)=N*,53,3,Linker,---
*CC(*)C#N,53,2,Linker,--
*CCNCC(=O)N*,53,2,Linker,--
*CNCC(*)*,53,3,Linker,---
*CSCCNC(=O)CN(*)S(C)(=O)=O,53,2,Linker,--
*CCN=C(*)S,53,2,Linker,--
*C=C(*)C(C)=O,53,2,Linker,--
*CCCCCCN,53,1,Sub,-
*NC(=S)NC(=O)CC,53,1,Sub,-
*NC(=O)C(N)CS,53,1,Sub,-
*CNCCCO,53,1,Sub,-
*OCCNS(=O)(=O)CCC,53,1,Sub,-
*CN(C)CC(=O)O,53,1,Sub,-
*CN(CC)CC=CC#CC(C)(C)C,53,1,Sub,-
*C=CCCCCC,53,1,Sub,-
*CCCNC(N)=O,53,1,Sub,-
*C(=O)CC(C)CC(=O)O,53,1,Sub,-
*NC(=O)CCNC(C)=O,53,1,Sub,-
*S(=O)(=O)NC(=O)CC,53,1,Sub,-
*C=CC(=O)CC(=O)C(=O)O,53,1,Sub,-
*C(=O)C(C)(C)N,53,1,Sub,-
*C(C)CC(=O)CC(C)C(=O)O,53,1,Sub,-
*C=NNC(=S)NCC=C,53,1,Sub,-
*OCC#CCC,53,1,Sub,-
*CCC(=O)NS(C)(=O)=O,53,1,Sub,-
*C(=O)NC(CCCNC(=N)N)C(=O)NC(CCCCN)C(=O)NC(CCCC)C(N)=O,53,1,Sub,-
*SC(C)C(N)=O,53,1,Sub,-
*C(S)=NCC,53,1,Sub,-
*OCCCCO[N+](=O)[O-],53,1,Sub,-
*N(CC)S(C)(=O)=O,53,1,Sub,-
*N(C)CC(C)C,53,1,Sub,-
*C=CC(=O)CC(=O)C(=O)OCC,53,1,Sub,-
*NC(=O)OCC=C,53,1,Sub,-
*S(=O)(=O)NC(=O)NCCC,53,1,Sub,-
*C(C)(C)C(=O)OC,53,1,Sub,-
*C(=O)CC(=O)O,53,1,Sub,-
*C(=O)NCC(=O)OC(C)(C)C,53,1,Sub,-
*C(=O)N(CC(C)C)CC(C)C,53,1,Sub,-
*c1cc2c(s1)N(*)C(=*)N(*)C2=*,52,5,Ring,--=-=
*C1CC(=*)N(*)C12CCN(*)CC2,52,4,Ring,-=--
*C1CCc2ccccc2NC1=*,52,2,Ring,-=
*c1ccc2c(c1)N(*)C(*)C(=*)N2,52,4,Ring,---=
*C1=NC(*)C(=*)N(*)c2cc(*)ccc21,52,5,Ring,--=--
*c1cc(=*)c(=*)c(*)c1*,52,5,Ring,-==--
*c1ccc2c(c1)-c1c(cnn1*)C(=*)O2,52,3,Ring,--=
*c1[nH]nc2c1C(*)OC(*)C2,52,3,Ring,---
*c1cc2c(*)cccc2nc1*,52,3,Ring,---
*c1sc2nc3c(cc2c1*)CCCC3,52,2,Ring,--
*c1ccc2c(c1)C13CCN(*)C(C2)C1C(*)CC(=*)C3,52,4,Ring,---=
*c1ccc2snc(*)c2c1,52,2,Ring,--
*C1=C(*)c2sccc2N(*)C1=*,52,4,Ring,---=
*C1CN(*)CC2OCCC12,52,2,Ring,--
*C1CCCS1(=*)=*,52,3,Ring,-==
*C1=NCC(*)(*)S1,52,3,Ring,---
*N1CCn2cncc2C1,52,1,Ring,-
*C1=CC(*)C(*)C2CC(*)CCC12,52,4,Ring,----
*c1ccc2c(c1)sc(*)[n+]2*,52,3,Ring,---
*c1cnc2[nH]c3cnc(*)cc3c2c1,52,2,Ring,--
*C1NCCN(*)C1=*,52,3,Ring,--=
*c1cc2c(s1)-c1c(*)cccc1OC2,52,2,Ring,--
*c1ccc2c(c1)CCCN2,52,1,Ring,-
*C1=NNCC1*,52,2,Ring,--
*c1cc2nc(*)c3ncc(*)n3c2s1,52,3,Ring,---
*C1Nc2ccccc2NC1=*,52,2,Ring,-=
*c1nc2c([nH]1)NC(=*)N(*)C2=*,52,4,Ring,-=-=
*c1cc2c(cc1*)-c1c(c(*)nn1*)C2,52,4,Ring,----
*c1cccc2c(=*)c3c(*)c4c(c(*)c3c(=*)c12)C(*)CC(*)(*)C4*,52,9,Ring,-=--=----
*c1ccc2c(c1)C13CCN(*)C(C2)C1(*)CC(*)C(=*)C3,52,5,Ring,----=
*N1CCNS1(=*)=*,52,3,Ring,-==
*C1=COC(=*)N1*,52,3,Ring,-=-
*C1C2=C(COC2=*)Nc2cc3c(cc21)OCO3,52,2,Ring,-=
*c1ccc2c(n1)CNC(=*)N2*,52,3,Ring,-=-
*C1=NC2(CCCC2)C(=*)N1*,52,3,Ring,-=-
*N1CC(=*)N(*)c2ccccc2C1=*,52,4,Ring,-=-=
*C1=CN(*)c2c(ccc(*)c2*)C1=*,52,5,Ring,----=
*c1nc2c([nH]1)CCCNC2=*,52,2,Ring,-=
*c1ccc2c(c1)C(*)CCc1nnc(*)n1-2,52,3,Ring,---
*c1nc2c(s1)CCCN2*,52,2,Ring,--
*n1c2c(c3ccccc31)CCNC2,52,1,Ring,-
*c1ccc2c3c(n(*)c2c1)C(*)N(*)CC31CCN(*)CC1,52,5,Ring,-----
*c1ccc2[nH]c3c[n+](*)ccc3c2c1,52,2,Ring,--
*c1cc(*)c2c(c1)OC(*)(*)CC2=*,52,5,Ring,----=
*c1ccc2c(ccn2*)c1*,52,3,Ring,---
*c1ccc2c(c1)C1C(*)C1O2,52,2,Ring,--
*C1=CC=CN2C(=*)c3cc4ccccc4cc3N=C12,52,2,Ring,-=
*C1=CC2C(CCC3(CO3)C(*)C3C(*)C(*)CC3(*)C1=*)C2(*)*,52,8,Ring,-----=--
*C1=CC(=*)N(*)O1,52,3,Ring,-=-
*c1cc(*)c2c(c1*)OCC2,52,3,Ring,---
*c1ccc2c(n1)N(*)CCN(*)C2,52,3,Ring,---
*c1cc2c(cc1*)C1C3Cc4cc(*)c(*)cc4C(*)N3C(*)C(C2)N1*,52,7,Ring,-------
*N1CNC2=C(C1)C(=*)NC(=*)N2*,52,4,Ring,-==-
*c1ccc2[nH]c3c(*)nc(*)cc3c2c1,52,3,Ring,---
*C1CNC1=*,52,2,Ring,-=
*c1ccc2c(c1)C(*)c1ccccc1-2,52,2,Ring,--
*c1ncn(*)c2ncnc1-2,52,2,Ring,--
*c1cccc2c1NC(*)C1CC=CC21,52,2,Ring,--
*c1cc2c3c(c(*)cc4c3c1C(=*)N(*)C4=*)C(=*)N(*)C2=*,52,8,Ring,--=-==-=
*c1nc(*)c(*)[se]1,52,3,Ring,---
*c1ccc2c(c1*)Oc1c(*)cccc1C2=*,52,4,Ring,---=
*C1=C(*)C(*)n2nnnc2N1,52,3,Ring,---
*C1(*)CC2CCC1(*)C2(*)*,52,5,Ring,-----
*c1cccn2cnnc12,52,1,Ring,-
*c1nc2c(n1*)CC(*)C2,52,3,Ring,---
*C1=Nn2c(*)nc(*)c2C(=*)N1,52,4,Ring,---=
*c1nc2c3cc(*)c(*)cc3nc(*)n2n1,52,4,Ring,----
*N1C(=*)c2ncn(*)c2N(*)C1=*,52,5,Ring,-=--=
*c1cc2c(cn1)CN(*)C2,52,2,Ring,--
*c1ncc2cc3cnccc3c(*)c2n1,52,2,Ring,--
*c1cc2n(c1)N=CN(*)C2=*,52,3,Ring,--=
*c1ccc2c(c1)NC(=*)C(=*)N2*,52,4,Ring,-==-
*C1=Cc2ccc(*)c(*)c2NC1=*,52,4,Ring,---=
*C1=Nc2ncccc2C(=*)N1,52,2,Ring,-=
*c1ccc2c(c1)N(*)C1=NC(=*)NC(=*)C1=C2,52,4,Ring,--==
*C1=NC(=*)C(*)=C(*)N1,52,4,Ring,-=--
*C1=C(*)C(=*)N2CCCC(*)C2=N1,52,4,Ring,--=-
*C1=C(*)C(*)c2cc(*)cc(*)c2O1,52,5,Ring,-----
*c1cc(*)c2c(n1)sc1c(*)ncnc12,52,3,Ring,---
*C1COC(*)(*)OC1*,52,4,Ring,----
*NC(*)CCO,52,2,Linker,--
*CNC(C*)C(=O)OC,52,2,Linker,--
*CN(CCN(CCCC)CCCC)C(*)=O,52,2,Linker,--
*C=CC(=O)N(C*)C*,52,3,Linker,---
*C(=O)NC(C(*)=O)=C(*)Cl,52,3,Linker,---
*NC(=O)CNC(=O)N*,52,2,Linker,--
*CC(N)C*,52,2,Linker,--
*C(*)(*)SCC(N)C(=O)O,52,3,Linker,---
*COC(=O)NC(*)P(=O)(O*)O*,52,4,Linker,----
*C(O)=C(*)C#N,52,2,Linker,--
*SCCS*,52,2,Linker,--
*CC(NC(*)=O)C(=O)NC(C(*)=O)C(C)CC,52,3,Linker,---
*NC(=O)CN(CC)CC(=O)N*,52,2,Linker,--
*CNC(*)(C)C,52,2,Linker,--
*CCCCNC(=O)O*,52,2,Linker,--
*C=CC=CC=*,52,2,Linker,-=
*CCCNC(=O)N(*)C*,52,3,Linker,---
*NC(=O)C(*)=NOCC,52,2,Linker,--
*CC(O)CN(C*)S(*)(=O)=O,52,3,Linker,---
*NC(=O)C(C)N(*)S(C)(=O)=O,52,2,Linker,--
*OCC(O)CS*,52,2,Linker,--
*CC(=O)NC(*)CC,52,2,Linker,--
*CN(*)S(=O)(=O)C*,52,3,Linker,---
*CN(*)CC=C,52,2,Linker,--
*CC(=O)NCC(NS(*)(=O)=O)C(=O)O,52,2,Linker,--
*C=NNC(=O)C(=O)NC*,52,2,Linker,--
*CC(*)(O)C(*)=O,52,3,Linker,---
*OC(*)CO,52,2,Linker,--
*CC(=O)N(*)CC(C)C,52,2,Linker,--
*NC(=O)NNC(=O)CO*,52,2,Linker,--
*C(=O)C(*)CNC,52,2,Linker,--
*CC(=O)NC(C*)C(=O)NS(*)(=O)=O,52,3,Linker,---
*CCN(C*)CC*,52,3,Linker,---
*OCCCS(*)(=O)=O,52,2,Linker,--
*CC(=O)NC(C(*)=O)C(C)(C)C,52,2,Linker,--
*C(=O)C(NC(=O)C(C)N)C(C)C,52,1,Sub,-
*C(C)=CC=CC(C)=CC(=O)O,52,1,Sub,-
*C(=O)C(CCCNC(=N)N)NC(=O)C(N)CCCNC(=N)N,52,1,Sub,-
*NC(=O)CC(=O)OC,52,1,Sub,-
*OCCSC#N,52,1,Sub,-
*C(=O)NC(C)C(=O)OC(C)(C)C,52,1,Sub,-
*OC(CC)CO,52,1,Sub,-
*C(=N)NN,52,1,Sub,-
*NCC#N,52,1,Sub,-
*C(=O)NCCCCCCCCCCCCCCCCCC,52,1,Sub,-
*C(=O)NCCCCCCS,52,1,Sub,-
*CCOCCOC,52,1,Sub,-
*OCCNC(=O)OC(C)(C)C,52,1,Sub,-
*C=NOCC,52,1,Sub,-
*C(OC(C)=O)C(COC(C)=O)OC(C)=O,52,1,Sub,-
*C=C(C#N)S(C)(=O)=O,52,1,Sub,-
*C(=O)CF,52,1,Sub,-
*c1cc2c(=*)c3cccc(*)c3c(=*)c2s1,51,4,Ring,-=-=
*C1=Nc2ccc(*)cc2S(=*)(=*)N1,51,4,Ring,--==
*C1Cc2c(ccc3[nH]ncc23)C(*)N1*,51,3,Ring,---
*C1=CSCCO1,51,1,Ring,-
*c1[nH]ccc2c3ccccc3nc1-2,51,1,Ring,-
*c1nc2ccc(*)c(*)c2[nH]1,51,3,Ring,---
*c1nc(*)c2cc(*)c(*)nc2n1,51,4,Ring,----
*C12CCCN(CC1)C2,51,1,Ring,-
*C1=CC(*)CC1*,51,3,Ring,---
*c1ncnc2cc3c(cc12)OCCO3,51,1,Ring,-
*c1nn(*)c2c1C(*)SC(=*)N2,51,4,Ring,---=
*c1ccc2c(c1)CC1CCC(C2)C1*,51,2,Ring,--
*c1cc(*)c2c(c1)Oc1ccc(*)cc1C2=*,51,4,Ring,---=
*C1CC(=*)CC(*)N1*,51,4,Ring,-=--
*c1cc(*)c2c(c1)C(*)OC2=*,51,4,Ring,---=
*c1cc(*)c2c(c1*)CCO2,51,3,Ring,---
*N1C(=*)C2(OCCO2)c2ccccc21,51,2,Ring,-=
*C1OP(*)(=*)C(*)C(*)C1*,51,6,Ring,--=---
*C1CN(*)Cc2ccnn2C1,51,2,Ring,--
*c1cc2c(=*)c(*)c(*)c(=*)c2c(*)c1*,51,7,Ring,-=--=--
*c1nc2ccccc2c2[nH]c3ccccc3c12,51,1,Ring,-
*c1ncnc2ccncc12,51,1,Ring,-
*c1c2c(nc3ccccc13)CCCC2*,51,2,Ring,--
*c1ccc2c(c1)OC(*)(*)C(*)C2*,51,5,Ring,-----
*C1CCC2(*)C(CCC3(*)C2CC=C2C4CC(*)(*)CC(*)C4(*)CCC23*)C1(*)*,51,10,Ring,----------
*c1c2ccccc2[n+](*)c2c1oc1ccccc12,51,2,Ring,--
*c1cc2c(c(*)c1*)OC(*)(*)CC2,51,5,Ring,-----
*c1ccc2c(c1)-c1[nH]nc(*)c1C2,51,2,Ring,--
*c1cc2ncc(*)n2cc1*,51,3,Ring,---
*C1CCC2CCC1N2*,51,2,Ring,--
*C1CCC2C3CCC4=CC(=*)C=CC4(*)C3CCC12*,51,4,Ring,-=--
*C1N(*)CC2=C(CC(*)(*)CC2=*)N1*,51,6,Ring,----=-
*N1CC2(CN3CCC2CC3)OC1=*,51,2,Ring,-=
*c1cc(*)c2c(*)c(*)oc2n1,51,4,Ring,----
*N1CCCC2c3ccccc3CCC21,51,1,Ring,-
*c1ccc2c(c1)Nc1cc(*)cc(*)c1C2=*,51,4,Ring,---=
*C1C(*)C2CCC1C21CC1,51,2,Ring,--
*C1(*)OC2COC3(*)OC(*)(*)OC3C2O1,51,5,Ring,-----
*c1ccc2c(c1)C(*)Cc1ccccc1S2,51,2,Ring,--
*C1=Cc2c(*)nn(*)c2NC1=*,51,4,Ring,---=
*C1=NC(=*)N(*)C=N1,51,3,Ring,-=-
*c1nnc(*)c2c(*)oc(*)c12,51,4,Ring,----
*c1ccsn1,51,1,Ring,-
*c1cccc2nc3c(cc12)CN1C(=*)C2=C(C=C31)C(*)(*)C(=*)OC2,51,5,Ring,-=--=
*C1C(=*)CC(*)(*)C(*)C1*,51,6,Ring,-=----
*c1nn(*)c2c(*)cccc12,51,3,Ring,---
*c1cc2cc(*)c(*)cc2cn1,51,3,Ring,---
*c1cc2c(=*)oc(=*)c2cc1*,51,4,Ring,-==-
*c1cc(*)c2[nH]ccc2c1*,51,3,Ring,---
*c1n[nH]c2c1C(*)C1=C(COC1=*)N2,51,3,Ring,--=
*c1cc2n(n1)C=NN(*)C2=*,51,3,Ring,--=
*c1ccc2c(n1)N(*)C(=*)N2*,51,4,Ring,--=-
*C1C=CC(*)(*)C(*)C(*)C(*)C(=*)C(*)C2C(*)C(*)(*)CC2(*)C1=*,51,13,Ring,------=-----=
*c1cccc2c1CCCN2*,51,2,Ring,--
*c1ccc2c(c1*)CN(*)CC2,51,3,Ring,---
*C1C2=C(N=CN(*)C2=*)Oc2ccc3ccccc3c21,51,3,Ring,--=
*c1cccc2c1nnn2*,51,2,Ring,--
*c1ccc2c(c1)N(*)CCN2*,51,3,Ring,---
*c1cccc2cc(*)n(*)c12,51,3,Ring,---
*c1cc(*)c2c(nc(*)n2*)c1*,51,5,Ring,-----
*c1nn(*)c2c1CCS(=*)(=*)O2,51,4,Ring,--==
*C1=CC(=*)NC=N1,51,2,Ring,-=
*C12CCNCC1(*)C2,51,2,Ring,--
*c1cccc2c1NCC(*)C2,51,2,Ring,--
*c1ccc2c(c1)Oc1cc(*)ccc1C2=*,51,3,Ring,--=
*C1NC(=*)NC2=C1CN(*)CC2=*,51,4,Ring,-=-=
*N1C(=*)c2ccccc2N2C(=*)CCC12*,51,4,Ring,-==-
*C1=[N+]2C(=Cc3ccc(*)n3[B-]2(*)*)C=C1,51,4,Ring,----
*c1ccc2c(c1)C=CN(*)C2=*,51,3,Ring,--=
*c1ccc2c(c1)CCC1C2CCC2(*)C1CC1OC3(CCC(*)CO3)C(*)C12,51,4,Ring,----
*c1cc(=*)c2ncccc2c1=*,51,3,Ring,-==
*c1c2n(c3ccccc13)CCCO2,51,1,Ring,-
*C1CC2=C(C(=*)OC(*)(*)O2)C(*)O1,51,5,Ring,-=---
*C1=Nc2cc(*)ccc2Sc2ccccc21,51,2,Ring,--
*C(*)NC(=O)CC,51,2,Linker,--
*NP(=O)(O*)O*,51,3,Linker,---
*NC(=O)NNS(*)(=O)=O,51,2,Linker,--
*CNC(=O)NCC(*)O,51,2,Linker,--
*NS(=O)(=O)N*,51,2,Linker,--
*COC(=O)NC(CCCCN)C(*)=O,51,2,Linker,--
*CC(NC(=O)C(CCCNC(=N)N)NC(=O)C(C*)NC(*)=O)C(N)=O,51,3,Linker,---
*CN(C(C(=O)NO)C(C)C)S(*)(=O)=O,51,2,Linker,--
*C(=O)NCC(=O)NNC(*)=O,51,2,Linker,--
*NC(*)COC,51,2,Linker,--
*CN(CC)C(=O)CO*,51,2,Linker,--
*CC(=O)NC(C*)CN(*)C,51,3,Linker,---
*C=CC(=O)NC(CC(C)C)C(*)=O,51,2,Linker,--
*NC(=O)CON=*,51,2,Linker,-=
*COC(=O)C(*)*,51,3,Linker,---
*C(=O)CSC(*)=S,51,2,Linker,--
*CNC(C*)C(=O)N*,51,3,Linker,---
*C(=O)NN(*)C,51,2,Linker,--
*CC(NC(=O)C(CC(C)C)NC(*)=O)C(=O)NC(CC(C)C)C(*)=O,51,3,Linker,---
*CCC(N*)C(=O)O,51,2,Linker,--
*CC=C(*)*,51,3,Linker,---
*CCC(=O)NC(C)C*,51,2,Linker,--
*CC(C)=NNC(*)=O,51,2,Linker,--
*NC(*)P(=O)(OC)OC,51,2,Linker,--
*C=CC(*)=NN*,51,3,Linker,---
*CC(=O)NC(C)C(=O)N*,51,2,Linker,--
*NC(=O)C(F)=C(*)C,51,2,Linker,--
*C(=O)CCCNC(*)=O,51,2,Linker,--
*NC(=O)C(C)(C)O,51,1,Sub,-
*N=C=O,51,1,Sub,-
*NC(=O)CCC=C,51,1,Sub,-
*C(=O)N(CC)C(C)C,51,1,Sub,-
*OCCN(C)CC(=O)O,51,1,Sub,-
*CCC(=O)N(CC)CC,51,1,Sub,-
*C(=O)N(C)CCCCCCC(=O)NO,51,1,Sub,-
*OCC(=O)OC(C)C,51,1,Sub,-
*NC(S)=NC,51,1,Sub,-
*COP(=O)([O-])O,51,1,Sub,-
*CC(=O)NCC=C,51,1,Sub,-
*COCP(=O)(O)O,51,1,Sub,-
*OCC=C(C)CCC=C(C)CCC=C(C)C,51,1,Sub,-
*S(=O)(=O)NC(=O)NC(C)(C)C,51,1,Sub,-
*C=CC(=O)NC,51,1,Sub,-
*C(C)CCCCCC,51,1,Sub,-
*OC(CF)CF,51,1,Sub,-
*C(=O)CCCCCCCCCCCCC,51,1,Sub,-
*C(=O)NCCCCCCCCCCCCCCCC,51,1,Sub,-
*C(=O)NCCS(C)(=O)=O,51,1,Sub,-
*NCCCOCC,51,1,Sub,-
*C(C)CCC(=O)NCCS(=O)(=O)O,51,1,Sub,-
*C=NNC(=O)OCC,51,1,Sub,-
*C(=O)CNC(=O)OC(C)(C)C,51,1,Sub,-
*C(=O)Cl,51,1,Sub,-
*C(=O)NC(CO)CC(C)C,51,1,Sub,-
*CCS(=O)(=O)CC,51,1,Sub,-
*C1CCN(*)c2ccccc21,50,2,Ring,--
*C1=CCC(*)C(*)O1,50,3,Ring,---
*C1CC2C3C=CC=C4C3C(=CN4*)CC2N(*)C1,50,3,Ring,---
*c1cc2c(cn1)c(*)nn2*,50,3,Ring,---
*c1ncnn2c(*)cnc12,50,2,Ring,--
*c1ccc2c(c1)sc1nc(*)c(*)n12,50,3,Ring,---
*N1CCOCC2(CCN(*)C2)C1,50,2,Ring,--
*c1[nH]c2c(cc(*)c3ccccc32)c1*,50,3,Ring,---
*c1ccc2nccnc2c1*,50,2,Ring,--
*c1nc2sc3c(c2c(*)c1*)CCCC3,50,3,Ring,---
*c1[nH]cnc2nncc1-2,50,1,Ring,-
*c1ncnc2[nH]c3c(c12)CCCC3,50,1,Ring,-
*C1=NNC(=*)C(*)C1,50,3,Ring,-=-
*c1csc2c1N=CN(*)C2=*,50,3,Ring,--=
*C1=C(*)NC(=*)N1,50,3,Ring,--=
*c1cc2c(cc1*)OC(*)CC2,50,3,Ring,---
*c1ccc2c(c1)[nH]c1c(*)cc(*)cc12,50,3,Ring,---
*c1cc2c(n1*)N=C1C=CC=CN1C2=*,50,3,Ring,--=
*c1cccc2c1CC(*)C2,50,2,Ring,--
*N1CCN2C(=*)NCC2C1,50,2,Ring,-=
*C1C2CCCCC2(*)CCN1*,50,3,Ring,---
*C1c2ccccc2C2(CCNCC2)C1*,50,2,Ring,--
*c1cc(*)c2c(*)c(*)cc(*)c2c1,50,5,Ring,-----
*c1cc(*)c2c(c1*)C1OC(=*)C(*)C1CC2,50,5,Ring,---=-
*c1cc2c(cc1*)NC(=*)C=N2,50,3,Ring,--=
*c1nnn2c1CN(*)CC2,50,2,Ring,--
*C1CCC2(*)CCC3(*)C(=CCC4C5(*)CCC(*)C(*)(*)C5CCC43*)C2C1(*)*,50,10,Ring,----------
*c1[nH]c2cccnc2c1*,50,2,Ring,--
*C1N(*)C(=*)SC1(*)*,50,5,Ring,--=--
*C1=CN(*)c2nc(*)c(*)n2C1=*,50,5,Ring,----=
*C1=CCCOC1,50,1,Ring,-
*N1CSCC1=*,50,2,Ring,-=
*c1cc2c(s1)C(=*)N(*)C2,50,3,Ring,-=-
*c1sc2ncnn2c1*,50,2,Ring,--
*c1ccc2c(c1)C(*)CC(*)O2,50,3,Ring,---
*C1NC2(C(=*)Nc3ccccc32)C2(CN(*)CC(=*)C2=*)C1*,50,6,Ring,-=-==-
*c1nc(*)c2[nH]c(*)nc2n1,50,3,Ring,---
*C1=NS(=*)(=*)c2c(*)cccc21,50,4,Ring,-==-
*C1=CC(=*)N2CCN(*)CCC2=C1*,50,4,Ring,-=--
*c1ccc(*)c2c(*)ccnc12,50,3,Ring,---
*C1=CC(=*)c2cc(*)ccc2S1,50,3,Ring,-=-
*C1CC2CCCC2N1*,50,2,Ring,--
*c1ccc2nccnc2n1,50,1,Ring,-
*=c1oc(=*)c2ccccc12,50,2,Ring,==
*c1nc2nc(*)c(*)cc2[nH]1,50,3,Ring,---
*C1CSc2ccccc2N(*)C1=*,50,3,Ring,--=
*C12CCC3C(CCC4C(*)(*)CCCC43*)(C1)C(=*)C2=*,50,6,Ring,----==
*c1cccc2c1S(=*)(=*)N(*)CC(*)O2,50,5,Ring,-==--
*c1nc2ccccc2n2c(*)cnc12,50,2,Ring,--
*c1ccc2c(c1)OC(*)C(=*)N2*,50,4,Ring,--=-
*c1cc2c(s1)-c1ccccc1N(*)CC2,50,2,Ring,--
*c1nc(*)c2ncsc2n1,50,2,Ring,--
*C1C2C(=*)N(*)C(=*)C2C2CCCN12,50,4,Ring,-=-=
*c1ccc2oc3ccc(*)cc3c2c1,50,2,Ring,--
*c1c2ccccc2[n+](*)c2c1[nH]c1ccccc12,50,2,Ring,--
*N1CC2CC23C1=CC(=*)c1ccccc13,50,2,Ring,-=
*C1=CC(*)N(*)C1=*,50,4,Ring,---=
*C1=C2CCc3cc(*)ccc3N2CCC1=*,50,3,Ring,--=
*c1ccc2c(c1)C(=*)N(*)C=C2,50,3,Ring,-=-
*c1ncn2c1CN(*)CC2,50,2,Ring,--
*N1C(=*)N(*)N(*)C1=*,50,5,Ring,-=--=
*C1C2CCc3ccccc3C2=NN1*,50,2,Ring,--
*c1ccn2c(*)c(*)nc2n1,50,3,Ring,---
*C1=C(*)c2cc(*)c(*)cc2CCC1,50,4,Ring,----
*C1=Nn2c(*)nnc2SC1*,50,3,Ring,---
*N1Cc2ccccc2S1(=*)=*,50,3,Ring,-==
*c1ccc2c(c1)OC(=*)N(*)C2=*,50,4,Ring,-=-=
*c1ccc2c(c1)-c1nc(*)sc1CCC2,50,2,Ring,--
*c1ccc(*)c2c(=*)c(=*)[nH]c12,50,4,Ring,--==
*C1=CC=CC(*)C(*)C(*)C(*)C(*)C(*)C(*)C(*)C=COC2(*)Oc3c(*)c(*)c4c(=*)c(c5c(c4c3C2=*)=NC2(CCN(*)CC2)N5)NC1=*,50,16,Ring,------------==-=
*c1ccc2c(c1)C(=*)N(*)S2,50,3,Ring,-=-
*C1C(=*)N(*)C(*)C(=*)N1*,50,6,Ring,-=--=-
*C1CNP(*)(=*)O1,50,3,Ring,--=
*c1cc(*)c2c(c1*)C(=*)N(*)CC2,50,5,Ring,---=-
*c1cc(*)c2c(*)ccc(*)c2n1,50,4,Ring,----
*C12CC[N+](*)(CC1)CC2,50,2,Ring,--
*C1=C(*)c2ccc(*)cc2CCC1,50,3,Ring,---
*C1=NC2(CO1)c1cc(*)ccc1Oc1ccc(*)cc12,50,3,Ring,---
*CCN(C*)C(=S)N*,50,3,Linker,---
*C(*)NP(*)(*)=O,50,4,Linker,----
*CN(*)CCCN*,50,3,Linker,---
*C=CC(=O)OC(C*)C(=O)O,50,2,Linker,--
*CC(=O)NCCNC(*)=O,50,2,Linker,--
*C(C#N)S(*)(=O)=O,50,2,Linker,--
*CC(*)C(C)N*,50,3,Linker,---
*C=NNC(=N)NCC*,50,2,Linker,--
*CCNS(=O)(=O)CC*,50,2,Linker,--
*NC(=O)N(*)CC,50,2,Linker,--
*NC(=O)CC(*)CC(=O)O,50,2,Linker,--
*CC(=O)NC(CCC)C(=O)N*,50,2,Linker,--
*C(=O)OCOC(*)=O,50,2,Linker,--
*CN(C*)CCOC,50,2,Linker,--
*CCCCCCNC(*)=O,50,2,Linker,--
*C(=O)NCC(=O)NN=C(*)C,50,2,Linker,--
*C=NNC(=O)C(*)OC,50,2,Linker,--
*C(=O)CC(*)NC(C)=O,50,2,Linker,--
*C(*)(O)CCCCOC,50,2,Linker,--
*C(=C)C(*)=O,50,2,Linker,--
*CC(NC(*)=O)C(=O)NC(*)CC(C)C,50,3,Linker,---
*OCCOCCOCCOCCO*,50,2,Linker,--
*CCCC(=O)NC(*)C,50,2,Linker,--
*N(*)C(=O)C#C,50,2,Linker,--
*CC(O)C(C*)NC(*)=O,50,3,Linker,---
*CCCC(*)(*)C#N,50,3,Linker,---
*SCCS(*)(=O)=O,50,2,Linker,--
*C(=O)NCCCN(*)CC,50,2,Linker,--
*CC(=O)NC(C)C*,50,2,Linker,--
*CNC(=O)C=*,50,2,Linker,-=
*CC(NC(=O)OC(C)(C)C)C(=O)O,50,1,Sub,-
*N(C)C(=O)OC,50,1,Sub,-
*C(=O)COCCOC,50,1,Sub,-
*CCCNS(C)(=O)=O,50,1,Sub,-
*C(=O)C(N)CC,50,1,Sub,-
*C(=O)CCS,50,1,Sub,-
*CCNC(=O)C(C)C,50,1,Sub,-
*C(C)(C)C(N)=O,50,1,Sub,-
*C(=O)C(C)(O)C(F)(F)F,50,1,Sub,-
*CNCC(F)(F)F,50,1,Sub,-
*C(=O)N(CCC(C)C)CCC(C)C,50,1,Sub,-
*OCC(O)CN(CC)CC,50,1,Sub,-
*CCCCN(CC)CC,50,1,Sub,-
*OCCC(C)(C)O,50,1,Sub,-
*NC(=S)NC(=O)CC(C)C,50,1,Sub,-
*C(F)(F)Cl,50,1,Sub,-
*OCC(C)(N)C(C)C,50,1,Sub,-
*CCCC(=O)NC,50,1,Sub,-
*CC(O)C(O)C(O)CO,50,1,Sub,-
*C(=O)C=CC=CC,50,1,Sub,-
*C(=O)N(CC)CCO,50,1,Sub,-
*c1cc(*)c2c(cnn2*)c1,49,3,Ring,---
*C1=CS(=*)(=*)c2ccccc21,49,3,Ring,-==
*C1Cc2ccccc2N(*)C1,49,2,Ring,--
*N1CCC2=C(C1)C(=*)N=C1N(*)CCN12,49,3,Ring,-=-
*C1CSC1,49,1,Ring,-
*c1nc2c([nH]1)C1=NC(*)CN1C(=*)N2*,49,4,Ring,--=-
*c1ccc2c(c1)CN(*)CCS2,49,2,Ring,--
*c1ncn2c1C(=*)N(*)C(*)(*)C2,49,5,Ring,-=---
*c1cccc2ccnn12,49,1,Ring,-
*c1nsc2c1NC(=*)CC2*,49,3,Ring,-=-
*C1NC(=*)C(*)NC(=*)C(*)NC(=*)C2CCCN2C(=*)C2CCCN2C(=*)C(*)NC(=*)C(*)NC(=*)C(*)NC1=*,49,14,Ring,-=-=-===-=-=-=
*c1cc2c(s1)N=C1C=CC=CN1C2=*,49,2,Ring,-=
*N1C(=*)c2cccc3cc4ccccc4c(c23)C1=*,49,3,Ring,-==
*c1ccc2c3c([nH]c2c1)C(*)N(*)CC31CN(*)C1,49,4,Ring,----
*C1CC(=*)C2=C(C1)Nc1ccccc1NC2*,49,3,Ring,-=-
*c1c(*)c(*)c2c(=*)c(*)c(*)c(=*)c2c1*,49,8,Ring,---=--=-
*c1ccc2c(c1)SC(=*)N1CCCN=C21,49,2,Ring,-=
*C1Cc2ccccc2C1=*,49,2,Ring,-=
*C1(*)CCCCCCC1,49,2,Ring,--
*C1=CN(*)C(=*)C=N1,49,3,Ring,--=
*C1CCC2(CCC(=*)N2*)CC1,49,3,Ring,-=-
*c1ccc2c3c1OC1C4(*)CCC5(CC4(*)*)C(C2)N(*)CCC315,49,5,Ring,-----
*c1cccc2c1CNC(=*)N2*,49,3,Ring,-=-
*c1ccc2c(n1)C(*)CC(*)N2*,49,4,Ring,----
*N1C(=*)C2C(C1=*)C1C=CC2C12CC2,49,3,Ring,-==
*c1cc(*)c2c(c1)c1c(n2*)CC2CCC1N2,49,3,Ring,---
*N1CCP(*)(=*)C(*)(*)C1,49,5,Ring,--=--
*N1C(=*)c2c(sc3c2CCC3)N(*)C1=*,49,4,Ring,-=-=
*C1=C(*)c2ccc(*)cc2C1=*,49,4,Ring,---=
*C1=C(*)CC(*)C(*)C1,49,4,Ring,----
*C1[Se]C(*)C(*)C1*,49,4,Ring,----
*C1=NC(*)(*)C(*)(*)CC1(*)*,49,7,Ring,-------
*C1=CC(=*)c2c(*)cc(*)cc2N1,49,4,Ring,-=--
*c1ccc2cc3c(*)nn(*)c3nc2c1,49,3,Ring,---
*c1ccc2c(c1)CN(*)CCC2,49,2,Ring,--
*N1CCC2=CC(=*)CCC2(*)C1,49,3,Ring,-=-
*C1CNCCN1,49,1,Ring,-
*C1=C(*)C(=*)C(*)C1,49,4,Ring,--=-
*c1ccc2c(c1)OCC(*)N2*,49,3,Ring,---
*C1NC(=*)C(*)NC(=*)C(*)NC(=*)C2CSC(N2)C(*)NC(=*)C(*)NC(=*)C(*)NC1=*,49,12,Ring,-=-=-=-=-=-=
*C1=NN=C(*)C(=*)N1,49,3,Ring,--=
*c1ccc2c(c1)OC(*)C1=C2CCOc2cc(*)ccc21,49,3,Ring,---
*c1ccc2ccsc2c1,49,1,Ring,-
*N1C2CCCC1CC2,49,1,Ring,-
*c1cc(*)c2c(n1)c(*)nn2*,49,4,Ring,----
*C1CCOC(*)C1*,49,3,Ring,---
*c1nc2cnccc2[nH]1,49,1,Ring,-
*C1CC(*)C23OC(*)(*)C(C(*)C(*)C2(*)C1*)C3*,49,9,Ring,---------
*C1=NC(*)C2=C(CCCC2=*)N1,49,3,Ring,--=
*c1cc(*)c2c(*)cc(*)cc2c1,49,4,Ring,----
*c1ccc2c(n1)CCCN2*,49,2,Ring,--
*c1ccc2c(c1)C(=*)CCC2,49,2,Ring,-=
*C1=C(*)c2ccc(*)cc2CC1,49,3,Ring,---
*c1cc2c(cc1*)N(*)C(=*)O2,49,4,Ring,---=
*c1cnn2c1CN(*)CC2,49,2,Ring,--
*=c1sc2ncccc2c1=*,49,2,Ring,==
*c1ccc2c(c1)CN(*)CC(*)O2,49,3,Ring,---
*C1=CC2OC3C(*)C(*)C(*)(C2(*)CC1)C31CO1,49,5,Ring,-----
*C1=NC(*)(*)Cc2ccccc21,49,3,Ring,---
*c1cccc2c1S(=*)(=*)c1ccccc1O2,49,3,Ring,-==
*c1c(*)c2nnc(*)n2c2ncccc12,49,3,Ring,---
*c1ccc2cc(*)c3nnnn3c2c1,49,2,Ring,--
*c1n[nH]c2c1CC1C(*)C21,49,2,Ring,--
*C1CCCCNC(=*)OCCCC(*)C(*)C(=*)N1,49,5,Ring,-=--=
*C1=Nc2cc(*)ccc2Nc2ccccc21,49,2,Ring,--
*C1C(=*)C(=*)N(*)C(=*)C1=*,49,6,Ring,-==-==
*c1cnc2c(*)nccc2c1,49,2,Ring,--
*c1ccc2ccc3ccc(*)nc3c2n1,49,2,Ring,--
*C1CC(*)C(=*)N1,49,3,Ring,--=
*c1cc(*)c2c(c1)C(*)CN(*)C2,49,4,Ring,----
*c1cc(*)c2c(*)c(*)c(*)n2n1,49,5,Ring,-----
*C1=C(*)C2(*)CCC3C(CC=C4CC(*)CCC43*)C2C1,49,5,Ring,-----
*c1ccc(*)[se]1,49,2,Ring,--
*C1CCN2CCc3c([nH]c4ccccc34)C2C1,49,1,Ring,-
*c1ccc2c(c1)C1CCCN1CC2*,49,2,Ring,--
*c1nc2nncc-2c(*)n1*,49,3,Ring,---
*c1ccc2c(c1)C(*)(*)c1oc3cc(*)ccc3c1C2=*,49,5,Ring,----=
*c1nnc2cc(*)c(*)cc2n1,49,3,Ring,---
*C1CN(*)Cc2nn(*)cc21,49,3,Ring,---
*C1C(=*)CCCC1(*)*,49,4,Ring,-=--
*c1cc2c(cc1*)C(=*)N(*)C=C2,49,4,Ring,--=-
*C1=CC(=*)N(*)N1*,49,4,Ring,-=--
*c1cc2c(cc1*)-c1c(*)c3c4cc(*)c(*)cc4ccn3c1C(=*)O2,49,6,Ring,-----=
*C12CCC(CC1)C2,49,1,Ring,-
*C1CCCC2CCC3(*)OOC12C(*)O3,49,3,Ring,---
*C1=CC=CC=CC(*)CC(*)C(=*)C(*)C(*)C(*)=CC(*)C(=*)CC(*)OC(=*)C2CCCCN2C(=*)C(=*)C2(*)OC(CCC2*)CC1*,49,16,Ring,---=----=-===---
*C1COC2(C=CC(=*)C=C2)N(*)C1=*,49,4,Ring,-=-=
*C(C)C(=O)N(*)C,49,2,Linker,--
*CCC(NC(C)C(*)=O)C(=O)O,49,2,Linker,--
*CCC(=O)NN*,49,2,Linker,--
*NC(=O)C(CCSC)NC(*)=O,49,2,Linker,--
*C(=O)NC(C(*)=O)=C(*)Br,49,3,Linker,---
*CC(NC(=O)C(CCCNC(=N)N)NC(*)=O)C(N)=O,49,2,Linker,--
*CCC(NC(C)C(*)=O)C(=O)OCC,49,2,Linker,--
*CN(CCNC(*)=O)C(C)C,49,2,Linker,--
*CCNC(=O)C(*)CC,49,2,Linker,--
*C=C(*)CC(=O)O,49,2,Linker,--
*NC(=*)CC,49,2,Linker,-=
*CNC(=O)CN(C*)C(=O)CCC(=O)N*,49,3,Linker,---
*NC(*)C#N,49,2,Linker,--
*OCC(=O)NCCNC(*)=O,49,2,Linker,--
*CN(C)C(*)=NO,49,2,Linker,--
*CCC(=O)N(C)CC(=O)N*,49,2,Linker,--
*CCCNC(=O)C(=O)N*,49,2,Linker,--
*SCC(=O)NN=C(*)C,49,2,Linker,--
*NC=C(*)C#N,49,2,Linker,--
*NC(=O)C(=O)NC(C(=O)NC(CC(=O)O)C(=O)CO*)C(C)C,49,2,Linker,--
*CCCNC(=O)C(C)O*,49,2,Linker,--
*CCCCCCNC(=O)O*,49,2,Linker,--
*OC(C)(C)C(=O)NS(*)(=O)=O,49,2,Linker,--
*NC(=O)NC(*)CO,49,2,Linker,--
*NC(=O)CCCC(=O)N*,49,2,Linker,--
*NCCCNC(=O)N*,49,2,Linker,--
*CC(NC(=O)C(CCS)NC(*)=O)C(=O)O,49,2,Linker,--
*OCC(O)CNCCNC(*)=O,49,2,Linker,--
*C=CC(=O)N(C)CC(=O)N*,49,2,Linker,--
*CCC(*)OC(N)=O,49,2,Linker,--
*CCNC(=O)CN(C)S(*)(=O)=O,49,2,Linker,--
*NCC(C)NS(*)(=O)=O,49,2,Linker,--
*CCCNC(=O)NC*,49,2,Linker,--
*CNC(=S)NC*,49,2,Linker,--
*CCC(NC(*)=O)C(=O)N*,49,3,Linker,---
*N(N)CCC#N,49,1,Sub,-
*NC(=O)NOC,49,1,Sub,-
*N=CC(C(=O)OCC)=C(O)OCC,49,1,Sub,-
*C(C)C(=O)N(CC)CC,49,1,Sub,-
*NC(=O)C(N)C(C)CC,49,1,Sub,-
*CC(C)N(C)C,49,1,Sub,-
*C(=O)NC(C(N)=O)C(C)C,49,1,Sub,-
*C(C(=O)NCCS(N)(=O)=O)S(=O)(=O)CCC(F)(F)F,49,1,Sub,-
*CN(CCOC)CCOC,49,1,Sub,-
*C(=O)CC(C)(C)O,49,1,Sub,-
*C(C)CCCCC,49,1,Sub,-
*CC=CCCCCC,49,1,Sub,-
*NC(=O)C(CCCC)NC(C)=O,49,1,Sub,-
*CCC(=O)NCCOC,49,1,Sub,-
*S(=O)(=O)CCCCCC,49,1,Sub,-
*CCOCOC,49,1,Sub,-
*NC(=O)NCC=C,49,1,Sub,-
*CC(C)(C)N,49,1,Sub,-
*C=NNC(C)=O,49,1,Sub,-
*OCC[N+](CC)(CC)CC,49,1,Sub,-
*C(=O)C(NC(=O)C(NC(=O)C(CC(=O)O)NC(=O)C(CC(=O)O)NC(C)=O)C(C)CC)C(C)C,49,1,Sub,-
*C(O)CNC,49,1,Sub,-
*CC=C(C)CCC=C(C)CCC=C(C)CCC=C(C)C,49,1,Sub,-
*CC(NC(C)=O)C(=O)O,49,1,Sub,-
*NC(=O)C(C)=CC,49,1,Sub,-
*=[Se],49,1,Sub,=
*c1nnc2n1CCCN(*)C2,48,2,Ring,--
*c1ccc2c(c1)C1(*)CC1(*)C(=*)N2,48,4,Ring,---=
*c1cn2ncc(*)c2nc1*,48,3,Ring,---
*c1cc2[nH]c(*)cc2cn1,48,2,Ring,--
*C1=CC(=*)Nc2c(*)c(*)nn21,48,4,Ring,-=--
*C1CC2C3CCC(=*)C3(*)CCC2C2(*)CCC(=*)CC12,48,5,Ring,-=--=
*C1OC(=*)C(*)N(*)C(=*)C(*)OC(=*)C(*)N(*)C(=*)C(*)OC(=*)C(*)N(*)C1=*,48,15,Ring,-=--=-=--=-=--=
*c1cc(*)c2nc(*)nn2c1,48,3,Ring,---
*c1ccc2c(c1)CCC2(*)*,48,3,Ring,---
*C1(*)COc2ccccc2O1,48,2,Ring,--
*C1CC(*)(*)CCO1,48,3,Ring,---
*C1OCCN(*)C1=*,48,3,Ring,--=
*C1CCC2(*)C(=CCC3C2CCC2(*)C3CC(*)C2(*)*)C1,48,6,Ring,------
*c1cc2cccc(*)c2cn1,48,2,Ring,--
*c1c2c(c(*)c3ccccc13)C(=*)N(*)C2,48,4,Ring,--=-
*c1ccnc2[nH]cnc12,48,1,Ring,-
*c1cccc2c1c(=*)c1cccc3c1c2nn3*,48,3,Ring,-=-
*C1=C(*)N2C(=NC(*)(*)C2*)S1,48,5,Ring,-----
*C1=CC(=*)c2ccc3c(c2O1)C(*)C(*)C(*)(*)O3,48,6,Ring,-=----
*c1ccc(*)c2nccnc12,48,2,Ring,--
*c1cccc2c1CC(*)NC2,48,2,Ring,--
*c1cc2c(c(*)c1*)C(=*)C(*)C2,48,5,Ring,---=-
*c1ccc(*)c2c1NC(=*)CO2,48,3,Ring,--=
*=c1nc2n(c1=*)CCCS2,48,2,Ring,==
*c1cc(*)c2c(c1)S(=*)(=*)N(*)C2=*,48,6,Ring,--==-=
*C1CC=CCC(*)C(=*)N2CCCC2COC1=*,48,4,Ring,--==
*N1CCNC(=*)C1(*)*,48,4,Ring,-=--
*c1nc(*)c2c(n1)NCC(*)N2,48,3,Ring,---
*c1ncc2cnn(*)c2n1,48,2,Ring,--
*c1ccc2c(c1)CN(*)C(*)N2*,48,4,Ring,----
*c1cc2c(*)nc3ccccc3c2o1,48,2,Ring,--
*N1CCCC2(*)CN(*)CC2C1,48,3,Ring,---
*c1ccc2c(c1)c1c(n2*)CCCC1*,48,3,Ring,---
*c1ccc2c(c1)C(*)(*)CC(*)(*)N2*,48,6,Ring,------
*N1C(=*)NC(=*)c2c1ncn2*,48,4,Ring,-==-
*c1cc2c(nc1*)CCCC2,48,2,Ring,--
*c1nc2c([nH]1)c(*)nn2*,48,3,Ring,---
*C1=Cc2cc(*)c(*)cc2NC1=*,48,4,Ring,---=
*[n+]1ccc2c(c1)[nH]c1ccccc12,48,1,Ring,-
*c1cc2cnccc2c(*)n1,48,2,Ring,--
*c1ccc2c(*)c(*)c(*)c(*)c2c1,48,5,Ring,-----
*c1cnnc(*)c1*,48,3,Ring,---
*c1sc2c(ccc3[nH]ncc32)c1*,48,2,Ring,--
*c1cc2ncc(*)n2nc1*,48,3,Ring,---
*N1CC[S+](*)C(*)(*)C1,48,4,Ring,----
*c1cnc2c(c1)CCC(=*)N2,48,2,Ring,-=
*c1ccc2nc3c(c(*)c2c1)CN1C(=*)C2=C(C=C31)C(*)(*)CC(=*)OC2,48,6,Ring,--=--=
*C1CSC(*)SC1,48,2,Ring,--
*C1NC2(CCN(*)CC2)N(*)C1=*,48,4,Ring,---=
*C1C=CC(*)(*)N1*,48,4,Ring,----
*c1cccc2c1CC(*)c1c(*)ccc(*)c1-2,48,4,Ring,----
*c1ncnnc1*,48,2,Ring,--
*c1nccc2n[nH]c(*)c12,48,2,Ring,--
*c1cnc2c(*)c(*)nn2c1,48,3,Ring,---
*C1C2CCC3C2C(*)(*)CCCC13*,48,4,Ring,----
*C1CCC(*)(*)OC1(*)*,48,5,Ring,-----
*c1c2c(nn1*)CN(*)C2,48,3,Ring,---
*c1nc2c(o1)CN(*)CC2,48,2,Ring,--
*C1=NN(*)C(=*)c2cc3c(*)cccc3n21,48,4,Ring,--=-
*C1=Nc2cc(*)cc(*)c2C(=*)O1,48,4,Ring,---=
*C1=Nc2c(*)cc(*)cc2C(=*)N1,48,4,Ring,---=
*C1=CC=CN2C(=*)N(*)N=C12,48,3,Ring,-=-
*C1NC(=*)C2CCCN2C(=*)C(*)NC(=*)C(*)N(*)C(=*)C(*)NC1=*,48,10,Ring,-==-=--=-=
*c1cnc2c(c1)N(*)C(=*)N2*,48,4,Ring,--=-
*c1cc(*)c2c(n1)CCNC2=*,48,3,Ring,--=
*N1CCC2(*)CN(*)CC2C1,48,3,Ring,---
*c1nn(*)c2c1N=CN(*)C2=*,48,4,Ring,---=
*c1ccc2c(c1)C(=*)N=CN2*,48,3,Ring,-=-
*c1oc2c(c1*)c(=*)c(=*)c1c3c(ccc12)C(*)(*)CCC3,48,6,Ring,--==--
*C1=CC(*)(*)Nc2ccc3c(c21)C(=*)Oc1ccc(*)c(*)c1-3,48,6,Ring,---=--
*c1cc(*)c2ccnc(*)c2n1,48,3,Ring,---
*C1=C(*)SC(=*)N1,48,3,Ring,--=
*C1CN(*)C2Cc3c([nH]c4ccccc34)C(=*)CC1C2*,48,4,Ring,--=-
*c1cccc2c1C(*)C(*)CC2,48,3,Ring,---
*C1=CC23OC2(CC(*)C3*)C(=*)C(*)C(*)C2C(C(*)C1*)C2(*)*,48,10,Ring,---=------
*C1CNCCN(*)C1,48,2,Ring,--
*C1CC2(CCN(*)CC2)Oc2ccccc21,48,2,Ring,--
*n1c[n+](*)c2c(=*)c3ccccc3c(=*)c21,48,4,Ring,--==
*C1NC(=*)C(*)C(*)C1*,48,5,Ring,-=---
*C1=C2OC(*)(*)C(*)CC23CC(*)C(*)(*)C(*)(C1=*)C3=*,48,10,Ring,--------==
*c1nnc(*)nn1,48,2,Ring,--
*c1ccc2c(c1)c(=*)c(=*)c1ccccc12,48,3,Ring,-==
*CC(NC(*)=O)C(=O)NC,48,2,Linker,--
*C(=O)CCCC(*)=O,48,2,Linker,--
*C=CCCC*,48,2,Linker,--
*CN(CC#C)S(*)(=O)=O,48,2,Linker,--
*C(*)CC(N)=O,48,2,Linker,--
*NC(=O)C(CC(C)C)NS(*)(=O)=O,48,2,Linker,--
*CNC(C*)C(=O)O,48,2,Linker,--
*CSS*,48,2,Linker,--
*CN(C)C(*)*,48,3,Linker,---
*OCCC(=O)OCC(*)=O,48,2,Linker,--
*C=C(NC(*)=O)C(=O)NC(C*)C(=O)O,48,3,Linker,---
*C=CC=NNC(=O)C*,48,2,Linker,--
*SCC(=O)NS(*)(=O)=O,48,2,Linker,--
*CC(NS(*)(=O)=O)C(=O)N(*)C,48,3,Linker,---
*C=CC(*)=NO,48,2,Linker,--
*NC(=O)COC(=O)C(NC(*)=O)C(C)C,48,2,Linker,--
*S(=O)(=O)ON=*,48,2,Linker,-=
*NC(=O)COCC(=O)N*,48,2,Linker,--
*OC(=O)NS(=O)(=O)O*,48,2,Linker,--
*NC(=O)C(*)=NOCCF,48,2,Linker,--
*CN(CCCC)C(*)=O,48,2,Linker,--
*CCC(=O)N(C*)C*,48,3,Linker,---
*C=C(*)C(N)=O,48,2,Linker,--
*C(=O)NC(=S)NC(*)P(=O)(OCC)OCC,48,2,Linker,--
*CC(C)NCCO*,48,2,Linker,--
*OCC(=O)NCCCNC(*)=O,48,2,Linker,--
*OC(=O)NC(*)*,48,3,Linker,---
*NCCCCCN*,48,2,Linker,--
*OCCCCCC(*)(C)C,48,2,Linker,--
*COC(=O)CCC(*)=O,48,2,Linker,--
*C(=O)N(C)C(*)*,48,3,Linker,---
*CC(C(*)=O)=C(*)C(=O)O,48,3,Linker,---
*CN(CC)CCCCCCN*,48,2,Linker,--
*CNC(=O)C(O)C(O)C(*)=O,48,2,Linker,--
*C(CCCCCC)C(C)O,48,1,Sub,-
*CCCP(=O)(O)O,48,1,Sub,-
*=NCCOC,48,1,Sub,=
*NC(=O)CCC(N)C(=O)O,48,1,Sub,-
*NC(CO)C(=O)O,48,1,Sub,-
*C(=O)NOCCCCCC(=O)NO,48,1,Sub,-
*C(=O)NCCNC(=O)OC(C)(C)C,48,1,Sub,-
*C(=O)C(=O)N(C)C,48,1,Sub,-
*C#CCCCCC,48,1,Sub,-
*CNC(C)=N,48,1,Sub,-
*C(=O)OCC(=O)N(C)C,48,1,Sub,-
*CCOCC(F)(F)F,48,1,Sub,-
*=CCC(C(C)C)C(C)C,48,1,Sub,=
*C(=O)C(F)F,48,1,Sub,-
*S(=O)(=O)NC(=O)OC(C)(C)C,48,1,Sub,-
*C(=O)NC(CCC(N)=O)C(=O)O,48,1,Sub,-
*CC(NC(=O)CCCCCCCCCCCCCCC)C(O)CP(=O)(O)O,48,1,Sub,-
*C(=O)OCC(C)(C)C,48,1,Sub,-
*=C(C#N)C(=O)OCC,48,1,Sub,=
*N=COCC,48,1,Sub,-
*C(=O)OCCCCNC(=N)N,48,1,Sub,-
*OCC(N)CC(C)C,48,1,Sub,-
*COCC(=O)N(C)C,48,1,Sub,-
*NC(N)=NC,48,1,Sub,-
*CCCCBr,48,1,Sub,-
*NC(=O)CSC,48,1,Sub,-
*OCCCON=C(N)N,48,1,Sub,-
*OCC(NC(=O)CCCCCCCCCCCCCCCCCCCCCCCCC)C(O)C(O)CCCCCCCCCCCCCC,48,1,Sub,-
*NC(=O)CI,48,1,Sub,-
*CCCC(P(=O)(O)O)S(=O)(=O)O,48,1,Sub,-
*c1ccn2c3c(nc2c1)N(*)C(=*)N(*)C3=*,47,5,Ring,--=-=
*c1cc(*)c2c(c1)C(*)CCC2*,47,4,Ring,----
*c1ccc2c(c1*)c(*)c(*)n2*,47,5,Ring,-----
*N1C(=*)c2cn(*)cc2N(*)C1=*,47,5,Ring,-=--=
*c1ccc2nncc(*)c2c1,47,2,Ring,--
*c1cc2c(cc1*)-c1cnc3cc4c(cc3c1N(*)C2=*)OCO4,47,4,Ring,---=
*=C1C=CC(=*)C1=*,47,3,Ring,===
*c1ccc2nc(*)c3cc(*)sc3c2c1,47,3,Ring,---
*c1ccc2nnn(*)c2n1,47,2,Ring,--
*c1cccc2c1CCC(=*)N2*,47,3,Ring,-=-
*c1cnc2nnc(*)n2n1,47,2,Ring,--
*c1ccc2c3oc(*)cc3n(*)c2c1,47,3,Ring,---
*N1Cc2ccccc2-n2nncc2C1,47,1,Ring,-
*C1=C(*)N(*)C(=*)C1,47,4,Ring,---=
*c1nc(*)c2cc3c(cc2n1)OCC1CN(*)CCN31,47,3,Ring,---
*c1cc(*)c2c(n1)-c1ccccc1C2=*,47,3,Ring,--=
*C1=NC(*)C2=C(N1)C(=*)CN(*)C2,47,4,Ring,--=-
*C1Cc2cccc3cccc1c23,47,1,Ring,-
*C1=CC2=NC(*)=CC(=*)N2C=C1,47,3,Ring,--=
*C1OC2COP(*)(=*)OC3C(COP(*)(=*)OC2C1*)OC(*)C3*,47,8,Ring,--=-=---
*c1c2cc[n+](*)cc2c(*)c2c1[nH]c1ccccc12,47,3,Ring,---
*c1cc2cncnc2cc1*,47,2,Ring,--
*N1SC=CC1=*,47,2,Ring,-=
*c1ccc2c(c1)[n+](*)c(*)n2*,47,4,Ring,----
*N1C=NNC1=*,47,2,Ring,-=
*C1CC(=*)N2CC3CCCN4CCCC(C34)C2C1,47,2,Ring,-=
*C1Sc2ccccc2NC2=C1C(=*)c1ccccc12,47,2,Ring,-=
*C1=C(*)c2ccc(*)nc2CC1,47,3,Ring,---
*c1cc2cnn(*)c2nc1*,47,3,Ring,---
*C1=NC2(CO1)c1cc(*)ccc1OC1(CCC1)C21COC1,47,2,Ring,--
*C1=C(*)C(*)c2c(nc3c(c2*)CCCC3)O1,47,4,Ring,----
*c1sc2nc3c(cc2c1*)C(=*)CCC3,47,3,Ring,--=
*C1=NNC(=*)C(*)=N1,47,3,Ring,-=-
*c1ccc2c(c1)N(*)C(=*)C=C2,47,3,Ring,--=
*n1c2ccccc2c2cc[n+](*)cc21,47,2,Ring,--
*C1C(*)C(*)C(*)C1*,47,5,Ring,-----
*c1ccc2c(c1)N(*)C(=*)C1CCCCN21,47,3,Ring,--=
*C1CCC(*)N(*)C1*,47,4,Ring,----
*C1=CN(*)c2c(*)ccc(*)c2C1=*,47,5,Ring,----=
*N1CCOCC(*)(*)C1,47,3,Ring,---
*c1cc2oc3ccccc3c2n1*,47,2,Ring,--
*c1cc2c(*)nc3ccccc3c2s1,47,2,Ring,--
*C1CCSC(*)S1,47,2,Ring,--
*C1=CNC(=*)c2cc(*)c(*)n21,47,4,Ring,-=--
*c1cc2c(cc1*)C1(CCN(*)CC1)CC2*,47,4,Ring,----
*C1=C(*)C(=*)C2(O1)C(=*)NC(*)(*)C2*,47,7,Ring,--==---
*c1cc(*)c2c(*)cn(*)c2c1,47,4,Ring,----
*=[N+]1CCCC1,47,1,Ring,=
*c1cc2c(cc1*)C(=*)C(*)OC2,47,4,Ring,--=-
*c1ccc2c(c1)C(*)(*)CCN2*,47,4,Ring,----
*c1sc2c(c1*)CC(*)NC2*,47,4,Ring,----
*c1cc(*)c2nc(*)c3c(*)nc(*)n3c2c1,47,5,Ring,-----
*c1cc(*)c2cccc(*)c2c1*,47,4,Ring,----
*c1cc2c3c(c1)c(*)cn3CCS(=*)(=*)N2*,47,5,Ring,--==-
*c1nc2ccccc2c2nc3ccccc3n12,47,1,Ring,-
*c1cc(=*)c2c(c(*)cn2*)c1=*,47,5,Ring,-=--=
*c1ccc(*)c2c1c(*)nn2*,47,4,Ring,----
*C1CCS(=*)(=*)N1*,47,4,Ring,-==-
*c1cc(*)c2c(c1)C1C=CCC1C(*)N2,47,3,Ring,---
*C1(*)C[N+](*)(*)CCO1,47,4,Ring,----
*C1CC(*)(*)C(*)C(*)C(=*)C(*)C(=*)OC(*)C(*)(*)C(*)C(*)C(=*)N1,47,14,Ring,-----=-=-----=
*c1ccc(*)c2c1CCC(*)C2=*,47,4,Ring,---=
*C1CSCc2ccccc2C(=*)OCC(*)C(=*)N1,47,4,Ring,-=-=
*c1nn(*)c2c1C1CC1C2(*)*,47,4,Ring,----
*C1CC2(CN(*)C2)CN1*,47,3,Ring,---
*N1N=Cc2c([nH]c3ccccc23)C1=*,47,2,Ring,-=
*c1ccc2ccn(*)c2n1,47,2,Ring,--
*c1ccc(*)c2c1NC(=*)C2(*)*,47,5,Ring,--=--
*C1CC(*)(*)C23OC(*)(*)C(C(*)C(*)C2(*)C1*)C3*,47,10,Ring,----------
*C1CCN(*)CCS1(=*)=*,47,4,Ring,--==
*c1nc2c(s1)CCCC2*,47,2,Ring,--
*N1CCC2(CC1)CNC(=*)C2,47,2,Ring,-=
*C1OOC(*)(*)C(*)O1,47,4,Ring,----
*C1=NC(*)(*)C(*)CO1,47,4,Ring,----
*C1CCC2C(=CCC3C2(*)C(*)CC2(*)C(*)CCC32*)C1(*)*,47,8,Ring,--------
*c1cc(*)c2c(*)coc2c1,47,3,Ring,---
*c1ccc2ccc3ccccc3c2c1,47,1,Ring,-
*C1=NC(=*)NC(*)C1,47,3,Ring,-=-
*c1nc(*)c2nn(*)c(*)c2n1,47,4,Ring,----
*c1ccn2nc(*)nc2n1,47,2,Ring,--
*C1NC(=*)c2ccccc2O1,47,2,Ring,-=
*[As]1SCCS1,47,1,Ring,-
*C1CCOc2ncccc21,47,1,Ring,-
*C1=Cc2ccnc(*)c2NC1=*,47,3,Ring,--=
*C1=Cc2ccccc2Sc2c(*)cccc21,47,2,Ring,--
*c1cccc2c1C(*)CC2,47,2,Ring,--
*N1CCC2(CCCN2*)C1,47,2,Ring,--
*c1ccc2[nH]c3c(c2c1)CCN1CC(*)CC(C1)CC3(*)*,47,4,Ring,----
*CCCC(NC(=O)C(C)(C)N)C(*)=O,47,2,Linker,--
*NC(=O)NCCCO*,47,2,Linker,--
*CN(CCO)C(=O)N*,47,2,Linker,--
*CNC(=O)COC(=O)CO*,47,2,Linker,--
*CCNC(=O)C(N)C*,47,2,Linker,--
*COC(=O)NC(CCCCNC(=O)C=C)C(*)=O,47,2,Linker,--
*NP(C)(=O)O*,47,2,Linker,--
*N(*)CC(C)C,47,2,Linker,--
*CCCN(C*)C(=O)CN(CC)CC,47,2,Linker,--
*NC(=O)CCC(=O)OCC(*)=O,47,2,Linker,--
*C(C)N(*)CCCC,47,2,Linker,--
*C(O)CNS(*)(=O)=O,47,2,Linker,--
*NC(=O)CNC(*)C,47,2,Linker,--
*CCCNC(=O)NC(*)C,47,2,Linker,--
*NC(=O)CCCCCCC(=O)N*,47,2,Linker,--
*CNC(=O)C(C)C*,47,2,Linker,--
*NC(=O)CN(C)CC(*)=O,47,2,Linker,--
*NC(=O)C(NC(*)=O)C(C)CC,47,2,Linker,--
*C(=O)NC(CO)C(*)O,47,2,Linker,--
*CNC(=O)C(*)C*,47,3,Linker,---
*NC(=O)CN(CC)S(*)(=O)=O,47,2,Linker,--
*C(=O)OCCCOC(*)=O,47,2,Linker,--
*CC(=O)C(*)(*)O,47,3,Linker,---
*C=CC=CC(=O)N*,47,2,Linker,--
*C(NS(*)(=O)=O)C(C)C,47,2,Linker,--
*CC(NC(=O)C(CC(C)C)NC(=O)C(NC(=O)C(N)CNC(*)=O)C(C)C)C(O)C(=O)N*,47,3,Linker,---
*CCCNC(=O)N(*)*,47,3,Linker,---
*C(=O)NC(CCC(=O)OC(C)(C)C)C(*)=O,47,2,Linker,--
*CCNC(=O)N(C)C*,47,2,Linker,--
*NC(*)(*)*,47,4,Linker,----
*CN(*)C(=O)C(=O)O,47,2,Linker,--
*COC(=O)OCC,47,1,Sub,-
*CCO[N+](=O)[O-],47,1,Sub,-
*C#CCN,47,1,Sub,-
*CC(C)NC,47,1,Sub,-
*CC(N)CC,47,1,Sub,-
*NS(=O)(=O)CCOC,47,1,Sub,-
*NC(=O)CCNC(C)CC,47,1,Sub,-
*NC(=O)C(C)O,47,1,Sub,-
*S(=O)(=O)CC(=O)OC,47,1,Sub,-
*P(=O)(OC)OC,47,1,Sub,-
*NCCCCCC(=O)NO,47,1,Sub,-
*[Se]C#N,47,1,Sub,-
*OCC(C)N,47,1,Sub,-
*C(CCC=C(C)C)C(=O)O,47,1,Sub,-
*NC(=O)C(CC)NC,47,1,Sub,-
*OCC(O)CCl,47,1,Sub,-
*=NC(=S)N(C)C,47,1,Sub,=
*C(=O)C(CC(C)C)NC(C)=O,47,1,Sub,-
*CN(C)C(=O)CN,47,1,Sub,-
*C(=O)NCCCSC,47,1,Sub,-
*OCCCCC=C,47,1,Sub,-
*CCCCCC(=O)OC,47,1,Sub,-
*c1ccc2c(c1)N(*)C(=*)C2,46,3,Ring,--=
*c1ccc2c(c1)-c1ncnn1Cc1c(*)ncn1-2,46,2,Ring,--
*N1CC2C(=*)N(*)C(=*)C2C1,46,4,Ring,-=-=
*C1C(*)C(*)N2C(=*)OCC2C1*,46,5,Ring,---=-
*C1C2CN(*)CC(=*)C2=NN1*,46,4,Ring,--=-
*c1ccc2cncc(*)c2c1,46,2,Ring,--
*C12CCC3C(CC(=*)C4CC(=*)CCC43*)C1CCC2=*,46,5,Ring,-==-=
*C1OCC2CN(*)CCC21,46,2,Ring,--
*C1=Nc2ccc(*)cc2C(*)=NN1,46,3,Ring,---
*C1CN(*)C2(C(=*)Nc3ccccc32)C12CN(*)CC(=*)C2=*,46,6,Ring,--=-==
*c1nc2c(ccc3ccccc32)o1,46,1,Ring,-
*C1NC(=*)C(=*)NC1=*,46,4,Ring,-===
*c1ccc2c(c1)CN1C(=*)N(*)C(=*)C1C2,46,4,Ring,-=-=
*c1nc(*)c2c(=*)n(*)c(=*)c2c1*,46,6,Ring,--=-=-
*C1=Nc2cc(*)c(*)c(*)c2C(=*)N1,46,5,Ring,----=
*c1ccc2c(c1)C(=*)NN2*,46,3,Ring,-=-
*c1ccc2c(ccc3nc(*)[nH]c32)c1,46,2,Ring,--
*c1nc2c(*)cc3[nH]ncc3c2s1,46,2,Ring,--
*c1ccc2c(c1)CCCCN2*,46,2,Ring,--
*C1NC(*)C(*)C(=*)C1*,46,5,Ring,---=-
*c1cc(*)c2cn[nH]c2n1,46,2,Ring,--
*N1CCCC2(CCCCC2)C1,46,1,Ring,-
*C1CC2CCC(S2)C1*,46,2,Ring,--
*c1ncnc2c1CCN2*,46,2,Ring,--
*C1=C(*)C(*)(*)C(*)C2CN(*)CC=C12,46,6,Ring,------
*C1CN(*)Cc2cn(*)nc21,46,3,Ring,---
*C1CC2C3OC3C(C1)[N+]2(*)*,46,3,Ring,---
*c1ncc(*)n2c(*)nc(*)c12,46,4,Ring,----
*c1cc2c(c(*)c1*)CCC(*)(*)O2,46,5,Ring,-----
*C1=NC(*)(*)CN1,46,3,Ring,---
*C1=C(*)C(=*)c2cc(*)cc(*)c2O1,46,5,Ring,--=--
*C1CN(*)CC12CCN(*)CC2,46,3,Ring,---
*c1ncc2c(n1)-c1ccccc1CCC2,46,1,Ring,-
*C1NC(=*)CNC(=*)C(*)C(*)(*)SSC(*)(*)C(*)NC1=*,46,10,Ring,-==------=
*C1CC(*)(*)C(*)C(*)C(*)C(*)C(=*)OC(*)C2(*)OC(=*)NC2C(*)C1=*,46,13,Ring,-------=--=-=
*c1cnc2c(c1)CCc1cc(*)cc(*)c1C2*,46,4,Ring,----
*c1ncnc2c1C(*)CC2*,46,3,Ring,---
*c1cc2c(s1)C1(CCN(*)CC1)OCC2,46,2,Ring,--
*c1ccc2c(*)cc(*)c(*)c2c1,46,4,Ring,----
*c1c(*)n(*)c2cccnc12,46,3,Ring,---
*N1CCC(*)(*)C(=*)c2ccccc21,46,4,Ring,---=
*C1=C(*)N(*)c2nc(*)c(*)n2C1=*,46,6,Ring,-----=
*N1N=Nc2c(cnn2*)C1=*,46,3,Ring,--=
*c1cn2c3c(nc2n1*)N(*)C(=*)NC3=*,46,5,Ring,---==
*c1ncc2cc3n(c2n1)C1(CCCCC1)CNC3=*,46,2,Ring,-=
*c1ccc2c(c1)NC(=*)Cc1cnc(*)nc1-2,46,3,Ring,-=-
*c1cc2c(o1)c1ccccc1n2*,46,2,Ring,--
*c1cnc2c(c1)CC1(C2)C(=*)Nc2ncccc21,46,2,Ring,-=
*c1ccnc2c1NC(=*)c1cccnc1N2*,46,3,Ring,-=-
*c1nc2cc(*)c(*)nc2[nH]1,46,3,Ring,---
*C1NC(=*)N(*)C2=C1C(=*)CC2,46,4,Ring,-=-=
*N1C(=*)CC(=*)NC1=*,46,4,Ring,-===
*c1cc2c(c(*)c1*)C(=*)c1c(*)cccc1O2,46,5,Ring,---=-
*C1=NN(*)C(=*)N1,46,3,Ring,--=
*c1cn2c[n+](*)c(*)c2s1,46,3,Ring,---
*c1ccc2c(c1)C(=*)N(*)C(*)C(=*)N2*,46,6,Ring,-=--=-
*C1=C(*)C(*)CC1=*,46,4,Ring,---=
*c1cccc2c1C(=*)C(=*)C2,46,3,Ring,-==
*C1CN(*)CC(*)C(*)O1,46,4,Ring,----
*C1=NNC2C(=*)N(*)C(=*)C12,46,4,Ring,-=-=
*c1ncnc2cc[nH]c12,46,1,Ring,-
*C1=CC(=*)c2cc(*)c(*)c(*)c2O1,46,5,Ring,-=---
*c1ccc2c(*)cnn2n1,46,2,Ring,--
*c1ccc2nc(*)oc2n1,46,2,Ring,--
*c1ccc2c(c1)c(*)[n+](*)c1cc(*)ccc21,46,4,Ring,----
*c1cc(*)[n+](*)c(*)n1,46,4,Ring,----
*C1=CC(*)=NCCN1,46,2,Ring,--
*C1CN(*)CC(*)C(*)C(*)CC(*)(*)C(*)C(*)C(*)C(*)C(=*)O1,46,12,Ring,-----------=
*C1CC(*)(*)C2C(*)C12,46,4,Ring,----
*c1ccc(*)c2c1oc1ccccc12,46,2,Ring,--
*c1nc(*)n2c1C(*)N(*)CC2,46,4,Ring,----
*c1ccc2c(c1)N(*)C(=*)N(*)C2,46,4,Ring,--=-
*C1=CC(=*)CC(*)(*)C1=*,46,5,Ring,-=--=
*C1=CN(*)c2sc(*)c(*)c2C1=*,46,5,Ring,----=
*C1C2C3N(*)CC4(*)C(*)CC(*)C3(C3CC5(*)C(*)C(*)C2(*)C3C5*)C14,46,10,Ring,----------
*C1=CNC(=*)C(=*)N1,46,3,Ring,-==
*c1nc2c(*)c3ccccc3nc2s1,46,2,Ring,--
*c1nc(*)c2c(n1)CCNC2,46,2,Ring,--
*C1CN(*)C(*)(*)CO1,46,4,Ring,----
*C1N2C(=*)CC2S(=*)(=*)C1(*)*,46,6,Ring,-===--
*c1ccc(*)c2c1CCC2=*,46,3,Ring,--=
*N1CCc2[nH]ncc2C1,46,1,Ring,-
*C1OC=CC2C(*)C3OC3(*)C12,46,3,Ring,---
*C1=NP(*)(=*)c2cc(*)ccc2N1,46,4,Ring,--=-
*C1=CCC2CN(*)CC12,46,2,Ring,--
*C1CCCCc2ccccc21,46,1,Ring,-
*C1=NCC(*)C(=*)N1,46,3,Ring,--=
*CCNC(*)C(=O)N*,46,3,Linker,---
*CC(*)C(=O)NS(*)(=O)=O,46,3,Linker,---
*NC(=[Se])NC(*)=O,46,2,Linker,--
*CC(=O)NC(*)C(C)C,46,2,Linker,--
*CCCOC(=O)N*,46,2,Linker,--
*SCS*,46,2,Linker,--
*CNC(=O)C(*)NC(=O)CCCCC,46,2,Linker,--
*CCNC(=O)CSC*,46,2,Linker,--
*NP(*)(*)=O,46,3,Linker,---
*C(=O)NC(CC)C(*)=O,46,2,Linker,--
*C(CC)NS(*)(=O)=O,46,2,Linker,--
*CN(C)C(=O)NC(*)C,46,2,Linker,--
*C(CO)NC(=O)C(*)C,46,2,Linker,--
*C=CC(C)=C*,46,2,Linker,--
*CC(CN(O)C=O)C(=O)NC(C(*)=O)C(C)(C)C,46,2,Linker,--
*C#CCN*,46,2,Linker,--
*CCSC(*)*,46,3,Linker,---
*C(=O)NC(C(*)=O)C(C)CC,46,2,Linker,--
*CC(C)(C)NCC(O)COC(*)C,46,2,Linker,--
*CC(O)C(*)=O,46,2,Linker,--
*C=NNC(=O)CN(*)S(C)(=O)=O,46,2,Linker,--
*C(*)C(=O)NC(C)C,46,2,Linker,--
*CC(=O)NCCS(*)(=O)=O,46,2,Linker,--
*CNC(=O)C(=O)NCC(*)S(*)(=O)=O,46,3,Linker,---
*C=CC=NN=*,46,2,Linker,-=
*CCC(*)(C)O,46,2,Linker,--
*SCCNC(=O)CN(*)S(*)(=O)=O,46,3,Linker,---
*C#CC(*)(O)C(F)(F)F,46,2,Linker,--
*NC(=O)C(=*)C#N,46,2,Linker,-=
*CN(C(*)=O)C(*)C(=O)NC(C)(C)C,46,3,Linker,---
*C(=O)C(C#N)=CC(*)(C)C,46,2,Linker,--
*CCCN(C*)C(S)=N*,46,3,Linker,---
*CC(=O)N(C)C(*)C,46,2,Linker,--
*CCC(*)=NOC,46,2,Linker,--
*CCNC(=O)C[S+]([O-])C*,46,2,Linker,--
*OC(=O)C(C)O*,46,2,Linker,--
*OCC(=O)N(*)CC,46,2,Linker,--
*SC(*)CC(=O)O,46,2,Linker,--
*CC(*)N(C)C(*)=O,46,3,Linker,---
*OCCCCBr,46,1,Sub,-
*S(=O)(=O)CCOC,46,1,Sub,-
*S(=O)(=O)N(C)C(C)C,46,1,Sub,-
*CC(C)=CC,46,1,Sub,-
*C(=O)NC(C(=O)O)C(C)O,46,1,Sub,-
*CNC(=O)NC(C)C,46,1,Sub,-
*OCCNS(C)(=O)=O,46,1,Sub,-
*C=CP(=O)(O)O,46,1,Sub,-
*CNC(=O)CC(C)C,46,1,Sub,-
*CC(OCC)OCC,46,1,Sub,-
*COCC(C)C,46,1,Sub,-
*CCC(C)NC(C)=O,46,1,Sub,-
*CSCC(=O)O,46,1,Sub,-
*=CCC,46,1,Sub,=
*NCC(=O)N(C)C,46,1,Sub,-
*CC(CC(N)C(=O)O)C(=O)O,46,1,Sub,-
*=NC(C)C(C)(C)C,46,1,Sub,=
*OCC(O)CNCCC,46,1,Sub,-
*CC(C)(C)CC,46,1,Sub,-
*NC(CC)C(N)=O,46,1,Sub,-
*CCS(N)(=O)=O,46,1,Sub,-
*SCC(O)=C(C#N)C(C)=N,46,1,Sub,-
*CC(I)=C(I)I,46,1,Sub,-
*CC=C(C)Cl,46,1,Sub,-
*C(=O)NC(C)CCC,46,1,Sub,-
*NCCCCCCC(=O)NO,46,1,Sub,-
*c1ccc2c(c1)NC1(CCN(*)CC1)c1cccn1-2,45,2,Ring,--
*c1cc(*)c2c(*)c(*)c(*)cc2n1,45,5,Ring,-----
*C1c2cc3c(cc2CCN1*)OCO3,45,2,Ring,--
*c1nc2cncnc2n1*,45,2,Ring,--
*C1=CC2C3Cc4c(*)cc(*)c(*)c4C2(CCN3*)CC1=*,45,6,Ring,-----=
*c1ccc2[nH]c3nc(*)nnc3c2c1,45,2,Ring,--
*c1cc(=*)c2ncncc2c1=*,45,3,Ring,-==
*N1CC(*)(*)C1=*,45,4,Ring,---=
*N1C=Nn2cccc2C1=*,45,2,Ring,-=
*c1nccn2cnnc12,45,1,Ring,-
*C1=C2C(=*)C(=*)OC(*)C2(*)C2=C(C1=*)C1CCC(*)C1(*)CC2*,45,9,Ring,-==--=---
*C1CN2CCCC1C2,45,1,Ring,-
*C1=C(*)C2=C(*)C3(CC3)C(*)(*)C(=*)C2=C1,45,6,Ring,-----=
*C1=C(*)C(*)C(*)=C(*)S1,45,5,Ring,-----
*c1ccnc2[nH]ncc12,45,1,Ring,-
*c1ccc2c(*)cc3cc4c(cc3c2c1)OCO4,45,2,Ring,--
*c1ccc2c(c1*)CN1CCc3cc4c(cc3C1C2)OCO4,45,2,Ring,--
*C1C2C(=*)N(*)C(=*)C2C2(*)CCCN12,45,5,Ring,-=-=-
*c1ccc2c(c1)CN(*)Cc1cnnn1-2,45,2,Ring,--
*C1CCCNCC1*,45,2,Ring,--
*c1ccc2c3c(ccc2c1)OC(=*)CC3*,45,3,Ring,-=-
*c1n[nH]c2c3ccccc3nc-2n1,45,1,Ring,-
*C1=Cc2ccccc2C(*)N1*,45,3,Ring,---
*c1nn(*)c2c1C(*)SC(*)C(=*)N2,45,5,Ring,----=
*c1ccc2c(c1)C(=*)NCC2,45,2,Ring,-=
*C1COC2OCC(*)C12,45,2,Ring,--
*C1CCCC(*)C(=*)N1,45,3,Ring,--=
*c1ccc2nc3c(cc2c1)c(*)nn3*,45,3,Ring,---
*C1Oc2ccccc2OC1*,45,2,Ring,--
*C1=CC(=*)n2nc(*)cc2N1,45,3,Ring,-=-
*C1=CC=CN2C(=*)c3cc(*)sc3N=C12,45,3,Ring,-=-
*c1cc(*)c2c(ccn2*)c1,45,3,Ring,---
*c1cc2ccncc2cc1*,45,2,Ring,--
*c1ccc2cc1Oc1ccc(cc1)CC1C(=*)N(*)C(C2)C(=*)NC(*)C(=*)NC(*)C(=*)N(*)C(*)C(=*)NC(*)C(=*)N1*,45,14,Ring,-=-=-=-=--=-=-
*C1CN(*)C(=*)c2cccnc2O1,45,3,Ring,--=
*C1CSSCC(*)C(=*)NC(*)C(=*)N2CCCC2C(=*)N1,45,6,Ring,--=-==
*c1nnc2ccccc2c1*,45,2,Ring,--
*N1CCCC2c3ccccc3CC21,45,1,Ring,-
*c1c(*)c(*)c2c(c1*)CCN(*)C2,45,5,Ring,-----
*C1COC(*)CO1,45,2,Ring,--
*C1=C2CCCCC2=C(*)C(=*)N1,45,3,Ring,--=
*c1ccc2c(c1)S(=*)(=*)NC2=*,45,4,Ring,-===
*C1CCCN(*)c2ccccc21,45,2,Ring,--
*C1C2C(*)C3(OC2(*)*)C(*)CCC(*)C3(*)C1*,45,8,Ring,--------
*c1ccc2c(c1)CNC2,45,1,Ring,-
*C1Cc2c(c3ccccc3c(=*)c2=*)OC1(*)*,45,5,Ring,-==--
*c1nc2sc(*)c(*)c2c2c1CCCC2,45,3,Ring,---
*c1cn2c3c(cccc13)CCC2,45,1,Ring,-
*C1COC(*)N1*,45,3,Ring,---
*c1ccc2c(c1)-n1nc(*)cc1N(*)C2=*,45,4,Ring,---=
*c1ccc2c(c1)C1=C(CSCC1)C(=*)N2,45,2,Ring,-=
*C1=CN(*)C(=*)O1,45,3,Ring,--=
*c1cc2c(cc(*)n2*)o1,45,3,Ring,---
*C12C3C4C1C1C2C3C41*,45,2,Ring,--
*N1CC2C(=*)N(*)C(=*)NC2(*)C1,45,5,Ring,-=-=-
*c1ccc2c(c1)CCCCC2=*,45,2,Ring,-=
*c1ccc2c(c1*)OCCC2=*,45,3,Ring,--=
*C1CC(=*)NCc2nc(cs2)C2=NC(*)(CS2)C(=*)NC(*)C(=*)O1,45,6,Ring,-=-=-=
*C1CC=CC(=*)NC(*)C(=*)NCC(*)C(=*)OC(*)C(=*)O1,45,8,Ring,-=-=-=-=
*C1=Nc2c(nnn2*)C(=*)N1,45,3,Ring,--=
*C1=Nc2cc(*)ccc2NC(*)=N1,45,3,Ring,---
*c1c[n+](*)cn1*,45,3,Ring,---
*C1=CN(*)C(*)=C(*)C1*,45,5,Ring,-----
*C1C(=*)C=CN(*)C1*,45,4,Ring,-=--
*c1cc2ccc3c(c2c(*)c1*)OCO3,45,3,Ring,---
*=C1CCCc2ccccc2C1=*,45,2,Ring,==
*c1cc(*)c2c(n1)CCCC2,45,2,Ring,--
*c1ccc2c(c1)C(=*)N(*)CC(*)C(*)CNC(*)CO2,45,6,Ring,-=----
*c1cn[nH]n1,45,1,Ring,-
*c1ccc2c(c1)C(=*)N1CCCCC1=N2,45,2,Ring,-=
*C1c2cccn2-c2ccccc2N1*,45,2,Ring,--
*c1ccc2c(c1)Oc1cc(*)cc(*)c1C2=*,45,4,Ring,---=
*C1C=CC(=*)O1,45,2,Ring,-=
*c1cnc2c(*)ncnc2c1,45,2,Ring,--
*c1ccc2c(c1)C(=*)c1ccc(*)cc1S2(=*)=*,45,5,Ring,-=-==
*C1=NN(*)C(=*)C2=C1CCCC2,45,3,Ring,--=
*n1n[n+](*)c2c(=*)c3ccccc3c(=*)c21,45,4,Ring,--==
*c1ccc2c(c1)C(*)(*)CN2*,45,4,Ring,----
*C1CC2(*)OCOC2=CC1=*,45,3,Ring,--=
*C1SCc2nc3ccccc3n21,45,1,Ring,-
*c1ccc2oc3c(c2c1)CCCC3,45,1,Ring,-
*c1ccc2c(c1)c1cnccc1n2*,45,2,Ring,--
*C1(*)CCC2CC1OOC2(*)*,45,4,Ring,----
*c1ccnc2ccnn12,45,1,Ring,-
*C1=NN=C2N(*)CCN2C1=*,45,3,Ring,--=
*C1CNC(*)C(*)C(*)(*)C(*)OC(=*)C(*)C2OC3(CCN(*)CC3)OC(*)(C1)C(*)C2*,45,12,Ring,------=-----
*c1ccc2oc3c(*)c4ccccc4[n+](*)c3c2c1,45,3,Ring,---
*c1c(*)c(*)n2nccc2c1*,45,4,Ring,----
*c1cc2c(c(*)c1*)N(*)C(=*)N(*)C2=*,45,7,Ring,----=-=
*C1=Nc2ccc(*)cc2NC1=*,45,3,Ring,--=
*c1ccc(*)c2[nH]ncc12,45,2,Ring,--
*c1c(*)[n+](*)cn1*,45,4,Ring,----
*C1CN2C(=*)CCC2(*)O1,45,3,Ring,-=-
*C1=Cc2ccccc2OC1(*)*,45,3,Ring,---
*C1CC2OCCC12,45,1,Ring,-
*c1cc(*)c2c(*)c(*)c(*)cc2c1,45,5,Ring,-----
*c1cc2c(cc1*)OCCCCCOc1nc(cnc1*)NC(=*)N2,45,4,Ring,---=
*C1=CC(*)C2(*)C=CC(*)CC2C1,45,4,Ring,----
*c1nc2ncccc2s1,45,1,Ring,-
*n1cnc2cnc3[nH]ccc3c21,45,1,Ring,-
*C1=NN2C(=*)c3cc(*)ccc3N=C2c2ccccc21,45,3,Ring,-=-
*c1ccc2c(c1)Cc1cccc(*)c1S2,45,2,Ring,--
*C1=NOC(=*)c2ccc(*)cc21,45,3,Ring,-=-
*N1CCCc2ccccc2C1,45,1,Ring,-
*NC(=O)CC(*)NC(C)=O,45,2,Linker,--
*NC(=O)C(*)OC(=O)CNC(*)=O,45,3,Linker,---
*CN(CC(=O)O)C(=O)O*,45,2,Linker,--
*CNC(=O)NC(C)C*,45,2,Linker,--
*CN(C(C)C)S(*)(=O)=O,45,2,Linker,--
*OCCCCCCCCO*,45,2,Linker,--
*CCC(*)(*)C(N)=O,45,3,Linker,---
*NC(=O)N(*)CCN(C(C)C)C(C)C,45,2,Linker,--
*CCCCOCCCCCCNCC(*)O,45,2,Linker,--
*NC(*)CN(C)C,45,2,Linker,--
*C=CC(*)=NNC(N)=S,45,2,Linker,--
*CCNC(=O)C(C)O*,45,2,Linker,--
*NCCOC(*)=O,45,2,Linker,--
*NCCCN(C)C(*)=O,45,2,Linker,--
*NC(=O)N(CCCCCCC)CCCCCS*,45,2,Linker,--
*C(=O)CN(*)N,45,2,Linker,--
*CC(*)=S,45,2,Linker,--
*CCNCC(*)=O,45,2,Linker,--
*CNC(=N*)NC(*)=O,45,3,Linker,---
*C(*)(*)N,45,3,Linker,---
*COC(=O)N(*)C,45,2,Linker,--
*C=CC(=O)OC(C)C(=O)N*,45,2,Linker,--
*C(=O)C(*)CCCCCC,45,2,Linker,--
*CNC(=O)CCSC*,45,2,Linker,--
*CN(*)C(=O)C(C)O*,45,3,Linker,---
*CC(N)C(=O)NC(*)C(=O)O,45,2,Linker,--
*CCC(NS(*)(=O)=O)C(*)=O,45,3,Linker,---
*CC(=O)C=*,45,2,Linker,-=
*CN(*)CCCO*,45,3,Linker,---
*NCCCCCCCCCCN*,45,2,Linker,--
*NC(=N)NC(*)=N,45,2,Linker,--
*C(=O)NC(*)(*)C,45,3,Linker,---
*C(=O)NCC(C)(C)CN(*)*,45,3,Linker,---
*CCCCCCC(=O)N*,45,2,Linker,--
*CC(COC(=O)C(C*)NC(*)=O)NC(*)=O,45,4,Linker,----
*N(CC(=O)O)CC(=O)O,45,1,Sub,-
*CCC(CO)CO,45,1,Sub,-
*C(CCC(=O)O)C(=O)O,45,1,Sub,-
*C(=O)NCCCC(=O)NO,45,1,Sub,-
*C(C)C(CC=C(C)C(=O)O)OC(C)=O,45,1,Sub,-
*C(C)C=CC(CC)C(C)C,45,1,Sub,-
*C(=O)OCC(=O)NC,45,1,Sub,-
*OCC(C)CC,45,1,Sub,-
*C=CC(C)C,45,1,Sub,-
*C(O)C=C,45,1,Sub,-
*CCNC(=O)C(F)(F)F,45,1,Sub,-
*COCC[Si](C)(C)C,45,1,Sub,-
*C(CC)N(C)C,45,1,Sub,-
*=CCCCCCCCCCCCCC,45,1,Sub,=
*CC(O)COCC,45,1,Sub,-
*CNC(=O)OCC,45,1,Sub,-
*CNC(=O)CN(CC)CC,45,1,Sub,-
*CCP(=O)(OCC)OCC,45,1,Sub,-
*C(=O)N(CC)CCCC,45,1,Sub,-
*C(=O)COC(=O)CC,45,1,Sub,-
*CC(=O)NCCN(CC)CC,45,1,Sub,-
*[S-],45,1,Sub,-
*C(CCC(=C)C(C)C)C(=O)O,45,1,Sub,-
*CCCC(C)(C)O,45,1,Sub,-
*C(C(=O)OC)C(=O)OC,45,1,Sub,-
*N(CC)CCOC,45,1,Sub,-
*CNC(SC)=C(C#N)C(=O)OCCOCC,45,1,Sub,-
*NCCNCC,45,1,Sub,-
*CN(C)CCN,45,1,Sub,-
*c1cccc2nccc(*)c12,44,2,Ring,--
*c1cc(*)n2cnnc2n1,44,2,Ring,--
*C1Cc2c([nH]c3ccccc23)CN(*)C1=*,44,3,Ring,--=
*C12CCCN1CC(=*)C2,44,2,Ring,-=
*c1cc2c(c3c1C(=*)c1cc4ccccc4cc1N3*)C(*)C(*)C(*)(*)O2,44,7,Ring,-=-----
*C1CC2CC(=*)CCC2(*)C2CCC3(*)C(*)CCC3C12,44,5,Ring,-=---
*C1CCC2(*)C(*)CCC2(*)C1,44,4,Ring,----
*c1nc(*)c2c(n1)CCOCC2,44,2,Ring,--
*C1CC(*)N1*,44,3,Ring,---
*c1cc2ccc3cccnc3c2[nH]1,44,1,Ring,-
*c1cc(*)c2c(*)ccc(*)c2c1,44,4,Ring,----
*C1CNc2ccccc21,44,1,Ring,-
*n1c(=*)c2cc3ccccc3cc2c1=*,44,3,Ring,-==
*C1CC2(*)C(CCC2(*)*)C2CCC3=Cc4c(cnn4*)CC3(*)C12,44,6,Ring,------
*c1nn2c(*)c3c(nc2c1*)CCC3,44,3,Ring,---
*c1cc2c(cc1*)C1CC(*)CC(*)N1CC2,44,4,Ring,----
*C1CN(*)C(*)C(*)C(*)(*)C(*)OC(=*)C(*)C2OC3(CCN(*)CC3)OC(*)(C1)C(*)C2*,44,13,Ring,-------=-----
*c1ncnc2c1SC(=*)N2*,44,3,Ring,-=-
*c1ccc2c(c1)SC(*)C(*)C(=*)N2*,44,5,Ring,---=-
*C1C2=C(CN1*)C(=*)c1ccccc1N2,44,3,Ring,--=
*c1nc2c(*)nc3cc(*)c(*)cc3n2n1,44,4,Ring,----
*c1cccc2c1OCCCO2,44,1,Ring,-
*n1ccc2cncnc21,44,1,Ring,-
*c1cccc2c1C(*)n1cncc1-2,44,2,Ring,--
*c1ccc2[nH]c(*)cc2n1,44,2,Ring,--
*C1CC(=*)CC1*,44,3,Ring,-=-
*N1NC(=*)N(*)C1=*,44,4,Ring,-=-=
*C1OCOC1*,44,2,Ring,--
*C1=C(*)c2c(*)cccc2N(*)C1=*,44,5,Ring,----=
*C1=NC(=*)C(*)=NN1,44,3,Ring,-=-
*c1cc2ncccc2c(*)c1*,44,3,Ring,---
*c1cc2c(c(*)c1*)OC(=*)C=C2,44,4,Ring,---=
*c1ccc2[nH]c3c(c2c1)CCCCC3,44,1,Ring,-
*c1nn(*)c2c1C(=*)C1(*)C(=C2)Oc2c(*)c(*)c(*)c(*)c21,44,8,Ring,--=-----
*c1cccc2c1Oc1ccccc1C2=*,44,2,Ring,-=
*C1CC2(COC(=*)N2)C1,44,2,Ring,-=
*C1=NNC(*)C1*,44,3,Ring,---
*c1ccnc2sc3c(c12)C=CN(*)C3=*,44,3,Ring,--=
*C1Cc2sccc2C2(CCN(*)CC2)O1,44,2,Ring,--
*c1ccc2c(c1)-c1c(c(*)nn1*)CO2,44,3,Ring,---
*C12CC3(*)OC(O1)C1(*)C2CC31*,44,4,Ring,----
*c1c2c(nc3ccccc13)N(*)CC2,44,2,Ring,--
*c1ccc(*)c2c1nc(*)n2*,44,4,Ring,----
*N1CCC2OCC(=*)NC2C1,44,2,Ring,-=
*C1=CCCCCC1,44,1,Ring,-
*c1cnc(*)c2c1COC(*)(*)O2,44,4,Ring,----
*c1cc2n(n1)C(=*)C1=C(C(=*)N(*)C1)N2*,44,5,Ring,-==--
*C1=Cc2cc(*)c3ccccc3c2OC1=*,44,3,Ring,--=
*c1cnsc1*,44,2,Ring,--
*c1ccc2c(c[n+]3c4c2ccc2c5c(cc(c24)CC3)OCO5)c1*,44,2,Ring,--
*C1CN(*)C2C(=*)COC12,44,3,Ring,--=
*N1CCc2c(n(*)c3ncccc23)C1,44,2,Ring,--
*c1nn(*)c2c1CCCC2*,44,3,Ring,---
*C1=Nc2c(*)nc3ccccc3c2C(=*)N1*,44,4,Ring,--=-
*c1cc2c(c(*)c(*)n2*)c2occc12,44,4,Ring,----
*c1ccnc2cccnc12,44,1,Ring,-
*C1=CC(*)N(*)CC1,44,3,Ring,---
*c1cccc2c1S(=*)(=*)Cc1c(*)nn(*)c1-2,44,5,Ring,-==--
*C1CC(*)C(*)CN1,44,3,Ring,---
*c1cc2c(*)ccc(*)c2cn1,44,3,Ring,---
*c1ccc2c3cccc4cccc(c5cccc1c52)c43,44,1,Ring,-
*C1c2ncn(*)c2CCN1*,44,3,Ring,---
*c1ccc2nc3sc(*)cc3cc2c1,44,2,Ring,--
*c1nn[se]c1*,44,2,Ring,--
*c1cccc2c1N(*)C(=*)C2(*)*,44,5,Ring,--=--
*C1=CCC2C(CCC2(*)*)C(*)(*)C1*,44,6,Ring,------
*c1ccc2c(c1)CN(*)C2*,44,3,Ring,---
*c1cccc2c1C=CC(=*)N2,44,2,Ring,-=
*c1cc2c(c3c1ccn3*)C1CCC2C1,44,2,Ring,--
*c1nc2c3c(ccc2c(*)c1*)CCCC3,44,3,Ring,---
*C1CN=CN1,44,1,Ring,-
*c1cc2c(*)c(*)c(*)cc2[nH]1,44,4,Ring,----
*C1CC(=*)NC2=C1C(=*)NN2*,44,4,Ring,-==-
*N1CCC2(CC1)C(=*)N(*)CCN2*,44,4,Ring,-=--
*N1CCC2C1C(=*)N2*,44,3,Ring,-=-
*C1c2ccccc2CSc2ccccc21,44,1,Ring,-
*c1nc2ccccc2n2cncc12,44,1,Ring,-
*c1ccc2oc3c(*)nc(*)nc3c2c1,44,3,Ring,---
*c1c(*)c(*)c2c(c1*)C(=*)OC1C2OC(*)C(*)C1*,44,8,Ring,----=---
*C1C(*)C(*)N(*)S(=*)(=*)N(*)C1*,44,8,Ring,----==--
*c1nc2c(*)nccc2s1,44,2,Ring,--
*c1nnc(*)[se]1,44,2,Ring,--
*C1=Nc2cnc(*)cc2N(*)C1=*,44,4,Ring,---=
*c1cc(*)c2nncn2n1,44,2,Ring,--
*c1cc(*)c2sc(*)nc2n1,44,3,Ring,---
*C1OC(=*)C(=*)C1=*,44,4,Ring,-===
*C1=C(*)C(*)C2CC3C(=C(*)C2(*)C1=*)C(=*)c1c(*)cccc1C3(*)*,44,10,Ring,-----==---
*C1(*)Cc2ccccc2C(=*)O1,44,3,Ring,--=
*c1coc2ncnc(*)c12,44,2,Ring,--
*C1=C(*)N(*)NC1=*,44,4,Ring,---=
*C1=CCc2ccccc2N=C1*,44,2,Ring,--
*c1cn(*)c2c(*)ncnc12,44,3,Ring,---
*c1cccc2c1OC(*)(*)CC2*,44,4,Ring,----
*=C1CCNCC1,44,1,Ring,=
*c1nc2n(n1)C(=*)N(*)c1ccccc1-2,44,3,Ring,-=-
*c1ccc(*)[n+](*)c1*,44,4,Ring,----
*C1=C(*)C(*)N2C(=N1)Sc1ccccc12,44,3,Ring,---
*c1ccc2c(c1)-c1ccccc1C(=*)N2,44,2,Ring,-=
*c1cc(*)c2oc3ccccc3c2n1,44,2,Ring,--
*C1CCC2C(*)COC3OC4(*)CCC1C32OO4,44,3,Ring,---
*c1nccc2sccc12,44,1,Ring,-
*c1c2c(cc3c1OCC3)OCC2,44,1,Ring,-
*c1ccc2c(c1)OC(=*)C1=C2CCN(*)C1,44,3,Ring,-=-
*C1CCC2(*)C(C1)C(=*)CC1C3CCC(*)C3(*)CCC12,44,5,Ring,--=--
*N1CC2CCNC2C1,44,1,Ring,-
*c1cnc2c(c1*)N(*)C(=*)C=C2,44,4,Ring,---=
*C1(*)NC(=*)c2ccccc2N1,44,3,Ring,--=
*N1c2ccccc2C(=*)N2CCc3c([nH]c4ccccc34)C21,44,2,Ring,-=
*C1CC(*)C2(*)CC12,44,3,Ring,---
*C1=C(*)C(=*)c2cc(*)cc(*)c2N1,44,5,Ring,--=--
*c1cc2c(ccn2*)n1*,44,3,Ring,---
*C[Se]C(*)C*,44,3,Linker,---
*CC(=O)NCC(*)O,44,2,Linker,--
*CCCC=C(*)*,44,3,Linker,---
*C=NN=C(*)N,44,2,Linker,--
*S(*)(=N)=O,44,2,Linker,--
*OC(*)C(C)NC(=O)C(C)(F)F,44,2,Linker,--
*NC(=O)CSCC(*)=O,44,2,Linker,--
*NC(=O)CON=C(*)C,44,2,Linker,--
*CC(O)COCCO*,44,2,Linker,--
*C(*)CCCCCC(=O)O,44,2,Linker,--
*C(*)(CCC)CCC,44,2,Linker,--
*NC(=O)N(*)O,44,2,Linker,--
*CCNC(=O)CCNS(*)(=O)=O,44,2,Linker,--
*C(C)CNS(*)(=O)=O,44,2,Linker,--
*[C+](*)*,44,3,Linker,---
*C(=O)NC(*)CC(*)C,44,3,Linker,---
*CNCCCCO*,44,2,Linker,--
*CC(=O)ONC(*)=N,44,2,Linker,--
*CCCNC=*,44,2,Linker,-=
*C(=O)NC(*)CC(=O)NC(CC(C)C)B(O)O,44,2,Linker,--
*CNS(=O)(=O)N*,44,2,Linker,--
*NC(=NC(C)(C)C)N*,44,2,Linker,--
*CNC(=O)NC(*)=O,44,2,Linker,--
*CNCCCNC*,44,2,Linker,--
*CCC(=O)CC(*)N*,44,3,Linker,---
*CC(=O)N(*)CCC,44,2,Linker,--
*CNCC(NC(=O)CNC(*)=O)C(=O)NC(C)(C)C,44,2,Linker,--
*CCC(=O)NC(C*)C(=O)N*,44,3,Linker,---
*CCCC(=O)OC*,44,2,Linker,--
*C(=NS(*)(=O)=O)NC,44,2,Linker,--
*NC(*)CC#N,44,2,Linker,--
*CNC(=O)NC(=O)COC(*)=O,44,2,Linker,--
*CCNC(=O)CCNC(*)=O,44,2,Linker,--
*C[S+]([O-])CC(*)=O,44,2,Linker,--
*CCCC(C*)NC(*)=O,44,3,Linker,---
*C(C)C#N,44,1,Sub,-
*=C(C)C=O,44,1,Sub,=
*NC(=O)CCCC(=O)OC,44,1,Sub,-
*C(O)C(O)C(N)=O,44,1,Sub,-
*NC(=O)C=CC(C)OC(C)=O,44,1,Sub,-
*N(C)C=O,44,1,Sub,-
*C(O)(CC)CC,44,1,Sub,-
*[N+]#N,44,1,Sub,-
*NS(=O)(=O)CC(F)(F)F,44,1,Sub,-
*C(=O)NCC(=O)NC,44,1,Sub,-
*CCN(C)CC,44,1,Sub,-
*NC(=O)COCCOC,44,1,Sub,-
*NC(=O)CS,44,1,Sub,-
*NCCCCCO,44,1,Sub,-
*C(=O)NC(CP(=O)(O)O)C(=O)O,44,1,Sub,-
*CCSCCCC(=O)O,44,1,Sub,-
*CC(O)(P(=O)([O-])O)P(=O)(O)O,44,1,Sub,-
*NC=NO,44,1,Sub,-
*NC(=S)NCC=C,44,1,Sub,-
*N(C)CCNC,44,1,Sub,-
*COC(=O)CCCC,44,1,Sub,-
*=C(CCC=C(C)C)C(=O)O,44,1,Sub,=
*C(=O)NC(CS)C(=O)O,44,1,Sub,-
*SCC(O)CO,44,1,Sub,-
*C=CC(=O)N(C)C,44,1,Sub,-
*CCCCCCCCC(=O)O,44,1,Sub,-
*C(=CC(=O)OCC)C(=O)OCC,44,1,Sub,-
*N(O)C(C)=O,44,1,Sub,-
*P1(=*)OCc2ccccc2O1,43,2,Ring,-=
*c1nc2cccc(*)c2c(*)c1*,43,4,Ring,----
*C1=NC(=*)c2cc(*)ccc2S1,43,3,Ring,-=-
*N1CCc2nocc2C1,43,1,Ring,-
*C1CN(*)c2nc3c(n2C1)C(=*)N(*)C(=*)N3*,43,6,Ring,--=-=-
*n1ccc2ccncc21,43,1,Ring,-
*c1cc(*)c2onc(*)c2c1,43,3,Ring,---
*C1CCc2c(cnn2*)C1,43,2,Ring,--
*C1=C(*)C(*)C2CN(*)CCC2(*)O1,43,5,Ring,-----
*c1cc(*)c2c(c1)NC(=*)C1=C2NCCC1,43,3,Ring,--=
*c1cc(*)c2c(n1)-c1c(*)cccc1C2,43,3,Ring,---
*C1=CC(=*)c2c(ccc3ccccc23)O1,43,2,Ring,-=
*N1CCC2(CCN(*)C2=*)C1,43,3,Ring,--=
*C1=Nc2cc3ccccc3cc2C(=*)N1*,43,3,Ring,-=-
*N1CC2CCN(*)C(=*)C2C1,43,3,Ring,--=
*C1Oc2ccccc2C1*,43,2,Ring,--
*C1=COc2c(*)c(*)cc(*)c2C1=*,43,5,Ring,----=
*c1ccc2sncc2c1,43,1,Ring,-
*C1=NN2C(=*)NN=C2C=C1,43,2,Ring,-=
*c1cc2c(=*)c(=*)c3c(*)c(*)oc3c2cc1*,43,6,Ring,-==---
*C1=CC=C(*)C(=*)C=C1,43,3,Ring,--=
*=C1CCCCC(=*)C1=*,43,3,Ring,===
*C1CN(*)CC2(CCN(*)CC2)C1,43,3,Ring,---
*C1C2CCC(C2)C1(*)*,43,3,Ring,---
*C1=NN(*)c2ncnc3c2c1cn3*,43,3,Ring,---
*C1=CC(=*)N(*)C1,43,3,Ring,-=-
*C1=CC(=*)C(*)C2(*)C1CC1OC(=*)C(*)C3C(*)C(*)C4(*)OCC13C42,43,9,Ring,-=--=----
*c1ccc2c(c1)-c1nc(*)sc1C(*)CO2,43,3,Ring,---
*c1c2n(c3c(*)ncnc13)CCCC2,43,2,Ring,--
*C1C=CC(=*)C1=*,43,3,Ring,-==
*c1cc(*)c2c(n1)N(*)CC(=*)N2,43,4,Ring,---=
*C1=C(*)C(*)(*)CCC1=*,43,5,Ring,----=
*C1=Cc2ccccc2C2=NCCN12,43,1,Ring,-
*c1ccc2c(c1)=[N+](*)C(*)(*)[N+]=2*,43,5,Ring,-----
*C1=CC(*)=C(*)C=C(*)C1=*,43,5,Ring,----=
*C1CC2C=CCCCC(*)OC(=*)CC(*)C(*)C2C1,43,5,Ring,--=--
*c1cc(*)c2c(n1)-c1cccc(*)c1C2,43,3,Ring,---
*c1cc(*)c2c(=*)c(=*)[nH]c2c1,43,4,Ring,--==
*C1C(*)C2(*)COC(*)(O2)C1*,43,5,Ring,-----
*c1ccc2c(c1)Cc1c(*)cc(*)nc1-2,43,3,Ring,---
*C1N(*)C(=*)C12CCN(*)CC2,43,4,Ring,--=-
*C1=COC(*)=C(*)C1=*,43,4,Ring,---=
*N1C2=NCCCN2c2ccccc21,43,1,Ring,-
*N1c2ccccc2C(*)(*)CC1(*)*,43,5,Ring,-----
*c1cnn2cc(*)c(*)c2c1*,43,4,Ring,----
*c1cc2ccncc2[nH]1,43,1,Ring,-
*C1CC=CCN(*)C1=*,43,3,Ring,--=
*C1=C(*)C2=C(CCCC2)N(*)C1=*,43,4,Ring,---=
*C1COCC1(*)*,43,3,Ring,---
*C1CCC(*)(*)c2ccccc21,43,3,Ring,---
*c1ccc2c(c1)-c1nc(*)cc(*)c1C2,43,3,Ring,---
*c1ccc(*)c2c1OCC1C(*)CCCC21*,43,4,Ring,----
*n1c2ccccc2c2c(=*)c3c[n+](*)c4ccccc4c3c(=*)c21,43,4,Ring,-=-=
*C1=CCC23CCC(C(*)(*)OC2=*)C3(*)CC1,43,5,Ring,---=-
*N1C(=*)c2ccccc2N(*)S1(=*)=*,43,5,Ring,-=-==
*C1CC2CCC(O2)C1*,43,2,Ring,--
*N1C=CN2C(=*)N(*)N=C2C1=*,43,4,Ring,-=-=
*C1=CN(*)c2cc(*)nn2C1=*,43,4,Ring,---=
*c1ccc2c(*)coc2c1*,43,3,Ring,---
*N1CCC2(CCO2)CC1,43,1,Ring,-
*N1N=Nc2sc3c(c2C1=*)CCCC3,43,2,Ring,-=
*C1C2C(*)(*)CC=CC23COC1(*)C12C(=*)C(=*)C(CCC31)C2*,43,7,Ring,----==-
*c1ccc2c(=*)oc(=*)c2c1,43,3,Ring,-==
*C1Cc2c(c3ccccc3c(=*)c2=*)O1,43,3,Ring,-==
*c1scc2c1OCCO2,43,1,Ring,-
*C1(*)CC23CCC4C(*)(*)CCCC4(*)C2CCC1C3,43,5,Ring,-----
*C1CC2(*)C(*)CCC2C2CCC3=CC(=*)CCC3(*)C12,43,5,Ring,---=-
*c1cnc2[nH]c(=*)c(=*)c2c1,43,3,Ring,-==
*C1CCC2(*)C(=CC(=*)C3C2CCC2(*)C(*)CCC32)C1,43,5,Ring,--=--
*c1cn(*)n[n+]1*,43,3,Ring,---
*C1CCC2C3CCC4NC(=*)CCC4(*)C3CCC12*,43,4,Ring,-=--
*c1ccc2c(c1)c1c(*)ncnc1n2*,43,3,Ring,---
*C1CN(*)CC(=*)N1,43,3,Ring,--=
*C1=CNc2c(*)cnn2C1=*,43,3,Ring,--=
*c1c(*)n2c3c(cccc13)CCC2,43,2,Ring,--
*C1CC2CCN1CC2=*,43,2,Ring,-=
*C1CN(*)c2ccccc2C(*)N1*,43,4,Ring,----
*c1ccc2c(*)c[nH]c2c1*,43,3,Ring,---
*C1=C2C(=*)N(*)CN(*)N2C=CC1=*,43,5,Ring,-=--=
*C1=C(*)C(*)C2=C(O1)C(=*)CN(*)C2,43,5,Ring,---=-
*C1CNC(=*)C(*)CC=CCC(*)C(=*)O1,43,5,Ring,-=--=
*C1OC(*)(*)OC1(*)*,43,5,Ring,-----
*c1cc2nn(*)c(*)c2cc1*,43,4,Ring,----
*C1CCC(*)C(*)N1,43,3,Ring,---
*C1C(=*)OC(*)(*)CN1*,43,5,Ring,-=---
*c1cc2nc(*)c(*)cn2n1,43,3,Ring,---
*c1ccc2c(*)nccc2n1,43,2,Ring,--
*c1cc(*)c2c(c1*)OCCO2,43,3,Ring,---
*c1cc2c(*)ncnc2nc1*,43,3,Ring,---
*c1ccc2n[nH]c(*)c2c1,43,2,Ring,--
*c1cc2c(*)cn(*)c2cn1,43,3,Ring,---
*N1C(*)(*)CCCC1(*)*,43,5,Ring,-----
*c1cccc2c1OCC(*)N2*,43,3,Ring,---
*N1CCC2(CCOCC2)C1,43,1,Ring,-
*C1CC(=*)Nc2ccccc21,43,2,Ring,-=
*c1nc(*)c2c(n1)CC(*)OC2*,43,4,Ring,----
*N1C(=*)NC(=*)C1(*)*,43,5,Ring,-==--
*c1cc2c(*)ncnn2c1,43,2,Ring,--
*c1nc2cc(*)c(*)c(*)c2s1,43,4,Ring,----
*C1=CC(=*)NN=C1,43,2,Ring,-=
*C1CCCc2c1c1ccccc1n2*,43,2,Ring,--
*C1=NN2CCCC(=*)N=C2S1,43,2,Ring,-=
*C1=CC(=*)C2C(*)(*)CCCC2(*)C1*,43,6,Ring,-=----
*c1c2nc(c3ccc([nH]3)c(*)c3ccc([nH]3)c(*)c3ccc1[nH]3)C=C2,43,3,Ring,---
*C1=CSSC1=*,43,2,Ring,-=
*C1=Cc2ccc(*)cc2OC1*,43,3,Ring,---
*NC(=O)C[S+](*)[O-],43,2,Linker,--
*C(CO)N(CCC(C)(C)C)S(*)(=O)=O,43,2,Linker,--
*C(*)=CCCCC(=O)OC,43,2,Linker,--
*C=CC(=O)NCC(*)O,43,2,Linker,--
*CCNC(=O)COC(=O)C*,43,2,Linker,--
*CN(C(*)=O)C(C)CC,43,2,Linker,--
*COP(=O)(O)OP(=O)(O)OP(=O)(O)OP(=O)(O)OC*,43,2,Linker,--
*OC(*)CCC(=O)O,43,2,Linker,--
*C(=S)NN=C(*)N,43,2,Linker,--
*C(=O)NCC(*)(C)O,43,2,Linker,--
*C=CC(=O)NC(C*)C(=O)N*,43,3,Linker,---
*CN(*)CC(*)(O)C*,43,4,Linker,----
*C(*)=CC#N,43,2,Linker,--
*C(=O)CC(*)C(=O)O,43,2,Linker,--
*CNC(=O)CN(*)C(=O)C*,43,3,Linker,---
*CNC(=O)C(NC(=O)OC)C(*)*,43,3,Linker,---
*CN(C*)C(=O)NC(C)C,43,2,Linker,--
*CNC(=O)C(C)NS(*)(=O)=O,43,2,Linker,--
*CN(C)CCCCO*,43,2,Linker,--
*N(*)C(=O)CCl,43,2,Linker,--
*CC(O)CCCCCCCCCCC(*)O,43,2,Linker,--
*NC(*)CC(=O)O,43,2,Linker,--
*COC(=O)C(CC(C)C)NC(*)=O,43,2,Linker,--
*CC(CC(=O)O)NC(=O)C(C*)NC(*)=O,43,3,Linker,---
*CNC(=O)N(C*)CC,43,2,Linker,--
*CCC(=O)NC(C*)C(=O)O,43,2,Linker,--
*CC(CC(=O)O)NC(*)=O,43,2,Linker,--
*CCCNC(=O)C(*)C,43,2,Linker,--
*COC(=O)NC(C*)C(O)CC(C*)NC(=O)C(NC(=O)N(C)C*)C(C)C,43,4,Linker,----
*C(=O)NCCCCCNC(*)=O,43,2,Linker,--
*C=NN(C)C(*)=O,43,2,Linker,--
*CC(*)NCC(*)O,43,3,Linker,---
*C(=O)CC(*)NC(*)=O,43,3,Linker,---
*NC(=O)OCCO*,43,2,Linker,--
*CNC(=O)CN(C)C*,43,2,Linker,--
*COCCN*,43,2,Linker,--
*C=CC(*)=NNC(=N)N,43,2,Linker,--
*C(*)CCC(C)(C)C,43,2,Linker,--
*C(=O)NC(*)(CC)CC,43,2,Linker,--
*NC(=O)C=NO,43,1,Sub,-
*NCCNC(=O)OC(C)(C)C,43,1,Sub,-
*S(=O)(=O)NC(=O)NCCCCC,43,1,Sub,-
*C(C)CC(O)C(O)C(C)(C)O,43,1,Sub,-
*NCCOCC,43,1,Sub,-
*CC=CCP(=O)(OCOC(=O)C(C)(C)C)OCOC(=O)C(C)(C)C,43,1,Sub,-
*CCC(C)=CC(=O)O,43,1,Sub,-
*CC(=O)NS(C)(=O)=O,43,1,Sub,-
*C(=O)NCCS(N)(=O)=O,43,1,Sub,-
*CC=C(C)CCC(=O)OC,43,1,Sub,-
*C(SCCC(=O)O)SCCC(=O)O,43,1,Sub,-
*CCC(N)C(=O)O,43,1,Sub,-
*C#CC(C)N(O)C(N)=O,43,1,Sub,-
*OCCCCC#C,43,1,Sub,-
*C(=O)NCC(=O)N(C)C,43,1,Sub,-
*C(C)OP(=O)(O)O,43,1,Sub,-
*C(=O)NS(=O)(=O)N(CC)CC,43,1,Sub,-
*NC(S)=NCC,43,1,Sub,-
*C(C)CC(C)C,43,1,Sub,-
*SCC(=O)N(C(C)C)C(C)C,43,1,Sub,-
*OCC(O)CNCCCC,43,1,Sub,-
*C(=S)NCC=C,43,1,Sub,-
*CC(C)OC,43,1,Sub,-
*OCCC[N+](C)(C)C,43,1,Sub,-
*=[N+]=[N-],43,1,Sub,=
*OC(=O)C=C(C)CC,43,1,Sub,-
*CC(=O)NC(CC(C)C)C(=O)O,43,1,Sub,-
*C#CC(=O)O,43,1,Sub,-
*C(O)CCC(=O)O,43,1,Sub,-
*SCCCCCCCCCC,43,1,Sub,-
*=NCCCC,43,1,Sub,=
*NCCCCN(C)C,43,1,Sub,-
*CN(CC)CCO,43,1,Sub,-
*C(=O)NCCCCCCCCCCC(=O)O,43,1,Sub,-
*C(=O)OCC(O)CO,43,1,Sub,-
*NC(=O)C=CC=CC,43,1,Sub,-
*OC(=O)C(C)(CO)CO,43,1,Sub,-
*C(C)CCC(N)=O,43,1,Sub,-
*C=NNC(=S)NCC,43,1,Sub,-
*C(=O)N(CC=C)CC=C,43,1,Sub,-
*c1cc2c(cc1*)CN(*)C2,42,3,Ring,---
*c1sc2c(c1*)C(=*)NC=N2,42,3,Ring,--=
*C1Sc2ccccc2N(*)C(=*)C1*,42,4,Ring,--=-
*c1c2nc(c(*)c3ccc([nH]3)c(*)c3ccc([nH]3)c(*)c3nc1C=C3)C=C2,42,4,Ring,----
*C1=CCC2C3CCC4CC(*)CCC4(*)C3CCC12*,42,4,Ring,----
*C1CCC2(CC1)CN(*)C(=*)O2,42,3,Ring,--=
*c1ccc2c(c1)CN1CCC2(*)CC1,42,2,Ring,--
*C1=NOC2CN(*)CC12,42,2,Ring,--
*C1=C2C3CC(CN(*)C3)CN2C(=*)C=C1,42,3,Ring,--=
*C1(*)CCCCO1,42,2,Ring,--
*c1cnc2n1CCCC2,42,1,Ring,-
*C1CN(*)C(=*)c2ccccc2-c2ccccc2COC1*,42,4,Ring,--=-
*c1cc2c(cc1*)C1CCC3(*)C(CCC3(*)*)C1CC2,42,5,Ring,-----
*c1ccc2c(c1)C1(OCCO1)C(=*)N2*,42,3,Ring,-=-
*C1CC=CC(=*)NC(*)C(=*)NCCC(=*)OC(*)C(=*)O1,42,7,Ring,-=-==-=
*C1=Nc2cc(*)c(*)c(*)c2C(=*)N1*,42,6,Ring,----=-
*C1CC(*)N(*)C(*)C1,42,4,Ring,----
*C1=C(*)N2C(=*)C(*)C2O1,42,4,Ring,--=-
*c1cc(*)c2ccoc2c1,42,2,Ring,--
*c1n[nH]c2c1CCC(*)(*)C2,42,3,Ring,---
*C1=CC(=*)SC1(*)*,42,4,Ring,-=--
*C1CCNC(=*)C1,42,2,Ring,-=
*c1ccc2c(c1)C(=*)N1CCc3c([nH]c4ccccc34)C1=N2,42,2,Ring,-=
*C1=CC(=*)c2scc(*)c2O1,42,3,Ring,-=-
*c1nc2ncnc(*)c2nc1*,42,3,Ring,---
*C1=CN(*)C(=*)c2cc(*)oc21,42,4,Ring,--=-
*N1CCc2ccccc2C1=*,42,2,Ring,-=
*C1(*)CCOc2ccccc21,42,2,Ring,--
*c1ccc2c(c1)C=CNC2=*,42,2,Ring,-=
*c1cc(*)c2c(c1*)C(*)C(*)(*)C2,42,6,Ring,------
*[N+]12CCN(CC1)CC2,42,1,Ring,-
*C1CSC(=*)C(*)NC(=*)C(*)NC(=*)C(*)NC(=*)C(*)NC1=*,42,10,Ring,-=-=-=-=-=
*c1sc2c(c1*)C(*)CCC2,42,3,Ring,---
*C1=CC2OC(=*)C(=*)C2C(*)CC(*)=CCC1,42,5,Ring,-==--
*N1CC2CCCN2c2ccccc21,42,1,Ring,-
*c1cc2cnccc2s1,42,1,Ring,-
*C1CC2COCC(C1)N2,42,1,Ring,-
*C1=CC=CN2CCS(=*)(=*)N=C12,42,3,Ring,-==
*c1ccc2c(=*)c(*)c(*)c(=*)c2c1,42,5,Ring,-=--=
*C1(*)CCCOC1,42,2,Ring,--
*c1cccc2c1CC(=*)C2=*,42,3,Ring,-==
*c1ncc2c(n1)-c1ccccc1CC2,42,1,Ring,-
*c1ccc(*)n2ncnc12,42,2,Ring,--
*N1CCC(=*)N(*)C1=*,42,4,Ring,-=-=
*N1c2ccccc2S(=*)(=*)c2ccccc21,42,3,Ring,-==
*C1CCC2(*)C(CCC3C4C5OCC4(CCC5(*)*)CCC32*)C1(*)*,42,7,Ring,-------
*c1nc2c3ccccc3ccc2n1*,42,2,Ring,--
*c1n[nH]c2c(=*)n(*)c(=*)c12,42,4,Ring,-=-=
*C1CC2CCN1CC2,42,1,Ring,-
*c1cc2nc[nH]c2cc1*,42,2,Ring,--
*c1ccc2c(c1*)CCCO2,42,2,Ring,--
*C1=Nc2cc(*)ccc2Nc2sc(*)cc21,42,3,Ring,---
*c1c2c(nc3ccccc13)C(=*)CCC2,42,2,Ring,-=
*N1CCC2(C1)CN(*)c1ccccc12,42,2,Ring,--
*C1=NC(*)(*)CC(=*)N1*,42,5,Ring,---=-
*C1=CC2=C(C(=*)O1)C(*)C1C3(*)CCC4OC(*)OCC4(*)C3CC(*)C1(*)O2,42,8,Ring,-=------
*C1Cc2[nH]cnc2CN1*,42,2,Ring,--
*N1C(=*)CC2(CCCC2)C1=*,42,3,Ring,-==
*C1N(*)CCCN1*,42,3,Ring,---
*C1=CN(*)CCC1,42,2,Ring,--
*=C1c2ccccc2C=Cc2ccccc21,42,1,Ring,=
*c1cc2c(n1*)CC(*)(*)CC2=*,42,5,Ring,----=
*c1nnc2nc(*)n(*)c(*)c1-2,42,4,Ring,----
*N1CCn2ncnc2C1,42,1,Ring,-
*N1CCc2[nH]cnc2C1,42,1,Ring,-
*C1C=CCCC2(CC3CCC4C(*)C5(CCCC(*)O5)NC(=N2)N34)O1,42,3,Ring,---
*c1cccc2c1NC(=*)N2*,42,3,Ring,-=-
*c1ccc2c(c1)CN(*)CO2,42,2,Ring,--
*c1cc2c(cc1*)-c1[nH]nc(*)c1C2,42,3,Ring,---
*C1=CN(*)C(=*)N=C1,42,3,Ring,--=
*c1ccc2c(c1)COC1(CCN(*)CC1)O2,42,2,Ring,--
*c1cc2n(c1*)CCC2*,42,3,Ring,---
*c1cccc2c1C(=*)OC(*)C2,42,3,Ring,-=-
*C1C(*)N(*)C(=*)N1*,42,5,Ring,---=-
*N1CCC2(CC1)CC(=*)c1nn(*)cc1O2,42,3,Ring,-=-
*c1ccc2c(c1)CCOC2*,42,2,Ring,--
*C1NC2(C(=*)Nc3ccccc32)C2C(=*)N(*)C(=*)C12,42,5,Ring,-==-=
*C1=CC(*)C(*)C(*)C1=*,42,5,Ring,----=
*c1nc(*)c2c(n1)C(=*)N(*)C2,42,4,Ring,--=-
*c1cc(*)c2c(*)ccnc2c1,42,3,Ring,---
*c1nn(*)c2c(*)ncnc12,42,3,Ring,---
*C1CN=CNC1,42,1,Ring,-
*C1C(=*)N(*)C(*)C=CCN1*,42,5,Ring,-=---
*C1=NN(*)c2ncnc3[nH]cc1c23,42,2,Ring,--
*c1cccc2c1OCCN2*,42,2,Ring,--
*c1cc2ncc(*)c(*)c2s1,42,3,Ring,---
*c1ccc2c(c1)N(*)C(=*)C(*)CO2,42,4,Ring,--=-
*c1ccc2c(c1)CC(=*)N(*)C2=*,42,4,Ring,-=-=
*C1=NNC(=*)SC1,42,2,Ring,-=
*C1=NS(=*)(=*)c2ccc(*)cc2N1,42,4,Ring,-==-
*n1cnc2ccncc21,42,1,Ring,-
*c1ccc2c(c1)C(*)(*)NC2=*,42,4,Ring,---=
*C1=CC(*)=[N+]2C1=C(*)c1c(*)cc(*)n1[B-]2(*)*,42,7,Ring,-------
*N1C(=*)COC12C=CC(=*)C=C2,42,3,Ring,-==
*C1=C(*)C(=*)NC1,42,3,Ring,--=
*c1noc2c(*)cccc12,42,2,Ring,--
*C1=C(*)N2C(=*)C(*)C2CO1,42,4,Ring,--=-
*C1=NOC2(C1)C(=*)c1cc(*)ccc1OC21CCN(*)CC1,42,4,Ring,-=--
*N1Cc2ccccc2OP1(*)=*,42,3,Ring,--=
*c1ccc(*)c2c1CCC2*,42,3,Ring,---
*c1cccc2c3c([nH]c12)C(*)(*)OCC3,42,3,Ring,---
*c1cc(*)c2c(c1)NC(=*)N2*,42,4,Ring,--=-
*C1CC(*)C23OC(*)(*)C(CC(*)C2(*)C1*)C3*,42,8,Ring,--------
*C(=O)NC(C(=O)N(C)C(CC(*)OC(C)=O)C(C)C)C(C)CC,42,2,Linker,--
*C(=O)NC(*)C(=O)N(C)C,42,2,Linker,--
*NC(=O)NC(*)C(=O)N*,42,3,Linker,---
*CNC(=NC#N)N*,42,2,Linker,--
*SCCCC(*)=O,42,2,Linker,--
*CC(*)C(C)NC(=O)C(C)(C)O*,42,3,Linker,---
*CC(NC(*)=O)C(=O)NO,42,2,Linker,--
*SCC(=O)N(*)*,42,3,Linker,---
*CCNCC(*)*,42,3,Linker,---
*C(=O)C(CCCNC(=N)N)NS(*)(=O)=O,42,2,Linker,--
*COC(=*)O,42,2,Linker,-=
*CCC(=O)NNC(=O)N*,42,2,Linker,--
*C(=O)NCCN(*)CC,42,2,Linker,--
*C=C(C*)C(=O)OC,42,2,Linker,--
*NC(=O)COC(=O)CNS(*)(=O)=O,42,2,Linker,--
*CC(=O)NN=C(C)CC(=O)N*,42,2,Linker,--
*C=NOCC(=O)N*,42,2,Linker,--
*OC(=O)NC(*)(C)C,42,2,Linker,--
*OCCCCNC(*)=O,42,2,Linker,--
*CCC(=O)NN=*,42,2,Linker,-=
*CNC(=O)C(NS(*)(=O)=O)C(C)C,42,2,Linker,--
*C(=O)NC(CCC)C(=O)C(=O)NCC(=O)NC(*)C(=O)N(C)C,42,2,Linker,--
*CC(NC(=O)C(CCCN=C(N)N)NC(=O)C(C*)NC(=O)C(C*)NC(C)=O)C(N)=O,42,3,Linker,---
*C=CC(*)=C,42,2,Linker,--
*COCC(*)N,42,2,Linker,--
*CN(CC(*)=O)C(*)=O,42,3,Linker,---
*OCCOCCF,42,1,Sub,-
*N(C)N=O,42,1,Sub,-
*OCCCCCCN,42,1,Sub,-
*CN(C)CC=CC#CC(C)(C)C,42,1,Sub,-
*CNC(=C(C#N)C(=O)OCCOCC)C(C)C,42,1,Sub,-
*CC(C)OCP(=O)(O)O,42,1,Sub,-
*COCC(O)CO,42,1,Sub,-
*C=C(S)C(=O)O,42,1,Sub,-
*NC(=O)CCOCC,42,1,Sub,-
*CCCCCl,42,1,Sub,-
*OCC(=O)NCCO,42,1,Sub,-
*CCCCCCCC=CCCCCCCCC,42,1,Sub,-
*C(=O)CC(O)CC(C)=O,42,1,Sub,-
*C(C)CC=CC(C)(C)O,42,1,Sub,-
*C(=O)C(N)CCCN=C(N)N,42,1,Sub,-
*C(=O)NCC(C)(C)CO,42,1,Sub,-
*=NCCO,42,1,Sub,=
*OCC(N)CO,42,1,Sub,-
*SCOC(=O)CCC,42,1,Sub,-
*=NCCCCCC,42,1,Sub,=
*C(C)NC(=O)N(C)C,42,1,Sub,-
*C(=O)NCC(C)(C)CN(C)C,42,1,Sub,-
*N(C)C(=O)OCC,42,1,Sub,-
*OCC=CCCC(=O)O,42,1,Sub,-
*OC(=O)C(C)(C)CC,42,1,Sub,-
*CC[N+](=O)[O-],42,1,Sub,-
*C(=O)NNC(C)=O,42,1,Sub,-
*NC(=O)CCCCC[Se]C#N,42,1,Sub,-
*COCOC,42,1,Sub,-
*C(=O)N(C)C(C)(C)C,42,1,Sub,-
*C1=NC(*)(*)c2cccc(*)c21,41,4,Ring,----
*c1ccc2c(c1*)CCN2*,41,3,Ring,---
*C1C(=*)C(=*)N1*,41,4,Ring,-==-
*N1CC(=*)c2ccccc2S1(=*)=*,41,4,Ring,-===
*C1=CCC2C(*)(*)CCCC2(*)C12CCC(*)(*)O2,41,6,Ring,------
*N1CCC2=C(CC1)N(*)C(=*)C=C2,41,3,Ring,--=
*C1NC(=*)CN(*)C1=*,41,4,Ring,-=-=
*C1=CN2c3c(c(*)c(*)c(*)c3C1=*)OCC2*,41,6,Ring,----=-
*C1=CN=C2SC=C(*)N2C1=*,41,3,Ring,--=
*c1cc(*)c2c(c1)CCN1C(=*)C3CCCC(C21)N3*,41,4,Ring,--=-
*c1nc2nc(*)c(*)cn2n1,41,3,Ring,---
*C1C=CC(=*)NCCC=CC(*)C(=*)N1,41,4,Ring,-=-=
*C1C=C2C3CN(Cc4cc5c(cc43)OCO5)C2CC1*,41,2,Ring,--
*c1cc(*)c2c(c1)CCCN2*,41,3,Ring,---
*C1=Nc2sc3c(c2C(=*)N1*)CC(*)(*)OC3,41,5,Ring,-=---
*C1=NCCCC1,41,1,Ring,-
*C1=NC(=*)c2cc(*)cc(*)c2O1,41,4,Ring,-=--
*c1ccc2c(c1)N(*)C(=*)C2(*)*,41,5,Ring,--=--
*N1CCCSC1=*,41,2,Ring,-=
*c1nn2c(*)nncc2c1*,41,3,Ring,---
*C1CCOc2ccccc2C1,41,1,Ring,-
*C1=CC2C(*)C(*)CC2(*)C(=*)C(*)=CC2C(CC1)C2(*)*,41,8,Ring,----=---
*c1ccc2nn(*)cc2c1*,41,3,Ring,---
*c1cnc(*)nn1,41,2,Ring,--
*c1ccc2c(c1)Oc1cccc(*)c1C2*,41,3,Ring,---
*C1=Cn2cc(*)cc2C(=*)N1*,41,4,Ring,--=-
*c1cccc2c1NC1=C(C(=*)CC(*)(*)C1)C(*)N2*,41,6,Ring,-=----
*C1=C2C3OC(=*)C(*)C3CCC(*)(*)C2CC1*,41,6,Ring,-=----
*c1cc(*)c2c(c1)C(=*)CC(*)O2,41,4,Ring,--=-
*c1ccc2c(c1)CN(*)Cc1nnc(*)n1-2,41,3,Ring,---
*c1ccc2c(c1)-c1ccccc1C2,41,1,Ring,-
*C1=CC2OC3C(*)C(*)C(*)(C2(*)CC1*)C31CO1,41,6,Ring,------
*c1ccc2c3c1OC1c4c(c5ccccc5n4*)CC4(*)C(C2)N(*)CCC314,41,4,Ring,----
*c1ncc2c(n1)CCCC2*,41,2,Ring,--
*c1ccc2n[se]nc2c1,41,1,Ring,-
*C1=NOC2(CCN(*)C2)C1,41,2,Ring,--
*C1=CC=C(*)C(*)C1,41,3,Ring,---
*c1cc2c(c(*)c1*)-c1c(c(*)c3c(=*)c4c(*)c(*)c(*)cc4c(=*)c3c1*)CC2,41,10,Ring,----=---=-
*C1CC2CCCC(C1)C2,41,1,Ring,-
*c1nc2cc(*)c3c(c2[nH]1)CC(*)(*)O3,41,4,Ring,----
*C1=Nc2[nH]nc(*)c2C(=*)N1*,41,4,Ring,--=-
*c1ccc2c(c1)N(*)C(=*)c1ccnn1-2,41,3,Ring,--=
*C1CSC2c3ccccc3C(=*)N12,41,2,Ring,-=
*c1cc2c(cc1*)C(=*)N(*)S2,41,4,Ring,--=-
*c1c2c(nc3ccccc13)C1=CC3=C(COC(=*)CC3(*)*)C(=*)N1C2,41,5,Ring,-=--=
*=C1CCCCCCC1,41,1,Ring,=
*C1CC2C(*)CN(*)C(Cc3c1[nH]c1ccccc31)C2*,41,4,Ring,----
*C1C(=*)N(*)N(*)C1=*,41,5,Ring,-=--=
*c1cc(*)c2c(c1)OCCN(*)C2=*,41,4,Ring,---=
*c1cc(*)c2c(c1)COP(*)(=*)O2,41,4,Ring,---=
*c1nc2n(*)c3ncccc3n2c1*,41,3,Ring,---
*c1ncc2nnn(*)c2n1,41,2,Ring,--
*c1cc2n(c1)C(*)CNC2=*,41,3,Ring,--=
*C1=NNC(=*)C(*)C1*,41,4,Ring,-=--
*C1Nc2ccccc2-n2cccc21,41,1,Ring,-
*C1CCC2C(CC(*)C2*)O1,41,3,Ring,---
*C12CN3CN(CN(C3)C1)C2,41,1,Ring,-
*C1=Nc2ccc(*)cc2C(*)(*)O1,41,4,Ring,----
*=C1SCCS1,41,1,Ring,=
*c1nc2cc3nc(*)n(*)c3cc2n1*,41,4,Ring,----
*C1c2ccccc2S(=*)(=*)N1*,41,4,Ring,-==-
*c1sc(*)c2c1CCCC2=*,41,3,Ring,--=
*c1ccc2c(c1)C(*)Oc1cccc(*)c1-2,41,3,Ring,---
*c1c[nH]c2c1C13CC1CN(*)C3=CC2=*,41,3,Ring,--=
*c1nc2ncc(*)c(*)n2n1,41,3,Ring,---
*C1(*)CCCC1=*,41,3,Ring,--=
*N1CN=C2SC(=*)C(=*)N2C1,41,3,Ring,-==
*N1CCC=N1,41,1,Ring,-
*c1ccc2cc1COCC=CCOCc1cccc(c1)-c1ccnc(n1)N2,41,1,Ring,-
*c1cc(*)c2c(=*)cc(*)c(=*)c2c1,41,5,Ring,--=-=
*C1=CNC(=*)N1,41,2,Ring,-=
*c1ccc2c(c1*)OC(*)CC2=*,41,4,Ring,---=
*C1Cc2ccccc2NC1=*,41,2,Ring,-=
*C1CCCNN1*,41,2,Ring,--
*c1nnc2sc3ccccc3n12,41,1,Ring,-
*c1ccc2nc(*)c3cncn3c2c1,41,2,Ring,--
*N1C=Nc2ncccc2C1=*,41,2,Ring,-=
*C1=C(*)C1*,41,3,Ring,---
*c1ncnc2c1OC(*)(*)C(=*)N2,41,4,Ring,---=
*C1=NC(*)C(=*)N1*,41,4,Ring,--=-
*c1cc2c(c3c1ccn3*)C1CCC2O1,41,2,Ring,--
*C1OC2(CCN(*)CC2)CC1=*,41,3,Ring,--=
*c1ccc2c(c1)C1=NN(*)C(*)C1CC2,41,3,Ring,---
*c1c[nH]c2ccc3c(c12)CC(*)CC3,41,2,Ring,--
*C1=Nc2[nH]cnc2C(=*)N1,41,2,Ring,-=
*C1C2CC3C4N5CC6(*)CCCC47C1C3(CC5(*)C67)C(*)C2=*,41,5,Ring,----=
*c1cc2n(n1)-c1ccccc1C(=*)N2,41,2,Ring,-=
*C1OC(=*)C(=*)C(=*)O1,41,4,Ring,-===
*c1nccc2c1CC1CCC2N1*,41,2,Ring,--
*c1cnc2ncnn2c1*,41,2,Ring,--
*c1cc2nnc(*)n2c2ccccc12,41,2,Ring,--
*C1=CC(=*)OC2=C1C(=*)NC(=*)N2,41,4,Ring,-===
*C1=CCc2cc(*)ccc2N=C1*,41,3,Ring,---
*c1ccc2c(c1)C(=*)CCO2,41,2,Ring,-=
*C1=C(*)C(*)=C(*)C1=*,41,5,Ring,----=
*c1ccc2cc1Oc1cc(ccc1*)CCC(*)CCCC2,41,3,Ring,---
*N1Sc2ccccc2[S+]1*,41,2,Ring,--
*C1c2ccccc2CC1(*)*,41,3,Ring,---
*C1=CC=C(*)C(=*)C(*)=C1,41,4,Ring,--=-
*N1CCCN(*)c2ccccc21,41,2,Ring,--
*C1=C(*)C(*)C2=C(O1)c1ccccc1N(*)C2=*,41,5,Ring,----=
*c1cnnc2c(*)cccc12,41,2,Ring,--
*c1ccc2c(c1)N(*)C(=*)C(=*)S2,41,4,Ring,--==
*N1CCC(=*)C(*)(*)C1,41,4,Ring,-=--
*c1ccc(*)c2c(*)ncnc12,41,3,Ring,---
*c1ncc2c(*)nc(*)nc2n1,41,3,Ring,---
*C1=Nc2ccccc2C(=*)c2ccccc21,41,2,Ring,-=
*c1ccc2c(c1)c(=*)c1c(*)ccc3nnn2c31,41,3,Ring,-=-
*C1CC2=CC(=*)CCC2(*)C2CCC3(*)C(=*)CCC3C12,41,5,Ring,-=--=
*C1=CC(*)C(=*)C=CC=Cc2csc(n2)C(*)NC(=*)CC2(CC1)[S+](*)SC(=*)C2(*)*,41,9,Ring,--=-=-=--
*C1=NOCC(*)N1,41,2,Ring,--
*C1OC(=*)C(*)(*)C1*,41,5,Ring,-=---
*C1=CCC(*)(*)C=CC(*)C(*)(*)C=CC1=*,41,7,Ring,------=
*C1CN(*)C(=*)C(*)N1*,41,5,Ring,--=--
*C1C2CCOC2C1(*)*,41,3,Ring,---
*c1ccc2c(c1)C(*)OC(*)c1cccn1-2,41,3,Ring,---
*C1=Cc2cc(*)c(*)c(*)c2C(=*)C(*)=C1,41,6,Ring,----=-
*C1=Nc2ccccc2Sc2ccccc21,41,1,Ring,-
*C1CC2c3ccccc3C1c1ccccc12,41,1,Ring,-
*c1csc2c1CCC(*)C2,41,2,Ring,--
*CCCNC(=O)COC(*)=O,41,2,Linker,--
*CCS(=O)(=O)NC*,41,2,Linker,--
*NC(=O)CCCCCS*,41,2,Linker,--
*CC(=O)NC(NC(=NC#N)N*)C(C)(C)C,41,2,Linker,--
*C(=O)C(*)NS(*)(=O)=O,41,3,Linker,---
*CCC(=O)N(C*)CC,41,2,Linker,--
*C=C(*)C(=O)OCC,41,2,Linker,--
*C=NNC(=O)C(*)C,41,2,Linker,--
*CNC(=O)CC(*)C,41,2,Linker,--
*C(C)CC(*)O,41,2,Linker,--
*N(CCCCC(F)(F)F)S(*)(=O)=O,41,2,Linker,--
*CCN(*)CC,41,2,Linker,--
*N(*)CCCC,41,2,Linker,--
*C(CC)=C(*)CC,41,2,Linker,--
*CCCCC(=O)OC*,41,2,Linker,--
*CNC(=O)COC*,41,2,Linker,--
*CC(=O)OC(*)CCCC,41,2,Linker,--
*C(=O)COC(=O)C(NC(*)=O)C(C)C,41,2,Linker,--
*NNC=*,41,2,Linker,-=
*NC(=O)C(*)=NO*,41,3,Linker,---
*NC(=O)CN(C)C(=O)CNC(*)=O,41,2,Linker,--
*CN(CCC#N)C(*)=O,41,2,Linker,--
*CC(=O)NC(C*)B(O)O,41,2,Linker,--
*CC(*)NC,41,2,Linker,--
*CCCCC(=O)NC(*)CC(=O)O,41,2,Linker,--
*CC(=O)NC(*)CC(C)C,41,2,Linker,--
*C(=O)C(*)CCC,41,2,Linker,--
*C(*)C(C)C(=O)O,41,2,Linker,--
*C(=O)C(O)C(O)C(=O)NC(*)C,41,2,Linker,--
*NC(=O)CCCCNC(*)=O,41,2,Linker,--
*CCC(*)C(=O)NC(C*)C(*)O,41,4,Linker,----
*N(*)C(=O)COC,41,2,Linker,--
*N=NC(*)=N*,41,3,Linker,---
*CC(*)OC(=O)N*,41,3,Linker,---
*CN=C(*)C,41,2,Linker,--
*C=CC(=O)NCCNC(*)=O,41,2,Linker,--
*O[Si](C)(C)C,41,1,Sub,-
*NC(=O)CNC(C)=O,41,1,Sub,-
*OCC(=O)NCCC,41,1,Sub,-
*NCCCNCCCCN,41,1,Sub,-
*OCC=CC,41,1,Sub,-
*CCCCCCCC(=O)NO,41,1,Sub,-
*NC(=O)CCCCCCCCCCCCCCCCC,41,1,Sub,-
*OCCS(C)(=O)=O,41,1,Sub,-
*CNCC(C)(C)C,41,1,Sub,-
*C=C(C#N)C(=O)NCCOC,41,1,Sub,-
*OCCCC#C,41,1,Sub,-
*CNCC#C,41,1,Sub,-
*C(C)CN(C)C,41,1,Sub,-
*NCC(N)CS,41,1,Sub,-
*C(C(=O)OCC)C(=O)OCC,41,1,Sub,-
*NC(=O)CCCCCCCC,41,1,Sub,-
*C(=O)NCCCC(=O)OC,41,1,Sub,-
*C[N+](=O)[O-],41,1,Sub,-
*C=CC(=O)N(CC)CC,41,1,Sub,-
*NC(=O)COCC(=O)O,41,1,Sub,-
*CC(=O)NC(C)C(=O)O,41,1,Sub,-
*NC=C(C(=O)OCC)C(=O)OCC,41,1,Sub,-
*C(=O)OCCCN(C)C,41,1,Sub,-
*SCCCCCCCC,41,1,Sub,-
*C(C)NC(=O)CC,41,1,Sub,-
*SCC(=O)C(F)(F)F,41,1,Sub,-
*OC(C)C(=O)NCC(F)(F)F,41,1,Sub,-
*SCCC(=O)OCC,41,1,Sub,-
*NC(=S)NC,41,1,Sub,-
*C(O)(C(=O)OCC)C(F)(F)F,41,1,Sub,-
*CNC(C)CO,41,1,Sub,-
*CC(=O)[O-],41,1,Sub,-
*NC(C)C(C)(C)O,41,1,Sub,-
*CC(=O)CC,41,1,Sub,-
*=NOCCCC#C,41,1,Sub,=
*CC(COP(=O)(O)O)NC(=O)CCCCCCCC=CCCCCCCCC,41,1,Sub,-
*CC(=O)NCCONC(=N)N,41,1,Sub,-
*NCC(=C)C,41,1,Sub,-
*[S+]([O-])CC(=O)O,41,1,Sub,-
*C(=O)C(=O)OC,41,1,Sub,-
*CC(=O)NCCC(=O)O,41,1,Sub,-
*NC(=N)NC(=N)N,41,1,Sub,-
*c1ccc2c(c1)C=NN(*)C2=*,40,3,Ring,--=
*C1=C(*)CC(*)(*)OC1,40,4,Ring,----
*C1C2CC3C(=*)C(=*)OC3CC12*,40,4,Ring,-==-
*c1ncc2nc(*)sc2n1,40,2,Ring,--
*=C1CNC(=*)C1=*,40,3,Ring,===
*C1=C(*)C2(*)C(*)=C3C(=*)c4c(ccc(*)c4*)C(*)C3C(*)C2C(*)C1=*,40,11,Ring,----=-----=
*c1cccc2c1C=[N+](*)CC2,40,2,Ring,--
*C1=C(*)c2nc3ccccc3n2CC1,40,2,Ring,--
*C1=NNC(=*)c2ccc(*)cc21,40,3,Ring,-=-
*c1cccc2c1sc1ccccc12,40,1,Ring,-
*C1CN(*)C(=*)C1(*)*,40,5,Ring,--=--
*c1ccc2c(n1)C(=*)N(*)C2,40,3,Ring,-=-
*c1ccc2c(c1)OC1(CCCCC1)O2,40,1,Ring,-
*c1ccc2c(c1)OC(*)CC2*,40,3,Ring,---
*C1c2ccccc2NC(=*)N1*,40,3,Ring,-=-
*c1cc(*)c2c(c1)OC(*)(*)C1=C2CC(*)CC1,40,5,Ring,-----
*C1COc2ccccc2SC1,40,1,Ring,-
*c1ncc2c(n1)-c1c(nn(*)c1*)CC2*,40,4,Ring,----
*c1ccc2c(c1)-c1nc(*)c(*)n1C1CC2C1,40,3,Ring,---
*c1cc2c(cc1*)C1=NOC(*)C1CO2,40,3,Ring,---
*C1NCCOC1*,40,2,Ring,--
*c1ccc2c(c1)N(*)CC(*)(*)O2,40,4,Ring,----
*c1nc2c(c(*)c1*)CN(*)CC2,40,4,Ring,----
*C1=C(*)C(=*)N2CCN(*)C(*)(*)C2=N1,40,6,Ring,--=---
*c1cccc2cc3ccccc3cc12,40,1,Ring,-
*c1cc2c(*)nccc2s1,40,2,Ring,--
*c1ccc2c(c1)OCC2=*,40,2,Ring,-=
*c1cc(*)c2nccn2c1,40,2,Ring,--
*c1cc(*)c2c(c1)Oc1cc(*)c(*)cc1C2=*,40,5,Ring,----=
*C1=NC2=C(C(=*)CC(*)C2)C(*)C1=*,40,5,Ring,-=--=
*c1cc2c(s1)C(*)C(*)C(*)(*)O2,40,5,Ring,-----
*c1ccc2ncc3ncn(*)c3c2c1,40,2,Ring,--
*C1=C(*)C(*)n2c(nc3cc(*)ccc32)N1,40,4,Ring,----
*c1nc2c(s1)C(*)CC(=*)N2,40,3,Ring,--=
*c1ccc2c(c1)NC=c1c-2nn(*)c1=*,40,3,Ring,--=
*C1=Nc2c(ccc(*)c2*)C2=NCCN12,40,3,Ring,---
*N1C(=*)NC2(CC2(*)*)C1=*,40,5,Ring,-=--=
*c1ccc2c(c1*)OC(*)(*)C=C2,40,4,Ring,----
*C1=NC2(*)CN(*)CC2C(=*)N1*,40,5,Ring,---=-
*N1CCC2(CC1)COC2,40,1,Ring,-
*c1ccc2c(c1)OC(*)(*)CN2*,40,4,Ring,----
*C1C[Si](*)(*)CN1*,40,4,Ring,----
*c1cc2c(c(*)c1*)C1(*)CCCC(*)(*)C1CC2,40,6,Ring,------
*C1N(*)CC12CCC2,40,2,Ring,--
*c1cc2c(cn1)C(=*)N(*)C=N2,40,3,Ring,-=-
*C12CCC(*)(C(=*)C1)C2(*)*,40,5,Ring,--=--
*C1CCC(=*)N2CCCC(*)N2C1=*,40,4,Ring,-=-=
*c1ccc2c(c1)C1(CCN(*)CC1)CN2*,40,3,Ring,---
*c1cc2c(cc1*)N1C(=NNC(=*)C1*)CO2,40,4,Ring,--=-
*C1CCc2ccccc2N1,40,1,Ring,-
*C1=CC(=*)n2cc(*)nc2N1*,40,4,Ring,-=--
*C1N(*)CCC12C(=*)Nc1ccccc12,40,3,Ring,--=
*c1[nH]c2cccc3c2c1CC1C3CC(*)CN1*,40,3,Ring,---
*c1ccc2c3c1OC1C(*)C(*)(*)CC4C(C2)N(*)CCC341,40,5,Ring,-----
*C1CC2CC2N1,40,1,Ring,-
*c1ccc2c(c1)NC(=*)c1ccc(*)cc1N2,40,3,Ring,-=-
*C1=C(*)C2(CCC(*)CC2)OC1=*,40,4,Ring,---=
*c1ccc2c(c1)OCCC2=*,40,2,Ring,-=
*c1nc2cccnc2n2c(*)nnc12,40,2,Ring,--
*c1cc2cc(*)[nH]c2cn1,40,2,Ring,--
*c1cnc2nc(*)nn2c1,40,2,Ring,--
*c1ccc2c(n1)-c1cc3c(*)cccc3n1CC2,40,2,Ring,--
*c1ccc2c(n1)c(*)cn2*,40,3,Ring,---
*c1nc2ccccc2c2c1c(*)nn2*,40,3,Ring,---
*=C1CCCCCCCCCCC(=*)OCCC1,40,2,Ring,==
*c1cocc1*,40,2,Ring,--
*C1=C(*)C(*)=[N+]2C1=C(*)c1c(*)c(*)c(*)n1[B-]2(*)*,40,9,Ring,---------
*N1C(=*)N(*)S(=*)(=*)n2cccc21,40,5,Ring,-=-==
*C1=NC(=*)N(*)c2nc(*)c(*)cc21,40,5,Ring,-=---
*c1c2c(nc3ncnn13)CCC2,40,1,Ring,-
*c1cc(*)c2c(*)csc2c1,40,3,Ring,---
*C1=CSC2=NC3=C(CNCC3=*)C(*)N12,40,3,Ring,-=-
*C1=CN(*)c2c(*)cc(*)cc2C1=*,40,5,Ring,----=
*c1ncc2c(ccn2*)c1*,40,3,Ring,---
*=C1CCCC1=*,40,2,Ring,==
*C1COc2cc3c(cc2O1)OCC3*,40,2,Ring,--
*C1=CC(=*)c2cc(*)ccc2N1*,40,4,Ring,-=--
*N1CC(=*)NC(=*)C1,40,3,Ring,-==
*c1cc2sccc2[nH]1,40,1,Ring,-
*N1CCC2CC21,40,1,Ring,-
*C1CC12CC2,40,1,Ring,-
*N1C(=*)SSC1=*,40,3,Ring,-==
*C1CCCC2CC3CCN(*)CC3N2C1=*,40,3,Ring,--=
*C1C=CCN(*)CC(=*)N1*,40,4,Ring,--=-
*C1CSSCC(*)C(=*)NC(*)C(=*)NC(*)C(=*)NC(*)C(=*)N1,40,9,Ring,--=-=-=-=
*c1ccc2c(c1)OC1(CCN(*)CC1)CC2=*,40,3,Ring,--=
*c1cc2c(c(*)c1*)C(=*)C(*)C(*)O2,40,6,Ring,---=--
*c1cc2c(cc1*)C(=*)N1CC(*)CC1C=N2,40,4,Ring,--=-
*=c1ccoc1=*,40,2,Ring,==
*C1=CC(=*)CC(*)(*)C1*,40,5,Ring,-=---
*C1CCC2C(C1)OC(*)CC2(*)*,40,4,Ring,----
*C1CCC(*)C(=*)NC1,40,3,Ring,--=
*c1cccc2c1OC(*)CN2*,40,3,Ring,---
*c1ncc2ccccn12,40,1,Ring,-
*c1ccn2nccc2c1,40,1,Ring,-
*c1cc2nc3c(c(*)n2n1)CCCC3,40,2,Ring,--
*c1c2nc3ccccc3c-2cnn1*,40,2,Ring,--
*C1CCCCCCC(*)C23OC4C5C6OC6(*)C(*)C6(*)C(*)C(*)C1C6C5(O2)C(*)CC4(*)O3,40,9,Ring,---------
*c1nc(*)n2c1CCCCC2,40,2,Ring,--
*C1=NNC(=*)N(*)C1=*,40,4,Ring,-=-=
*c1cc2c(cc1*)N(*)C(=*)N2,40,4,Ring,---=
*C1=CC2=C(C(=*)O1)C(*)C(*)=C(*)O2,40,5,Ring,-=---
*c1n[nH]c2c1C(*)C(*)C(=*)N2,40,4,Ring,---=
*C1=CN=C2N(C1=*)C(*)CC2(*)*,40,5,Ring,-=---
*C1=CC(=*)c2c(*)oc(*)c2C(*)=C1,40,5,Ring,-=---
*c1nc2c3cnn(*)c3ncn2n1,40,2,Ring,--
*N1C(=*)c2ccccc2Sc2ncccc21,40,2,Ring,-=
*C1CC2=CC(=*)OC23CC1N1CCCCC13,40,2,Ring,-=
*N1CCC2(CC1)COCCN(*)C2,40,2,Ring,--
*c1ccc2nc3c(*)n(*)cnc-3c2c1,40,3,Ring,---
*c1ccc2c(c1*)CC(*)OC2*,40,4,Ring,----
*c1cc2c(cc1*)CC(=*)N(*)C=C2,40,4,Ring,--=-
*C1=C2Sc3ccccc3N2c2cc(*)c(*)cc2C1=*,40,4,Ring,---=
*c1cc2cc(*)oc2cn1,40,2,Ring,--
*C1=C(*)c2ccccc2CCC1,40,2,Ring,--
*C1CCOC2(CCOCC2)C1,40,1,Ring,-
*C1=CC(=*)Oc2c1ccc1c(=*)c(=*)cc(*)c21,40,5,Ring,-===-
*C1CC(*)(*)OC1*,40,4,Ring,----
*C1=NC2(CCCCC2)NC(*)=N1,40,2,Ring,--
*C1(*)OC(=*)NC1=*,40,4,Ring,--==
*N1C(=*)c2ccccc2-c2ccccc2C1=*,40,3,Ring,-==
*C1CC2CN(*)C(*)C(=*)N2C1,40,4,Ring,---=
*C1=C(*)c2ccc(*)nc2N(*)C1=*,40,5,Ring,----=
*c1nc(*)c2c(n1)CCOC2,40,2,Ring,--
*c1ccc2c(c1)N(*)C(*)C2,40,3,Ring,---
*c1nc2n(c1*)CCN2*,40,3,Ring,---
*c1cc(*)n2cc(*)nc2c1,40,3,Ring,---
*CCOCP(=O)(NC(C*)C(=O)OC(C)C)NC(C*)C(=O)OC(C)C,40,3,Linker,---
*CC(NC(*)=O)C(O)CNC(*)C,40,3,Linker,---
*C(N)=NS(*)(=O)=O,40,2,Linker,--
*NCCCC(*)=O,40,2,Linker,--
*CC(O)CNS(*)(=O)=O,40,2,Linker,--
*C(=O)N(*)C([2H])([2H])[2H],40,2,Linker,--
*CNCCCCCCN*,40,2,Linker,--
*CCC(*)=NO,40,2,Linker,--
*NC(=O)CCCC(*)=O,40,2,Linker,--
*OC(=O)C(*)*,40,3,Linker,---
*CN(*)C(=O)COC,40,2,Linker,--
*CN(CC)CCCCCCO*,40,2,Linker,--
*P(*)(=O)OC,40,2,Linker,--
*NC(=O)NC(*)C(C)O,40,2,Linker,--
*N(CC(=O)N(CC)CC)S(*)(=O)=O,40,2,Linker,--
*CCCC(*)(C#N)C(C)C,40,2,Linker,--
*C=CC(=O)N(CC)CC(=O)N*,40,2,Linker,--
*CC(CO)NC(=O)C(NC(*)=O)=C(*)Br,40,3,Linker,---
*OCC(=O)ON=C(*)N,40,2,Linker,--
*CP(*)(*)=O,40,3,Linker,---
*C=CC(=O)NCCCCN*,40,2,Linker,--
*C(*)(O)CCCNC(=O)OC,40,2,Linker,--
*N(CCC(F)(F)F)S(*)(=O)=O,40,2,Linker,--
*CCNC(=O)C(NC(*)=O)C(C)C,40,2,Linker,--
*C(*)=NNS(*)(=O)=O,40,3,Linker,---
*CC(*)(*)*,40,4,Linker,----
*CC(O)C(*)O,40,2,Linker,--
*C(*)NC(=O)C(C)C,40,2,Linker,--
*CNC(=S)NN=C(*)C,40,2,Linker,--
*NCC(C)NCC(*)O,40,2,Linker,--
*N(C)C(=O)N(*)C,40,2,Linker,--
*CC(*)C(C)C,40,2,Linker,--
*CCNC(=O)CS(=O)(=O)C*,40,2,Linker,--
*CCCCCC(=O)OC*,40,2,Linker,--
*CC(CO)NC(=O)CO*,40,2,Linker,--
*O[Si](*)(*)C(C)(C)C,40,3,Linker,---
*SC(*)C(N)=O,40,2,Linker,--
*CC(NC(=O)C(C*)NC(=O)C(CCCNC(=N)N)NC(=O)C(C*)NC(C)=O)C(N)=O,40,3,Linker,---
*C(=O)CN(*)C(*)=O,40,3,Linker,---
*CCNC(=O)C(CC(F)F)NC(*)=O,40,2,Linker,--
*OCCN(C)S(*)(=O)=O,40,2,Linker,--
*CC(O)C(C*)NC(=O)OC(C)(C)C,40,2,Linker,--
*C(*)(O)CC,40,2,Linker,--
*C(C)(F)C(*)(F)F,40,2,Linker,--
*CS(=O)(=O)CC,40,1,Sub,-
*CC(O)C(C)(C)C,40,1,Sub,-
*C(C)=NOCCO,40,1,Sub,-
*OCCCC(C)C,40,1,Sub,-
*CCCCNC(C)=O,40,1,Sub,-
*CCCNC(=O)CC,40,1,Sub,-
*C(=O)C(C)=CC,40,1,Sub,-
*=CCC(CC(C)C)CC(C)C,40,1,Sub,=
*C=C(C)CO,40,1,Sub,-
*CC(C)N(C)CC#C,40,1,Sub,-
*NC(=O)C(N)CC(=O)O,40,1,Sub,-
*CNC(=O)C(N)C(C)C,40,1,Sub,-
*C(C)CCC(=C)C(C)C(=O)O,40,1,Sub,-
*C=CCNC(=O)OC,40,1,Sub,-
*OC(=O)C=CC=CCCCCC,40,1,Sub,-
*C(O)(C(=O)OC)C(F)(F)F,40,1,Sub,-
*CCC(CC(CCCC)C(=O)O)C(=O)NC(C(=O)NC)C(C)(C)C,40,1,Sub,-
*NC(=O)C(C)CCC,40,1,Sub,-
*C(C)(C)NC(C)=O,40,1,Sub,-
*C(=O)OCCCCCCC,40,1,Sub,-
*C(=C)CN(C)CC#C,40,1,Sub,-
*NC(COC)CC(C)C,40,1,Sub,-
*NC(=O)CC(N)C(=O)O,40,1,Sub,-
*NC(=O)C#C,40,1,Sub,-
*NC(=O)OCC(F)(F)F,40,1,Sub,-
*C=C[S+](C)[O-],40,1,Sub,-
*CNC(=O)CCC(=O)O,40,1,Sub,-
*S(=O)(=O)N(CC(C)C)CC(C)C,40,1,Sub,-
*NC(C)C(=O)OC,40,1,Sub,-
*C(=O)NC(C)(C)C(=O)OC,40,1,Sub,-
*P(=O)(O)OCC,40,1,Sub,-
*C(=O)N(CCO)CCO,40,1,Sub,-
*C(C)CCC(C)C(C)C,40,1,Sub,-
*C(=O)NCCCCCNC(=O)OC(C)(C)C,40,1,Sub,-
*C(=O)NCC(O)C(=O)O,40,1,Sub,-
*NC(=O)NC(=O)CCl,40,1,Sub,-
*=NOCC(C)C,40,1,Sub,=
*N(O)C(N)=O,40,1,Sub,-
*OC(C)C(N)=O,40,1,Sub,-
*CC=CI,40,1,Sub,-
*N(C)S(=O)(=O)CC,40,1,Sub,-
*C1C2=C(CCCC2=*)OC2=C1C(=*)CCC2,39,3,Ring,-==
*C1CCC2(*)C(=CCC3C2CCC2(*)C(*)C(=*)CC32)C1,39,5,Ring,----=
*C1=C(*)C2(*)C(=*)C3=C(*)c4c(*)c(*)cc(*)c4CC3CC2C(*)C1=*,39,10,Ring,---=-----=
*c1cccc2c1C(=*)N(*)S2(=*)=*,39,5,Ring,-=-==
*C1NC(*)C1*,39,3,Ring,---
*c1ccc2nc3c(*)ccc4c3c(c2c1)NN4*,39,3,Ring,---
*c1ccc2c(c1)OCC1C2N2C(=*)N(*)C(=*)C2(*)C1*,39,6,Ring,-=-=--
*C1=C2c3ccc(*)cc3CC2(*)CCC1=*,39,4,Ring,---=
*N1CCC2(CC1)NC(=*)N(*)C2=*,39,4,Ring,-=-=
*C1CC2C(OC(=*)N2*)C(*)O1,39,4,Ring,-=--
*C1=CC=CN2C(=*)N=C(*)N=C12,39,3,Ring,-=-
*C1C2CC3CC(C2)CC1(*)C3,39,2,Ring,--
*c1cc2sc(*)nc2s1,39,2,Ring,--
*C1CCC2(*)C3=C(CCC12*)C1(*)CCC(=*)C(*)(*)C1CC3,39,7,Ring,----=--
*C1=NC(=*)C=C1,39,2,Ring,-=
*C1=NC(*)=C(*)NC1=*,39,4,Ring,---=
*C1Cc2ccccc2C12CCN(*)CC2,39,2,Ring,--
*c1ccc(*)c2c1OCO2,39,2,Ring,--
*c1ccc2[nH]c(*)c(*)c2c1*,39,4,Ring,----
*C1(*)CCOC1=*,39,3,Ring,--=
*C1CC2C(*)(*)CCCC2(*)C(*)C1=*,39,6,Ring,-----=
*C1=C(*)c2ncc(*)cc2NC1=*,39,4,Ring,---=
*c1c(*)c(*)c2c(c1*)OC(*)(*)C2*,39,7,Ring,-------
*c1cc(*)c2c(c1)N(*)c1ccccc1C2=*,39,4,Ring,---=
*c1ccc2c(c1)OCC(*)NS2(=*)=*,39,4,Ring,--==
*c1cc2c(cc1*)C(=*)C(=*)CC2,39,4,Ring,--==
*c1ccc2c(*)c3n(c2c1)CC(*)CC3,39,3,Ring,---
*c1noc2c1CCc1ccccc1-2,39,1,Ring,-
*c1cn2c3c(nc2n1*)N(*)C(=*)N(*)C3=*,39,6,Ring,---=-=
*C1=NC(=*)c2cccnc2S1,39,2,Ring,-=
*c1nnc2c3c(cnn12)N(*)CCO3,39,2,Ring,--
*C1=CN(*)c2cc(*)c(*)c(*)c2C1=*,39,6,Ring,-----=
*C1=NC2(CC2)C(=*)N1*,39,3,Ring,-=-
*c1ccc2c(c1)C(*)C(*)CO2,39,3,Ring,---
*C1CN(*)CC2CCCCC12,39,2,Ring,--
*c1nc(*)n2c(*)nnc2n1,39,3,Ring,---
*c1ccc2c(c1*)OC(=*)C1=C2CCN(*)C1,39,4,Ring,--=-
*c1nc(*)c2c(n1)N1CCOCC1C2,39,2,Ring,--
*c1ncc2c(n1)N(*)C(*)c1nnc(*)n1-2,39,4,Ring,----
*C1N2C(=*)C(=*)C2S(=*)(=*)C1(*)*,39,7,Ring,-====--
*c1cnc2ccnn2c1*,39,2,Ring,--
*C1=C(*)c2c(cc(*)c3c(*)coc23)OC1=*,39,5,Ring,----=
*C1=C(*)C(*)N2C(=*)CCSC2=N1,39,4,Ring,---=
*N1CCOc2ccccc2C1,39,1,Ring,-
*c1ccc2c(c1)NC(=*)CC2*,39,3,Ring,-=-
*C12CCC(C1)C(*)(*)C2=*,39,4,Ring,---=
*N1CCN2C(=*)OCC2C1,39,2,Ring,-=
*C1(*)CN2CCCCC2CO1,39,2,Ring,--
*C1C2CNCC12,39,1,Ring,-
*c1cc2c(c3c1OCO3)-c1c(cc(*)c3c1OCO3)CN(*)C2,39,3,Ring,---
*C1C2CSCN2C2(C(=*)Nc3ccccc32)C1*,39,3,Ring,-=-
*C1CC(*)(*)OC1(*)*,39,5,Ring,-----
*C1=CN2c3c(cccc3C1=*)OCC2*,39,3,Ring,-=-
*=C1C=CCCC1=*,39,2,Ring,==
*c1cc(*)c2c(c1)OCC(*)C2=*,39,4,Ring,---=
*C1(*)CCNC1=*,39,3,Ring,--=
*=c1[nH]c2ncccc2c1=*,39,2,Ring,==
*c1nc2ccc3[nH]ncc3c2c2c1CCCC2,39,1,Ring,-
*c1nc2cc(*)c(*)nc2s1,39,3,Ring,---
*N1Cc2cnn(*)c2Nc2ccccc21,39,2,Ring,--
*N1C=NC=CC1=*,39,2,Ring,-=
*c1cc2c(cc1*)S(=*)(=*)NC(*)N2,39,5,Ring,--==-
*C1C(=*)OCC1(*)*,39,4,Ring,-=--
*C1CC(*)(*)CC2(C1)NC(=*)N(*)C2=*,39,6,Ring,---=-=
*C1CNCCOC1*,39,2,Ring,--
*c1c2c(=*)c3cccnc3c(=*)c2n2ccccc12,39,3,Ring,-==
*C1=Nc2cccc3cccc(c23)N1,39,1,Ring,-
*C1=Nc2ccc(*)cc2CN1*,39,3,Ring,---
*C1=NC(*)(*)C2CC2(*)S1,39,4,Ring,----
*C1=C2C(=*)N(*)C(=*)CC2c2ccc(*)cc2O1,39,5,Ring,-=-=-
*C1=NCCc2ccccc21,39,1,Ring,-
*c1cc2ccn(*)c2cn1,39,2,Ring,--
*c1nc(*)c2nc(*)oc2n1,39,3,Ring,---
*C1=C(*)C2(C=CC(=*)C=C2)N(*)C1=*,39,5,Ring,--=-=
*c1ccc2[nH]c3c(c2c1)CCNC31CCN(*)CC1,39,2,Ring,--
*c1ccc2c(c1)C(=*)NC(*)C(=*)N2*,39,5,Ring,-=-=-
*C1=NC(=*)c2ccccc2N1,39,2,Ring,-=
*C1CC(*)C(=*)C(*)C1,39,4,Ring,--=-
*C1CSCC(=*)NC(*)C(=*)NC(*)C(=*)NCC(=*)NC(*)C(=*)N1,39,9,Ring,-=-=-==-=
*N1CCC2(CC1)OCCc1sccc12,39,1,Ring,-
*c1ccc(*)c2c1CC(*)(*)O2,39,4,Ring,----
*c1ncc2c(n1)N(*)C(=*)C(=*)N2*,39,5,Ring,--==-
*c1ncc2c(n1)CC(*)(*)CC2=*,39,4,Ring,---=
*c1ccc2c(c1)c1c(n2*)CN(*)C1,39,3,Ring,---
*N1CC(=*)N2CCCC2C1=*,39,3,Ring,-==
*c1ccc2[nH]c3cnc(*)cc3c2c1,39,2,Ring,--
*C1CC2CN(*)CC2CC1*,39,3,Ring,---
*C1C(=*)N(*)C(*)C1*,39,5,Ring,-=---
*C1CCN(*)CC1=*,39,3,Ring,--=
*c1ccc2c(n1)C(*)C(*)C2*,39,4,Ring,----
*C1OC(*)(*)C(*)(*)C1*,39,6,Ring,------
*c1ncc2c(n1)CCC(*)C2,39,2,Ring,--
*N1CC2CCC1CN2,39,1,Ring,-
*N1C(=*)C(=*)Sc2ccccc21,39,3,Ring,-==
*c1ccc(*)c2c1CC1(C(=*)N(*)C(=*)N1*)c1c-2c(=*)c2[nH]cc(*)c2c1=*,39,9,Ring,--=-=-=-=
*c1cccc2c(=*)ccc(=*)c12,39,3,Ring,-==
*N1C(=*)Nc2ccccc2N1*,39,3,Ring,-=-
*C1CCC2(CC1)CC2,39,1,Ring,-
*C1COCC(*)O1,39,2,Ring,--
*C1=NC(=*)C(*)N1*,39,4,Ring,-=--
*c1c2ccccc2nc2c1oc1ccccc12,39,1,Ring,-
*c1cccc2c1N(*)C(=*)N2,39,3,Ring,--=
*C1=CCC(*)C1,39,2,Ring,--
*c1cc2nnnc(*)c2cc1*,39,3,Ring,---
*c1ccc2c(c1)N(*)C(=*)C(*)(*)C(=*)N2*,39,7,Ring,--=--=-
*C1=C(*)C(*)n2nc(*)cc2N1,39,4,Ring,----
*c1cc2c(nc1*)CCCCC2,39,2,Ring,--
*c1ccc2c(*)cncc2c1,39,2,Ring,--
*N1C=Cc2ncccc2C1=*,39,2,Ring,-=
*c1cc2ccncc2s1,39,1,Ring,-
*N1CC(*)(*)OC1=*,39,4,Ring,---=
*C12SCCN1C(=*)c1ccccc12,39,2,Ring,-=
*c1c(*)c(=*)c2ncncc2c1=*,39,4,Ring,--==
*C1CC2C3CC(*)C(*)(*)C3(*)CC(*)C2(*)C2(*)C=CC(=*)C=C12,39,9,Ring,--------=
*C1C2CNCC12*,39,2,Ring,--
*C1=Cc2cccnc2C(*)c2ccc(*)cc21,39,3,Ring,---
*N1CCNC(=*)N1,39,2,Ring,-=
*C1c2ccccc2N(*)C(*)C1*,39,4,Ring,----
*=C1Nc2ccccc2OC1=*,39,2,Ring,==
*C1=C2C(=*)c3c(ccc(*)c3*)OC2(*)C(*)C(*)C1,39,7,Ring,-=-----
*CCC(=O)CC(O)CC*,39,2,Linker,--
*C(*)=C(C)C,39,2,Linker,--
*CC(=O)NC(*)NC(=O)C*,39,3,Linker,---
*CNC(C)C(=O)N*,39,2,Linker,--
*CCNC(C)C(*)O,39,2,Linker,--
*CNC(=O)C(C*)NC(=O)OC(C)(C)C,39,2,Linker,--
*COC(=O)CCC(=O)N*,39,2,Linker,--
*CC(=O)NC(C*)CN(C*)C(C)=O,39,3,Linker,---
*CCNC(*)*,39,3,Linker,---
*CC(CO)CNC(*)=O,39,2,Linker,--
*CC(CC)NC(*)=O,39,2,Linker,--
*CN(C(*)=O)C(C)=O,39,2,Linker,--
*COCC(OC*)C(O)C(O)C(COC*)OC*,39,4,Linker,----
*NN=C(*)CS(*)(=O)=O,39,3,Linker,---
*C=CC(=O)NCCCCCCN*,39,2,Linker,--
*CC(=O)NCCC(*)=O,39,2,Linker,--
*CON=C(*)C(=O)N*,39,3,Linker,---
*NC(=O)C(*)(C)O,39,2,Linker,--
*NC(=O)C(*)=NOC(C)C(=O)O,39,2,Linker,--
*CC(NC(=O)OC(C)(C)C)C(=O)NC(C*)C(=O)NC(C*)C(*)O,39,4,Linker,----
*C(=O)NC(CC(=O)O)C(*)=O,39,2,Linker,--
*CNC(=O)C(*)N(C*)C(=O)C*,39,4,Linker,----
*CCOC(=N*)SSC(=N*)OCC*,39,4,Linker,----
*CCN(C*)CCO*,39,3,Linker,---
*NC(=S)NN=C(*)*,39,3,Linker,---
*C(C)N=*,39,2,Linker,-=
*CC(=O)NC(*)C(=O)O,39,2,Linker,--
*CS(=O)(=O)N(*)C,39,2,Linker,--
*CSC(*)C(N)=O,39,2,Linker,--
*CNC(COC*)C(*)=O,39,3,Linker,---
*CC(NC(*)=O)C(=O)NC(*)C(=O)NC(C(=O)C(F)(F)C(=O)NCC(F)(F)F)C(C)C,39,3,Linker,---
*CCCNC(=O)C(C*)NC(=O)N*,39,3,Linker,---
*NN=C(*)C(F)(F)F,39,2,Linker,--
*CN(CC(=O)N*)C(=O)C(C)(C)C,39,2,Linker,--
*CCCC(=O)OCC(=O)N*,39,2,Linker,--
*C(=O)NN(*)C(=O)OC,39,2,Linker,--
*C(=O)N(*)C(*)C(=O)NC(C)C,39,3,Linker,---
*NC(*)C(C)(C)C,39,2,Linker,--
*C=NNC(*)=N,39,2,Linker,--
*S(=O)(=O)NS(*)(=O)=O,39,2,Linker,--
*C(C)NC(=O)C(*)C,39,2,Linker,--
*C=NN=C(S)N*,39,2,Linker,--
*CC(NC(*)=O)C(=O)NCCN*,39,3,Linker,---
*CCNC(=O)NCC*,39,2,Linker,--
*C=C(C#N)C=*,39,2,Linker,-=
*CCNC(=O)C(*)*,39,3,Linker,---
*C(=S)SCCC(*)(*)C#N,39,3,Linker,---
*CC(CC=C)NS(*)(=O)=O,39,2,Linker,--
*C=NOCCCCCC*,39,2,Linker,--
*C(=O)NC(*)CN(C)C,39,2,Linker,--
*C(=O)NCC(C)CC,39,1,Sub,-
*C(=O)NC(C(=O)C(F)(F)C(F)(F)F)C(C)C,39,1,Sub,-
*C(=O)NCC(=O)NO,39,1,Sub,-
*NCC=C(C)C,39,1,Sub,-
*C(=O)NCCC(C)(C)C,39,1,Sub,-
*NC(=O)CCC(C)C,39,1,Sub,-
*C#CCCCCO,39,1,Sub,-
*OC(=O)C(=CC)CO,39,1,Sub,-
*OC(=O)CCCCCCCC,39,1,Sub,-
*C(C)CC(=O)C=C(C)C,39,1,Sub,-
*CC(=O)NCCCOC(C)C,39,1,Sub,-
*CNC(=O)CO,39,1,Sub,-
*CNC(=O)NC(C)(C)C,39,1,Sub,-
*OCSC,39,1,Sub,-
*=CO,39,1,Sub,=
*COCCF,39,1,Sub,-
*CCC(=O)NCCCOC,39,1,Sub,-
*SCCC(=O)OC,39,1,Sub,-
*C=CC(=O)NCCO,39,1,Sub,-
*S(=O)(=O)NCCCOC,39,1,Sub,-
*CN(C)CC(C)C,39,1,Sub,-
*O[Si](CC)(CC)CC,39,1,Sub,-
*N(CCOS(C)(=O)=O)CCOS(C)(=O)=O,39,1,Sub,-
*CCCS(=O)(=O)O,39,1,Sub,-
*COC(=O)CCCCCCCCCCC,39,1,Sub,-
*SCC(=O)NCCCOC,39,1,Sub,-
*C(=O)NC(CCCNC(=N)N)C(=O)CF,39,1,Sub,-
*SCCNC(C)=O,39,1,Sub,-
*C=CNC=O,39,1,Sub,-
*C(=O)C(N)CCSC,39,1,Sub,-
*S(=O)(=O)CC(F)(F)F,39,1,Sub,-
*C(O)O,39,1,Sub,-
*C(=O)NC(=CC)C(=O)O,39,1,Sub,-
*c1nc(*)c2occc2n1,38,2,Ring,--
*C1(*)CCSCC1,38,2,Ring,--
*c1csc2cncnc12,38,1,Ring,-
*N1CCC2(CC1)OCCc1ccsc12,38,1,Ring,-
*C1CCC2(*)CCC3(*)C(CC(*)C4C5(*)C(*)OC(*)(*)C5CCC43*)C12,38,9,Ring,---------
*c1cc2cc(*)sc2[nH]1,38,2,Ring,--
*c1ccc2c(c1)COc1cc(*)ccc1C2=*,38,3,Ring,--=
*C1CCC2c3c([nH]c4ccccc34)C3C(=*)N(*)C(=*)C3C2C1,38,4,Ring,-=-=
*C1NC(*)C(*)S(=*)(=*)C1*,38,6,Ring,---==-
*c1nnc2c(n1)OC(*)Nc1ccccc1-2,38,2,Ring,--
*c1cnc2c(*)c(*)ccc2c1*,38,4,Ring,----
*c1nc2c(*)nc3ccccc3n2n1,38,2,Ring,--
*C1(*)CCC2(*)CCC3(*)C(=CC(=*)C4C5(*)CC(=*)C(=*)C(*)(*)C5CCC43*)C2C1,38,11,Ring,----=-==---
*N1Cc2cncnc2C1,38,1,Ring,-
*N1Cc2ncccc2C1=*,38,2,Ring,-=
*C1=Nc2cnccc2C(=*)N1,38,2,Ring,-=
*n1c(=*)c2ccncc2c1=*,38,3,Ring,-==
*C1=CC(=*)N2C(=N1)N(*)c1ccccc12,38,3,Ring,-=-
*C1=CCCC2C1(*)C(*)C(*)C(*)(*)C2(*)*,38,8,Ring,--------
*N1CCCCC(*)(*)C1,38,3,Ring,---
*N1CCC2(CC1)Cc1cnn(*)c1C(=*)N2,38,3,Ring,--=
*C1=CC=NN(*)C1=*,38,3,Ring,--=
*c1c2nccnc2c(*)c2c(=*)n(*)c(=*)c12,38,5,Ring,--=-=
*C1OCCOC1*,38,2,Ring,--
*c1nc(*)c2c(c1*)COC(*)(*)O2,38,5,Ring,-----
*C1=C(*)C(*)C2(*)C(*)C(*)CC1C2*,38,7,Ring,-------
*c1cccc2ncsc12,38,1,Ring,-
*C1CCC2(*)C3CC(*)C4(*)C(*)CCC4(*)C3CCC2(*)C1,38,7,Ring,-------
*C1COC(*)(*)C(*)C1*,38,5,Ring,-----
*C1CC2(CO2)CC(*)(*)O1,38,3,Ring,---
*C1CCC2(*)CCC3(*)C(CCC4C5(*)Cc6c[nH]nc6C(*)(*)C5CCC43*)C12,38,7,Ring,-------
*c1c2c(n(*)c1*)CCNC2=*,38,4,Ring,---=
*c1cc(*)c2c(*)cccc2c1,38,3,Ring,---
*C1(*)CCC2(CC1)OCCO2,38,2,Ring,--
*c1ccc2c(c1)NC1=C(C2=*)C(=*)N(*)NC1=*,38,5,Ring,-==-=
*C1=Cc2c(*)cccc2C(=*)N1,38,3,Ring,--=
*N1CC2CCCC(C2)C1,38,1,Ring,-
*C1=CCCC2(*)OC2C2OC(=*)C(=*)C2CC1*,38,5,Ring,--==-
*C1(*)c2ccccc2CCc2ccccc21,38,2,Ring,--
*C1=CC(*)C2C(=*)C(=*)OC2CC2=CC(C1)OC2=*,38,5,Ring,--===
*C1CCN2C(*)CCCC2C1,38,2,Ring,--
*C1=NC(*)C(=*)N2CCc3cc(*)cc1c32,38,4,Ring,--=-
*C1=NC2(CC(*)(*)Oc3ccc(*)cc32)C(=*)N1*,38,6,Ring,----=-
*N1Cc2ccccc2Oc2ncccc21,38,1,Ring,-
*c1cnc2c(c1)OCCO2,38,1,Ring,-
*c1nc2sc3c(*)nnnc3c2c2c1CCCC2,38,2,Ring,--
*c1cccc2c1C(=*)C(*)C2,38,3,Ring,-=-
*c1nc(*)c2c(*)[nH]nc2n1,38,3,Ring,---
*N1CCCOP1(*)=*,38,3,Ring,--=
*C1CCc2c(c3ccccc3n2*)C1,38,2,Ring,--
*c1nc2c(*)cc(*)c(*)n2n1,38,4,Ring,----
*c1nc2cccnn2c1*,38,2,Ring,--
*c1cc2nnn(*)c2cc1*,38,3,Ring,---
*C1=NC(=*)C(*)N1,38,3,Ring,-=-
*c1ccc2c(c1)nc1n2CCOC1,38,1,Ring,-
*C1C2CC3CC1CC(C2)C3(*)*,38,3,Ring,---
*N1CCN2C(=*)CCC2C1,38,2,Ring,-=
*C1=CSC2C(=*)C(=*)N12,38,3,Ring,-==
*c1cn(*)c2c1N=CN(*)C2=*,38,4,Ring,---=
*N1C(=*)N(*)C2(CCCCC2)C1=*,38,4,Ring,-=-=
*C1=Nc2nc(*)[nH]c2C(=*)N1*,38,4,Ring,--=-
*C1=NC(*)(*)N(*)C1=*,38,5,Ring,----=
*c1nc2[nH]nc(*)c2c2c1CN(*)CC2,38,3,Ring,---
*c1cc(*)c2cccccc1-2,38,2,Ring,--
*c1cc2c(cc1*)-c1ccc3cc4c(cc3c1N(*)C2=*)OCO4,38,4,Ring,---=
*C1CC(*)(*)C(*)C(*)C(=*)C(*)C(=*)OC(*)C2(*)OC(=*)OC2C(*)C1=*,38,13,Ring,-----=-=--=-=
*C1CCC2C(*)C(*)OC3CC4(*)CCC1C32OO4,38,4,Ring,----
*c1cc2c(cc1*)C(*)(*)CC(=*)N2*,38,6,Ring,----=-
*C1OC(*)C(*)N(*)C1=*,38,5,Ring,----=
*C1NC(=*)C(*)NC(=*)C(*)NC(=*)C(*)N(*)C(=*)C(*)C(*)OC(=*)CNC1=*,38,13,Ring,-=-=-=--=--==
*C1=Nc2c(*)c[nH]c2C(=*)N1,38,3,Ring,--=
*C1=NC(=*)C=CN1*,38,3,Ring,-=-
*C1CCC2(*)CCC3(*)C(CC4OC(=*)CC(*)C5(*)C(*)CCC3(*)C45)C12,38,8,Ring,---=----
*c1ncc2c(*)n[nH]c2c1*,38,3,Ring,---
*c1ncc2c(n1)N(*)C(=*)C2(*)*,38,5,Ring,--=--
*N1C(=*)CCC(*)(*)C1=*,38,5,Ring,-=--=
*C1=C(*)c2nc(*)c(*)c(*)c2C1=*,38,6,Ring,-----=
*C1=NCc2nc(=*)c(=*)n2-c2ccc(*)cc21,38,4,Ring,-==-
*c1ccc(*)c2c(=*)c3cnccc3c(=*)c12,38,4,Ring,--==
*N1CCN2C(=*)c3ccncc3C12*,38,3,Ring,-=-
*C1NC(=*)NC2=C1C(=*)c1ccccc12,38,3,Ring,-==
*C1CCC2(*)C3CCC4C(*)(*)C(=*)CCC45CC35CCC12*,38,6,Ring,----=-
*C1=NN(*)C(=*)c2c(*)cccc21,38,4,Ring,--=-
*c1cc2oc(=*)c(=*)c2cc1*,38,4,Ring,-==-
*C1CCC2(*)C3(*)CC4(*)OC2(C1*)C1(*)C3(*)C(*)C(*)(*)C41*,38,11,Ring,-----------
*C1CC(*)(*)C(*)C(*)C(=*)C(*)(*)C(=*)OC(*)C2(*)OC(=*)OC2C(*)C1=*,38,14,Ring,-----=--=--=-=
*c1cccc2c1S(=*)(=*)NC(*)CO2,38,4,Ring,-==-
*C1=CC(*)CCC1,38,2,Ring,--
*c1[nH]cnc2c3ccccc3nc1-2,38,1,Ring,-
*C1CCc2c(sc3c2C(=*)N(*)N=N3)C1,38,3,Ring,-=-
*C1C(*)N(*)CCN1*,38,4,Ring,----
*N1C(=*)c2ccccc2N1*,38,3,Ring,-=-
*c1ccc2c(c1)[nH]c1c(*)cc(*)nc12,38,3,Ring,---
*c1nc(*)c2c(n1)CCCS2(=*)=*,38,4,Ring,--==
*N1CC(*)(*)N(*)C1=*,38,5,Ring,----=
*c1ccc2c(c1)C(*)(*)CCS2,38,3,Ring,---
*C1=C(*)C(*)C2C(=*)C(=*)OC2C1,38,5,Ring,---==
*C1=NN(*)C(=*)c2cc(*)nn21,38,4,Ring,--=-
*c1cc(*)c2c(c1)C(=*)Oc1c-2cc(*)c2c(*)ccc(*)c12,38,6,Ring,--=---
*C1=NC2CCCCC2N1,38,1,Ring,-
*C1CCCC2=C1C=CC(=*)N2*,38,3,Ring,-=-
*C1(*)CCOC2(CCCC2)C1,38,2,Ring,--
*C1CC2(CCN(*)CC2)N(*)C1=*,38,4,Ring,---=
*C1=CC(=*)c2c(c(*)c3occc3c2*)O1,38,4,Ring,-=--
*c1ccc2c3c(=*)c4cc5c(cc4c=3n(*)c(=*)c2c1)OCO5,38,4,Ring,-=-=
*CNC(=O)CN(C*)S(*)(=O)=O,38,3,Linker,---
*CCNC(=O)C(C*)NC(*)=O,38,3,Linker,---
*CCN=C(N)N*,38,2,Linker,--
*NCCOCCOCCNC(*)=O,38,2,Linker,--
*NC(=O)C(CC(C)(C)F)NC(*)C(F)(F)F,38,2,Linker,--
*NC(=O)COC(=O)CCNS(*)(=O)=O,38,2,Linker,--
*C=NCCC*,38,2,Linker,--
*C(=O)NC(*)C(Cl)(Cl)Cl,38,2,Linker,--
*OCC(C)(C#N)NC(*)=O,38,2,Linker,--
*CCCCCCC(*)O,38,2,Linker,--
*NCCCCCCCNC(*)=O,38,2,Linker,--
*NN(C(=O)O*)S(*)(=O)=O,38,3,Linker,---
*C(C)C(=O)NN=*,38,2,Linker,-=
*CNC(=O)C(C*)NC(C)=O,38,2,Linker,--
*OC(*)([2H])[2H],38,2,Linker,--
*CNC(=O)C(CCSC)NC(*)=O,38,2,Linker,--
*CN(C(=O)COC(*)=O)C(C)(C)C,38,2,Linker,--
*C=CC(=O)NCCO*,38,2,Linker,--
*CCC(N)C(=O)N*,38,2,Linker,--
*C=NNC(=O)CSC*,38,2,Linker,--
*C(=O)NC(*)CNC,38,2,Linker,--
*C(=N)NS(*)(=O)=O,38,2,Linker,--
*CN(*)C(=O)OC(C)(C)C,38,2,Linker,--
*CCC[P+](*)(*)*,38,4,Linker,----
*CNS(=O)(=O)CCNC(*)=O,38,2,Linker,--
*SCCN=*,38,2,Linker,-=
*C#CC=C*,38,2,Linker,--
*NC(*)C(=O)NS(*)(=O)=O,38,3,Linker,---
*CC(=O)OC(C)C(*)=O,38,2,Linker,--
*C(*)ON=CC(=O)O,38,2,Linker,--
*CN(CC(=O)N*)S(C)(=O)=O,38,2,Linker,--
*CN(C(CCC(F)(F)F)C(N)=O)S(*)(=O)=O,38,2,Linker,--
*C(=O)OCC(*)C,38,2,Linker,--
*CCN(C*)C(C)=O,38,2,Linker,--
*C(=O)OC(*)C(C)C,38,2,Linker,--
*NC(=O)C[S+]([O-])CC(=O)N*,38,2,Linker,--
*CC(*)(O)CS*,38,3,Linker,---
*CC(N)=NOC(*)=O,38,2,Linker,--
*C(=O)NC(CCCNC(=N)N)C(=O)NC(*)C,38,2,Linker,--
*CCCCCCNC*,38,2,Linker,--
*CC(NC(*)=O)C(O)CNC(C)C(=O)N*,38,3,Linker,---
*CN(C(*)=O)C(*)C,38,3,Linker,---
*OCC(C)NC(*)=O,38,2,Linker,--
*CNC(=O)CN(CC)S(*)(=O)=O,38,2,Linker,--
*C(*)(C)NC(C)=O,38,2,Linker,--
*C(=S)NN=*,38,2,Linker,-=
*NC(=O)NCC(C)C,38,1,Sub,-
*C(=O)N(C)CC(C)C,38,1,Sub,-
*C(F)(F)C(F)(F)C(F)(F)F,38,1,Sub,-
*OC(=O)C=CC=CC,38,1,Sub,-
*C[Se]C#N,38,1,Sub,-
*C(=O)NCCOCC,38,1,Sub,-
*C(=O)CCC(N)C(=O)O,38,1,Sub,-
*S(=O)(=O)NCC=C,38,1,Sub,-
*CC(C)(C)CC(=O)O,38,1,Sub,-
*=C(O)OCCOC,38,1,Sub,=
*C(=O)NNCCCC,38,1,Sub,-
*C=C(C)C=C,38,1,Sub,-
*C(N)=NC(C)CO,38,1,Sub,-
*OCCCCNC,38,1,Sub,-
*C(CC(C)C)C(=O)NCC#N,38,1,Sub,-
*=CCC(C)C,38,1,Sub,=
*C(=O)C=CC(=O)OC,38,1,Sub,-
*SCC(=O)NCCC,38,1,Sub,-
*C#CCCCO,38,1,Sub,-
*C#CP(=O)(O)CC(O)CC(=O)O,38,1,Sub,-
*C(=O)CCOCC,38,1,Sub,-
*=CC(N)=O,38,1,Sub,=
*CC(O)CN(C)C,38,1,Sub,-
*CC(F)(F)CO,38,1,Sub,-
*CNCCCCC,38,1,Sub,-
*C=NN,38,1,Sub,-
*OCCC#C,38,1,Sub,-
*CN(CC(C)C)C(=O)C=CC(C)Cl,38,1,Sub,-
*C=NN(C)C,38,1,Sub,-
*C(S)=NCCOC,38,1,Sub,-
*C(=O)C(NC(=O)C(NC(=O)C(CCC(=O)O)NC(=O)C(N)CC(=O)O)C(C)C)C(C)C,38,1,Sub,-
*C(=O)NC(C(=O)NC(C(=O)OC)C(C)C)C(C)CC,38,1,Sub,-
*C(=O)NC(C(=O)NC)C(C)C,38,1,Sub,-
*COCC#C,38,1,Sub,-
*C(C)=NOCC(O)CNC(C)(C)C,38,1,Sub,-
*C=C(C(=O)OCC)C(=O)OCC,38,1,Sub,-
*N(CC(=O)O)C(=O)C(C)CS,38,1,Sub,-
*N(C)N,38,1,Sub,-
*C=CC=CCCCCC,38,1,Sub,-
*C(=O)OC(CC)CC,38,1,Sub,-
*COCCN,38,1,Sub,-
*=CNC(N)=O,38,1,Sub,=
*C(=O)OCCC#C,38,1,Sub,-
*C(=O)NCCCCC(=O)O,38,1,Sub,-
*=NNC(=O)OCC,38,1,Sub,=
*NC(=O)OCCCCN(C)C,38,1,Sub,-
*c1nn(*)c2nc3c(*)cccc3cc12,37,3,Ring,---
*[As]1SCCCS1,37,1,Ring,-
*C1=CC2C(=CCC3C2(*)C(=*)CC2(*)C(*)C(*)CC32*)C(*)(*)C1=*,37,10,Ring,--=------=
*C1C=NN(*)C1,37,2,Ring,--
*N1C(=*)C2C3c4ccccc4C(*)(c4ccccc43)C2C1=*,37,4,Ring,-=-=
*c1c[nH]c2nncc-2c1*,37,2,Ring,--
*C1=NC(*)C(*)S1,37,3,Ring,---
*c1ccc2c(c1*)Oc1c(*)c(*)cc(*)c1C2=*,37,6,Ring,-----=
*C1=CCC(*)C(*)C1*,37,4,Ring,----
*C1=Nc2cccc3cccc1c23,37,1,Ring,-
*C1CC2CN(*)C(=*)N2C1,37,3,Ring,--=
*c1c2c(n(*)c1*)CCN(*)C2=*,37,5,Ring,----=
*c1nnc2n1NC(*)S2,37,2,Ring,--
*C1CC23CCC4C(*)(*)CCCC4(*)C2CCC1C3,37,4,Ring,----
*c1[nH]c2c(c1*)N(*)C(=*)N(*)C2=*,37,6,Ring,---=-=
*C1=Cc2ccc(*)cc2CC1,37,2,Ring,--
*c1ccc2c(c1)C(=*)c1c(*)ccc(*)c1S2,37,4,Ring,-=--
*c1ccc2c(c1)C1C(CCN1*)C1CCCN21,37,2,Ring,--
*C1CCC2(CCN(*)CC2)C1,37,2,Ring,--
*C1CC(=*)c2ccccc2N1,37,2,Ring,-=
*C1=C2C3OC(=*)C(*)C3CCC2(*)C=CC1=*,37,5,Ring,-=--=
*C1CCCC(*)(*)C1*,37,4,Ring,----
*c1ccc2cncc(*)c2n1,37,2,Ring,--
*C1CCC2C3CCC4=CC(=*)CCC4C3CCC12*,37,3,Ring,-=-
*c1c2c3ccccc3nc-2n(*)c2ccccc12,37,2,Ring,--
*c1ccc2c(c1)N=C1C(=*)CCN1C2=*,37,3,Ring,-==
*c1ccc2c(*)c3c(nc2c1)CCC3,37,2,Ring,--
*C1CCC2C3CC=C4CC(*)(*)CCC4(*)C3CCC12*,37,5,Ring,-----
*C1=Nc2ccccc2C(=*)S1,37,2,Ring,-=
*c1cc(*)c2c(c1*)C(=*)OC(*)C2,37,5,Ring,---=-
*c1ccc2c(c1*)CCC1C2CCC2(*)C(=*)CCC12,37,4,Ring,---=
*c1ccc2c(c1)OCC21CCN(*)CC1,37,2,Ring,--
*C1(*)CC(=*)CC(=*)C1,37,4,Ring,--==
*C1=CN(*)S(=*)(=*)N(*)C1*,37,6,Ring,--==--
*C1=Cn2cc(*)nc2C(=*)N1*,37,4,Ring,--=-
*c1nc2c3cccnc3c3ncccc3c2[nH]1,37,1,Ring,-
*P1(=*)NCCCO1,37,2,Ring,-=
*c1ccc2ccc3cccnc3c2n1,37,1,Ring,-
*C1=CC(=*)c2c(*)cc(*)cc2N1*,37,5,Ring,-=---
*C1CC2(*)C(CCC3(*)C2CC(*)C2C(*)CCC23*)C(*)(*)C1*,37,9,Ring,---------
*N1CCC2CCC(C1)N2,37,1,Ring,-
*c1ccc2c(c1)C(*)CC(*)N2,37,3,Ring,---
*c1c2c(nn1*)N1C(=NC3CCCC31)N(*)C2=*,37,4,Ring,---=
*C1C2CC3OC(=*)C1C3C2,37,2,Ring,-=
*C1=CCN(*)C(*)C(=*)N1*,37,5,Ring,---=-
*c1ccc2c(*)cnn2c1,37,2,Ring,--
*c1c(*)c(*)c2c(c1*)OCO2,37,4,Ring,----
*c1ccc2c(c1)SCC1CCCCC1C2=*,37,2,Ring,-=
*N1CCC2(CCCN2*)C1=*,37,3,Ring,--=
*c1nnc2n1CCCCCC2,37,1,Ring,-
*C1=CC2=C(CCCC2=*)NC1=*,37,3,Ring,-==
*c1cc(*)c2c(c1)COC2,37,2,Ring,--
*N1CCn2cnnc2C1,37,1,Ring,-
*c1ccc2[nH]c3c(c2c1)CCN1CC(CC(*)(*)C1)CC3(*)*,37,5,Ring,-----
*C1CCCC12CN(*)CCO2,37,2,Ring,--
*c1ccc2c(*)c3nc(*)ccc3nc2c1,37,3,Ring,---
*C1CCC2C(=*)N(*)C(=*)C2C1,37,4,Ring,-=-=
*=C1NCCCN1,37,1,Ring,=
*=C1NC(=*)C(=*)O1,37,3,Ring,===
*c1sc(*)c2c1CCC(*)(*)C2,37,4,Ring,----
*c1cc2c([nH]1)C(=*)C=C1N(*)CC3CC123,37,3,Ring,-=-
*C1=C(*)C2(CCCC2)OC1=*,37,3,Ring,--=
*c1cccc2c1N(*)C(=*)C(=*)C2=*,37,5,Ring,--===
*c1ncnc2c1nc1n2CCCC1,37,1,Ring,-
*c1ccc2c(c1)[nH]c1ccc(*)cc12,37,2,Ring,--
*C1CC(=*)N(*)C(*)C1*,37,5,Ring,-=---
*C1CCC(*)(*)OC1*,37,4,Ring,----
*n1c(=*)c2c(c1=*)c1c3ccccc3n(*)c1c1[nH]c3ccccc3c12,37,4,Ring,-==-
*c1cn(*)c2c1C(=*)N(*)C=N2,37,4,Ring,--=-
*N1C(=*)Nc2ncccc2C1=*,37,3,Ring,-==
*C1CC(*)C12CCC2,37,2,Ring,--
*C1NC(=*)C(*)C(*)OC(=*)C(*)NC(=*)C(*)N(*)C(=*)C(*)N2C(=*)C(CCC2*)NC1=*,37,14,Ring,-=--=-=--=-=-=
*C1=Nc2cc[nH]c2C(=*)N1*,37,3,Ring,-=-
*N1c2ccccc2Sc2cccnc21,37,1,Ring,-
*c1ccc2c(c1)CN(*)C(*)CO2,37,3,Ring,---
*c1cc2nccn2c(*)n1,37,2,Ring,--
*c1ccnc2cc3c(cc12)N(*)CC3,37,2,Ring,--
*C1=C(*)OCCO1,37,2,Ring,--
*c1nc2nncc-2c(*)[nH]1,37,2,Ring,--
*c1ccc2c(c1)NC(=*)CC(=*)N2,37,3,Ring,-==
*c1ncc2[nH]nc(*)c2n1,37,2,Ring,--
*N1CCC2(CCNCC2)C1,37,1,Ring,-
*C1=Nc2onc(*)c2C(=*)N1*,37,4,Ring,--=-
*C1=Nc2sc3c(c2C(=*)N1*)CCCCC3,37,3,Ring,-=-
*C1=C(*)C2(CCCCC2)OC1=*,37,3,Ring,--=
*C1NC1*,37,2,Ring,--
*c1ccc2c3c(=*)c4cc(*)cnc4c=3n(*)c(=*)c2c1,37,5,Ring,-=--=
*c1cccc2c1CCCC2=*,37,2,Ring,-=
*C1C(=*)C1*,37,3,Ring,-=-
*c1cc2c(nc(*)c3ncn(*)c32)[nH]1,37,3,Ring,---
*c1nn(*)c2c1CNCC2,37,2,Ring,--
*c1ccc2c(c1)Nc1ccccc1NC2=*,37,2,Ring,-=
*C1=CC(=*)Oc2c1ccc1c(*)cccc21,37,3,Ring,-=-
*c1ccc2c(c1)CCc1ccccc1C2=*,37,2,Ring,-=
*C1CC(*)C(*)(*)C1,37,4,Ring,----
*C1OCCC1(*)*,37,3,Ring,---
*C1NCCc2[nH]cnc21,37,1,Ring,-
*c1coc2ccc3ccccc3c12,37,1,Ring,-
*C1CCC2(*)C3CCC(*)C4(*)CC34CCC12*,37,5,Ring,-----
*C1=CC2CCCC(C1)N2*,37,2,Ring,--
*C1=Cc2cc(*)cnc2N(*)C1=*,37,4,Ring,---=
*c1sc2c(c1*)C(=*)N1CCCCCC1=N2,37,3,Ring,--=
*C1C2CCCC1(*)CCN2*,37,3,Ring,---
*n1cc2c(n1)CCCCC2,37,1,Ring,-
*C1OC2(*)CCC3CCCCC31OO2,37,2,Ring,--
*C1=NC(*)C(*)=C2CCCN12,37,3,Ring,---
*c1cnc2c(c1*)C(=*)N(*)C=N2,37,4,Ring,--=-
*C1Oc2cccnc2N(*)C1=*,37,3,Ring,--=
*COP(=O)(O*)OC*,37,3,Linker,---
*C=[N+]([O-])C*,37,2,Linker,--
*CC(*)(*)NC(=O)N*,37,4,Linker,----
*CNC(S)=NNC(*)=O,37,2,Linker,--
*OCCCCCCCCCCO*,37,2,Linker,--
*COC(=O)NC(C*)CC(O)C(C*)NC(=O)C(NC(=O)OC*)C(C)C,37,4,Linker,----
*COCCCS(=O)(=O)NC(*)C,37,2,Linker,--
*CCNC(=O)NS(*)(=O)=O,37,2,Linker,--
*CCNC(=O)C(=O)NCC(*)S(*)(=O)=O,37,3,Linker,---
*CN(C*)CCN(C)C,37,2,Linker,--
*NC(NC(*)=O)C(Cl)(Cl)Cl,37,2,Linker,--
*CCCNCCO*,37,2,Linker,--
*CNC(=O)C(*)O,37,2,Linker,--
*CN(*)CCN*,37,3,Linker,---
*NC(*)=NS(*)(=O)=O,37,3,Linker,---
*CCC(=O)C(*)N*,37,3,Linker,---
*CN(CCC#N)S(*)(=O)=O,37,2,Linker,--
*CC(=O)NC(=N)NC(C*)C(=O)N*,37,3,Linker,---
*CC(NC(=O)OC(C)(C)C)C(O)CNCC(O)C(C*)NC(=O)OC(C)(C)C,37,2,Linker,--
*C=CC(=O)NC(*)=S,37,2,Linker,--
*C(*)=C(*)C#N,37,3,Linker,---
*CNC(=O)C(*)N,37,2,Linker,--
*CCC(C)O*,37,2,Linker,--
*NC(=O)CCCCCCCS*,37,2,Linker,--
*NN=C(*)C(C)=O,37,2,Linker,--
*CCCNC(=O)NCC*,37,2,Linker,--
*CC(NC(=O)C(NC(=O)C(C*)NC(=O)C(NC(=O)C(CCCN=C(N)N)NC(=O)CNC)C(C)C)C(C)CC)C(*)=O,37,3,Linker,---
*P(*)*,37,3,Linker,---
*OCOC(*)=O,37,2,Linker,--
*OCCCCOC(*)=O,37,2,Linker,--
*CN(*)C(=O)CCl,37,2,Linker,--
*C(=O)NC(*)CCCNC(=N)CCl,37,2,Linker,--
*NC(=O)CC(C)(C)NCC(*)=O,37,2,Linker,--
*NC(C)CCCNC(*)=O,37,2,Linker,--
*CCC(=O)NC(*)C*,37,3,Linker,---
*CN(C*)CCC#N,37,2,Linker,--
*NC(=O)N(C)C(*)C,37,2,Linker,--
*COC(=O)CCC(*)C,37,2,Linker,--
*NC(*)CNC,37,2,Linker,--
*CN(CC(*)(O)C*)C(C)C,37,3,Linker,---
*C(=O)NC(*)CCCNC(=N)CF,37,2,Linker,--
*CN(C)CCC(=O)N*,37,2,Linker,--
*CC(CC)NS(*)(=O)=O,37,2,Linker,--
*CC(O)C(C*)NC(=O)C(CC(N)=O)NC(*)=O,37,3,Linker,---
*CNC(=*)CC,37,2,Linker,-=
*CN(*)CC(C)(C)C,37,2,Linker,--
*C(=O)NCC(=O)NCC(*)*,37,3,Linker,---
*NCCCCCCCCCCCCCCCCCC,37,1,Sub,-
*NC(=O)CNC(=O)OC(C)(C)C,37,1,Sub,-
*CNCCCP(=O)(O)O,37,1,Sub,-
*C#CCC,37,1,Sub,-
*C(C(=O)O)C(C)(C)C,37,1,Sub,-
*CC(N)CO,37,1,Sub,-
*C=CCCCCCC,37,1,Sub,-
*N(O)C=O,37,1,Sub,-
*CCCS(=O)(=O)[O-],37,1,Sub,-
*NC(=O)C(=O)OC,37,1,Sub,-
*C(C)COC(C)=O,37,1,Sub,-
*CC(=O)NCC=C(C)CCC=C(C)C,37,1,Sub,-
*S(=O)(=O)N(C)CC,37,1,Sub,-
*CC(C)CCC=C(C)C,37,1,Sub,-
*CC(=O)NC(N)=O,37,1,Sub,-
*NC(=O)C(C)Cl,37,1,Sub,-
*NS(=O)(=O)C(F)F,37,1,Sub,-
*=NCCCCCCCC,37,1,Sub,=
*[131I],37,1,Sub,-
*OCC(O)C(O)C(O)C(O)CO,37,1,Sub,-
*C(O)C(N)CO,37,1,Sub,-
*C(O)CN(CCCCCC)CCCCCC,37,1,Sub,-
*N(C)C(=O)NC(C)C,37,1,Sub,-
*N(CCC(C)C)C(=O)CCl,37,1,Sub,-
*C(=S)NCC,37,1,Sub,-
*NC(=O)C(N)CCC(=O)O,37,1,Sub,-
*C=NNC(N)=NO,37,1,Sub,-
*C(=O)NOCC,37,1,Sub,-
*=NCC=C,37,1,Sub,=
*C(C)(C)C(NC)C(=O)NC(C(=O)N(C)C(C=C(C)C(=O)O)C(C)C)C(C)(C)C,37,1,Sub,-
*CC(CC)CCCC,37,1,Sub,-
*CC(=O)NCC(=O)OCC,37,1,Sub,-
*S(=O)(=O)C(F)(F)C(F)F,37,1,Sub,-
*CC(CF)OCP(=O)(O)O,37,1,Sub,-
*OC(=O)CC(C)(C)C,37,1,Sub,-
*C(O)C(F)F,37,1,Sub,-
*OCC[N+](C)(C)C,37,1,Sub,-
*OC(C)CO,37,1,Sub,-
*C(N)=NC(C)C,37,1,Sub,-
*SC(F)(F)C(F)F,37,1,Sub,-
*NNC(N)=S,37,1,Sub,-
*c1ccc2nc(*)c3c(=*)n(*)c(=*)c3c2c1,36,5,Ring,--=-=
*c1ccn2c(*)cnc2c1*,36,3,Ring,---
*c1cc(*)c2c(c1)OC(=*)C1=C2CCC1,36,3,Ring,--=
*C1COC2(C=CC(=*)C=C2)O1,36,2,Ring,-=
*C1=CC2CC3(OC(=*)C=C13)C1CCCCN21,36,2,Ring,-=
*c1nnc(*)c2nn(*)cc12,36,3,Ring,---
*C1=Cc2c(*)ccc(*)c2CC1,36,3,Ring,---
*C1N(*)C(=*)NC(=*)C1(*)*,36,6,Ring,--==--
*C1CC2(CCN(*)CC2)C(=*)N1*,36,4,Ring,--=-
*C1=C(*)N2C(=*)OC(=*)C2(*)C2C1=CCC1C(=*)N(*)C(=*)C12,36,8,Ring,--==-=-=
*N1CCN2CCOCC2C1,36,1,Ring,-
*c1ncc(*)c2c1ncn2*,36,3,Ring,---
*c1ncc2c(c1*)C=CN(*)C2=*,36,4,Ring,---=
*c1ccc2nc3c(*)cccc3nc2c1,36,2,Ring,--
*C1=Nc2cccnc2Nc2ccc(*)cc21,36,2,Ring,--
*C1(*)CC(*)(*)OO1,36,4,Ring,----
*C1C(=*)C2OC23C1(*)CCC1C2(*)C=CC(=*)C(*)(*)C2CC(*)C13*,36,9,Ring,-=--=----
*c1cc2c(cc1*)CCCC2,36,2,Ring,--
*N1C2CCC1c1c([nH]c3ccccc13)C2,36,1,Ring,-
*N1CC2CNCC2(*)C1,36,2,Ring,--
*C1=CC(=*)Oc2c1c1c(c3c2C(*)C(*)C(*)O3)C=CC(*)(*)O1,36,7,Ring,-=-----
*C1CCC2C1C(*)C1(*)CC(*)C2(*)O1,36,5,Ring,-----
*C1CC12CCCCC2,36,1,Ring,-
*c1cncc2c1CCC2*,36,2,Ring,--
*c1ccc2c(c1)S(=*)(=*)N=C1CCCCCN12,36,3,Ring,-==
*C1CN2CCN(*)CC2CC1(*)*,36,4,Ring,----
*C1=CC(=*)N(*)C(*)=C1*,36,5,Ring,-=---
*c1cc2c(*)nc3c(c(*)nn3*)c2cc1*,36,5,Ring,-----
*c1nc2n(n1)CCCCC2*,36,2,Ring,--
*c1ccc2nc3sc(*)c(*)c3cc2c1,36,3,Ring,---
*C1(*)C=CC(=*)O1,36,3,Ring,--=
*c1cn2nc(*)cc2c(*)n1,36,3,Ring,---
*C1CC(=*)OC1(*)*,36,4,Ring,-=--
*c1ccc2c(c1)CCCCC2,36,1,Ring,-
*C1CCC2(*)C(CCC3C2CCC2(*)C3CC3OC(*)C(*)C32)C1,36,5,Ring,-----
*C1=NC(*)(*)C=CS1,36,3,Ring,---
*c1ncc2n1CCN(*)C2,36,2,Ring,--
*c1ccc2c(c1)C1(OCCCO1)C(=*)N2*,36,3,Ring,-=-
*C1CS(=*)(=*)C1,36,3,Ring,-==
*C1CC2c3[nH]c4ccccc4c3CC(*)N2C1=*,36,3,Ring,--=
*c1cc2c(ncn2*)c(*)c1*,36,4,Ring,----
*C1=NC(=*)N(*)c2c1oc1ncc(*)cc21,36,4,Ring,-=--
*C1C(=*)NC2(*)C(=*)OC12*,36,5,Ring,-=-=-
*P1(*)=NP(*)(*)=NP(*)(*)=N1,36,6,Ring,------
*C1=Nc2c(ncn2*)C(=*)N1*,36,4,Ring,--=-
*C1OCCc2cn(*)nc21,36,2,Ring,--
*C1=Nc2c(nn(*)c2*)C(=*)N1,36,4,Ring,---=
*c1ccc2c(c1)c(=*)c1cccc3ccnc2c31,36,2,Ring,-=
*C1=NN(*)C(*)=NN1*,36,4,Ring,----
*C1=C(*)c2cc3c(*)c(*)oc3cc2OC1=*,36,5,Ring,----=
*c1cc2c(nc1*)CC(*)(*)CC2=*,36,5,Ring,----=
*C1=NOC2(*)C3CCC(C3)C12,36,2,Ring,--
*c1ncc2c(c1*)CCNC2,36,2,Ring,--
*N1CCN(*)C2(CCNC(=*)CC2)C1,36,3,Ring,--=
*C1=NS(=*)(=*)c2sc(*)cc2N1,36,4,Ring,-==-
*N1C(=*)N2CCCC2(*)C1=*,36,4,Ring,-=-=
*N1C(=*)C2N=NN(*)C2C1=*,36,4,Ring,-=-=
*c1nnn2c1COC1CN(*)CC12,36,2,Ring,--
*c1nnc2ncccn12,36,1,Ring,-
*c1nc(*)c2cc(*)oc2n1,36,3,Ring,---
*C1CCc2ccccc2CC1,36,1,Ring,-
*C1=C(*)C(*)n2ncc(*)c2N1,36,4,Ring,----
*c1ncc2c(n1)NC(=*)N(*)C2=*,36,4,Ring,-=-=
*c1cc(*)c2[nH]c3ccccc3c2c1,36,2,Ring,--
*C1=Cc2ccc(*)cc2C(=*)C1*,36,4,Ring,--=-
*C1=NCCCCN1,36,1,Ring,-
*C1OCC2(*)C(*)OCC12,36,3,Ring,---
*N1C(=*)C2C3C=CC(*)(O3)C2C1=*,36,4,Ring,-=-=
*C1C2CCC3C45C=CCC(*)(*)C4C(OC5)C(=*)C13C(=*)C2=*,36,6,Ring,---===
*C1=CC(*)=C(*)OC1=*,36,4,Ring,---=
*c1cc2c(nc1*)OC(*)(*)CC2*,36,5,Ring,-----
*c1cc2c(cc1*)C(=*)NC=N2,36,3,Ring,--=
*C1=CC(*)(*)C(=*)c2ccc(*)cc21,36,5,Ring,---=-
*C1CCC2(CC1)COC(*)OO2,36,2,Ring,--
*c1ccc2c(c1)C1(CCN(*)CC1)OC(=*)N2,36,3,Ring,--=
*c1cc2c3c(cc(*)cc3c1)C(=*)N(*)C2=*,36,5,Ring,--=-=
*c1cc2c(cc1*)C(*)CNCC2,36,3,Ring,---
*c1nc2sc(*)c(*)n2c1*,36,4,Ring,----
*c1ccc(*)c2c(*)cc(*)c-2c1,36,4,Ring,----
*N1CCC2CNCC21,36,1,Ring,-
*N1C(=*)N(*)S(=*)(=*)c2cscc21,36,5,Ring,-=-==
*c1cccc2c1NCC(*)(*)C2,36,3,Ring,---
*c1ccnc2c1CCN2*,36,2,Ring,--
*c1ccc2c3c1OC1C(=*)C(*)CC4C(C2)N(*)CCC314,36,4,Ring,-=--
*N1N=C2CCCC2=CC1=*,36,2,Ring,-=
*C1=Nc2c(*)ccnc2N(*)C1=*,36,4,Ring,---=
*c1cc(*)c2c(n1)N(*)c1ncccc1C(=*)N2,36,4,Ring,---=
*C1OC(*)C(*)C(*)(*)C1*,36,6,Ring,------
*C1=NC(=*)N(*)C(*)C1=*,36,5,Ring,-=--=
*C1=CC(=*)N2C(*)=CC=CC2=N1,36,3,Ring,-=-
*c1nn(*)c2c1C(=*)CC(*)(*)C2*,36,6,Ring,--=---
*c1nc2[nH]c(=*)c(=*)c2c(*)c1*,36,5,Ring,-==--
*c1nccc2[nH]ccc12,36,1,Ring,-
*C1=C(*)c2cc(*)c(*)cc2C(=*)O1,36,5,Ring,----=
*C1=C(*)N(*)n2c(*)nnc2S1,36,4,Ring,----
*C1=NC(*)c2nnc(*)n2-c2ccccc21,36,3,Ring,---
*C1=CC(*)=C2CCC(*)N2C1=*,36,4,Ring,---=
*c1nnc(*)c2c1CCC2,36,2,Ring,--
*C1=C2NC(=*)c3ccc(*)cc3N2C(=*)S1,36,4,Ring,-=-=
*c1c2c(nc3ccccc13)CCN(*)C2,36,2,Ring,--
*C1c2c(cnn2*)CCN1*,36,3,Ring,---
*c1ccc2c(n1)Oc1ccccc1C2*,36,2,Ring,--
*C1=CC(*)C2(*)C(CCC3(*)C4C=CCOCC4(*)C(*)C(*)C32)C1(*)*,36,9,Ring,---------
*N1CCC2(CCCCC2)CC1,36,1,Ring,-
*C1C(=*)CCC2C(*)(*)C(=*)CCC12*,36,6,Ring,-=--=-
*C1=Cc2ccccc2CC1,36,1,Ring,-
*C1=CN(*)c2c(c(*)nn2*)C1=*,36,5,Ring,----=
*c1ncnc2c1C(*)c1ccc3ccccc3c1O2,36,2,Ring,--
*c1cc(*)[s+]c(*)c1,36,3,Ring,---
*C1=C(*)SC(=*)[N-]1,36,3,Ring,--=
*c1nc(*)c2[nH]ccc2n1,36,2,Ring,--
*N1C(=*)C2C=NC(*)(*)C2C1=*,36,5,Ring,-=--=
*N1C(=*)C2(c3ccccc31)N(*)C(=*)CS2(=*)=*,36,6,Ring,-=-===
*N1C2CC3CC1CC(C2)N3*,36,2,Ring,--
*N1C=Nc2c(cnc3ccccc23)C1=*,36,2,Ring,-=
*C1=NN(*)C(=*)c2cc(*)ccc21,36,4,Ring,--=-
*C1OC(*)C(*)(*)C1(*)*,36,6,Ring,------
*c1nc2c(o1)CCN(*)C2,36,2,Ring,--
*c1cc2c(*)cccc2c(*)n1,36,3,Ring,---
*C1CN2C(=*)Nc3cccc(c32)CN1*,36,3,Ring,-=-
*C1CNc2ccnn2C1,36,1,Ring,-
*c1c2n(c3ccccc13)CC(*)OC2*,36,3,Ring,---
*C1CCCN(*)C(=*)C1,36,3,Ring,--=
*B1OCC2OC3OC(*)(*)OC3C2O1,36,3,Ring,---
*C1CCN(*)C1(*)*,36,4,Ring,----
*c1ccc2c(c1)C1CC(*)C(*)C(=*)N1CC2,36,4,Ring,---=
*c1c(*)c2n(c1*)Cc1c(c3ccccc3n1*)C2,36,4,Ring,----
*C1CCCCC(=*)N1,36,2,Ring,-=
*C12CC34C=CC(=*)C(*)(*)C3C(CC1C4)O2,36,4,Ring,-=--
*c1c[nH]c2ccncc12,36,1,Ring,-
*C1CCC(=*)c2ccccc21,36,2,Ring,-=
*c1nnc2nnc(*)n2n1,36,2,Ring,--
*c1ccc2occ(*)c2n1,36,2,Ring,--
*C1=CC2(CC1)CCN(*)c1ccccc1C2,36,2,Ring,--
*c1csc2c(=*)c3cccn3c12,36,2,Ring,-=
*N1C(=*)NC2(CCc3ccccc3C2)C1=*,36,3,Ring,-==
*C1C(*)C2CC1C1C(=*)N(*)C(=*)C21,36,5,Ring,--=-=
*C1=CC2CN(*)CC2C1,36,2,Ring,--
*c1cnc2c(c1)C(=*)N(*)C(=*)N2*,36,5,Ring,-=-=-
*C1=CC2CNCC(C1)C2,36,1,Ring,-
*N1CCOCC2(C1)CN(*)C(=*)CO2,36,3,Ring,--=
*C1=COC(*)C2C(*)OC(*)CC12,36,4,Ring,----
*CCC[N+](C)(C)CCCCCC[N+](C)(C)CCC*,36,2,Linker,--
*S(=O)(=O)NN(C)S(*)(=O)=O,36,2,Linker,--
*CC(=O)NNC(=O)CS*,36,2,Linker,--
*CC(=O)N(*)CC(=O)N*,36,3,Linker,---
*CC(N*)C(=O)OCC,36,2,Linker,--
*C(=O)CN(*)*,36,3,Linker,---
*CN(C*)CC(C)C,36,2,Linker,--
*CC(C)(NC(=O)O*)C(*)=O,36,3,Linker,---
*C(=O)OCCOC(*)=O,36,2,Linker,--
*CNC(=O)C(NC(*)=O)C(C)CC,36,2,Linker,--
*CCNC(=*)C,36,2,Linker,-=
*C(=O)NCC(*)OC,36,2,Linker,--
*NC(=O)CCC(=O)N(*)C(*)C(=O)N*,36,4,Linker,----
*COC(=O)CNS(*)(=O)=O,36,2,Linker,--
*OC=*,36,2,Linker,-=
*CC(*)NC(C)=O,36,2,Linker,--
*C(C)NC(*)C,36,2,Linker,--
*CN(C*)C(*)CC,36,3,Linker,---
*C=CS(=O)(=O)O*,36,2,Linker,--
*CC(C=O)NC(=O)C(C*)NC(*)=O,36,3,Linker,---
*CCCNC(*)C,36,2,Linker,--
*NC(=O)C(*)CCOC,36,2,Linker,--
*CC(C(=O)O)N(C*)C(*)=O,36,3,Linker,---
*NC(=O)NCC(=O)NC(*)C,36,2,Linker,--
*C(=O)CC(*)(C)C,36,2,Linker,--
*C(=O)NC(CCC)C(*)=O,36,2,Linker,--
*C(C)N(*)S(*)(=O)=O,36,3,Linker,---
*CC(NC(*)=O)C(=O)NC(CC(C)C)C(*)=O,36,3,Linker,---
*C(CNS(*)(=O)=O)S(*)(=O)=O,36,3,Linker,---
*C=CC(C)=NN*,36,2,Linker,--
*CC(CC(=O)NO)C(*)=O,36,2,Linker,--
*CCCNC(=O)O*,36,2,Linker,--
*[Si](*)(C)C,36,2,Linker,--
*C(=O)NCC(=O)N(*)C,36,2,Linker,--
*C(=O)NCCCN(*)*,36,3,Linker,---
*CCCCCNC*,36,2,Linker,--
*CCOCCN*,36,2,Linker,--
*CCCCCCCCCO*,36,2,Linker,--
*NC(*)CC=C,36,2,Linker,--
*NC(C)C(*)O,36,2,Linker,--
*CCN(*)S(C)(=O)=O,36,2,Linker,--
*C=CC(O)=CC(*)=O,36,2,Linker,--
*COC(=O)NC(C)C(=O)N*,36,2,Linker,--
*CSC(*)=O,36,2,Linker,--
*C(=O)CON=*,36,2,Linker,-=
*N=C(NN*)C(C)=O,36,2,Linker,--
*CCCNC(=O)CCC(*)=O,36,2,Linker,--
*CC(O)(C(=O)N*)C(F)(F)F,36,2,Linker,--
*NC(=S)S*,36,2,Linker,--
*CC(NC(=O)C(NC(=O)C(C*)NC(*)=O)C(C)C)B(O)O,36,3,Linker,---
*NC(=O)CCCCCCNC(=O)C(O)(O)C(F)(F)F,36,1,Sub,-
*C(=O)NCCNS(C)(=O)=O,36,1,Sub,-
*COC(=O)CCCCCCCC=CCCCCCCCC,36,1,Sub,-
*=C(C#N)C(=O)OC,36,1,Sub,=
*S(=O)(=O)NCCC(C)C,36,1,Sub,-
*S(=O)(=O)N=CN(C)C,36,1,Sub,-
*NC(=S)NC(=O)C(C)C,36,1,Sub,-
*C(=O)NNC(S)=NCC,36,1,Sub,-
*CC(CC)(CC)C(=O)O,36,1,Sub,-
*C(=O)CC(N)C(=O)O,36,1,Sub,-
*SCC(=O)NNC(C)=O,36,1,Sub,-
*C=NNC(=O)NO,36,1,Sub,-
*C(=O)CCCl,36,1,Sub,-
*C(=O)C(NC(=O)C(F)(F)F)C(C)(C)C,36,1,Sub,-
*CSC#N,36,1,Sub,-
*OCC(COCCCCCCCCCCCCCCCC)OC,36,1,Sub,-
*N(C)CCCO,36,1,Sub,-
*C(=O)N(CC)CCC,36,1,Sub,-
*NS(=O)(=O)C(C)CO,36,1,Sub,-
*COC(=O)C(N)C(C)C,36,1,Sub,-
*CC(C(=O)O)C(=O)O,36,1,Sub,-
*=NOCC=C,36,1,Sub,=
*C(NC(=O)OC(C)(C)C)C(C)C,36,1,Sub,-
*OC(=O)CNC(=O)OC(C)(C)C,36,1,Sub,-
*CCC(=O)NCCC,36,1,Sub,-
*C=CNC(C)=O,36,1,Sub,-
*C(=O)NC(C(=O)NC)C(C)(C)C,36,1,Sub,-
*C(C)(O)CC,36,1,Sub,-
*=NOCCCN(C)C,36,1,Sub,=
*NCCCNCCCCNCCCN,36,1,Sub,-
*CNC(C)COC,36,1,Sub,-
*C(NC(=O)CCN(C)C)C(C)C,36,1,Sub,-
*OC(=O)CC(=O)O,36,1,Sub,-
*C(=O)NCCCN(CCC)CCC,36,1,Sub,-
*C(F)(F)CC,36,1,Sub,-
*C(=O)NOCC(O)CO,36,1,Sub,-
*CC(O)CCC,36,1,Sub,-
*C=C(CCCC)C(=O)O,36,1,Sub,-
*OCCCNC(C)C,36,1,Sub,-
*S(=O)(=O)CCCO,36,1,Sub,-
*=CC(=O)OC(C)(C)C,36,1,Sub,=
*CCC(=C)C,36,1,Sub,-
*CC(CO)OCP(=O)(O)O,36,1,Sub,-
*OCC(O)CN(C(C)C)C(C)C,36,1,Sub,-
*CN(CC=C)CC=C,36,1,Sub,-
*C(O)CC(C)C(=O)NCCCC,36,1,Sub,-
*CC(OC)C(=O)O,36,1,Sub,-
*C(=O)NC(CO)(CO)CO,36,1,Sub,-
*C(C)CCCO,36,1,Sub,-
*OC(=O)CC(C)(C)CC(=O)O,36,1,Sub,-
*OCOC(=O)C(C)(C)C,36,1,Sub,-
*C(C)CCC(=O)NCC(=O)O,36,1,Sub,-
*C(=O)C(NC(=O)OCC(C)C)C(C)C,36,1,Sub,-
*C(C(=O)O)C(=O)O,36,1,Sub,-
*C(CO)C(C)C,36,1,Sub,-
*NC(=O)CNC(=N)N,36,1,Sub,-
*CCS,36,1,Sub,-
*CN(CC)CCCC,36,1,Sub,-
*CNCCCN,36,1,Sub,-
*c1cccc2c1S(=*)(=*)N(*)C2*,35,5,Ring,-==--
*c1c(*)c(*)c2c(nc(*)n2*)c1*,35,6,Ring,------
*c1cccc2c1C(*)N(*)CC2,35,3,Ring,---
*C1=CC(=*)Nc2cc3c(cc21)N(*)C(*)CO3,35,4,Ring,-=--
*c1nc2ccccc2[n+](*)c1*,35,3,Ring,---
*C1C2=C(N=C3SC(=*)C(=*)N31)c1ccccc1CC2,35,3,Ring,-==
*C1CN(*)c2ccccc2CO1,35,2,Ring,--
*N1CCCN(*)C(=*)C1,35,3,Ring,--=
*c1nn(*)c2c1N(*)S(=*)(=*)c1ccccc1-2,35,5,Ring,---==
*C1C(=*)N(*)c2ccccc2N(*)C1*,35,5,Ring,-=---
*C1(*)Oc2ccccc2O1,35,2,Ring,--
*C1=NN2C(=*)c3ccccc3N=C2S1,35,2,Ring,-=
*c1ccc2ncc3c(c2c1)N(*)C(=*)N3,35,3,Ring,--=
*C1=NNC(=*)C2CC12,35,2,Ring,-=
*C1(*)CCC2(*)CCC3(*)C(=CCC4C5(*)CC(=*)C(=*)C(*)(*)C5CCC43*)C2C1,35,10,Ring,-----==---
*c1nnc2sc(=*)c(=*)n12,35,3,Ring,-==
*c1nn(*)c2c1CCc1n[nH]cc1-2,35,2,Ring,--
*c1cc(*)c2c(c1)NC(*)N(*)S2(=*)=*,35,6,Ring,----==
*c1cccc2c1CCC(*)N2*,35,3,Ring,---
*c1cc(*)c2c(c1)CCCCO2,35,2,Ring,--
*N1C=Cc2ccn(*)c2C1=*,35,3,Ring,--=
*C1=Nc2c(*)n[nH]c2C(=*)N1*,35,4,Ring,--=-
*c1ccc2c(c1)CN1CCc3ccccc3C1N2*,35,2,Ring,--
*c1cc2n(c1)CCN(*)C2=*,35,3,Ring,--=
*c1cccc2c1ccc1c3oc4c(c3c(=*)c(=*)c21)CCN(*)C4,35,4,Ring,-==-
*C1=CC(=*)Nc2n[nH]c(*)c21,35,3,Ring,-=-
*c1cc(*)c2c(c1*)CC(=*)C=CC=CC1OC1CC(*)OC2=*,35,6,Ring,---=-=
*c1ccc2c(c1)OCCc1cc(*)sc1-2,35,2,Ring,--
*c1cccc2nc3ccccc3nc12,35,1,Ring,-
*=C1CSCC(=*)C1=*,35,3,Ring,===
*c1ncc2cc(*)c(*)cc2n1,35,3,Ring,---
*c1ccc2c(c1)c1c(n2*)CCNC1,35,2,Ring,--
*C12NC(Cc3ccccc31)c1ccccc12,35,1,Ring,-
*N1C(=*)c2c(ncn2*)-c2cccnc21,35,3,Ring,-=-
*c1ccc2c(c1)CC1CC(*)N2O1,35,2,Ring,--
*c1cc2ncc3c(c2cc1*)N(*)C(=*)C=N3,35,4,Ring,---=
*c1csc2ccnc(*)c12,35,2,Ring,--
*c1ccc2c(c1)C(=*)c1c(*)nn(*)c1N2*,35,5,Ring,-=---
*c1nc(*)c2c(n1)N(*)C(=*)C(=*)N2,35,5,Ring,---==
*C1CCC2(*)CCC3(*)C(CCC4C5(*)Cc6nccnc6C(*)(*)C5CCC43*)C12,35,7,Ring,-------
*c1cnc2nc(*)sc2c1,35,2,Ring,--
*c1n[nH]c2c1CC(*)C2,35,2,Ring,--
*c1cccc2c1OS(=*)(=*)NC2,35,3,Ring,-==
*C1CC2C(*)(CCC3C(*)(*)C(*)CCC23*)O1,35,6,Ring,------
*c1c(*)c2n(c1*)Cc1ccccc1C2,35,3,Ring,---
*=C1c2ccccc2-c2nc3ccccc3nc21,35,1,Ring,=
*C1=C(*)c2cc(*)cnc2N(*)C1=*,35,5,Ring,----=
*N1C(=*)c2c(ccn2*)N(*)C1=*,35,5,Ring,-=--=
*C1=CS(=*)(=*)CCCS1(=*)=*,35,5,Ring,-====
*c1ccc2nn[nH]c2c1,35,1,Ring,-
*c1ccnc2c1N=CC(=*)N2,35,2,Ring,-=
*c1ccc2nc3c(*)cccc3cc2c1,35,2,Ring,--
*c1ccc2c(c1)C(*)C(*)C(*)(*)C2=*,35,6,Ring,-----=
*c1ccc2c(*)c(*)nn2n1,35,3,Ring,---
*C1=Nc2sc3c(c2C(=*)N1)CCC3,35,2,Ring,-=
*c1ccc2nc3c(c(*)c2c1)CCCCC3,35,2,Ring,--
*=C1c2ccccc2N=C2CCCCCCN12,35,1,Ring,=
*c1c[nH]c2cccnc12,35,1,Ring,-
*c1ccc2c(c1*)OCCO2,35,2,Ring,--
*C1CCC2(*)C(*)CCC2C1,35,3,Ring,---
*C1Cc2c(ccc3ccccc23)OC1=*,35,2,Ring,-=
*C1COCOC1,35,1,Ring,-
*C12CN3CCN(CC(C3)C1=*)C2,35,2,Ring,-=
*C1CC12NC(=*)N(*)C2=*,35,4,Ring,-=-=
*C1=CCCC(*)C1*,35,3,Ring,---
*c1cc2cccc(*)c2n2nnnc12,35,2,Ring,--
*c1ccc2c(c1)NC(=*)C(=*)O2,35,3,Ring,-==
*C1=C2CC3OC3(*)C2C2OC(=*)C(*)C2CC1,35,4,Ring,--=-
*c1nn2cnnc2s1,35,1,Ring,-
*C1=CC2CN(C1)Cc1c([nH]c3ccccc13)C(*)(*)C2,35,3,Ring,---
*c1ccc2oc3c(c2c1)N(*)C(=*)C=C3,35,3,Ring,--=
*c1cn(*)c2c1C(=*)CC(*)(*)C2,35,5,Ring,--=--
*C1COCC1=*,35,2,Ring,-=
*[S+]1CCCCC1(*)*,35,3,Ring,---
*c1cccc2c1NCCC2,35,1,Ring,-
*c1ccc2c(c1)CC1C(*)(CCC3C(*)(*)CCCC31*)O2,35,5,Ring,-----
*c1ccc2[nH]c3ccc(*)cc3c2c1,35,2,Ring,--
*C1CCCC(=*)C1*,35,3,Ring,-=-
*c1ccc2c(c1)C(*)(*)CCO2,35,3,Ring,---
*C1C(=*)OC23OC4CC(C12)N1CCC3C41*,35,3,Ring,-=-
*C1=CC=C(*)C(=*)O1,35,3,Ring,--=
*C1=NN(*)C2(C(=*)Nc3cc(*)ccc32)C1*,35,5,Ring,--=--
*C1(*)CCCC2(*)C1CCC13CC(=*)C(CCC12)C3,35,4,Ring,---=
*C1=C(*)C(*)c2c(c(*)cc3nc4ccccc4nc23)O1,35,4,Ring,----
*C1=CN(*)c2c(*)c(*)c(*)n2C1=*,35,6,Ring,-----=
*c1cc2c([nH]1)C(*)CNC2=*,35,3,Ring,--=
*C1=CC2(CCNCC2)Oc2ccccc21,35,1,Ring,-
*c1nnc2n1CCCC2*,35,2,Ring,--
*C1OC(*)C(*)O1,35,3,Ring,---
*C1CCCC[N+]1(*)*,35,3,Ring,---
*c1c(*)c2sc3ccccc3n2c1*,35,3,Ring,---
*N1C2(CC(=*)NC2=*)c2ccccc2S1(=*)=*,35,5,Ring,-====
*c1ccc2[nH]c(*)c(*)c2n1,35,3,Ring,---
*c1c[n+](*)no1,35,2,Ring,--
*C1COC(=*)C(*)CCC=CCC(*)C(=*)N1,35,5,Ring,-=--=
*c1ccc2c(c1)C(*)(*)N(*)C2=*,35,5,Ring,----=
*N1CCCc2ncccc21,35,1,Ring,-
*C1CN(*)CCS1,35,2,Ring,--
*C1C(=*)OC2C(*)C(*)C3(*)C(*)C(*)C4C(*)C3(OC4(*)COC(=*)c3cccnc3C1*)C2(*)*,35,13,Ring,-=-------=---
*C1Nc2cccc3c2C(=NNC3=*)C1*,35,3,Ring,-=-
*c1ccc2oc(*)cc2n1,35,2,Ring,--
*c1ccc2c(c1*)C(*)C13CC(=*)C(*)(CCC21)C3,35,5,Ring,---=-
*C1CC2C(=*)NC(*)C(=*)NC(*)CSSCC(*)C(=*)NC(*)C(=*)NCC(=*)NC(*)C(=*)NCC(=*)N2C1,35,13,Ring,-=-=--=-==-==
*C1CC(*)c2ccccc2O1,35,2,Ring,--
*c1ccc2c(c1)N(*)C(=*)N(*)C2*,35,5,Ring,--=--
*C1C(*)C2C1C1=C(OC2(*)*)c2ccccc2NC1=*,35,5,Ring,----=
*c1cn2c(n1)C(*)C(*)C(*)C2*,35,5,Ring,-----
*C1=Cc2ccccc2C1,35,1,Ring,-
*c1cccc2n1cc(*)[n+]2*,35,3,Ring,---
*C1=Nn2cccc2C(=*)N1*,35,3,Ring,-=-
*C1CSSCC(*)C(=*)NC(*)C(=*)NC(*)C(=*)NC(*)C(=*)NC(*)C(=*)NC(*)C(=*)N1,35,13,Ring,--=-=-=-=-=-=
*c1ccc2c(c1)CC(*)C1CN(*)CCN21,35,3,Ring,---
*C1=NC1*,35,2,Ring,--
*c1ccc2c(c1)[nH]c1c(*)cc(*)c(*)c12,35,4,Ring,----
*c1ccc2c(c1)NC(=*)C1=C2NCCC1,35,2,Ring,-=
*C1=C(*)CN(*)C1,35,3,Ring,---
*c1cc2c3ccccc3nc-2c(*)[nH]1,35,2,Ring,--
*C1=NC2(CO1)c1cc(*)ccc1Oc1cnc(*)cc12,35,3,Ring,---
*c1cc(*)c2c(c1)C(=*)NC2,35,3,Ring,--=
*C1C(=*)OC2CC(=*)N21,35,3,Ring,-==
*C1=CN(*)c2c(ccc3c2nnn3*)C1=*,35,4,Ring,---=
*C1=CNC(=*)N1*,35,3,Ring,-=-
*C1CC(=*)NCCN1*,35,3,Ring,-=-
*c1cc(*)c2c(c1)CC(*)OC2=*,35,4,Ring,---=
*C1C=CC(*)(*)C(*)C(*)C(*)C(=*)C(*)C2C(*)C(*)(*)CC2(*)C1*,35,13,Ring,------=------
*c1ccc2c(c1)-c1nn(*)c(=*)c1=CN2,35,3,Ring,--=
*CCC(O)CC(O)CC*,35,2,Linker,--
*CCCC(=O)N(C)C*,35,2,Linker,--
*CC(=O)NCC(C*)COC(=O)C(C)(C)C,35,2,Linker,--
*OCO*,35,2,Linker,--
*C(=O)NNC(=*)C,35,2,Linker,-=
*C=C(C)C=N*,35,2,Linker,--
*N=NC=*,35,2,Linker,-=
*NC(=O)C(CCCCCC(=O)NO)NC(*)=O,35,2,Linker,--
*CN(*)S(=O)(=O)CC(F)(F)F,35,2,Linker,--
*CC(*)(C)N,35,2,Linker,--
*CC(=O)C(C)O*,35,2,Linker,--
*CCC(O)CC*,35,2,Linker,--
*C=CCC(*)O,35,2,Linker,--
*C(*)OCC,35,2,Linker,--
*CC(NC(=O)C(C*)NC(=O)C(C)NC(*)=O)C(*)=O,35,4,Linker,----
*CCC(*)(*)C#N,35,3,Linker,---
*CC(C=O)NC(=O)C(CC(C)C)NC(=O)O*,35,2,Linker,--
*C(=O)CN(CC)S(*)(=O)=O,35,2,Linker,--
*CC(=O)NN=C(S)N*,35,2,Linker,--
*NS(=O)(=O)NC(*)=O,35,2,Linker,--
*CCCNC(=O)CNC(*)=O,35,2,Linker,--
*CCNCC(O)C*,35,2,Linker,--
*CCNC(=O)C(*)OCC#C,35,2,Linker,--
*CCC(NC(*)=O)C(=O)OC(C)(C)C,35,2,Linker,--
*CN(C(=O)N*)C(C)C,35,2,Linker,--
*C=C(C(*)=O)C(=O)OCC,35,2,Linker,--
*OCCCCS*,35,2,Linker,--
*COC(C*)(C(=O)O)C(=O)O,35,2,Linker,--
*COC(=O)CNC(=O)CNC(*)=O,35,2,Linker,--
*CC(NC(=O)C(CC(C)C)NC(*)=O)C(=O)COC(*)=O,35,3,Linker,---
*CC(*)(C)NC(*)=O,35,3,Linker,---
*CCCC(*)(*)O,35,3,Linker,---
*CC(C*)NC(*)=O,35,3,Linker,---
*CN(*)CCO*,35,3,Linker,---
*C=CC(=O)NC(*)=O,35,2,Linker,--
*C(=O)N(*)CCO,35,2,Linker,--
*CC(NC(*)=O)C(=O)NCCC,35,2,Linker,--
*OC(=O)C(O)C(*)NC(=O)OCC,35,2,Linker,--
*CNC(=O)CN(*)C(=O)CNS(*)(=O)=O,35,3,Linker,---
*CC(NC(=O)C(CCCNC(=N)N)NC(=O)C(C*)NC(=O)C(C*)NC(C)=O)C(N)=O,35,3,Linker,---
*CCC(C=CS(*)(=O)=O)NC(*)=O,35,3,Linker,---
*C=NNC(=O)C(=C*)NC(*)=O,35,3,Linker,---
*OC(*)(C)CCC=C(C)C,35,2,Linker,--
*CC(N*)C(=O)OC,35,2,Linker,--
*CCCCCCCCCNCC(*)O,35,2,Linker,--
*C=NN=C(N)CC(*)O,35,2,Linker,--
*NC(=O)C(*)=NOC(*)C(C)C,35,3,Linker,---
*NNC(=O)C(*)=O,35,2,Linker,--
*CC(C)N(C)C*,35,2,Linker,--
*CNC(=O)CCS*,35,2,Linker,--
*C=CS(=O)(=O)NC*,35,2,Linker,--
*C=CCNC*,35,2,Linker,--
*NN=C(S)N*,35,2,Linker,--
*NCC(=O)NN=C(*)C,35,2,Linker,--
*C(=O)CCCCC(*)*,35,3,Linker,---
*C=C(OC)C(=O)N*,35,2,Linker,--
*CN(C)S(=O)(=O)C*,35,2,Linker,--
*SCC(*)*,35,3,Linker,---
*C(=O)NC(C(=O)NC(CCCCN)C(=O)OC(C)(C)C)C(*)C,35,2,Linker,--
*CCN(C*)CCCO*,35,3,Linker,---
*NN=C(*)Cl,35,2,Linker,--
*C(=O)NCCCC(NC(*)=O)C(=O)O,35,2,Linker,--
*CCC(=O)C*,35,2,Linker,--
*CSCCNS(*)(=O)=O,35,2,Linker,--
*NC(=O)CCCCCCCCCCO*,35,2,Linker,--
*CCS(=O)(=O)C*,35,2,Linker,--
*NC(*)CF,35,2,Linker,--
*C#CC(C)=CCON=*,35,2,Linker,-=
*OCC(O)CNC(*)=O,35,2,Linker,--
*CNC(=O)C(C*)N*,35,3,Linker,---
*CCCN(C)CCC*,35,2,Linker,--
*P(Cl)Cl,35,1,Sub,-
*C(=O)CCN(CC)CC,35,1,Sub,-
*OCC(C)(F)F,35,1,Sub,-
*OCCC#N,35,1,Sub,-
*C(=O)C(O)C(N)CC(C)C,35,1,Sub,-
*CCOS(C)(=O)=O,35,1,Sub,-
*C=CC(O)C(C)(C)CCCC,35,1,Sub,-
*C(=O)NN(C)C,35,1,Sub,-
*=CC(=O)NC,35,1,Sub,=
*CNCCC(C)C,35,1,Sub,-
*S(=O)(=O)NCC(C)O,35,1,Sub,-
*CCNS(=O)(=O)N(C)C,35,1,Sub,-
*S(=O)(=O)NC(=O)NC(C)C,35,1,Sub,-
*N(C)OC,35,1,Sub,-
*=C(O)OCC=C,35,1,Sub,=
*CCCNC(=O)CCC,35,1,Sub,-
*C#CCCCCCCCC,35,1,Sub,-
*CC(C)(C)C(=O)OC,35,1,Sub,-
*CC(C)CO,35,1,Sub,-
*C(=O)NC(CC(C)C)C(=O)OC(C)(C)C,35,1,Sub,-
*OC(=O)CN(C)C,35,1,Sub,-
*C(C)=NOCC,35,1,Sub,-
*OC(=S)N(C)C,35,1,Sub,-
*CSCCC,35,1,Sub,-
*N(C=O)CCCC,35,1,Sub,-
*COC(=O)C(C)CC,35,1,Sub,-
*C(=O)NC(CCC(N)=O)C(=O)NC(C(N)=O)C(C)O,35,1,Sub,-
*CNCC(C)O,35,1,Sub,-
*C(=O)NCCS(=O)(=O)O,35,1,Sub,-
*NC(=O)N(CCCC)CCCC,35,1,Sub,-
*C(=O)NC(C)C(C)(C)O,35,1,Sub,-
*COC(=O)CCCCCCCCCCCCC,35,1,Sub,-
*C=CCCS,35,1,Sub,-
*CC(=O)NCC#C,35,1,Sub,-
*S(=O)(=O)NC(C(=O)NO)C(C)C,35,1,Sub,-
*N(C)C(=O)C=C,35,1,Sub,-
*C(C)C=C,35,1,Sub,-
*CC(=O)NCCCN(CC)CC,35,1,Sub,-
*P(=O)(OC(C)C)OC(C)C,35,1,Sub,-
*C(=O)NCCNCCO,35,1,Sub,-
*OC(=O)NC(CCC(=O)O)C(=O)O,35,1,Sub,-
*CCCCCNC(=O)OC(C)(C)C,35,1,Sub,-
*C1=Cc2cnc(*)nc2NC1=*,34,3,Ring,--=
*c1nc(*)c2c(n1)nc(*)n2*,34,4,Ring,----
*c1ccc2c(n1)-c1cc3c(*)cccc3n1C(*)O2,34,3,Ring,---
*c1ccc2oc(*)nc2n1,34,2,Ring,--
*c1ccc2c(c1)N(*)Cc1ccccc1O2,34,2,Ring,--
*C1C(=*)C2CCN1CC2,34,2,Ring,-=
*C1=NN(*)C(=*)c2c1nn(*)c2*,34,5,Ring,--=--
*C1=CCC(*)C(*)=CC2OC(=*)C(=*)C2C(*)C1,34,6,Ring,---==-
*C1=NC2=C(C(=*)N1)C(*)CC(=*)N2,34,4,Ring,-=-=
*C1=CC2=CCC3C(CCC4(*)C(*)CCC34)C2(*)CC1,34,4,Ring,----
*c1ncc2c(n1)C=CN(*)C2=*,34,3,Ring,--=
*C1C=CCC1*,34,2,Ring,--
*C1(*)CCC2(*)CCC3(*)C(=CC(=*)C4C5(*)CCC(=*)C(*)(*)C5CCC43*)C2C1,34,10,Ring,----=-=---
*c1nc2c(n1*)CN(*)CC2,34,3,Ring,---
*c1nc2c(*)ccc(*)c2o1,34,3,Ring,---
*c1ccc(*)c2c1SC(=*)N2*,34,4,Ring,--=-
*C1CN(*)C(=*)N(*)C1,34,4,Ring,--=-
*C1=Nc2c(*)nn(*)c2C(=*)N1*,34,5,Ring,---=-
*C1=CS(=*)(=*)OC1(*)*,34,5,Ring,-==--
*N1C(=*)C(*)(*)N1*,34,5,Ring,-=---
*c1cc2c(cc1*)N(*)C(=*)CC2,34,4,Ring,---=
*N1CCN(*)C2(CCCCC2)C1,34,2,Ring,--
*c1cc2c(*)nc(*)nn2c1,34,3,Ring,---
*c1cc(*)c2c(c1*)CC(*)NC2*,34,5,Ring,-----
*c1ccc2c(c1)Nc1nccnc1S2,34,1,Ring,-
*C1CCCc2occc21,34,1,Ring,-
*[S+]1CCCC1,34,1,Ring,-
*c1ccc2c3c1CN(*)C(*)CN3C(=*)N2,34,4,Ring,---=
*c1[nH]nc2c1CC(*)CC2,34,2,Ring,--
*c1cc2c(s1)CCN2*,34,2,Ring,--
*c1nn(*)c2nccnc12,34,2,Ring,--
*N1CC[Si](*)(*)CC1,34,3,Ring,---
*C1=C(*)C(*)(*)C(=*)N1,34,5,Ring,----=
*c1ccc2c(c1)SCc1cnc(*)nc1-2,34,2,Ring,--
*C1=C(*)C(*)=C2SCC(*)N2C1=*,34,5,Ring,----=
*C1CCN(*)C(=*)N1,34,3,Ring,--=
*N1CCC(*)(*)C2(CCN(*)C2)C1,34,4,Ring,----
*C1=CC2=C(C=CC1=*)c1c(cc(*)c(*)c1*)CCC2*,34,6,Ring,-=----
*C1CC2C(*)(*)C(*)CCC2(*)C(*)C1=*,34,7,Ring,------=
*c1nc(*)c2c(n1)CCC(*)N2*,34,4,Ring,----
*c1cc(*)c2c(c1)C1OC1CC(*)C(*)C(=*)C=CCC(*)OC2=*,34,7,Ring,----=-=
*c1oc2c(*)ncc(*)c2c1*,34,4,Ring,----
*C1CC2(CCN(*)CC2)NC1=*,34,3,Ring,--=
*C1=C(*)C(*)c2c(c(=*)c3ccccc3c2=*)O1,34,5,Ring,---==
*C1=NNC(*)S1,34,2,Ring,--
*c1ccc(*)c2sccc12,34,2,Ring,--
*C1Cc2nccn2C1,34,1,Ring,-
*c1ccc2c(c1)C(=*)N1C3c4cc(*)ccc4OCC3C(*)C1(*)C(=*)N2,34,6,Ring,-=---=
*C1CCOC(*)(*)O1,34,3,Ring,---
*C1=C2C(=*)OC(*)C2(*)CCC1,34,4,Ring,-=--
*C1CCNC(=*)N1,34,2,Ring,-=
*c1ccc2c(c1)NCCN(*)S2(=*)=*,34,4,Ring,--==
*N1CCC(=*)N1*,34,3,Ring,-=-
*c1cccc2nnc(*)n12,34,2,Ring,--
*C1=Nc2ccc(*)cc2C1=*,34,3,Ring,--=
*c1cc(*)c2c(c1)N(*)C(=*)N2*,34,5,Ring,---=-
*C1=CC(=*)c2c(ccc3c2ccn3*)N1,34,3,Ring,-=-
*c1cc2c([nH]1)C1(CCNCC1)CNC2=*,34,2,Ring,-=
*c1nn(*)c2c1ccc1[nH]ncc12,34,2,Ring,--
*C1=Nc2c(*)ncnc2OC1(*)*,34,4,Ring,----
*c1ccc2c(c1*)C13CCN(*)C(C2)C1(*)CCC(=*)C3,34,5,Ring,----=
*C1CC23OC2(c2ccccc21)C1CC(*)C3(*)C1(*)*,34,5,Ring,-----
*C1C(=*)Nc2ccccc2C(=*)N1*,34,4,Ring,-==-
*C1=CC(*)(*)Nc2ccc3c(c21)C(=*)Oc1ccc(*)cc1-3,34,5,Ring,---=-
*c1cc(=*)c(=*)nc1*,34,4,Ring,-==-
*c1ccc2c(n1)CCCC2,34,1,Ring,-
*n1c2ccccc2c2ccncc21,34,1,Ring,-
*c1cc2c(cc1*)CCCCC2,34,2,Ring,--
*c1cnc(*)n2cnc(*)c12,34,3,Ring,---
*N1C(=*)OC(*)(*)C1(*)*,34,6,Ring,-=----
*N1CCc2ncccc2C1,34,1,Ring,-
*=C1SCCCS1,34,1,Ring,=
*C1=C(*)C(*)C2CC3Cc4c(c(*)c5cc(*)ccc5c4*)C(=*)C3=C(*)C2(*)C1=*,34,10,Ring,------=--=
*C1C(=*)NC1=*,34,3,Ring,-==
*c1ccc2c(c1)C1=C(OCC(*)(*)C(*)N1)C(=*)N2*,34,6,Ring,----=-
*C1CC12CCc1ccccc12,34,1,Ring,-
*C1CC(*)C12CCCC2,34,2,Ring,--
*c1cc2c(cn1)C(*)CC2,34,2,Ring,--
*N1CC(=*)N2CCCCC2C1=*,34,3,Ring,-==
*C1=CC(*)N(*)N1,34,3,Ring,---
*c1cc2c(*)c[nH]c2c(*)c1*,34,4,Ring,----
*c1cn2c(ccc3c(*)cc(*)nc32)n1,34,3,Ring,---
*c1cc(*)c2c(c1)N=CN(*)C2=*,34,4,Ring,---=
*c1cc2c([nH]c3ccccc32)c(*)c1*,34,3,Ring,---
*C1Cc2ccc(cc2)OCCCC(*)C(*)C(=*)N1,34,4,Ring,---=
*c1ccc2c(c1)C(=*)NC=C2,34,2,Ring,-=
*C1=C(*)c2cc(*)ccc2SC1,34,3,Ring,---
*c1cnc2n1CC(*)OC2,34,2,Ring,--
*c1cc2ncc3ncn(*)c3c2cc1*,34,3,Ring,---
*C1=NC(*)CC(*)N1,34,3,Ring,---
*C1=CC(=*)CC1,34,2,Ring,-=
*N1CC2CCC1(*)CC2,34,2,Ring,--
*C1=Nc2c(*)cccc2C(=*)O1,34,3,Ring,--=
*C1=NCCC(*)N1,34,2,Ring,--
*C1=NC2=C(C(=*)N1*)C(*)C(*)=C(*)O2,34,6,Ring,-=----
*c1sc2c(c1*)C(=*)N(*)C(=*)N2,34,5,Ring,--=-=
*C1=CSc2ccc(*)cc2C1=*,34,3,Ring,--=
*N1CCC2(CC1)OCCCO2,34,1,Ring,-
*N1C(=*)C2Cc3ccccc3CN2C1(*)*,34,4,Ring,-=--
*c1cc(*)c2sc(*)c(*)c2n1,34,4,Ring,----
*c1cccc2c1Nc1c(*)cccc1C2=*,34,3,Ring,--=
*c1ccc2c(c1)CC(=*)NC2=*,34,3,Ring,-==
*C1=CC(*)CC1,34,2,Ring,--
*C1C(=*)NC(=*)C(*)(*)C1=*,34,6,Ring,-==--=
*c1[nH]nc2c1CN(*)CC2,34,2,Ring,--
*C1=Nc2snc(*)c2C(=*)N1,34,3,Ring,--=
*=C1Nc2ccccc2N1,34,1,Ring,=
*C1=NC2(CCO1)c1cc(*)ccc1Oc1c2cc(*)nc1*,34,4,Ring,----
*C1Cc2ccccc2CO1,34,1,Ring,-
*C1=CCCCO1,34,1,Ring,-
*c1nc2[nH]nc(*)c2c(*)c1*,34,4,Ring,----
*C1=CC(=*)c2cc3c(*)cc(*)nc3c(*)c2O1,34,5,Ring,-=---
*C1=NS(=*)(=*)c2cc(*)c(*)cc2N1,34,5,Ring,-==--
*C1CCCCCCCCCCC1=*,34,2,Ring,-=
*c1ccc2c(c1)N(*)C(=*)C=N2,34,3,Ring,--=
*C1=[N+](*)c2ccc(*)cc2C1=*,34,4,Ring,---=
*c1ccc2c(ccn2*)n1,34,2,Ring,--
*C1=Nc2c(*)csc2C(=*)N1,34,3,Ring,--=
*c1nc2sc(*)cc2[nH]1,34,2,Ring,--
*N1CC2CNC2C1,34,1,Ring,-
*c1nccn2c(*)nnc12,34,2,Ring,--
*NC(=O)C(*)CCCC,34,2,Linker,--
*NC(=O)C(*)(C)NCC(*)O,34,3,Linker,---
*CC(*)NC(=O)C(CC(C)C)NC(*)=O,34,3,Linker,---
*CN=C(S)N(C*)C*,34,3,Linker,---
*N(*)C(=O)CCC(=O)O,34,2,Linker,--
*ON=C(*)C,34,2,Linker,--
*CN(C)C(=O)C(*)NC(*)=O,34,3,Linker,---
*CC(=O)N(*)CC=C,34,2,Linker,--
*C(=O)NCCC(*)O,34,2,Linker,--
*CNC(C*)CO,34,2,Linker,--
*CSCC(=O)C(CC(=O)O)NC(*)=O,34,2,Linker,--
*SCCCNC(*)=O,34,2,Linker,--
*OCC(=O)N=*,34,2,Linker,-=
*CN(CC(=O)NC)C(*)=O,34,2,Linker,--
*CCC(=O)OC(C)C(=O)N*,34,2,Linker,--
*CN(CCC)C(=O)N*,34,2,Linker,--
*NCCCCCO*,34,2,Linker,--
*CNC(=O)C(*)C(C)C,34,2,Linker,--
*C(=O)OC(*)C(*)=O,34,3,Linker,---
*NCCCCCCCCCCNC(*)=O,34,2,Linker,--
*CCC(=O)OCC(=O)NC*,34,2,Linker,--
*CCC(CP(=O)(O)C*)C(=O)NC(C(=O)NC)C(C)(C)C,34,2,Linker,--
*C(=O)NC(*)C(C)(C)C,34,2,Linker,--
*NC(=O)CC(NC(*)=O)C(*)=O,34,3,Linker,---
*C(=O)C(=O)NC(*)C,34,2,Linker,--
*CC(CC(=O)O)C(=O)N*,34,2,Linker,--
*CCCCCCCCC(*)=O,34,2,Linker,--
*C=NCCN*,34,2,Linker,--
*CN(CC)CCCCO*,34,2,Linker,--
*COP(=O)([O-])OP(=O)(O)OC*,34,2,Linker,--
*SC(N)=C(C#N)C(C#N)=C(N)S*,34,2,Linker,--
*CC(NC(*)=O)C(=O)NC(C*)C(O)C(O)CC(C)C,34,3,Linker,---
*CNC(=O)C(*)OC(*)=O,34,3,Linker,---
*C=C(*)C(=O)OC*,34,3,Linker,---
*CCNC(=O)C(C)C(*)OC,34,2,Linker,--
*CCN(C)CCCO*,34,2,Linker,--
*C(*)C(F)(F)F,34,2,Linker,--
*NC(=O)N(*)CCO,34,2,Linker,--
*CCCON=*,34,2,Linker,-=
*NCC(=O)NN=*,34,2,Linker,-=
*CCNC(=O)CCCO*,34,2,Linker,--
*CC(*)(O)C(C)S*,34,3,Linker,---
*NCCCCCCCCCCCCN*,34,2,Linker,--
*C=NN(C(*)=O)C(*)=O,34,3,Linker,---
*C=CO*,34,2,Linker,--
*C(=O)N(*)CC(F)(F)F,34,2,Linker,--
*NC(=O)CNC(*)*,34,3,Linker,---
*C(*)=NS(*)(=O)=O,34,3,Linker,---
*CC(CS)C(=O)N*,34,2,Linker,--
*C#CCCCC*,34,2,Linker,--
*CCNC(=O)NC(*)C,34,2,Linker,--
*COC(=S)N*,34,2,Linker,--
*CCNC(=O)NC(*)=O,34,2,Linker,--
*CC(*)C#CC,34,2,Linker,--
*CCCCCCCN*,34,2,Linker,--
*NC(=S)NC(NC(*)=O)C(Cl)(Cl)Cl,34,2,Linker,--
*OCCCSC(*)=S,34,2,Linker,--
*CC(*)NC(=O)N*,34,3,Linker,---
*C(*)N=[N+]=[N-],34,2,Linker,--
*OCCNCCO*,34,2,Linker,--
*C(=O)COC(=O)CCNS(*)(=O)=O,34,2,Linker,--
*COC(=O)NC(CC(C)C)C(=O)N*,34,2,Linker,--
*C(O)CCC(*)O,34,2,Linker,--
*C=CC(C)=NNC(*)=O,34,2,Linker,--
*N(CCC#N)S(*)(=O)=O,34,2,Linker,--
*COC(=O)NC(CNC(*)=O)C(=O)O,34,2,Linker,--
*C(=O)C(*)CC(C)C,34,2,Linker,--
*C=CC=CC(=O)NO,34,1,Sub,-
*COC(=O)C(CCC)CCC,34,1,Sub,-
*C(=O)NCCC(=O)NO,34,1,Sub,-
*C(=O)CCC(=O)OCC,34,1,Sub,-
*C=CC=CC=CC(=O)O,34,1,Sub,-
*OCC(=O)NCCOC,34,1,Sub,-
*OCCCCCCO[N+](=O)[O-],34,1,Sub,-
*C(CO)C(=O)OC,34,1,Sub,-
*S(=O)(=O)NC(=N)OC,34,1,Sub,-
*C(P(=O)(O)O)P(=O)(O)O,34,1,Sub,-
*OCCN=[N+]=[N-],34,1,Sub,-
*CC(CF)CF,34,1,Sub,-
*CCCS(=O)(=O)N(C)C,34,1,Sub,-
*C(C)OCCCCCC,34,1,Sub,-
*CCCCCCBr,34,1,Sub,-
*C=C(C(=O)OC)C(=O)OC,34,1,Sub,-
*C=CC(C)O,34,1,Sub,-
*COC=O,34,1,Sub,-
*N(CC)CCC,34,1,Sub,-
*C(=O)OCC(CC)CCCC,34,1,Sub,-
*CCN=C=S,34,1,Sub,-
*S(=O)(=O)NCCC(=O)O,34,1,Sub,-
*P(C)(=O)O,34,1,Sub,-
*C(=O)NC(CO)C(=O)OC,34,1,Sub,-
*COC(=O)CCCCCCCCC,34,1,Sub,-
*C(=NO)NC(CC)CC,34,1,Sub,-
*NC(=O)NC(CC)CO,34,1,Sub,-
*NCC(C)(C)CN(C)C,34,1,Sub,-
*CCCCCC(=O)C(C)O,34,1,Sub,-
*NCC(C)(C)OC,34,1,Sub,-
*NC(CC(C)C)C(=O)O,34,1,Sub,-
*NC(=O)CNC(=O)CN,34,1,Sub,-
*NC(=O)CCS(C)(=O)=O,34,1,Sub,-
*C(O)CN(CC)CC,34,1,Sub,-
*C(F)(F)C(F)F,34,1,Sub,-
*NC(=S)NC(=O)C(C)(C)C,34,1,Sub,-
*C(C)(C)CN,34,1,Sub,-
*C(C)=NOCC(=O)O,34,1,Sub,-
*C=C(C)C(N)=O,34,1,Sub,-
*C(O)C(C)N,34,1,Sub,-
*C=CC=C(C)C(=O)O,34,1,Sub,-
*N(CC=C)S(C)(=O)=O,34,1,Sub,-
*C=CC(C)(O)CCCCC,34,1,Sub,-
*S(=O)(=O)NC(CCC(=O)O)C(=O)O,34,1,Sub,-
*CCSCC,34,1,Sub,-
*C(=O)CCS(C)(=O)=O,34,1,Sub,-
*C(=O)NCC(CC)CCCC,34,1,Sub,-
*NCC(=O)NO,34,1,Sub,-
*[SeH],34,1,Sub,-
*=NCCN(C)C,34,1,Sub,=
*N1CCC2(CCCO2)CC1,33,1,Ring,-
*c1ccc2c(c1)NC(=*)C(*)(*)O2,33,4,Ring,-=--
*c1cc(*)c2c(*)onc2n1,33,3,Ring,---
*N1C(=*)Nc2c(cnn2*)C1=*,33,4,Ring,-=-=
*C1=NCCc2cc(*)ccc21,33,2,Ring,--
*C1=C(*)N2C(=*)C(*)C2S(=*)(=*)C1*,33,7,Ring,--=-==-
*C1=CC2=NC(=*)C(=*)C(=*)N2O1,33,4,Ring,-===
*c1nnc(*)n2c(*)nc(*)c12,33,4,Ring,----
*N1CCCCCCCC1,33,1,Ring,-
*n1ccc2cnccc21,33,1,Ring,-
*c1cc(*)c2c(*)c(*)cc(*)c2n1,33,5,Ring,-----
*c1c2c(n(*)c1=*)=CSS2,33,3,Ring,--=
*c1nnc2n1CC(*)N(*)C2,33,3,Ring,---
*N1CCN(*)C2CCCCC21,33,2,Ring,--
*C1CCN2CCCC12,33,1,Ring,-
*c1cn(*)c2c(*)cncc12,33,3,Ring,---
*c1ccc2c(c1)CCC1C2CCC2(*)C(=*)C(*)CC12,33,4,Ring,--=-
*C1=NC(*)(*)Cc2cc(*)ccc21,33,4,Ring,----
*c1ccc(*)c2c1Oc1ccccc1C2=*,33,3,Ring,--=
*c1ccc2c(c1)NCCO2,33,1,Ring,-
*N1CCCSCC1,33,1,Ring,-
*C1SCCNC1=*,33,2,Ring,-=
*C1=Cc2ncc(*)cc2NC1=*,33,3,Ring,--=
*=C1CCCCCCCCCCC(=*)NCC1,33,2,Ring,==
*c1csc2c1CCCCC2,33,1,Ring,-
*c1nn(*)c2c1C(=*)NC=N2,33,3,Ring,--=
*C1=C2N(*)CCN2C(*)CC1*,33,4,Ring,----
*C1CCCCNC1,33,1,Ring,-
*c1ccc2c(c1)OCCc1sc(*)nc1-2,33,2,Ring,--
*C1OC2CC3C4CCC5=CC(=*)C=CC5(*)C4C(*)CC3(*)C2(*)O1,33,6,Ring,-=----
*c1nc2n(n1)C(=*)NC(=*)N2,33,3,Ring,-==
*C1CC(*)(*)C(*)C(*)C(*)C(*)C(=*)OC(*)C(*)(*)C(*)C(*)C(=*)N1,33,14,Ring,-------=-----=
*C1CNC(*)CN1,33,2,Ring,--
*c1nc2c3nc[nH]c3nc(*)n2n1,33,2,Ring,--
*c1cc2c(cn1)c(*)cn2*,33,3,Ring,---
*c1c(*)c2nc3ccccc3n2c2ccccc12,33,2,Ring,--
*C1N=Cc2cccn2C1*,33,2,Ring,--
*[N+]12CCC34c5ccccc5N5C6OCC=C7C[N+]8(*)CCC9%10c%11ccccc%11N(C%11OCC=C(C1)C(CC32)C%11C54)C9C6C7CC%108,33,2,Ring,--
*c1ccc2c(c1)C1(CCN(*)CC1)CO2,33,2,Ring,--
*c1cc2c(c(*)c1*)OC(*)C2,33,4,Ring,----
*C1CCNC(=*)C(*)NC(=*)C(*)NC(=*)C(*)NC(=*)C(*)NC(=*)C(*)NC(=*)C(*)NC1=*,33,14,Ring,-=-=-=-=-=-=-=
*c1cc2sc(*)cc2s1,33,2,Ring,--
*C1(*)COC(*)(*)O1,33,4,Ring,----
*c1ccc2c(c1)C(=*)C(=*)C2=*,33,4,Ring,-===
*N1CC=CC1(*)*,33,3,Ring,---
*c1ccc2c(c1)OCC(*)NCC(*)C(*)CN(*)C2=*,33,6,Ring,-----=
*c1ccc2c(c1)SCCN2*,33,2,Ring,--
*c1ccc2c(*)c(*)sc2c1*,33,4,Ring,----
*c1cc(*)c2c(c1)OC(*)(*)C1CCC(=*)CC21,33,5,Ring,----=
*c1ccc2c(c1)CNc1c(*)ncnc1O2,33,2,Ring,--
*c1cc2c(cc1*)-c1c(*)c(*)nn1C(=*)N2,33,5,Ring,----=
*B1Oc2c(ccc(*)c2*)CC1*,33,4,Ring,----
*c1ccc2c(c1)CC(*)C(*)C(=*)N2*,33,5,Ring,---=-
*C1(*)CCCS1,33,2,Ring,--
*C1CC2Cc3[nH]ncc3C(C1)N2*,33,2,Ring,--
*c1nc2c(s1)C(=*)N(*)C(=*)N2*,33,5,Ring,-=-=-
*C1C2=C(CCCC2=*)NC2=C1C(=*)c1ccccc12,33,3,Ring,-==
*C1=CCCNC1*,33,2,Ring,--
*C1C(=*)NC(=*)C2CCCN12,33,3,Ring,-==
*C1=C(*)C2N(*)c3ccccc3C23CCC(=*)N(*)C3=N1,33,5,Ring,---=-
*c1cc(*)c2c(c1)N(*)C(=*)C=C2,33,4,Ring,---=
*C1=CNc2c(*)cccc2C1=*,33,3,Ring,--=
*c1nc2cc3c(cc2[nH]1)NC(=*)C3(*)*,33,4,Ring,-=--
*c1cnc2snc(*)c2c1,33,2,Ring,--
*C1=C2CCCCN2CCC1,33,1,Ring,-
*N1CCC2CNC2C1,33,1,Ring,-
*c1cc2c(cc1*)C13CCN4C=CCC(*)(C(*)C(*)(*)C1N2*)C43,33,7,Ring,-------
*N1C(=*)SC2=C1CCCC2,33,2,Ring,-=
*C1=C2SC=C3CN(*)c4c(*)c(*)cc(c4N32)C1=*,33,5,Ring,----=
*N1CCC2(CC1)C(=*)NCCN2*,33,3,Ring,-=-
*C1c2ccccc2C(=*)N(*)c2ccccc21,33,3,Ring,-=-
*c1cc2c(=*)[nH]c(=*)c2cc1*,33,4,Ring,-==-
*C1=Nc2c(*)nn(*)c2C(=*)NC1,33,4,Ring,---=
*c1cnc2c(c1)CCC2*,33,2,Ring,--
*C1CN(*)C(=*)NC1=*,33,4,Ring,--==
*c1nc(*)c2c(n1)NCC2(*)*,33,4,Ring,----
*N1CCN(*)CCN(*)CCN(*)CC1,33,4,Ring,----
*C1=CC(*)NC(*)N1,33,3,Ring,---
*=C1Nc2ccccc2SC1=*,33,2,Ring,==
*C1CC2CN(*)CCC2O1,33,2,Ring,--
*N1CCN2C(=*)OC(*)(*)C2C1,33,4,Ring,-=--
*C1=CC(*)SC1*,33,3,Ring,---
*C1C2CCCN2C2(C(=*)Nc3ccccc32)C1*,33,3,Ring,-=-
*C1=NOC2(C1)CN(*)C2,33,2,Ring,--
*C1=CC2C(*)CCC(*)(*)C2CC1,33,4,Ring,----
*C1=CC=CC(*)C(*)C(*)C(*)C(*)C(*)C(*)C(*)C=COC2(*)Oc3c(*)c(*)c4c(=*)c(c(*)c(=*)c4c3C2=*)NC1=*,33,17,Ring,------------=-===
*C1C2C(*)C2C(*)(*)C1*,33,5,Ring,-----
*c1ncc2c(n1)N(*)CC(=*)N2,33,3,Ring,--=
*c1cc2c(cc1*)N(*)C(*)C2,33,4,Ring,----
*c1csc2c1C(=*)N(*)C(=*)N2*,33,5,Ring,-=-=-
*n1c2c(c3ccccc31)C(=*)CCC2,33,2,Ring,-=
*c1cnc2[nH]c(*)c(*)c2c1,33,3,Ring,---
*c1ccc2c(c1)C(*)(*)NC(=*)N2,33,4,Ring,---=
*c1cc2c(cc1*)C1=C(CCC1)C(=*)O2,33,3,Ring,--=
*C1CC2C3CCC(=*)C3(*)CCC2C2(*)CCCC=C12,33,4,Ring,-=--
*C1=C(*)N(*)S(=*)(=*)c2ccc(*)cc21,33,6,Ring,---==-
*C1CCC2(*)C(C(=*)C=C3C4CC(*)(*)CCC4(*)CCC32*)C1(*)*,33,9,Ring,--=------
*C1(*)c2ccccc2C2=NCCCN21,33,2,Ring,--
*=C1CCN2C(=*)c3ccccc3N=C12,33,2,Ring,==
*C1=NNC(=*)NC1*,33,3,Ring,-=-
*c1ccc2c(c1)C1C(CO2)C(*)C2(*)C(=*)N(*)C(=*)N12,33,6,Ring,---=-=
*c1ccc2c(c1)C(=*)CCS2,33,2,Ring,-=
*c1ccc2c(c1)-c1nc(*)sc1C(*)(*)CO2,33,4,Ring,----
*C1OCC2(*)C(CCC3(*)C(*)C(=*)CCC23)O1,33,5,Ring,----=
*c1ccc2c(c1*)OCC(*)C2,33,3,Ring,---
*c1cccc2c1[nH]c1c2c2c(=*)n(*)c(=*)c2c2c3cccc(*)c3n(*)c12,33,6,Ring,-=-=--
*C1=C(*)C(=*)C2(*)C(=C1)Oc1c(*)c(*)cc(*)c12,33,7,Ring,--=----
*c1ncnc2cc3c(cc12)N(*)CCO3,33,2,Ring,--
*C1=C(*)c2cccn2-c2ccccc2O1,33,2,Ring,--
*C1=NN(*)C2C(=*)N(*)C(=*)C12,33,5,Ring,--=-=
*c1ccc2c(=*)c(*)cc(=*)c2n1,33,4,Ring,-=-=
*c1cccc2c1CCC1C2CCCN1*,33,2,Ring,--
*C1C2=C(CCCC2=*)NC2=C1S(=*)(=*)CC2,33,4,Ring,-===
*c1ccc2c(c1)C(=*)C(*)CO2,33,3,Ring,-=-
*c1nc2c(s1)CCc1onc(*)c1-2,33,2,Ring,--
*c1cnc2n1CCC2,33,1,Ring,-
*c1cc2c(c(*)c1*)C(=*)C(*)C2*,33,6,Ring,---=--
*c1cn(*)c2c1C(=*)NC=N2,33,3,Ring,--=
*c1nnc2ccncc2n1,33,1,Ring,-
*N1CCC2(CCNC2)CC1,33,1,Ring,-
*c1ccc2c(c1)Sc1cc(*)ccc1N2*,33,3,Ring,---
*c1cc2ncccn2n1,33,1,Ring,-
*C1CCCOC(*)(*)C1,33,3,Ring,---
*N1C(=*)COCC1=*,33,3,Ring,-==
*c1cc2c(cc1*)C1(OC2)OC(*)C(*)C(*)C1*,33,6,Ring,------
*C1=CC(=*)N(*)c2c1cc(*)c(*)c2*,33,6,Ring,-=----
*c1nc2sc3c(*)ncnc3c2c2c1CCCC2,33,2,Ring,--
*c1sc(*)c2c1CC(*)(*)C2*,33,5,Ring,-----
*C1=Nc2ccccc2NC(*)=C1*,33,3,Ring,---
*N1C(=*)c2c(sc3c2CCCCC3)N(*)C1=*,33,4,Ring,-=-=
*c1cc2c(cc1*)NC(=*)C(=*)N2,33,4,Ring,--==
*c1cc2c(c(*)c1*)CCNCC2*,33,4,Ring,----
*c1nc2c([nH]1)CC(*)(*)CNC2=*,33,4,Ring,---=
*C(=O)C(*)NC(C)=O,33,2,Linker,--
*C(C)NC(=O)N(*)C,33,2,Linker,--
*CC(NC(=O)OC(C)(C)C)C(=O)O*,33,2,Linker,--
*CC(*)(*)C#N,33,3,Linker,---
*CCOCCOCCN*,33,2,Linker,--
*CC(*)=N,33,2,Linker,--
*N(CC(=O)NC(C)(C)C)S(*)(=O)=O,33,2,Linker,--
*C(*)CS(*)(=O)=O,33,3,Linker,---
*N=NC(=*)[N+](=O)[O-],33,2,Linker,-=
*C(=N)NC(*)=O,33,2,Linker,--
*NC(=O)C(C)=NNC(*)=O,33,2,Linker,--
*CCN(C*)CCC,33,2,Linker,--
*COC(=O)NC(C*)C(O)CC(C*)NC(=O)C(NC(=O)OC*)C(C)C,33,4,Linker,----
*CCC(C)(C)NCC(*)O,33,2,Linker,--
*CCNCCCCCCNCC*,33,2,Linker,--
*CCOCCOCCOCCN*,33,2,Linker,--
*CNC(=O)CCC(*)C,33,2,Linker,--
*CSC(C)C(=O)N*,33,2,Linker,--
*S(=O)(=O)NCCON=*,33,2,Linker,-=
*C(=O)C(C)NS(*)(=O)=O,33,2,Linker,--
*NC(=O)N=[S+](*)(N)[O-],33,2,Linker,--
*NC(=O)C(C)OC(=O)CNC(*)=O,33,2,Linker,--
*OCC(=O)ONC(*)=N,33,2,Linker,--
*CCCNC(*)=NC#N,33,2,Linker,--
*C(=O)NCC(=O)NCC(NC(*)=O)C(=O)O,33,2,Linker,--
*NC(=O)N(*)CCC,33,2,Linker,--
*NC(=O)CCC(=O)NNC(*)=O,33,2,Linker,--
*CNCCCCN*,33,2,Linker,--
*C(*)([2H])[2H],33,2,Linker,--
*C(*)N(*)C,33,3,Linker,---
*CCN(CCC)C(*)=O,33,2,Linker,--
*NC(=O)COC(=O)CCS(*)(=O)=O,33,2,Linker,--
*NC(=O)C(=O)C(*)C(=O)C(=O)OC,33,2,Linker,--
*CC(N=*)C(=O)O,33,2,Linker,-=
*CC(*)NC(=O)C(C*)NC(=O)OC,33,3,Linker,---
*NC(=O)C(C)OC(=O)CO*,33,2,Linker,--
*CNS(=O)(=O)NC(C*)C(*)=O,33,3,Linker,---
*N(C)C(=O)CCS(*)(=O)=O,33,2,Linker,--
*C(*)NC(=O)CCC,33,2,Linker,--
*CN(C(=O)CNC(*)=O)C(*)C(=O)N*,33,4,Linker,----
*CCC(=O)NCCO*,33,2,Linker,--
*CN(C*)CCCN,33,2,Linker,--
*CC(*)=NS(*)(=O)=O,33,3,Linker,---
*C(=O)NC(*)CC(=O)OCC,33,2,Linker,--
*CC(*)NC(=O)C(CC(C)C)NC(=O)N*,33,3,Linker,---
*OCS(*)(=O)=O,33,2,Linker,--
*C(=O)CCCN,33,1,Sub,-
*=CC(C)=CC=CC(C)=CC(=O)O,33,1,Sub,=
*C(=O)OCC(=O)NC(C)C,33,1,Sub,-
*CC(=O)NS(=O)(=O)C(F)(F)F,33,1,Sub,-
*NC(=O)CCS,33,1,Sub,-
*CC(=O)N(C)CCCC,33,1,Sub,-
*C=CC(C)CC,33,1,Sub,-
*C(=O)NCCCCN(C)C,33,1,Sub,-
*NC(=O)CS(C)(=O)=O,33,1,Sub,-
*S(=O)(=O)N(CCOC)CCOC,33,1,Sub,-
*CN(C)C(=O)COC,33,1,Sub,-
*C(=O)OCC(=O)OCC,33,1,Sub,-
*SCC(=O)NCC,33,1,Sub,-
*[BH2-]C#N,33,1,Sub,-
*CNC(=O)CC(C)(C)C,33,1,Sub,-
*C(=O)NCCCCCCCCCC,33,1,Sub,-
*NC(=O)N(C)N=O,33,1,Sub,-
*OCCNCCO,33,1,Sub,-
*COC(=O)C=CC,33,1,Sub,-
*NCCCCCCCCCCCCCC,33,1,Sub,-
*C(=O)NCCCCCCCCCCCCCC,33,1,Sub,-
*NC(=O)CC(=O)CCCCCCCCC,33,1,Sub,-
*OP(=S)(OCC)OCC,33,1,Sub,-
*=CCCCCCC,33,1,Sub,=
*NC(=O)NC(CC(C)C)C(=O)NO,33,1,Sub,-
*CC=CCO,33,1,Sub,-
*C(C)(N)CO,33,1,Sub,-
*C(C)C(O)C(O)C(CC)C(C)C,33,1,Sub,-
*NC(=O)C(NC(C)=O)C(C)C,33,1,Sub,-
*C=C(C#N)C(N)=S,33,1,Sub,-
*OCCOC(C)=O,33,1,Sub,-
*OCCOCCCC,33,1,Sub,-
*CNCCCN(CC)CC,33,1,Sub,-
*C(C)C(OC)C(C)C(=O)O,33,1,Sub,-
*CCC(=O)NCC,33,1,Sub,-
*C(CF)CF,33,1,Sub,-
*C(=O)NCCCNC(=N)N,33,1,Sub,-
*C=C(C(C)=O)C(C)=O,33,1,Sub,-
*OCC(O)C(C)NC(C)C,33,1,Sub,-
*B(OC(C)(C)C(C)(C)O)OC(C)(C)C(C)(C)O,33,1,Sub,-
*C=CCCSC(=O)CCCCCCC,33,1,Sub,-
*C(=O)NNCC,33,1,Sub,-
*SCCCN(C)C,33,1,Sub,-
*C[P+](CCCC)(CCCC)CCCC,33,1,Sub,-
*NCC(P(=O)(O)O)P(=O)(O)O,33,1,Sub,-
*C(N)CC(N)=O,33,1,Sub,-
*C[S+]([O-])CC(N)=O,33,1,Sub,-
*CC(=O)NCC(C)(C)C,33,1,Sub,-
*NC(=O)CC(N)CCCN,33,1,Sub,-
*CCC(=O)NCCCC,33,1,Sub,-
*C(=O)C(NC(=O)OC)C(C)(C)C,33,1,Sub,-
*C(=O)C(=O)NCC=C,33,1,Sub,-
*CC#CCC,33,1,Sub,-
*CCC(=O)NC(CCC(=O)O)C(=O)NC(CCC(=O)O)C(N)=O,33,1,Sub,-
*NC(=O)NCCCOC,33,1,Sub,-
*NC(=S)NN,33,1,Sub,-
*COC(=O)N(C)C,33,1,Sub,-
*CCC=O,33,1,Sub,-
*CCNCCCN(C)C,33,1,Sub,-
*OCC(F)(F)C(F)(F)F,33,1,Sub,-
*CC(O)CCl,33,1,Sub,-
*c1cc(*)c2c(c1)CC(*)N2*,32,4,Ring,----
*C1=CC(*)(*)Nc2ccc3c(c21)C(*)Oc1ccccc1-3,32,4,Ring,----
*C1=COC(*)C2C1CC(*)C2*,32,4,Ring,----
*C1CC12CCOCC2,32,1,Ring,-
*C1=Nn2c(*)nnc2SC1=*,32,3,Ring,--=
*c1ccc2c(c1)C1(CCN(*)CC1)C(=*)N2,32,3,Ring,--=
*c1ccc2c(c1)OC1(CCOCC1)CC(=*)N2,32,2,Ring,-=
*C1CC2C(=*)CN(*)C(Cc3c1[nH]c1ccccc31)C2(*)*,32,5,Ring,-=---
*C1=C2NC(=*)c3cc(*)ccc3N2C(=*)S1,32,4,Ring,-=-=
*C1=C(*)C2(CCCCC2)C1=*,32,3,Ring,--=
*C1=c2cc(*)c(=*)cc2Oc2cc(*)c(*)cc21,32,5,Ring,--=--
*C1CN(*)Cc2c1cnn2*,32,3,Ring,---
*c1ccc2c(c1)[Se]N(*)C2=*,32,3,Ring,--=
*n1c(=*)c2cccc3c2c1cc1cccnc1n3*,32,3,Ring,-=-
*c1nc2c([nH]1)c1c(c3ccccc32)OC(*)(*)CC1,32,3,Ring,---
*N1C(=*)C2Cc3c([nH]c4ccccc34)CN2C1(*)*,32,4,Ring,-=--
*c1nnc2n1C1CCN(*)CC1CC2,32,2,Ring,--
*c1nc(*)c2c(n1)N(*)CC(=*)N2,32,4,Ring,---=
*C1=NC2=NN(*)C(=*)N2C=C1,32,3,Ring,--=
*N1C(=*)C(=*)Nc2ccccc21,32,3,Ring,-==
*c1nc(*)c2c(n1)C=CN(*)C2=*,32,4,Ring,---=
*C1CCC2(*)C(CC(*)C3(*)C2CCC24CC23CCC4*)C1(*)*,32,7,Ring,-------
*C1=C(*)S(=*)(=*)N(*)C1=*,32,6,Ring,--==-=
*c1cc2c3c(c1)CCCN3CCC2,32,1,Ring,-
*c1cc2nc3n(c2cc1*)CCN(*)C3*,32,4,Ring,----
*c1cc2[nH]c3ncnc(*)c3c2cc1*,32,3,Ring,---
*c1sc2nccc3c2c1[nH]c(=*)n3*,32,3,Ring,-=-
*c1ccc2c(c1)C1CCN(*)C2C1,32,2,Ring,--
*C1Cc2nccnc2CN1*,32,2,Ring,--
*C1=NNC(=*)C1,32,2,Ring,-=
*c1ccc2c(c1)C(*)CCc1cc(*)c(*)c(*)c1-2,32,5,Ring,-----
*C1=CCCCCCC1,32,1,Ring,-
*C1C(*)S(=*)(=*)C(*)C(*)N1*,32,7,Ring,--==---
*c1ccc2c(c1)CN(*)CCN2*,32,3,Ring,---
*c1nc2cc3c(cc2s1)CC1C2CCCCC32CCN1*,32,2,Ring,--
*C1N(*)C(=*)N(*)C1(*)*,32,6,Ring,--=---
*C1CC2N(*)C(*)CC2(*)C(*)C1*,32,6,Ring,------
*c1nc2c(s1)COCC2,32,1,Ring,-
*c1ccc2c(c1*)COC(*)C2=*,32,4,Ring,---=
*C1=C(*)N(*)c2nc(*)ccc2C1=*,32,5,Ring,----=
*c1nsc2c1N=CN(*)C2=*,32,3,Ring,--=
*C1=NN(*)C(=*)CN1,32,3,Ring,--=
*c1ccc2c3c1OC1C(=*)C(*)CC4(*)C(C2)N(*)CCC314,32,5,Ring,-=---
*c1ccc2c(c1)C(=*)C(=*)C(*)O2,32,4,Ring,-==-
*c1cccc2c1N=S=N2,32,1,Ring,-
*c1ccc(*)c2c1N=CNC2=*,32,3,Ring,--=
*C1=NC(*)(*)N=C1*,32,4,Ring,----
*N1N=CC(=*)c2ccccc21,32,2,Ring,-=
*N1CCc2c(n(*)c3ccccc23)C1=*,32,3,Ring,--=
*C1C(=*)N(*)c2ccccc2-c2ccccc21,32,3,Ring,-=-
*c1nc(*)c2nn(*)nc2n1,32,3,Ring,---
*c1ccc2c(c1)nc1n2CCCCC1,32,1,Ring,-
*c1cc(*)c2occ(*)c2c1,32,3,Ring,---
*c1ccc2nc(*)c(*)nc2c1*,32,4,Ring,----
*C1CC2OC(*)C(*)C2O1,32,3,Ring,---
*C1=CC(*)(*)Nc2ccc3c(c21)C(*)Oc1ccc(*)cc1-3,32,5,Ring,-----
*c1ccc2c(c1)NC(=*)C(*)C(=*)N2,32,4,Ring,-=-=
*C1CCC2(*)C(CCC3(*)C2C=CC24OCC5(CCC(*)(*)CC52)C(*)CC34*)C1(*)*,32,9,Ring,---------
*C1CS(=*)(=*)c2ccccc21,32,3,Ring,-==
*c1cc2cccc(*)c2c(*)c1*,32,4,Ring,----
*c1cc2n(n1)CCC2,32,1,Ring,-
*c1nnc2n1-c1sc3c(c1C(=*)N2*)CCCC3,32,3,Ring,-=-
*C1OC2OC1C(=*)N(*)C2*,32,4,Ring,-=--
*c1cc2c(=*)c3cccc(*)c3c(=*)c2c(*)c1*,32,6,Ring,-=-=--
*c1ccc2[nH]ncc2n1,32,1,Ring,-
*c1ccc2c(c1)NC(=*)CCS2,32,2,Ring,-=
*c1nccc2ccn(*)c12,32,2,Ring,--
*C1CCCC(*)C1=*,32,3,Ring,--=
*c1cc(*)c2c(c1)C(=*)C(*)C2*,32,5,Ring,--=--
*c1cnn2c1CCC2,32,1,Ring,-
*c1cc2c([nH]1)CCCC2,32,1,Ring,-
*c1nc(*)c2c(n1)N(*)C=CC2=*,32,4,Ring,---=
*c1cc(*)c2c(=*)c3ccccc3c(=*)c2c1,32,4,Ring,--==
*C1=NS(=*)(=*)c2cc(*)cc(*)c2N1,32,5,Ring,-==--
*c1cc2nnc(*)c(*)c2cc1*,32,4,Ring,----
*C1=CC2=NC(*)=NC(=*)N2C=C1,32,3,Ring,--=
*N1CCC2(CCCc3ccccc32)CC1,32,1,Ring,-
*c1ccc2c(*)ccnc2n1,32,2,Ring,--
*C1CCCNC(=*)C(*)NC(=*)C(*)NC(=*)C(*)NC(=*)C2CCCN2C1=*,32,9,Ring,-=-=-=-==
*c1ccc2c(c1)C(=*)N(*)CC(=*)N2,32,4,Ring,-=-=
*C1Nc2ccccc2-c2ccnc3[nH]cc1c23,32,1,Ring,-
*C1=CN2C(=*)c3cc(*)sc3N=C2C=C1,32,3,Ring,-=-
*c1cc(*)c2ccc3ccccc3c2n1,32,2,Ring,--
*c1cc2c(cc1*)C1c3cccc(*)c3CCC1N(*)CC2,32,4,Ring,----
*c1nc2c(c(*)c1*)CCC2,32,3,Ring,---
*c1ccc2c(c1)C(=*)C=CN2,32,2,Ring,-=
*C1=C(*)C(*)(*)C(=*)C(=*)C1=*,32,7,Ring,----===
*c1nc2n(n1)C(*)CC(=*)N2,32,3,Ring,--=
*n1ncc2c1-c1ccccc1OC2,32,1,Ring,-
*c1cc2cccn2c(*)c1*,32,3,Ring,---
*c1cccc2c1CCC1C2CCN1*,32,2,Ring,--
*c1cc2nccnc2c(*)n1,32,2,Ring,--
*c1ccc2c(c1*)OC(*)(*)CC2*,32,5,Ring,-----
*N1NC(*)(*)NC1=*,32,4,Ring,---=
*C1CC=C2C1(*)CCC1C3(*)C=CC(=*)C(*)(*)C3CC(*)C21*,32,8,Ring,---=----
*N1C(=*)N2CCc3c([nH]c4ccccc34)C2(*)C1=*,32,4,Ring,-=-=
*c1ccc2[nH]c3c(*)cc(*)cc3c2c1,32,3,Ring,---
*c1cnc2c(*)nc(*)nc2n1,32,3,Ring,---
*C1N(*)C2CCC1(*)CC2,32,3,Ring,---
*C1=C(*)C2(*)C(=*)C1(*)C1C(=*)N(*)C(=*)C12,32,8,Ring,---=-=-=
*C1CN(*)C(=*)S1,32,3,Ring,--=
*=C1NC(=*)c2ccccc2C1=*,32,3,Ring,===
*N1CCc2n[nH]cc2C1,32,1,Ring,-
*C1=NC(=*)Nc2ccc(*)cc21,32,3,Ring,-=-
*C1=Nc2ccccc2CC(*)N1*,32,3,Ring,---
*C1=C(*)C2(C(=*)N(*)c3ccccc32)c2c(c(*)cc3nc4ccccc4nc23)O1,32,5,Ring,--=--
*C1Cc2ccccc2N(*)c2ccccc21,32,2,Ring,--
*c1cc(*)c2c(*)nn(*)c2c1,32,4,Ring,----
*C1=COC2(CC(*)=C1*)ON=C(*)C2*,32,5,Ring,-----
*C1=CC2(*)C(CCC3(*)C2CC=C2C4CC(*)(*)CCC4(*)CCC23*)C(*)(*)C1=*,32,10,Ring,---------=
*N1CC(=*)C(*)(*)C1,32,4,Ring,-=--
*C1CCC23CC1(*)CCC2C(*)(*)CC3*,32,5,Ring,-----
*c1ccnc2c1C(=*)CC(*)C2,32,3,Ring,-=-
*c1nc2cc3c(cc2o1)CCN(*)CC3,32,2,Ring,--
*C1=NC2=C(C(=*)CCC2)C(*)C1=*,32,4,Ring,-=-=
*C1CC2C3CC4OC(*)(*)OC4(*)C3(*)CC(*)C2(*)C2(*)C=CC(=*)C=C12,32,9,Ring,--------=
*C1(*)c2ccccc2Oc2ccccc21,32,2,Ring,--
*c1ccc2c(*)nc(*)n2n1,32,3,Ring,---
*C1=CN(*)CC(*)(*)c2c1[nH]c1ccccc21,32,4,Ring,----
*C1CCOCC1(*)*,32,3,Ring,---
*c1cccc2c1CCC(*)C(=*)N2*,32,4,Ring,--=-
*c1nn(*)c2ccncc12,32,2,Ring,--
*C1=CC2=C(CC(*)CC2=*)NC1=*,32,4,Ring,--==
*C1CC2C=CC3C4CC(=*)OC(*)CCCC(*)C(*)C(=*)C4=CC3C2C1,32,6,Ring,-=---=
*C1CCC[N+](*)(*)C1,32,3,Ring,---
*C1NC(=*)C(*)NC(=*)C(*)NC(=*)C2CCCCN2CC1=*,32,7,Ring,-=-=-==
*C1=CC2=C(CCCC2=*)N(*)C1=*,32,4,Ring,-=-=
*C1=CC(=*)N(*)C(=*)S1,32,4,Ring,-=-=
*c1scc2c1CCCC2,32,1,Ring,-
*n1cnc2ncccc21,32,1,Ring,-
*C1CC2CC(*)C1C2,32,2,Ring,--
*c1cc(*)c2c(=*)n(*)c(=*)c2c1,32,5,Ring,--=-=
*c1nn(*)c2nc3ccccc3cc12,32,2,Ring,--
*c1ncnc2c1sc1ccccc12,32,1,Ring,-
*C1=NN(*)c2cc(=*)c(*)cc2=N1,32,4,Ring,--=-
*C1CSCCSC1,32,1,Ring,-
*c1cn(*)c2c1C=CNC2=*,32,3,Ring,--=
*C1CCC2(CC1)OC(=*)c1ccccc12,32,2,Ring,-=
*c1ccc2c(*)nccc2c1*,32,3,Ring,---
*C1NCc2ccccc21,32,1,Ring,-
*C1CC2(CO2)C(*)C(*)O1,32,3,Ring,---
*C1CC(*)(*)C2C(*)OC=CC12,32,4,Ring,----
*c1cc2c(cc1*)-c1cccc(*)c1N(*)C2,32,4,Ring,----
*C1=C(*)c2cc3c4c(oc3c(*)c2OC1=*)CCCC4,32,4,Ring,---=
*c1cc2ccnc3c4ccccc4c(=*)c(c1)c23,32,2,Ring,-=
*c1cc2ccc3c(c2cn1)OCO3,32,1,Ring,-
*C1NC(=*)C(*)C1*,32,4,Ring,-=--
*C1C2=C(NC(=*)NC2=*)NC2=C1C(=*)c1ccccc12,32,4,Ring,-===
*c1ccc2c(c1*)CCCC2*,32,3,Ring,---
*c1ccc(*)c2nsnc12,32,2,Ring,--
*C1=CC(*)N(*)C1,32,3,Ring,---
*C1NC(=*)c2c(sc3c2CCN(*)C3)N1,32,3,Ring,-=-
*C1=NC(=*)CC(*)N1,32,3,Ring,-=-
*C1CC12CCC2,32,1,Ring,-
*N1CCC2(CCCNC2=*)C1,32,2,Ring,-=
*C1=CC=CC2=NN(*)C(=*)N12,32,3,Ring,--=
*c1ccc2c(*)c(*)c(*)nc2c1*,32,5,Ring,-----
*C1=CN2CC3OCC(*)N3C(=*)C2=C(*)C1=*,32,5,Ring,--=-=
*C1=CC(*)CC(*)(*)C=CC(*)CCC(*)=CCC1,32,6,Ring,------
*c1cccc2c3c([nH]c12)CCN(*)C3,32,2,Ring,--
*CN(CCCNC(=O)N*)C(C)C,32,2,Linker,--
*CC(NC(*)=O)C(=O)NC(CCCN=C(N)N)C(=O)NC(C*)C(=O)NCC(N)=O,32,3,Linker,---
*[Se](*)(=O)=O,32,2,Linker,--
*C(=O)NCC(*)CC,32,2,Linker,--
*OCC(=O)NCCS(*)(=O)=O,32,2,Linker,--
*CCC(*)C(C)O,32,2,Linker,--
*CC(=O)N(*)CCC#N,32,2,Linker,--
*CN=C(N)N*,32,2,Linker,--
*COP(=O)(O*)O*,32,3,Linker,---
*CC(NC(=O)C(CC(=O)O)NC(*)=O)C(N)=O,32,2,Linker,--
*CCCOC(=O)C*,32,2,Linker,--
*CONC(=O)C*,32,2,Linker,--
*COC(=O)NC(CC(C)C)C(=O)NC(C*)C(=O)NC(C=CC(*)=O)CCC(N)=O,32,3,Linker,---
*C(=O)NNC(=O)C(*)=O,32,2,Linker,--
*CC(N)C(=O)NC(CCC(N)=O)C(=O)NC(CCSC)C(=O)NCC(=O)NC(C*)C(=O)NC(CO)C(=O)O,32,2,Linker,--
*C(C)NC(=O)NS(*)(=O)=O,32,2,Linker,--
*CNCC(*)(C)C,32,2,Linker,--
*NC(C)=CC(*)=O,32,2,Linker,--
*CNC(=O)CCO*,32,2,Linker,--
*NC(=O)NCCCCC(*)*,32,3,Linker,---
*OC(*)C(=O)OCC,32,2,Linker,--
*NC(*)CN,32,2,Linker,--
*SC(*)C(*)=O,32,3,Linker,---
*C=NN(CC(*)=O)C(*)=O,32,3,Linker,---
*SCC(*)(C)O,32,2,Linker,--
*CC(NC(=O)C(*)CS)C(=O)O,32,2,Linker,--
*C=CC(=O)NCC(=O)NN=C*,32,2,Linker,--
*NC(=O)C(=O)NC(*)*,32,3,Linker,---
*CCNCCCO*,32,2,Linker,--
*CC(CC(*)=O)C(*)=O,32,3,Linker,---
*CC(=N)NOC(*)=O,32,2,Linker,--
*CC(*)F,32,2,Linker,--
*CC(CC(O)C(C*)NC(=O)O*)NC(=O)CO*,32,4,Linker,----
*NC(=O)C(CC(C)C)N*,32,2,Linker,--
*CCNC(=O)C(=O)C(C*)NC(*)=O,32,3,Linker,---
*CC(NC(*)=O)C(=O)C(=O)N*,32,3,Linker,---
*CC(NC(*)=O)C(O)C(O)C(C*)NC(*)=O,32,4,Linker,----
*NC(=S)NCCNS(*)(=O)=O,32,2,Linker,--
*CNC(=O)CS(*)(=O)=O,32,2,Linker,--
*C=CC=NNC(=O)CS*,32,2,Linker,--
*CN(CCC)CCCCNC(*)=O,32,2,Linker,--
*CC(=O)N(*)CCCC,32,2,Linker,--
*NCCCCNS(*)(=O)=O,32,2,Linker,--
*NC(=O)CCC(NC(=O)CCC(*)C)C(=O)O,32,2,Linker,--
*CCOC(*)(*)*,32,4,Linker,----
*C=NNC(=O)CNC(=O)CO*,32,2,Linker,--
*COC(=O)NC(CC(C)C)C(=O)NC(C=O)C*,32,2,Linker,--
*CCCCCCCC(=O)N*,32,2,Linker,--
*CCC(C)OC(*)=O,32,2,Linker,--
*COC(=O)NCC(=O)N*,32,2,Linker,--
*CN(*)C(=O)CCC,32,2,Linker,--
*CP(*)(=O)O,32,2,Linker,--
*C=C(*)C(=O)OC,32,2,Linker,--
*C(*)P(=O)(OCC)OCC,32,2,Linker,--
*C(=O)NC(*)CCCCN,32,2,Linker,--
*CCN(C)CCC(*)=O,32,2,Linker,--
*CC(C)N(CC)C(*)=O,32,2,Linker,--
*NC(=O)C(CCCC)NC(*)=O,32,2,Linker,--
*C(*)(*)C#N,32,3,Linker,---
*C(*)ON=C(C)C(=O)O,32,2,Linker,--
*N=S(*)(C)=O,32,2,Linker,--
*SCC(=O)N(*)CCC#N,32,2,Linker,--
*NC(=O)C(*)N(C)C(*)=O,32,3,Linker,---
*C(=O)NC(*)C(=O)NC(*)C(*)=O,32,4,Linker,----
*C=C(C)C(=O)OC,32,1,Sub,-
*C(=O)NC(CCCC)C(N)=O,32,1,Sub,-
*SCCCC#N,32,1,Sub,-
*COS(=O)(=O)NC(=O)C(N)C(C)CC,32,1,Sub,-
*NCCC(=O)OC,32,1,Sub,-
*OCC(=O)NCCN(C)C,32,1,Sub,-
*CSCCN,32,1,Sub,-
*CCCCCCCCCCO,32,1,Sub,-
*N(C)C(=O)COC,32,1,Sub,-
*C(C)(N)COP(=O)(O)O,32,1,Sub,-
*CCC(C)CC(=O)O,32,1,Sub,-
*S(=O)(=O)N(CC=C)CC=C,32,1,Sub,-
*NC(=O)C(C)NC(=O)OC(C)(C)C,32,1,Sub,-
*N(C)C(=O)NC,32,1,Sub,-
*OCC(O)C(O)CO,32,1,Sub,-
*NCC(C)(C)N,32,1,Sub,-
*C(C)NC(=O)OC,32,1,Sub,-
*NP(=O)(OC)OC,32,1,Sub,-
*C(=O)C(N)C(C)(C)C,32,1,Sub,-
*C(=O)NC(CCCC)C(=O)C(=O)NCC=C,32,1,Sub,-
*C(O)P(=O)(OCC)OCC,32,1,Sub,-
*CNCCCCCC,32,1,Sub,-
*CC(O)CN(CC)CC,32,1,Sub,-
*C(C)(C)C(=O)OCC,32,1,Sub,-
*N(CC(=O)OC)S(C)(=O)=O,32,1,Sub,-
*C#CC(O)C#C,32,1,Sub,-
*OCCCN(C)CC#C,32,1,Sub,-
*SCCCCCCC,32,1,Sub,-
*=[N+](C)[O-],32,1,Sub,=
*C(=O)N(C)CC(N)=O,32,1,Sub,-
*NC(=O)CCCCN(C)C,32,1,Sub,-
*S(=O)(=O)NC(C)CO,32,1,Sub,-
*OC(=O)NCCCCCCCC,32,1,Sub,-
*S(=O)(=O)N(CCO)CCO,32,1,Sub,-
*CC(O)COC(C)C,32,1,Sub,-
*CCCCOC(C)=O,32,1,Sub,-
*CN(CCN(C)C(=O)CCC(=O)O)C(CC)CC,32,1,Sub,-
*CC=CCP(=O)(O)O,32,1,Sub,-
*CNC(=O)CCl,32,1,Sub,-
*=NNC(=S)NO,32,1,Sub,=
*C(=O)NC(CCC)CCC,32,1,Sub,-
*C(=O)OC(C)C(F)(F)F,32,1,Sub,-
*NC(=O)CCCCCN,32,1,Sub,-
*C(C)C=CC=C(C)C,32,1,Sub,-
*C(=O)NC(CCC)C(=O)O,32,1,Sub,-
*C(=O)NC(CCCN)C(=O)O,32,1,Sub,-
*C(=O)CC(=O)OC,32,1,Sub,-
*c1cc(*)c2c(c1)OC(*)(*)c1ccc(*)cc1-2,31,5,Ring,-----
*C1=CC(*)=C2Sc3ccc(*)cc3N2C1=*,31,4,Ring,---=
*C1(*)SCCS1,31,2,Ring,--
*c1nc(*)c2c(c1*)CCN(*)C2,31,4,Ring,----
*c1ccc2c3c1OC1C(*)CCC4C(C2)N(*)CCC341,31,3,Ring,---
*c1ncc2cccnc2c1*,31,2,Ring,--
*c1sc2c(c1*)C(=*)N1CCCCC1=N2,31,3,Ring,--=
*C1=NCC(*)N(*)c2ccccc21,31,3,Ring,---
*c1ccc2cc1CN(*)C(=*)C(*)c1ccc(c(*)c1)C(*)COC(=*)N2,31,7,Ring,--=---=
*N1CCC2(C1)OCCO2,31,1,Ring,-
*C1=CCS(=*)(=*)CC1,31,3,Ring,-==
*c1ncc2c(n1)N(*)CCN(*)C2=*,31,4,Ring,---=
*C1NC(=*)c2cccnc2N1,31,2,Ring,-=
*c1cc2c(cc1*)C(*)C(*)C(*)C2,31,5,Ring,-----
*c1cc2c(cc1*)-c1c(*)ncn1CC2,31,3,Ring,---
*c1cc(*)c2c3c1C(=*)OCC31c3c(c4c(*)cc(*)c5c4c(c3=*)=CN(*)C5=*)C(C2=*)C1*,31,10,Ring,--=--=-==-
*C1CC2=CC(=*)CCC2(*)C2CCC3(*)C(*)CCC3C12,31,5,Ring,-=---
*c1ncc2c(*)coc2c1*,31,3,Ring,---
*c1n[nH]c2nccnc12,31,1,Ring,-
*C1=CCCC1=*,31,2,Ring,-=
*[N+]1(*)CCCCCC1,31,2,Ring,--
*c1cc(*)c2c(c1*)OC(*)C(*)C2=*,31,6,Ring,-----=
*c1nc2cccnc2nc1*,31,2,Ring,--
*c1ccc2c(c1)C(=*)c1c-2c(*)nc2ccc(*)cc12,31,4,Ring,-=--
*c1cc2c(o1)CCN(*)C2,31,2,Ring,--
*c1cnn2cccc2c1*,31,2,Ring,--
*C1CC[N+]2(CCCC2)CC1,31,1,Ring,-
*C1CCCOC12CCN(*)CC2,31,2,Ring,--
*C1=Cc2nc(*)sc2N(*)C1=*,31,4,Ring,---=
*c1ccc2c(c1)C(*)CC1(CCC1)O2,31,2,Ring,--
*C12COCC1S(=*)(=*)C(*)(*)C(=*)N2,31,6,Ring,-==--=
*N1NC(=*)C2C3c4ccccc4C(c4ccccc43)C2C1=*,31,3,Ring,-==
*C1=C(*)C(*)c2c(*)n[nH]c2N1,31,4,Ring,----
*C1CC2OC(=*)C(=*)C2C(*)C2(*)C(=*)C=CC12,31,6,Ring,-==--=
*c1cc2c(cc1*)C[N+](*)(*)CC2,31,4,Ring,----
*C1=CC(=*)NN1*,31,3,Ring,-=-
*N1CCCNC(=*)C1,31,2,Ring,-=
*C1COC(*)CN1,31,2,Ring,--
*c1cc2c(s1)CCN1Cc3c(*)ccc(*)c3CC21,31,3,Ring,---
*C1=COc2c(ccc3c2C=CC(*)(*)O3)C1=*,31,4,Ring,---=
*N1C(=*)C(*)(*)c2cccnc21,31,4,Ring,-=--
*N1CC(*)(*)OC(*)(*)C1,31,5,Ring,-----
*N1CCC(=*)S1(=*)=*,31,4,Ring,-===
*c1cc(*)n2ccnc2n1,31,2,Ring,--
*N1C(=*)NC(=*)C2=C1CCSC2,31,3,Ring,-==
*C1c2c(ncn2*)CCN1*,31,3,Ring,---
*N1CC2C3C(=*)N(*)C(=*)C3C(*)(*)N2C1=*,31,7,Ring,-=-=--=
*c1cccc2c1NC(*)CC2*,31,3,Ring,---
*C1=CCCC1(*)*,31,3,Ring,---
*C1CCC2CCCCN12,31,1,Ring,-
*c1cnc2c(c1)CCCC2*,31,2,Ring,--
*c1nc2c(n1*)CCCC2,31,2,Ring,--
*C1COCC(*)C1*,31,3,Ring,---
*c1[nH]nc2c1CN(*)C2,31,2,Ring,--
*C1CC2C(=*)OCC(*)C(=*)N3CCCC3C(=*)N3CCCCC3C(=*)NC(*)C(=*)N2C1,31,8,Ring,-=-===-=
*C1=CCC(*)CC1(*)*,31,4,Ring,----
*N1C(=*)N(*)C2(OC(=*)c3ccccc32)C1=*,31,5,Ring,-=-==
*c1cc(*)c2nc3ccccc3nc2c1,31,2,Ring,--
*c1ccc2c(c1)-c1nc(*)n(*)c1C(=*)N2*,31,5,Ring,---=-
*N1CCC2(*)CCC1C2,31,2,Ring,--
*c1nc2c(cc3c4c(cccc42)C(=*)N(*)C3=*)[nH]1,31,4,Ring,-=-=
*C1=C(*)N2C(=*)C(=*)SC2=C(*)C1*,31,6,Ring,--==--
*c1cc(*)c2c(ccc3ccccc32)n1,31,2,Ring,--
*c1cc(*)c2c(c1)c1c(n2*)C(*)CCC1,31,4,Ring,----
*c1nn2c(*)c(*)nnc2c1*,31,4,Ring,----
*c1ccc2c(c1)S(=*)(=*)N(*)CN2*,31,5,Ring,-==--
*C1=CC=CC(=*)C(*)=C1,31,3,Ring,-=-
*c1ncncn1,31,1,Ring,-
*C1=NS(=*)(=*)C2CCCCC2O1,31,3,Ring,-==
*C1C(=*)OC(=*)C1=*,31,4,Ring,-===
*=C1CCCC2C3CCCN4CCCC(CN12)C34,31,1,Ring,=
*c1ccc2c(c1)CN1C(=N2)CCC1*,31,2,Ring,--
*C1=CC2=NN(*)C(=*)N2C=C1,31,3,Ring,--=
*c1ccc2[nH]c3c(*)c4ccnc(*)c4cc3c2c1,31,3,Ring,---
*c1ccc2c(c1)c1cc(*)ccc1c1[nH]c(*)nc21,31,3,Ring,---
*C1CN(*)CCS1(=*)=*,31,4,Ring,--==
*C1c2ccccc2SCC2CCCCC21,31,1,Ring,-
*c1ccc2c(c1)CC(*)NC2,31,2,Ring,--
*c1nc2ccccc2c2c1ncn2*,31,2,Ring,--
*C1=Nc2c(cc(*)nc2*)NC1,31,3,Ring,---
*C1CNC(=*)C(*)NC(=*)C(*)NC(=*)C(*)NC(=*)C(*)NC1=*,31,10,Ring,-=-=-=-=-=
*C1=NC2=C(C(=*)c3ccccc3O2)C(=*)N1*,31,4,Ring,-==-
*c1cc(*)c2c(c1)N(*)C(=*)O2,31,4,Ring,---=
*C1CCC2(*)C3=CCC4(*)C(*)CCC4(*)C3=CCC2C1(*)*,31,7,Ring,-------
*c1cccc2c1C(=*)C1=CC3CC4C(*)(*)OC(*)(C3=*)C14O2,31,6,Ring,-=---=
*N1CCC2(CCC(*)(*)CC2)C1,31,3,Ring,---
*N1CCC2C(CC1)S(=*)(=*)CCN2*,31,4,Ring,-==-
*c1ncnc2c1c(*)c1n2CC(*)C1=*,31,4,Ring,---=
*C1=C(*)c2cccc3c2N(CC3)C1=*,31,3,Ring,--=
*C1CCNCC1(*)*,31,3,Ring,---
*c1nnc2cnc3[nH]ccc3n12,31,1,Ring,-
*C1COc2ccccc2CN1*,31,2,Ring,--
*c1cc(*)c2c(c1)C(*)CO2,31,3,Ring,---
*c1ncc2c(n1)N(*)CC(=*)N2*,31,4,Ring,--=-
*c1cc(*)c2nc(*)ncc2c1,31,3,Ring,---
*c1cc2c(cc1*)CN(*)CCC2,31,3,Ring,---
*N1CC2CCCC1C2,31,1,Ring,-
*c1ncc(*)n2cncc12,31,2,Ring,--
*c1ccc2c(c1)CC(*)C(=*)N2*,31,4,Ring,--=-
*c1nnc2n1NC(*)C(*)S2,31,3,Ring,---
*c1ccc2c(c1)C(=*)c1ccccc1N2,31,2,Ring,-=
*N1C(=*)Oc2cccnc21,31,2,Ring,-=
*C1=CC(=*)N(*)S1,31,3,Ring,-=-
*c1cccc2cc[n+](*)cc12,31,2,Ring,--
*C12CCC(=*)C=C1CCC1C2=CCC2(*)C(=*)CCC12,31,4,Ring,-=-=
*c1nn(*)c2c1C(=*)Oc1ccccc1-2,31,3,Ring,--=
*C1=CCC(*)C12C=CC(=*)CC2,31,3,Ring,--=
*C1Cc2cc3c(cc2S(=*)(=*)N1*)OCCO3,31,4,Ring,-==-
*C1C2CCC3C1(C(=*)OC1CCC(*)(*)C4C(=*)OCC143)C(=*)C2=*,31,7,Ring,-=--===
*c1nc2sc3c(*)ncnc3c2c2c1COC(*)(*)C2,31,4,Ring,----
*C1=CC(=*)N=C2c3ccccc3N(*)N12,31,3,Ring,-=-
*C1N(*)CCC1(*)*,31,4,Ring,----
*c1n[nH]c2c1C(*)CC(=*)N2,31,3,Ring,--=
*c1nc2c(*)cccc2c2ccccc12,31,2,Ring,--
*c1cnc2c(c1)CCN2*,31,2,Ring,--
*N1CCCC2(C1)OCCO2,31,1,Ring,-
*C1=NC(=*)C(*)(*)O1,31,4,Ring,-=--
*c1ccc2c3c([nH]c2c1)C1CC2C(CC(*)C(*)C2*)CN1CC3,31,4,Ring,----
*c1nc2nc3ccccc3nc2s1,31,1,Ring,-
*C1CC2C(=*)N(*)C(=*)N2C1,31,4,Ring,-=-=
*c1sc(*)c2c1CCc1cnsc1-2,31,2,Ring,--
*c1n[nH]c2c1C(*)C(*)C(*)N2,31,4,Ring,----
*c1cc2ccoc2cc1*,31,2,Ring,--
*C1CN(*)CC12C(=*)N(*)C(=*)N2*,31,6,Ring,--=-=-
*c1ccc2ccc3nc(*)nc(*)c3c2c1,31,3,Ring,---
*c1cc2c(c3c1OC(*)(*)C=C3)OC(=*)C=C2,31,4,Ring,---=
*c1cc2c(*)nccc2o1,31,2,Ring,--
*C1=NC(=*)N(*)c2ccccc21,31,3,Ring,-=-
*c1cc2c(*)nc(*)cc2cn1,31,3,Ring,---
*c1c[nH]c2c(*)nccc12,31,2,Ring,--
*C1COP(*)(=*)OC1,31,3,Ring,--=
*N1Sc2c(ccc[n+]2*)C1=*,31,3,Ring,--=
*C1=Cc2cc(*)ccc2C(=*)N1*,31,4,Ring,--=-
*N1C(=*)C(*)(*)C(=*)N1*,31,6,Ring,-=--=-
*c1ccnc2ccncc12,31,1,Ring,-
*C1CC2(*)CC2C1*,31,3,Ring,---
*c1ccc2c(c1)C1OCCN(*)C1CO2,31,2,Ring,--
*C1CCC2(CCC(*)(*)C(*)O2)OC1*,31,5,Ring,-----
*c1cc(*)c2c(n1)-c1ccccc1OC2=*,31,3,Ring,--=
*N1C(=*)C2CCC(*)(C1=*)C2(*)*,31,6,Ring,-=-=--
*C1=NC2C(N=CN2*)C(=*)N1,31,3,Ring,--=
*C1(*)Cc2ccccc2C1=*,31,3,Ring,--=
*c1cc2occc2c(*)c1*,31,3,Ring,---
*C1=C(*)N2C(=*)c3ccccc3C(=*)N2C1*,31,5,Ring,--==-
*c1cc2c(cc1*)NC(=*)C2,31,3,Ring,--=
*C1=C(*)C(=*)C(*)S1,31,4,Ring,--=-
*C1=Cc2cc(*)cc(*)c2C(=*)O1,31,4,Ring,---=
*C1C2C(*)(*)CCC(=*)C23COC1(*)C12C(=*)C(=*)C(CCC31)C2*,31,8,Ring,---=-==-
*C1CNC(*)(*)C1*,31,4,Ring,----
*c1ccc2c(c1)OCCOCCOCCOCCO2,31,1,Ring,-
*c1c2c(cc3nc4c(cc13)CN1C(=*)C3=C(C=C41)C(*)(*)C(=*)OC3)OCO2,31,5,Ring,-=--=
*c1nc2c3cccc(*)c3nc(*)n2n1,31,3,Ring,---
*c1cc2cc[n+](*)c(*)c2cc1*,31,4,Ring,----
*c1ccnc2cc3ccccc3cc12,31,1,Ring,-
*c1ccc2c(c1)C1(CC(=*)Nc3c1cnn3*)C(=*)N2,31,4,Ring,-=-=
*C1CCc2c(nnn2*)C1,31,2,Ring,--
*c1cc(*)c2c(c1)N(*)C(=*)C21CCN(*)CC1,31,5,Ring,---=-
*N1CCNN(*)CC1,31,2,Ring,--
*C1=CC(*)C(*)OC1=*,31,4,Ring,---=
*[Si]12OCCN(CCO1)CCO2,31,1,Ring,-
*C1=NN(*)C(*)Cc2cc3c(cc21)OCO3,31,3,Ring,---
*N1C(=*)c2nc[nH]c2N(*)C1=*,31,4,Ring,-=-=
*CN=C(*)NC#N,31,2,Linker,--
*C(=O)C(*)(*)O,31,3,Linker,---
*CNC(=O)NCC(*)=O,31,2,Linker,--
*OC(=O)CCC(*)C,31,2,Linker,--
*C=NNC(=O)C(=O)NCCC*,31,2,Linker,--
*CC(NC(*)=O)C(O)CN(CC(C)O)S(*)(=O)=O,31,3,Linker,---
*CCC(*)NC(C)=O,31,2,Linker,--
*CNC(*)C(C)C,31,2,Linker,--
*C(*)CCSC,31,2,Linker,--
*CN(CC(=O)NC(C)(C)C)C(*)=O,31,2,Linker,--
*OCC(*)=NNC(N)=S,31,2,Linker,--
*CCC(*)N*,31,3,Linker,---
*C=CCNCCNS(*)(=O)=O,31,2,Linker,--
*CC(*)P(=O)(OCC)OCC,31,2,Linker,--
*NCCCC(=O)N*,31,2,Linker,--
*C=CC(=O)NC(=S)NNC(*)=O,31,2,Linker,--
*C(=O)N(*)CC(N)C(C)OC,31,2,Linker,--
*CC(=O)NCCS*,31,2,Linker,--
*C=CC(=O)NCCCCCC*,31,2,Linker,--
*CC(NC(=O)CN(*)CC(=O)N(C)C)C(O)CN(CC(C)C)S(*)(=O)=O,31,3,Linker,---
*C(*)N=O,31,2,Linker,--
*CN(CCC(*)=O)C(*)=O,31,3,Linker,---
*NC(=O)NC(=S)N*,31,2,Linker,--
*CN(C(*)CO)S(*)(=O)=O,31,3,Linker,---
*CN(CC)CCCO*,31,2,Linker,--
*C=NNC(=O)CC(=O)N*,31,2,Linker,--
*CC(*)NC(=O)C(*)*,31,4,Linker,----
*C(=O)C(*)CC(=O)O,31,2,Linker,--
*OCC(C)O*,31,2,Linker,--
*N(*)OC,31,2,Linker,--
*NCC(*)(C)O,31,2,Linker,--
*ONC(*)=O,31,2,Linker,--
*CN(CCOC)S(*)(=O)=O,31,2,Linker,--
*C(=O)NC(*)C#N,31,2,Linker,--
*C(=O)SC(*)CC=C(C)C,31,2,Linker,--
*COC(=O)NC(C*)C(O)CN(CC(C)C)C(*)=O,31,3,Linker,---
*N=C(S)NNC(*)=O,31,2,Linker,--
*C(*)C(C)N(C)C,31,2,Linker,--
*N=C(N*)SC,31,2,Linker,--
*CC(N)C(=O)NC(C*)C(=O)O,31,2,Linker,--
*OCC(*)*,31,3,Linker,---
*CNC(=O)C(=O)C(C*)NC(*)=O,31,3,Linker,---
*CC(NC(=O)CN(*)CC(*)=O)C(O)CN(CC(C)C)S(*)(=O)=O,31,4,Linker,----
*CCNC(=O)CN*,31,2,Linker,--
*N=[N+](*)[O-],31,2,Linker,--
*COP(=O)(NC(C)C(=O)OCC(C)(C)C)O*,31,2,Linker,--
*CSCCNC(=O)CN(*)S(*)(=O)=O,31,3,Linker,---
*CCNC(=O)CN(*)S(C)(=O)=O,31,2,Linker,--
*COP(=O)(N*)O*,31,3,Linker,---
*NC(=O)CN(*)S(=O)(=O)N(C)C,31,2,Linker,--
*NC(S)=NNC(S)=NN=C(*)C,31,2,Linker,--
*SC=*,31,2,Linker,-=
*COC(=O)NC(C)(C*)C(=O)NC(*)C,31,3,Linker,---
*OCC(N)CCNS(*)(=O)=O,31,2,Linker,--
*CN(CCN(C)C)S(*)(=O)=O,31,2,Linker,--
*NC(=O)NC(*)=S,31,2,Linker,--
*CC(C)(C(=O)NO)S(*)(=O)=O,31,2,Linker,--
*CCN(C*)CC(O)CO*,31,3,Linker,---
*C(CNS(*)(=O)=O)N(C)C,31,2,Linker,--
*CN(C)CCOC(*)=O,31,2,Linker,--
*CCC=C(C)CC*,31,2,Linker,--
*C(=O)NCC(C)NC(*)=O,31,2,Linker,--
*NC(=O)C(=C)Cl,31,1,Sub,-
*NN=C(C(C)=O)C(C)=O,31,1,Sub,-
*CCC(=O)NCCN(C)C,31,1,Sub,-
*COCCCCCCCCCCCC,31,1,Sub,-
*C(=O)NC(C)(C)C(=O)O,31,1,Sub,-
*OC(F)C(=O)O,31,1,Sub,-
*NCCOCCOCCN,31,1,Sub,-
*CC#CCN(C)C(C)=O,31,1,Sub,-
*NC(=O)C(=O)C(CCCC)NC(=O)OC(C(C)C)C(C)C,31,1,Sub,-
*COP(N)(=O)N(CCCl)CCCl,31,1,Sub,-
*C(=O)OCC(=O)O,31,1,Sub,-
*NCCNS(C)(=O)=O,31,1,Sub,-
*CNC(CO)(CO)CO,31,1,Sub,-
*CC(NC(C)=O)C(=O)OC,31,1,Sub,-
*CCB(O)O,31,1,Sub,-
*NC(=O)C=CC(=O)OCC,31,1,Sub,-
*NC(=O)C(C)(C)N,31,1,Sub,-
*OCCNCCCF,31,1,Sub,-
*NC(=O)C(SC(C)=O)C(C)C,31,1,Sub,-
*CC(N)(CO)CO,31,1,Sub,-
*CCCCC=C,31,1,Sub,-
*S(=O)(=O)NC(CSCC=C(C)CCC=C(C)CCC=C(C)C)C(=O)O,31,1,Sub,-
*N(C)CC(C)O,31,1,Sub,-
*OCCNC(=O)C=C,31,1,Sub,-
*CCC(O)CCCCC,31,1,Sub,-
*NC(=O)CF,31,1,Sub,-
*N(C)NS(C)(=O)=O,31,1,Sub,-
*C(C)C(=O)CCC(C)C,31,1,Sub,-
*C(NC(CC(C)C)C(=O)NCC#N)C(F)(F)F,31,1,Sub,-
*CC(=O)NC(=O)NC(C)(C)C,31,1,Sub,-
*NC(=O)NC(C)CC,31,1,Sub,-
*COP(=O)([O-])OCC[N+](C)(C)C,31,1,Sub,-
*NC(=O)C=CC(C)C,31,1,Sub,-
*NC(=O)CC(C)(C)CC(=O)O,31,1,Sub,-
*C=C(C#N)P(=O)(OCC)OCC,31,1,Sub,-
*C(=N)NOC,31,1,Sub,-
*C(=O)N=CN(C)C,31,1,Sub,-
*NC(=O)C(N)CCCNC(=N)N,31,1,Sub,-
*CC(OC(C)C)C(=O)O,31,1,Sub,-
*CSC(=S)N(CC)CC,31,1,Sub,-
*CCC(C)=CCO,31,1,Sub,-
*C(=O)NNC(S)=NC,31,1,Sub,-
*C(=O)C(=O)N(CCC)CCC,31,1,Sub,-
*S(=O)(=O)CCC(=O)O,31,1,Sub,-
*C(=O)C(O)C(C)(C)C,31,1,Sub,-
*C(CO)CC(C)C,31,1,Sub,-
*CCC=CCCC(=O)OC,31,1,Sub,-
*CCNS(=O)(=O)CC,31,1,Sub,-
*C(CC)C(=O)OCC,31,1,Sub,-
*NN=C(C#N)C#N,31,1,Sub,-
*CCC(=O)NC(C)(C)C,31,1,Sub,-
*C1CCCCCC1=*,30,2,Ring,-=
*C1=CC2(*)CC1(*)C(*)CC2=*,30,5,Ring,----=
*C1CC2SCCC2CN1*,30,2,Ring,--
*C1CNC(*)C(*)C1,30,3,Ring,---
*C1=CC=CC(*)C(*)C(*)C(*)C(*)C(*)C(*)C(*)C=COC2(*)Oc3c(*)c(*)c4c(*)c(c(*)cc4c3C2=*)NC1=*,30,16,Ring,--------------==
*c1ccc2c(c1)SCC(=*)N2,30,2,Ring,-=
*c1ccc2c(c1)C1(OC2)OC(*)C(*)C(*)C1*,30,5,Ring,-----
*C1OC(*)C(*)C(=*)C1*,30,5,Ring,---=-
*c1cn2ccncc2n1,30,1,Ring,-
*c1cc2c(cc1*)OCC(*)C2,30,3,Ring,---
*C1=NC(*)(*)CC(*)S1,30,4,Ring,----
*C1CC(*)(*)C(*)N1*,30,5,Ring,-----
*N1CCOCS1(=*)=*,30,3,Ring,-==
*c1ncnc2c1CCNC2,30,1,Ring,-
*c1cnn2c1NC(=*)NC2=*,30,3,Ring,-==
*c1cccc2cnn(*)c12,30,2,Ring,--
*C1Oc2ccccc2C2=C1C(*)n1ncnc1N2*,30,3,Ring,---
*c1cccc2c1CC(=*)C(*)CC2,30,3,Ring,-=-
*C1NC(=*)c2ccccc21,30,2,Ring,-=
*c1cc2n(n1)CC(*)CN2,30,2,Ring,--
*C1=CN(*)C(=*)c2cnccc21,30,3,Ring,--=
*c1nc2nc(*)c(*)nc2[nH]1,30,3,Ring,---
*C1CC(*)(*)N(*)O1,30,4,Ring,----
*c1ncc2ccc(*)c(*)c2n1,30,3,Ring,---
*C1=C(*)N2C(=*)C(=*)C2SC1,30,4,Ring,--==
*C1C2C=CC(CC2)C1*,30,2,Ring,--
*C1CCCc2sccc21,30,1,Ring,-
*c1nc2cc(*)c3c(=*)c4c(*)cccc4c(=*)c3c2s1,30,5,Ring,--=-=
*C1NC(=*)c2ccccc2NC1=*,30,3,Ring,-==
*N1CCCCN1*,30,2,Ring,--
*C1(*)NCCc2c1[nH]c1ccccc21,30,2,Ring,--
*C12C=CC3(CCC4C(*)(*)CCCC4(*)C3CC1)C2,30,4,Ring,----
*N1N=C2N(*)c3ccccc3N2C(=*)C1=*,30,4,Ring,--==
*c1ccc2c(c1)Oc1cc(=*)c3ccccc3c1=N2,30,2,Ring,-=
*C1=C(*)c2ccc(*)cc2OCC1,30,3,Ring,---
*C1C=CCCN1*,30,2,Ring,--
*N1CCOC2(CCC2)C1,30,1,Ring,-
*c1ccc2c(c1)C1(NC(*)C(*)C1*)C(=*)N2,30,5,Ring,----=
*c1cnc2c(c1)N(*)CC21CCOCC1,30,2,Ring,--
*C1=C2OC(*)(C1)C(*)C(*)C(*)C(*)C(=*)OC(*)C(*)(*)C(*)C2*,30,12,Ring,------=-----
*c1ccc2c(c1)C(=*)NCCO2,30,2,Ring,-=
*c1nc2c([nH]1)COCC2,30,1,Ring,-
*c1ccc2c(c1)C13CCN(*)C(C2)C12CCC(*)(C3)O2,30,3,Ring,---
*c1ccc2c(c1)C(*)CC1(CCN(*)CC1)O2,30,3,Ring,---
*c1ccc2[nH]c3c(c2c1)C=NN(*)C3=*,30,3,Ring,--=
*C1CC2(*)C(CCC2(*)*)C2OCC3=CC(=*)CCC3=C12,30,5,Ring,----=
*C1=C(*)C2CCC(C1)O2,30,2,Ring,--
*c1ccc2c(n1)NC(=*)CC2,30,2,Ring,-=
*c1cc(*)c2c(c1)Oc1ccc(*)c(*)c1C2=*,30,5,Ring,----=
*c1ccc2c(c1)C(=*)N1C=Cc3c([nH]c4ccccc34)C1=N2,30,2,Ring,-=
*C1N(*)CCSC1(*)*,30,4,Ring,----
*c1cccc2c1CSCC(*)NC(=*)C(*)COC2=*,30,5,Ring,--=-=
*C1=CC2=C(*)C(=*)C(*)(*)C(=*)C2=CO1,30,6,Ring,--=--=
*C1=CCC(*)C=C1,30,2,Ring,--
*c1nn2c(c1*)NC(*)CC2*,30,4,Ring,----
*C1=CCc2ccccc21,30,1,Ring,-
*c1ccc2c(c1)-c1nc(*)sc1CCO2,30,2,Ring,--
*C1=C2C(=Nc3ccccc3NC2*)CC(*)(*)C1,30,4,Ring,----
*=c1[nH]c(=*)c2ccccc12,30,2,Ring,==
*C1C(=*)OC2CC3(*)CCCC(=*)C3CC21,30,4,Ring,-=-=
*C1CCC2(*)C(CCC3C4CC(*)C(=*)C4(*)CCC32)C1,30,5,Ring,---=-
*C1C2CCC(*)(*)C12,30,3,Ring,---
*C1=NC2=C(C(=*)c3ccc(*)cc3O2)C(=*)N1*,30,5,Ring,-=-=-
*N1CCC2CCN(*)C2C1,30,2,Ring,--
*C12CCC(C(=*)C1=*)C2(*)*,30,5,Ring,-==--
*C1=NC2Oc3ccc(*)cc3C=C2C(=*)N1,30,3,Ring,--=
*c1ccc2oc3c(*)ncnc3c2c1,30,2,Ring,--
*C1CC(=*)Nc2c1c(=*)c(=*)c1ccccc21,30,4,Ring,-===
*c1cc2cnn(*)c2cn1,30,2,Ring,--
*C1CCCOCC1,30,1,Ring,-
*c1c2c(nc3ccccc13)C(=*)CC2,30,2,Ring,-=
*N1N=Cn2cccc2C1=*,30,2,Ring,-=
*c1cn2cc(*)c(*)cc2n1,30,3,Ring,---
*c1nc2c3cccnc3nn2c(*)c1*,30,3,Ring,---
*N1CCCC2(C1)CN(*)C(=*)O2,30,3,Ring,--=
*c1sc2c(c1*)COCc1nnc(*)n1-2,30,3,Ring,---
*C1CCN2C(=*)N(*)C(=*)C12,30,4,Ring,-=-=
*C1COc2c(ccc3c2C=CC(*)(*)O3)C1,30,3,Ring,---
*C1=Nc2c(cc(*)nc2*)NC1*,30,4,Ring,----
*C1=Nc2c(ccn2*)C(=*)N1,30,3,Ring,--=
*c1sc2c(c1*)CCN(*)C2*,30,4,Ring,----
*C1Cc2ccc(cc2)OCCCC(=*)NC(*)C(=*)N1,30,4,Ring,-=-=
*n1ncc2c1C1(*)CCC3C2(CCC2C(*)(*)CCCC23*)C1,30,5,Ring,-----
*C1=C(*)C(=*)NC(*)S1,30,4,Ring,--=-
*C1CSCN1,30,1,Ring,-
*C1=CN2C(=NC(=*)C3C2=NC(=*)NC3*)S1,30,4,Ring,-==-
*C1C(=*)N2CCC1CC2,30,2,Ring,-=
*C1C(*)(*)CCCC1(*)*,30,5,Ring,-----
*C1C2(*)OOC1(*)OO2,30,3,Ring,---
*C1CN(*)C2Cc3c(n(*)c4ccccc34)C(=*)CC1C2*,30,5,Ring,---=-
*C1=C(*)C2=C(N=CN(*)C2=*)N(*)C1=*,30,6,Ring,---=-=
*C1=NC2(CCN(*)CC2)NC1=*,30,3,Ring,--=
*c1ccc2occ(*)c2c1*,30,3,Ring,---
*c1cc(*)c2c(c1)C(*)C(*)C2*,30,5,Ring,-----
*c1nc2occn2c1*,30,2,Ring,--
*c1ccnc2c1N(*)C(=*)N2,30,3,Ring,--=
*C1CC(*)(*)C(*)C(*)C(=*)C(*)C(=*)OC(*)C2(*)OC(=*)N3CCN=C1C(*)C32,30,12,Ring,-----=-=--=-
*c1cccc2c1oc1c(*)ccc(*)c12,30,3,Ring,---
*C1=CN(*)c2cc(*)c(*)n2C1=*,30,5,Ring,----=
*c1cc(*)c2c(c1)Oc1cc(*)c(*)c(*)c1C2=*,30,6,Ring,-----=
*c1nnc2nncn2n1,30,1,Ring,-
*c1cc(*)c2c(c1*)CCCC2,30,3,Ring,---
*C1OC(=*)C(*)C(*)C(*)OC(=*)C1*,30,7,Ring,-=---=-
*C1CC2C(*)CC(C1*)N2*,30,4,Ring,----
*C1=CCN(*)CC1*,30,3,Ring,---
*C1=Nc2cc(*)c(*)cc2C(=*)O1,30,4,Ring,---=
*N1CCC2C(=*)N(*)CCOC2C1,30,3,Ring,-=-
*C1=NNC(*)N1*,30,3,Ring,---
*C1CSSC(*)(*)C(*)NC(=*)C(*)NC1=*,30,7,Ring,----=-=
*C1CN(*)CCC(=*)N1*,30,4,Ring,--=-
*c1cc2c3c(c1)-c1c(*)cccc1CC3N(*)CC2,30,3,Ring,---
*c1ccc2c(c1)CCc1c(*)cc(*)nc1-2,30,3,Ring,---
*C1OC(*)(*)CC(=*)C1*,30,5,Ring,---=-
*C1=C(*)N(*)C(=*)c2cc(*)c(*)cc21,30,6,Ring,---=--
*C1(*)CCCNC1=*,30,3,Ring,--=
*c1ccc2c(c1)c(=*)c1n2CC(*)(*)CN=1,30,4,Ring,-=--
*c1ccc2c(c1)C(=*)CCS2(=*)=*,30,4,Ring,-===
*N1CCCC(=*)N1,30,2,Ring,-=
*C1CC(=*)NN1*,30,3,Ring,-=-
*c1cc2c3ccccc3ccc2c2ccccc12,30,1,Ring,-
*c1cc2c(nc1*)N(*)C(=*)N(*)C2=*,30,6,Ring,---=-=
*c1ccc2c(*)c(*)n(*)c2n1,30,4,Ring,----
*C1NC(=*)c2coc(n2)-c2coc(n2)-c2coc(n2)C(*)NC(=*)c2coc(n2)-c2coc(n2)-c2coc1n2,30,4,Ring,-=-=
*c1cc2c(=*)c3ccccc3c(=*)c2cc1*,30,4,Ring,-==-
*C1C(=*)N(*)CN1*,30,4,Ring,-=--
*c1ccc2c3c1c(=*)c1ccccc1n-3c(=*)n(*)c2=*,30,5,Ring,-==-=
*C1CC2C(=*)NC(*)C(=*)N2C1,30,4,Ring,-=-=
*c1cc2c(*)n[nH]c2nc1*,30,3,Ring,---
*c1ccc2nc3c(*)ccc(*)c3c(*)c2c1,30,4,Ring,----
*c1ccc2c(c1)C(*)c1ccccc1O2,30,2,Ring,--
*c1ccc2c3ccc(*)cc3n(*)c2c1,30,3,Ring,---
*c1ccc2c(*)c(*)oc2n1,30,3,Ring,---
*C1CC2(*)C(CCC3(*)C2CC=C2C4C(*)(CCC(*)C4(*)*)CCC23*)C(*)(*)C1*,30,11,Ring,-----------
*c1ccc2c(c1)CCC(*)(*)C2=*,30,4,Ring,---=
*c1ccc2c(ccc3cc(*)cn32)c1,30,2,Ring,--
*C1=NC(=*)c2cccc(*)c2O1,30,3,Ring,-=-
*C1=CC(*)(*)N(*)C1=*,30,5,Ring,----=
*C1CC(*)C(*)N(*)C1,30,4,Ring,----
*C1c2ccccc2Cc2ccccc21,30,1,Ring,-
*C1CC2CCC3CC(*)NC(=N1)N23,30,2,Ring,--
*c1ccc2[nH]c3ccncc3c2c1,30,1,Ring,-
*N1C(=*)CCNC1=*,30,3,Ring,-==
*c1ccc2c(c1)N(*)C(=*)C(*)C(=*)N2*,30,6,Ring,--=-=-
*c1nc2c(*)cccc2c2sccc12,30,2,Ring,--
*C1=C(*)C(*)C(*)C(=*)N1,30,5,Ring,----=
*c1ccc2nc(*)n(*)c2c1*,30,4,Ring,----
*C1=CN(*)c2nc(*)c(*)c(*)c2C1=*,30,6,Ring,-----=
*C1=C(*)C(=*)C(*)(*)C1=*,30,6,Ring,--=--=
*C1=CN(*)c2ccc(*)c(*)c2C1=*,30,5,Ring,----=
*N1CC2C(=N1)C1(*)CCC3C4(*)CCCC(*)(*)C4CCC23C1,30,5,Ring,-----
*N1CCNCCNCCNCC1,30,1,Ring,-
*N1C=Nc2c(ncn2*)C1=*,30,3,Ring,--=
*C1=CC2(*)CCC3C(*)(*)C(=*)C(*)=CC3(*)C2=CC1=*,30,8,Ring,----=--=
*c1nc2c(s1)Cc1ccccc1-2,30,1,Ring,-
*C1CN2CCCC2CO1,30,1,Ring,-
*C1=C2SC(*)N2c2cc(*)c(*)cc2C1=*,30,5,Ring,----=
*C1C=CC(*)(*)C(*)C(*)C(*)C(=*)C(*)C2C(*)C(*)CC2(*)C1=*,30,12,Ring,------=----=
*C1=NN(*)CCCC1,30,2,Ring,--
*c1ccc2cnc(*)nc2n1,30,2,Ring,--
*c1cccc2c1Cc1ccccc1-2,30,1,Ring,-
*c1cccc2c1CCC(*)C2=*,30,3,Ring,--=
*C1CC2CC(=*)CCC2(*)C2CC(*)C3(*)C(*)CCC3C12,30,6,Ring,-=----
*C1=CC=C2C3CC=C4CC(*)CCC4(*)C3CCC12*,30,4,Ring,----
*C12CC3CC(CC(C3)O1)C2,30,1,Ring,-
*c1cc2c(*)c(*)c(*)cc2nc1*,30,5,Ring,-----
*c1ccc2c(c1)N(*)C(=*)C1CCCN21,30,3,Ring,--=
*c1nn2c(c1*)N=NN(*)C2=*,30,4,Ring,---=
*c1cccc2c1NC(=*)N(*)C2=*,30,4,Ring,-=-=
*N1CCCc2ccccc2C1=*,30,2,Ring,-=
*c1cc2ccc(*)c(*)c2o1,30,3,Ring,---
*C1=C2N(*)C(=*)CC2(*)CCC1,30,4,Ring,--=-
*C1=C(*)C(*)c2c(c(=*)c(*)c(*)c2=*)O1,30,7,Ring,---=--=
*c1cc2c(s1)-c1ccccc1OC2=*,30,2,Ring,-=
*c1nc2c3ccccc3c3ccccc3c2[nH]1,30,1,Ring,-
*c1nn(*)c2c1CCn1c(*)nnc1-2,30,3,Ring,---
*N1C(=*)c2c(nc3n2CCCCN3*)N(*)C1=*,30,5,Ring,-=--=
*N1CC2CNCC21,30,1,Ring,-
*c1nc2c3ncn(*)c3nc(*)n2n1,30,3,Ring,---
*c1cc2cnc3[nH]ccc3c2n1*,30,2,Ring,--
*c1cc(*)c2c(c1*)C1OC(=*)C(=*)C1CC2,30,5,Ring,---==
*c1ccc2c(c1)-c1c(*)c(*)cc3c1C(C2)N(*)CC3,30,4,Ring,----
*C1=CN(*)NN1,30,2,Ring,--
*C1OCc2ccccc2C1*,30,2,Ring,--
*N1CC(*)(*)CSC1=*,30,4,Ring,---=
*c1cc2sc(*)c(*)c2[nH]1,30,3,Ring,---
*CCCCCC(=O)NCC*,30,2,Linker,--
*COCOC*,30,2,Linker,--
*CN(C(*)=O)C(C)(C)C,30,2,Linker,--
*CNCCNC*,30,2,Linker,--
*COCCOC*,30,2,Linker,--
*NC(=O)CC(C)S(*)(=O)=O,30,2,Linker,--
*OCC(*)(C)C,30,2,Linker,--
*CC(NC(=O)C(*)=O)C(=O)O,30,2,Linker,--
*C(*)N(*)CCC,30,3,Linker,---
*C(=O)C(*)CO,30,2,Linker,--
*OC[Si](*)(C)C,30,2,Linker,--
*CC(=O)NS(=O)(=O)C*,30,2,Linker,--
*C(*)ON=*,30,3,Linker,--=
*NC(=NC(*)=O)NC(*)=O,30,3,Linker,---
*C=NN=C(*)C,30,2,Linker,--
*C=CNC(*)=O,30,2,Linker,--
*NC(=O)NCCNC(*)=O,30,2,Linker,--
*CC(NC(=O)C(CCCNC(=N)N)NC(=O)C(CC(C)C)NC(=O)CNC(=O)C(C*)NC(*)=O)C(N)=O,30,3,Linker,---
*OCCSC(*)=S,30,2,Linker,--
*COP(=O)(O)OP(=O)(O)OP(=O)(O)OC*,30,2,Linker,--
*COP(=O)(O)OC*,30,2,Linker,--
*CS(=O)(=O)NC(=O)N*,30,2,Linker,--
*N=NC(=O)CNC(*)=O,30,2,Linker,--
*C(*)=CCN(C)C,30,2,Linker,--
*CCCCNC(=O)OC*,30,2,Linker,--
*CC(CC(N)C(O)CC(C(=O)NCC(C)(C)C*)C(C)C)C(C)C,30,2,Linker,--
*N(*)C(N)=O,30,2,Linker,--
*CC(=O)ON=C(*)N,30,2,Linker,--
*NC(*)CC(C)C,30,2,Linker,--
*CNC(=O)C(NC(=O)C(NC*)C(O)C(C*)NC(=O)C(NC(=O)OC*)C(C)C)C(C)C,30,4,Linker,----
*COC(=O)NC(C*)C(=O)O*,30,3,Linker,---
*NC(=O)CCCCCCCCC(=O)N*,30,2,Linker,--
*CNC(=S)NNC(*)=O,30,2,Linker,--
*CN(C*)S(C)(=O)=O,30,2,Linker,--
*C(*)CC(=O)OCC,30,2,Linker,--
*[P+](*)(*)*,30,4,Linker,----
*COCC(O)CON=*,30,2,Linker,-=
*NC(=O)CCC(=O)N(*)CC(=O)NC(C)(C)C,30,2,Linker,--
*CC(NC(=O)C(C*)NC(C)=O)C(*)=O,30,3,Linker,---
*NC(=O)C(C)(C)S(*)(=O)=O,30,2,Linker,--
*C=CC(=O)NCCCN*,30,2,Linker,--
*CCCCN(C)C(*)=O,30,2,Linker,--
*C(*)C(=O)OCC,30,2,Linker,--
*OCCCC(=O)NNC(*)=O,30,2,Linker,--
*COC(=O)NC(CCCC)C(=O)C(=O)NC(*)C,30,2,Linker,--
*N=C(S)N(CCN(C)C)C(*)C,30,2,Linker,--
*C(=C)C(*)O,30,2,Linker,--
*CC(*)=N*,30,3,Linker,---
*C(*)=NOCCCCC(=O)O,30,2,Linker,--
*CC(=O)NC(*)CCCCN,30,2,Linker,--
*CCN(CCC(=O)NO)S(*)(=O)=O,30,2,Linker,--
*C=NNC(=O)C(C)N*,30,2,Linker,--
*C=CC(=O)NC(*)C*,30,3,Linker,---
*CCC[N+](C)(C)C*,30,2,Linker,--
*C(*)CC#N,30,2,Linker,--
*CN(CCCC(=O)O)C(*)=O,30,2,Linker,--
*CC(NC(=O)C(CC(=O)O)NC(=O)C(CCCCNC(=O)N*)NC(=O)C(C*)NC(=O)OC(C)(C)C)C(N)=O,30,3,Linker,---
*C=CC(=O)NCC(=O)N*,30,2,Linker,--
*NC(=O)C(*)OCC,30,2,Linker,--
*CCCNS(=O)(=O)C*,30,2,Linker,--
*CC(C)(C)C(=O)N*,30,2,Linker,--
*CCC(N)C*,30,2,Linker,--
*C(C)NC(=O)N(C)S(*)(=O)=O,30,2,Linker,--
*CCC(=O)NCCNS(*)(=O)=O,30,2,Linker,--
*CCCC(*)C#N,30,2,Linker,--
*CC(=O)NCCNCC(O)CO*,30,2,Linker,--
*CCC=CC(*)=O,30,2,Linker,--
*CC(CC(*)=O)C(=O)O,30,2,Linker,--
*CCC(*)CO,30,2,Linker,--
*CC(=O)NCCCOCCCC,30,1,Sub,-
*OC(=O)C(N)CCCCN,30,1,Sub,-
*COCCCCCCCCCCCCCCCC,30,1,Sub,-
*CCC(C)CC,30,1,Sub,-
*NC(=O)C(C)(N)COP(=O)(O)O,30,1,Sub,-
*C(=NO)NC(C)COC,30,1,Sub,-
*CCNC(N)=O,30,1,Sub,-
*S(=O)(=O)N=C(S)NC,30,1,Sub,-
*SSC,30,1,Sub,-
*CN(C)C(=O)OC(C)(C)C,30,1,Sub,-
*C(C)(C)COC,30,1,Sub,-
*NC(=O)NCC(=O)OCC,30,1,Sub,-
*CC(=O)NC(CCC(=O)O)C(=O)O,30,1,Sub,-
*N(C)C(=O)CC,30,1,Sub,-
*C(=O)NC#N,30,1,Sub,-
*CCCCC(C)C,30,1,Sub,-
*C(=O)OC(C)C(C)(C)C,30,1,Sub,-
*C(=O)OCC(=O)C(C#N)=C(C)N,30,1,Sub,-
*NC(=O)CCCC(=O)NO,30,1,Sub,-
*=NOCC(O)CNC(C)(C)C,30,1,Sub,=
*C(O)C(C)(C)C,30,1,Sub,-
*C(C)=NN=C(N)S,30,1,Sub,-
*CCC(=O)NCCO,30,1,Sub,-
*=NOCCN(C)C,30,1,Sub,=
*OCCCNC(=N)N,30,1,Sub,-
*NC(=S)NCCO,30,1,Sub,-
*C(O)C(=C)C#N,30,1,Sub,-
*CSC(C)C,30,1,Sub,-
*CNC(=O)C(CCC)CCC,30,1,Sub,-
*CNC(=O)CC(F)(F)F,30,1,Sub,-
*S(=O)(=O)NCCCCO,30,1,Sub,-
*CSCC=C,30,1,Sub,-
*N=C(S)N(C)C,30,1,Sub,-
*NC(=O)C(N)CCCC,30,1,Sub,-
*C(=S)S,30,1,Sub,-
*S(=O)(=O)NCCCN(C)C,30,1,Sub,-
*C(=O)OCCCCCCCCCC,30,1,Sub,-
*C=CC(=O)NCC(=O)NC(C(=O)NC(CCC(=O)OCC)C(=O)OCC)C(C)C,30,1,Sub,-
*NC(CO)CCC,30,1,Sub,-
*OCCCCCCC(=O)O,30,1,Sub,-
*S(=O)(=O)NCCN(CC)CC,30,1,Sub,-
*C(=O)NC(CCCCNC(=O)OC(C)(C)C)C(=O)OC(C)(C)C,30,1,Sub,-
*C(O)C#CC#CC(O)CCCCC,30,1,Sub,-
*C(=O)NCCSC,30,1,Sub,-
*C(=O)NCCCN(CC)CCCC,30,1,Sub,-
*OCCCCCCO,30,1,Sub,-
*NC(=N)SCC,30,1,Sub,-
*OCCCCC#N,30,1,Sub,-
*=NNC(=S)NOC,30,1,Sub,=
*SCC(=O)NCC(C)C,30,1,Sub,-
*OC(=O)OCCCC,30,1,Sub,-
*C(C)(O)C(O)CCC(C)(C)O,30,1,Sub,-
*=CI,30,1,Sub,=
*CC(=O)NCC(=O)OC,30,1,Sub,-
*COCC(F)(F)C(F)F,30,1,Sub,-
*CNC(=S)OC,30,1,Sub,-
*NC(=O)C(C)(C)CCCCCCCCCC,30,1,Sub,-
*c1cc2c(c(*)c1*)C(*)C=C1C2(*)CCC2(*)C3CC(*)(*)CCC3(*)CCC12*,29,10,Ring,----------
*C1=C(*)c2cc3c4c(oc3cc2OC1=*)CCCC4,29,3,Ring,--=
*C1N(*)C(*)C2(*)CN(*)CC1(*)C2=*,29,7,Ring,------=
*c1ccc2c(*)ncnc2c1*,29,3,Ring,---
*C1=NC(*)C(*)C(*)N1*,29,5,Ring,-----
*C1C(*)C2(CN(*)C2)N1*,29,4,Ring,----
*c1ccc2c(c1)CCCCC2*,29,2,Ring,--
*N1C(=*)CCS1(=*)=*,29,4,Ring,-===
*c1cc2[nH]cnc2c(*)n1,29,2,Ring,--
*N1CCC2CCCCC21,29,1,Ring,-
*C1=Nc2ccccc2N(*)C(=*)C1,29,3,Ring,--=
*C1(*)OCCCO1,29,2,Ring,--
*N1CCC(=*)N1,29,2,Ring,-=
*C1C=CC23c4cc5c(cc4CN(CC2*)C3C1)OCO5,29,2,Ring,--
*C1CCC2CCCC12,29,1,Ring,-
*c1ccc2c(c1)-c1c(ncn1*)C(=*)O2,29,3,Ring,--=
*C1CCC2C(*)(*)C(*)CCC2(*)C1*,29,6,Ring,------
*N1CCC2(CCC(=*)CC2)OC1=*,29,3,Ring,-==
*C1=COc2c(*)cc(*)cc2C1=*,29,4,Ring,---=
*c1ncnc2c1C(*)c1c(ccc3ccccc13)O2,29,2,Ring,--
*c1sc2c(*)nccc2c1*,29,3,Ring,---
*C1=NCCSC(*)C1,29,2,Ring,--
*N1CCc2ccccc2NC1=*,29,2,Ring,-=
*C1(*)c2ccccc2-c2nccn21,29,2,Ring,--
*C1CCC2C(*)C(*)(*)OC3OC4(*)CCC1C32OO4,29,5,Ring,-----
*c1ccc2nc(*)c3nnnn3c2c1,29,2,Ring,--
*C1=NN(*)C2=Nc3nc(*)cc(*)c3C(=*)N12,29,5,Ring,----=
*C1(*)CCCNCC1,29,2,Ring,--
*C1CCc2n[nH]cc2C1,29,1,Ring,-
*c1ccc2c(c1)CCC1C2CCC2(*)C(=*)C(=*)CC12,29,4,Ring,--==
*C1CCC2(*)C(=CCC3C2CCC2(*)C3CCC2(*)*)C1,29,5,Ring,-----
*c1cn2nccc(*)c2n1,29,2,Ring,--
*c1cn2cc(*)nc2cn1,29,2,Ring,--
*c1ccc2c(c1)C13CCN4CC5=CCOC6CC(=*)N2C1C6C5CC43,29,2,Ring,-=
*c1ccc2c(c1)C13CCN(*)C(C2)C1(*)Cc1cc2ccccc2nc1C3,29,3,Ring,---
*C1CCC2(*)C3CCC4(*)C(*)CCC4C3CC3OC32C1,29,4,Ring,----
*c1cc2c(s1)S(=*)(=*)C(*)CC2*,29,5,Ring,-==--
*c1ccc2c3c1c(=*)c1ccccc1c3nn2*,29,3,Ring,-=-
*c1ccc2c(c1)SC(=*)O2,29,2,Ring,-=
*C1CC2CCC(*)N2C(=*)N1,29,3,Ring,--=
*c1cc2nc(*)c3cncn3c2cc1*,29,3,Ring,---
*c1[nH]c2nccnc2c1*,29,2,Ring,--
*c1ccc2c(c1)S(=*)(=*)N(*)C2*,29,5,Ring,-==--
*C1=NOC(*)(*)O1,29,3,Ring,---
*c1nc(=*)sc1=*,29,3,Ring,-==
*C1CC(*)(*)CC2OC(*)(*)OC12,29,5,Ring,-----
*C1CC(=*)C2=C(C1)NC(=*)CC2*,29,4,Ring,-==-
*c1cc2c(c(*)c1*)N(*)C=CC2=*,29,5,Ring,----=
*C1=CC2OC(=*)C(=*)C2C(*)C(*)C(*)=CCC1,29,6,Ring,-==---
*C1=C(*)N(*)N=C2COC(*)(*)C=C21,29,5,Ring,-----
*N1CCC2(CC1)CNC(=*)CO2,29,2,Ring,-=
*N1C(=*)CC1(*)*,29,4,Ring,-=--
*C1=C(*)C2CCCC2N(*)C1=*,29,4,Ring,---=
*c1nc2c(s1)CCc1ccccc1-2,29,1,Ring,-
*C1=NN2C(=*)C(*)=C(*)N=C2S1,29,4,Ring,-=--
*c1ccc2c(c1)C1(*)CCN(*)C1C2,29,3,Ring,---
*c1nc(*)c2cc3ccccc3cc2n1,29,2,Ring,--
*c1cc2c3c(cccc3c1)C(=*)OC2=*,29,3,Ring,-==
*c1c(*)c(*)c2nn(*)nc2c1*,29,5,Ring,-----
*C1=C(*)C(=*)C2(*)C(=C1)Oc1c2c(*)c(*)c2oc(=*)c(=*)c12,29,8,Ring,--=---==
*c1ccc2cc3n(c2c1)C(*)CNC3=*,29,3,Ring,--=
*C1Cc2ccc(cc2)OCCCCC(*)C(*)C(=*)N1,29,4,Ring,---=
*c1nc(*)n2c(*)nncc12,29,3,Ring,---
*C1=C2N(*)CCN2C(*)C(*)(*)C1*,29,6,Ring,------
*C1=CC(=*)N2CC(*)C(*)C2C1,29,4,Ring,-=--
*c1ccc2c(c1)C(=*)N1CCc3c([nH]c4ccccc34)C1N2*,29,3,Ring,-=-
*N1C(=*)C(*)(*)C1=*,29,5,Ring,-=--=
*N1CCOCCOCCN(*)CCOCCOCC1,29,2,Ring,--
*C1=CC(=*)N(*)C1(*)*,29,5,Ring,-=---
*C1C=CC(*)C1*,29,3,Ring,---
*c1ccc2c(c1)C(=*)N(*)C2*,29,4,Ring,-=--
*c1cn2c3c(cccc13)CN(*)CC2,29,2,Ring,--
*c1cc2c(cc1*)OC(*)CO2,29,3,Ring,---
*C1CSCCC(=*)N1,29,2,Ring,-=
*c1nc2cnn(*)cc-2n1,29,2,Ring,--
*C1CCCC2CCC(*)N2C1=*,29,3,Ring,--=
*c1cc2c(cc1*)C(*)(*)OCC2,29,4,Ring,----
*c1cc(=*)c2cccnc2c1=*,29,3,Ring,-==
*N1CCCC2(CCNC2)C1,29,1,Ring,-
*c1ccc(*)c2c(*)n[nH]c12,29,3,Ring,---
*N1C(=*)Nc2ccccc2C1(*)*,29,4,Ring,-=--
*c1cn2c(c1*)C(=*)N(*)CC2,29,4,Ring,--=-
*C1=C(*)C(*)C(*)C1*,29,5,Ring,-----
*c1cnc2c(c1)OCCN2,29,1,Ring,-
*C1CN(*)CC12CCCCC2,29,2,Ring,--
*C1=CC(*)(*)N(*)C(*)(*)C1,29,6,Ring,------
*C1(*)CC(=*)CCCO1,29,3,Ring,--=
*c1ccc2c(c1*)CC(*)O2,29,3,Ring,---
*C1OC2CC3C4CCC5=CC(=*)CCC5C4CCC3(*)C2(*)O1,29,4,Ring,-=--
*C1=C(*)n2nc(*)nc2N(*)C1=*,29,5,Ring,----=
*c1ccc2c(*)c(*)c3nc4ccccc4n3c2c1,29,3,Ring,---
*C1CCC(*)OO1,29,2,Ring,--
*C1C(=*)C(*)(*)C(*)C1*,29,6,Ring,-=----
*c1ncc2nccn2c1*,29,2,Ring,--
*c1oc2c(c1*)C(=*)N(*)C(=*)N2*,29,6,Ring,--=-=-
*c1ccc2c(c1)C(=*)C(=*)CO2,29,3,Ring,-==
*C1NC(=*)N(*)C2=C1C(=*)N(*)C2,29,5,Ring,-=-=-
*N1C(=*)C2(CC2)c2ccncc21,29,2,Ring,-=
*C1=NC(=*)NC=C1,29,2,Ring,-=
*c1ccc2c(c1)-c1nc(*)cn1CCO2,29,2,Ring,--
*c1cc(*)c2c(c1)OC(=*)C1=C2CCCC1,29,3,Ring,--=
*C1CC2C(=*)N(*)c3ccccc3C(=*)N2C1,29,4,Ring,-=-=
*N1CCC2(*)c3ccccc3CC1C2(*)*,29,4,Ring,----
*C1CCCC2CCCCC12,29,1,Ring,-
*c1ccc2c(c1)CCc1cnc(*)nc1-2,29,2,Ring,--
*C1CC2CC(*)CC2C1,29,2,Ring,--
*C1Cc2c(cnn2*)C2(CCN(*)CC2)O1,29,3,Ring,---
*c1cc(*)c2[nH]c3cnc(*)cc3c2c1,29,3,Ring,---
*C1=COc2c(cc(*)c(*)c2*)C1=*,29,5,Ring,----=
*C1=NN2C=NC(=*)C(*)=C2C=C1,29,3,Ring,-=-
*c1ccc2c(c1)C1C3CCC(C3)C1C(*)N2,29,2,Ring,--
*C1CC12C(=*)Nc1ccccc12,29,2,Ring,-=
*C1CNC(=*)C(*)NC(=*)C(*)NC(=*)C(*)NC(=*)C(*)NC(=*)C(*)NC(=*)C(*)NC1=*,29,14,Ring,-=-=-=-=-=-=-=
*C1CC2(*)C(CC3OC(*)(*)OC32*)C2CCC3=CC(=*)C=CC3(*)C12*,29,8,Ring,-----=--
*C1(*)COC(*)(*)OC1,29,4,Ring,----
*C1CN(*)CC12CN(*)C2,29,3,Ring,---
*N1CC2C3CCC(C3)C2C1,29,1,Ring,-
*c1cc2c(cc1*)C(*)N(*)C=N2,29,4,Ring,----
*C1=Nc2c(*)cccc2N2C(=*)N(*)N=C12,29,4,Ring,--=-
*c1c2ccccc2cc[n+]1*,29,2,Ring,--
*N1CC2CCC1CN2*,29,2,Ring,--
*N1CC2(CCC2)C1,29,1,Ring,-
*C1=NC(=*)C(*)(*)C(=*)N1,29,5,Ring,-=--=
*c1cc2c3c(n1)c(*)nn3CC(*)N2*,29,4,Ring,----
*N1C(=*)c2cc3c(cc2N(*)C1=*)OCO3,29,4,Ring,-=-=
*C1CC2CN(*)CC2(*)C1,29,3,Ring,---
*c1c[n+](*)c2n1CCCCC2,29,2,Ring,--
*c1ncn2c1C=C1CCCC(*)C1(*)C2,29,3,Ring,---
*C1=NC2(CCC3CN(*)CC32)C(=*)N1,29,3,Ring,--=
*c1ccc2c(c1)CC(*)N(*)C2,29,3,Ring,---
*C1CCC2(CC1)OOC1(CCC3(*)C(CC(*)C4C3CC(*)C3(*)C(*)CCC43)C1)OO2,29,6,Ring,------
*C1=C2C3OC(=*)C(=*)C3CCC(*)(*)C2CC1*,29,6,Ring,-==---
*C12CCCC(*)(CC1)C2,29,2,Ring,--
*C1=C(*)C(*)c2sc(*)nc2O1,29,4,Ring,----
*N1CCC(=*)C(=*)C1,29,3,Ring,-==
*C1CCc2[nH]c3ccccc3c2C1,29,1,Ring,-
*c1cccc2c1C13CCN(*)C(C2)C1(*)CCC(=*)C3,29,4,Ring,---=
*c1cc(*)c2c(c1)OCC1CCCN21,29,2,Ring,--
*c1cc2c(n1*)CCNC2=*,29,3,Ring,--=
*N1C(=*)Nc2c([nH]c3ccccc23)C1=*,29,3,Ring,-==
*c1ccc2c(*)nocc1-2,29,2,Ring,--
*c1ccc2c(c1)C(=*)N(*)C(=*)C2,29,4,Ring,-=-=
*C1=C(*)C2N(*)c3ccc(*)cc3C23CC(*)N(*)C3=N1,29,6,Ring,------
*c1ccc2c(n1)N(*)C(=*)C=C2,29,3,Ring,--=
*N1CC2(CNC2)C1,29,1,Ring,-
*C1CN(*)c2cn(*)nc2C(=*)N1,29,4,Ring,---=
*c1nc2ccncc2c(*)c1*,29,3,Ring,---
*C1NC(=*)C2CC3(*)c4ccccc4NC3N2C1=*,29,4,Ring,-=-=
*C1NC(=*)N(*)C1*,29,4,Ring,-=--
*c1c2c(oc1=*)=CC1(*)CCC(*)(O1)C(*)CC2*,29,6,Ring,-=----
*c1nc2c(s1)CCCc1n[nH]cc1-2,29,1,Ring,-
*c1nnc2ccc3ccccc3n12,29,1,Ring,-
*N1C2C=CCC1CC2,29,1,Ring,-
*c1nn(*)c2cnn(*)c12,29,3,Ring,---
*C1=CC(=*)N2C=CN(*)C2=N1,29,3,Ring,-=-
*c1cn2c(*)c3ncn(*)c3nc2n1,29,3,Ring,---
*N1C(=*)C2C3C=CC(C2C1=*)C1C2C(=*)N(*)C(=*)C2C31,29,6,Ring,-===-=
*N1C2CCNCC1CC2,29,1,Ring,-
*c1cc2ncc3c(c2cc1*)N(*)C(=*)N3,29,4,Ring,---=
*c1c(*)c(*)c2c(c1*)CC(*)O2,29,5,Ring,-----
*c1cccc2c1C(=*)N(*)Cc1c(*)ncn1-2,29,4,Ring,-=--
*c1cc(*)c2c(c1)CCN(*)C2=*,29,4,Ring,---=
*C1=C2N(*)c3cc(*)ccc3N2CCC1=*,29,4,Ring,---=
*c1cc2c(=*)c3ccccc3c(=*)c2s1,29,3,Ring,-==
*c1cc2c(c(*)c1*)C(*)CC(*)C2*,29,6,Ring,------
*N1C(=*)CSCC1(*)*,29,4,Ring,-=--
*C1CC2OCCN(*)C2C1,29,2,Ring,--
*C1=COc2c(*)c(=*)c(=*)c3c(*)ccc1c23,29,5,Ring,--==-
*c1ccc2nc(*)c3cncn3c2n1,29,2,Ring,--
*c1ccc2c(c1)nc1n2CCNC1*,29,2,Ring,--
*C1CCC2(*)CCC3(*)C(CCC4C5(*)CC(=*)C(=*)C(*)(*)C5CCC43*)C12,29,9,Ring,----==---
*c1cc2c(cc1*)C1C(=*)c3ccc4c(c3OC1CO2)CC(*)O4,29,4,Ring,--=-
*c1cc2c3c(oc(=*)c4cc(*)c(*)c(oc2=*)c4-3)c1*,29,6,Ring,-=--=-
*c1cc2c(nc1*)COC2=*,29,3,Ring,--=
*C1CC2(*)C(CCC3(*)C2CCC2C4C(*)CCC4(*)CCC23*)C(*)(*)C1=*,29,9,Ring,--------=
*C(=*)F,29,2,Linker,-=
*CCOCCOCCOCC*,29,2,Linker,--
*C(=O)OC(*)C#N,29,2,Linker,--
*OCCOCCOCCO*,29,2,Linker,--
*C(=O)COC(=O)C(*)C,29,2,Linker,--
*CC(=O)NC(C)C(=O)NC(C*)C(=O)NC(C*)C(*)=O,29,4,Linker,----
*C=NOCCCCC*,29,2,Linker,--
*COC(=O)C(*)CC,29,2,Linker,--
*COCC(*)C,29,2,Linker,--
*C=CC(=O)CO*,29,2,Linker,--
*CC(N)C(=O)NC(C*)C(*)=O,29,3,Linker,---
*C=C(*)C*,29,3,Linker,---
*CN(CC(C)C)C(*)CC(=O)O,29,2,Linker,--
*CN(*)C(=O)C(CC(=O)OC)NC(=O)OC(C)(C)C,29,2,Linker,--
*C(=O)NC(*)C(C)CC,29,2,Linker,--
*CC(NC(*)=O)C(=O)N(CCCCC)CCCCC,29,2,Linker,--
*C=C(O*)C(*)=O,29,3,Linker,---
*C(*)C(C)(C)C(=O)OC,29,2,Linker,--
*C=NNC(=O)C(C)O*,29,2,Linker,--
*C(=O)OCC(*)*,29,3,Linker,---
*C(=O)N(C)CCN(C)C(*)=O,29,2,Linker,--
*OC(=O)OC(C)OC(*)=O,29,2,Linker,--
*C(N)=NC(*)=NS(*)(=O)=O,29,3,Linker,---
*CN(*)CC(=O)OCC,29,2,Linker,--
*CC(C(=O)NO)N(C*)S(*)(=O)=O,29,3,Linker,---
*CC(O)C(=O)NC(CC(C)C)C(*)=O,29,2,Linker,--
*CCOC(=O)C(*)C,29,2,Linker,--
*OC(=O)NC(*)=O,29,2,Linker,--
*C=C(*)[N+](=O)[O-],29,2,Linker,--
*OCC=CCO*,29,2,Linker,--
*NCCCNCCCN*,29,2,Linker,--
*CC(CO*)N(O)C=O,29,2,Linker,--
*CN(C*)C(=O)CS*,29,3,Linker,---
*NN=C(*)CC,29,2,Linker,--
*COC(=O)NC(C*)CC(O)C(C*)NC(=O)C(NC(=O)N(C)C*)C(C)C,29,4,Linker,----
*OC(CC)C(*)=O,29,2,Linker,--
*CCC(=O)NC(=S)N*,29,2,Linker,--
*CC(CN)C(=O)N(*)C*,29,3,Linker,---
*CC(=O)N(*)C(C)C(=O)N*,29,3,Linker,---
*CCN(*)C(=O)CC,29,2,Linker,--
*CN(CC(=O)N*)C(=O)CCC(=O)N*,29,3,Linker,---
*CC(C)NCC(O)CO*,29,2,Linker,--
*CC(CO*)OC(C)=O,29,2,Linker,--
*C(*)CN(CC)CC,29,2,Linker,--
*CC[S+](*)[O-],29,2,Linker,--
*CCC(C=CS(*)(=O)=O)NC(=O)C(C*)NC(*)=O,29,4,Linker,----
*NCC(O)CON=C(*)*,29,3,Linker,---
*CNC(=O)NC(*)*,29,3,Linker,---
*C=CNC(=O)N*,29,2,Linker,--
*C(=O)NC(*)CC(=O)OC,29,2,Linker,--
*C(=O)NCCN(*)C,29,2,Linker,--
*C=CC(NC(*)=O)C(C*)C(=O)OC,29,3,Linker,---
*CCC(=O)CC*,29,2,Linker,--
*CNC(=O)CCN*,29,2,Linker,--
*N=NN(*)C(*)=O,29,3,Linker,---
*NC(=O)C(*)NC(C)=O,29,2,Linker,--
*C(=O)NCC(*)C(=O)NO,29,2,Linker,--
*CN(CC(*)=O)S(C)(=O)=O,29,2,Linker,--
*CN(C*)CC(=O)NO,29,2,Linker,--
*NC(=O)OCC(*)O*,29,3,Linker,---
*NS*,29,2,Linker,--
*CCN(CC(=O)O)S(*)(=O)=O,29,2,Linker,--
*NN=C(*)C(=O)OCC,29,2,Linker,--
*OCCC(C)O*,29,2,Linker,--
*CC(C)(C)NS(*)(=O)=O,29,2,Linker,--
*C(*)=CCC(N)C(=O)O,29,2,Linker,--
*CCC(C)NC(=O)COC(*)=O,29,2,Linker,--
*NC(=O)CN(C)C(C)C(=O)N*,29,2,Linker,--
*CSCC(=O)N(C)CC(=O)N*,29,2,Linker,--
*CCC(C)C(O)C(C)C(=O)C(*)CC,29,2,Linker,--
*CC(*)[Se]*,29,3,Linker,---
*NC(=O)CN(C(=O)CO*)C(C)C,29,2,Linker,--
*SCC(*)CC(C)C,29,2,Linker,--
*CC(NC(=O)OC(C)(C)C)C(=O)NS(*)(=O)=O,29,2,Linker,--
*CCNC(=N)N*,29,2,Linker,--
*CN(*)C(=O)CCCCCC(=O)NO,29,2,Linker,--
*OCCCCCCCO*,29,2,Linker,--
*CNC(=O)C(CC(C)C)NC(*)=O,29,2,Linker,--
*COCC(NC(*)=O)C(*)=O,29,3,Linker,---
*C(=O)NC(CCC)C(*)O,29,2,Linker,--
*CCNC(=O)N(*)C*,29,3,Linker,---
*CNC(=O)NCCO*,29,2,Linker,--
*CN(*)CC(=O)N*,29,3,Linker,---
*C(C(=O)NC(C)(C)C)N(*)C(=O)C#C,29,2,Linker,--
*C=CC(=O)C(C)=C*,29,2,Linker,--
*NC(=O)CCC#C,29,1,Sub,-
*C(=O)NC(CC(C)C)C(=O)NCCC(C)C,29,1,Sub,-
*C#CC(C)(C)CC(=O)O,29,1,Sub,-
*CCCCCCSCC(O)(CC(=O)O)C(=O)O,29,1,Sub,-
*S(=O)(=O)N(CCCC)CCCC,29,1,Sub,-
*CCN(C)C(C)=O,29,1,Sub,-
*CNC(CO)CO,29,1,Sub,-
*[S+]([O-])CCC,29,1,Sub,-
*CC(N)C(N)=O,29,1,Sub,-
*C#CC(O)(CC)CC,29,1,Sub,-
*=CC=O,29,1,Sub,=
*CC(NC(=O)C(N)CC(=O)O)C(=O)OC,29,1,Sub,-
*C(=O)NC(C(=O)NC(CC(C)C)C(=O)O)C(C)CC,29,1,Sub,-
*OCCOCCN,29,1,Sub,-
*S(=O)(=O)NC(C(=O)O)C(N)C(=O)O,29,1,Sub,-
*C(=O)NCC(CC)CC,29,1,Sub,-
*OCC(O)CNCCNC(=O)C(C)C,29,1,Sub,-
*C(=O)NCCN(CC)CCCC,29,1,Sub,-
*C(=O)NC(C(N)=O)C(C)(C)C,29,1,Sub,-
*OCC(=O)NC(CCCNC(=N)N)C(=O)OC,29,1,Sub,-
*OCCCNC(C)=O,29,1,Sub,-
*C(=O)C(C)(C)CC,29,1,Sub,-
*=NOCC=C(C)CCC=C(C)C,29,1,Sub,=
*C(N)CCCCN,29,1,Sub,-
*CCNC(=O)NC(C)(C)C,29,1,Sub,-
*CN=C(C)S,29,1,Sub,-
*COCCCCCN,29,1,Sub,-
*NC(=O)CCCCNC(=N)N,29,1,Sub,-
*CC=CC(=O)OC,29,1,Sub,-
*NS(=O)(=O)CCC(F)(F)F,29,1,Sub,-
*S(=O)(=O)N(C)CCO,29,1,Sub,-
*C(=O)NC(C)(C)COC,29,1,Sub,-
*C(C)(O)CSCC,29,1,Sub,-
*NC(=S)NC(=O)CCCC,29,1,Sub,-
*CC(P(=O)(OC(C)C)OC(C)C)P(=O)(OC(C)C)OC(C)C,29,1,Sub,-
*C#C[Si](CC)(CC)CC,29,1,Sub,-
*OCCCC=C,29,1,Sub,-
*NC(=O)OCC#C,29,1,Sub,-
*NCC(CC)CC,29,1,Sub,-
*C(=O)C(C)NC(=O)OC(C)(C)C,29,1,Sub,-
*CC(CC(N)C(O)CC(C)C(=O)NCCCC)C(C)C,29,1,Sub,-
*CCCCC(=N)N,29,1,Sub,-
*CC(=O)NCCCCCCCC,29,1,Sub,-
*CCCCOCC(=O)O,29,1,Sub,-
*OCC(O)CN,29,1,Sub,-
*CCNCCC,29,1,Sub,-
*OCCCCCCN(CC)CC,29,1,Sub,-
*CCC(C)CO,29,1,Sub,-
*C(CC(C)C)C(=O)NO,29,1,Sub,-
*OCCCCCBr,29,1,Sub,-
*CC(=N)N,29,1,Sub,-
*CS(=O)(=O)C(C)(C)C,29,1,Sub,-
*C(=O)NC(=O)OC,29,1,Sub,-
*S(=O)(=O)NO,29,1,Sub,-
*C(CC(C)C)NC(C)=O,29,1,Sub,-
*C(=O)NS(=O)(=O)CC,29,1,Sub,-
*N(CC(=O)O)S(C)(=O)=O,29,1,Sub,-
*C(=O)NC(C)CN,29,1,Sub,-
*C(C)CC#N,29,1,Sub,-
*C(=O)NC(C)(C)CC(C)(C)C,29,1,Sub,-
*S(=O)(=O)NN,29,1,Sub,-
*C(=O)P(=O)(O)O,29,1,Sub,-
*NC(=O)C(F)(F)C(F)(F)C(F)(F)F,29,1,Sub,-
*CC(=C)Cl,29,1,Sub,-
*NCCCCCCO,29,1,Sub,-
*S(=O)(=O)NC(=O)NCC,29,1,Sub,-
*N(CCI)CCI,29,1,Sub,-
*CSC(C)=O,29,1,Sub,-
*OCCCCC(C)(C)C(=O)O,29,1,Sub,-
*S(=O)(=O)CC(=O)OCC,29,1,Sub,-
*SC(CC)C(=O)O,29,1,Sub,-
*S(=O)(=O)NC(CO)C(C)CC,29,1,Sub,-
*CCC(F)(F)C(F)(F)C(F)(F)C(F)(F)C(F)(F)C(F)(F)C(F)(F)C(F)(F)F,29,1,Sub,-
*C(=O)C(NC(=O)OC)C(C)CC,29,1,Sub,-
*NC(=O)C(CCC(F)(F)F)C(CCC(F)(F)F)C(N)=O,29,1,Sub,-
*C1=Nc2sc(*)nc2C(=*)N1,28,3,Ring,--=
*c1c(*)c(*)c2c(c1*)CCN2*,28,5,Ring,-----
*C1=NS(=*)(=*)c2cc(*)ccc2S1,28,4,Ring,-==-
*c1cc(*)c2c(c1*)C(*)CC2,28,4,Ring,----
*C1C(*)C23C(OC(=*)C2*)OC24C(=*)OC1C32C(*)C1OC(=*)C(*)C14*,28,9,Ring,--=-=-=--
*C1NCCc2sccc21,28,1,Ring,-
*c1ccc2c(c1)N(*)C1C(*)(*)C(*)C3(*)C=CCN4CCC21C43,28,6,Ring,------
*C1=NN(*)C(=*)CC1*,28,4,Ring,--=-
*N1CCNC2CS(=*)(=*)CC21,28,3,Ring,-==
*C1N(*)C(=*)C(=*)S1(=*)=*,28,6,Ring,--====
*C1=NN2C(C1)c1cc(*)ccc1OC21CCN(*)CC1,28,3,Ring,---
*c1nc2c(*)c(*)c(*)cc2[nH]1,28,4,Ring,----
*C1=NC(*)NC(*)=N1,28,3,Ring,---
*c1nc2n(n1)C1(CCCCC1)C1CCCCC1N2*,28,2,Ring,--
*C1CCOP(*)(=*)N1*,28,4,Ring,--=-
*N1CC2NCCOC2C1,28,1,Ring,-
*C1CC(*)(*)CCN1*,28,4,Ring,----
*c1cc(*)c2cn(*)nc2c1,28,3,Ring,---
*c1ccc2c(c1)Nc1ccccc1C2=*,28,2,Ring,-=
*C1CCC2(*)C(CCC3C2CCC2(*)C(*)CC4OC432)C1,28,4,Ring,----
*c1cc2c(c(*)c1*)C(=*)C1(*)C=CC2N(*)N1*,28,7,Ring,---=---
*C1CC12CCNCC2,28,1,Ring,-
*C1CC2(*)C(CC(*)C2(*)*)C2CCC3=CC(=*)C=CC3(*)C12,28,7,Ring,-----=-
*c1ccc2c(c1*)OC(=*)c1ccccc1-2,28,3,Ring,--=
*C1=NN=C2N(*)c3ccccc3N2C1=*,28,3,Ring,--=
*N1CC2CCC(*)(*)C2C1,28,3,Ring,---
*c1ccc2c(c1)nc1n2CCC(*)C1,28,2,Ring,--
*C1=Cc2ccc(*)c(*)c2C(=*)N1*,28,5,Ring,---=-
*c1sc2nc3c(c(*)c2c1*)CCCC3,28,3,Ring,---
*C1=c2cc(*)c(=*)c(*)c2Oc2c1cc(*)c(*)c2*,28,7,Ring,--=----
*c1ccc2nc3ccccc3nc2c1,28,1,Ring,-
*c1nc2c(c(*)c1*)CN(*)C2=*,28,5,Ring,----=
*C1Cn2c(cc3ccccc32)C(=*)N1,28,2,Ring,-=
*C1CC2C(C(*)CC3(*)C2CCC3(*)*)C2(*)C=CC(=*)C=C12,28,7,Ring,------=
*c1nsc2c(*)ncnc12,28,2,Ring,--
*N1CCNCCNCC1,28,1,Ring,-
*c1ccc2[nH]ccc2n1,28,1,Ring,-
*c1cc2c(s1)CCCCCC2,28,1,Ring,-
*c1ccc2[nH]c3c(c2c1)NC(=*)N(*)C3=*,28,4,Ring,-=-=
*C1CN1,28,1,Ring,-
*C1=C(*)C(*)n2c(nc3ccc(*)cc32)N1,28,4,Ring,----
*c1ncn2c1CN(*)C(=*)c1ccccc1-2,28,3,Ring,--=
*C1=C(*)C(*)N2C(=*)C(*)SC2=N1,28,5,Ring,---=-
*C1CCC(*)(*)C(*)C1*,28,5,Ring,-----
*c1c(*)c(=*)c2[nH]cnc2c1=*,28,4,Ring,--==
*c1ncc2c(n1)-c1sc(*)nc1CC2,28,2,Ring,--
*c1ccc2c(c1)CNC(=*)O2,28,2,Ring,-=
*C1=C(*)CC2(CC2)C1,28,2,Ring,--
*n1c2ccccc2c2ccn3c[n+](*)cc3c21,28,2,Ring,--
*C1CCC2=Nc3ccccc3CN21,28,1,Ring,-
*C1=C2c3ccc4[nH]ncc4c3CC2(*)CCC1=*,28,3,Ring,--=
*c1cc2nnc(*)n2nc1*,28,3,Ring,---
*c1cccc2c1N(*)c1ccccc1C2=*,28,3,Ring,--=
*c1c2c(nc3ccccc13)CCC(*)C2,28,2,Ring,--
*C1=CC(=*)N(*)c2c1cnn2*,28,4,Ring,-=--
*n1ncc2c1C(=*)CCC2,28,2,Ring,-=
*c1nccnn1,28,1,Ring,-
*c1ccc2c(c1)C1(*)CCC(=*)C(*)C1O2,28,4,Ring,--=-
*N1C(=*)c2cccnc2Sc2ccccc21,28,2,Ring,-=
*C1=CN(*)S(=*)(=*)NC1*,28,5,Ring,--==-
*C1CC2CCCN2C12C(=*)Nc1ccccc12,28,2,Ring,-=
*C1=CN(*)C(=*)NC1*,28,4,Ring,--=-
*c1ccc2n1CCC(*)C2,28,2,Ring,--
*c1cc2c(c(*)c1*)C(*)C(*)C(*)C2,28,6,Ring,------
*C1CCOC2(CCCC2)C1,28,1,Ring,-
*C1(*)CCCN2CCCCC21,28,2,Ring,--
*C1=CC2=CCC3C(*)(*)CCCC3(*)C2CC1,28,4,Ring,----
*C1=Cc2cc3c(cc2OC1=*)OC(*)C3,28,3,Ring,-=-
*c1cc(*)c2nncn2c1,28,2,Ring,--
*c1c2c(n(*)c1*)C(=*)N(*)C=N2,28,5,Ring,---=-
*N1CC2(CCCCN2*)CC1=*,28,3,Ring,--=
*C1CCC2(*)CCC3(*)C(CCC4C5(*)Cc6nnn(*)c6C(*)(*)C5CCC43*)C12,28,8,Ring,--------
*C1CC2C(C1)C2(*)*,28,3,Ring,---
*c1cc2c(c(*)c1*)C1=CC(=*)CCC1(*)C2,28,5,Ring,---=-
*C1C=CC(*)N1*,28,3,Ring,---
*C1=CC(=*)C(*)(*)C(=*)C1=*,28,6,Ring,-=--==
*C1CCC2(*)C(=CC=C3C2CCC2(*)C(*)CCC32)C1,28,4,Ring,----
*c1cc2c(*)c(*)c(*)cc2o1,28,4,Ring,----
*C1=CN(*)c2cc(*)cc(*)c2C1=*,28,5,Ring,----=
*c1nn(*)c2c1N(*)C(=*)CS2,28,4,Ring,---=
*c1cc2c3c(c1)NC(=*)C(=*)N3C(*)CC2,28,4,Ring,-==-
*C1=NC(*)CC(=*)N1,28,3,Ring,--=
*c1nc(*)c2c(ccc3nc(*)n(*)c32)c1*,28,5,Ring,-----
*C1OC(*)N2CCCCC12,28,2,Ring,--
*C1c2cc3c(cc2C(*)C(*)C1*)OCO3,28,4,Ring,----
*C1=CCN2CCC(*)C12,28,2,Ring,--
*C1=NC(*)n2c(nc3ccccc32)N1,28,2,Ring,--
*c1ccc2c(c1)N(*)CCCN2*,28,3,Ring,---
*c1ccc2nc3n(*)c4ccccc4c(*)c-3c2c1,28,3,Ring,---
*c1c[n+](*)ccn1,28,2,Ring,--
*N1C=Nc2nc3c(cc2C1=*)CCCC3,28,2,Ring,-=
*C1=NC2(C(=*)N1*)c1cc(*)ccc1CC21CC(*)C(*)C(*)C1,28,7,Ring,-=-----
*C1OCC1(*)*,28,3,Ring,---
*C1=CN2c3c(cc(*)c(*)c3CCC2*)C1=*,28,5,Ring,----=
*c1cc2c(*)c(*)[nH]c2s1,28,3,Ring,---
*C1CC(*)C2C(C=CC(*)C2*)C1,28,4,Ring,----
*c1nn(*)c2c1CCCN(*)C2,28,3,Ring,---
*C1CC2CC1C1CCCC21,28,1,Ring,-
*C1NC(=*)C(*)N2C(=*)c3ccccc3N=C12,28,4,Ring,-=-=
*C1=NC2=C(CCCC2)C(=*)N1*,28,3,Ring,-=-
*c1ncc2c(n1)CCCC2=*,28,2,Ring,-=
*C1=CC(*)n2ncc(*)c2N1,28,3,Ring,---
*C1CNCC(*)N1*,28,3,Ring,---
*C1=CCC2C(OC(*)CC2(*)*)C1*,28,5,Ring,-----
*C1CC(*)C(*)C(*)N1,28,4,Ring,----
*C1=NN=Cc2cc3cc(*)ccc3nc2S1,28,2,Ring,--
*C1CN2CCCCC2CO1,28,1,Ring,-
*C1=C2C(*)CC3(*)CCC(*)C(=*)C3C(*)C(C(*)C1)C2(*)*,28,9,Ring,----=----
*c1cc2cccnc2s1,28,1,Ring,-
*C1=CS(=*)(=*)c2ccccc2N1,28,3,Ring,-==
*C1CC(*)C(*)(*)C(*)O1,28,5,Ring,-----
*c1cc(*)c2c(c1)c1ccccc1n2*,28,3,Ring,---
*C1=COc2c(c(*)cc3c2C(=*)C(*)=CO3)C1=*,28,5,Ring,--=-=
*c1ccc2c(c1)N(*)c1ccccc1O2,28,2,Ring,--
*c1ccc2c(c1)CCN(*)C21CCN(*)CC1,28,3,Ring,---
*C1CC(=*)N(*)c2ccccc2S1(=*)=*,28,5,Ring,-=-==
*N1CCC2(CC1)OOC1(O2)C2CC3CC(C2)CC1C3,28,1,Ring,-
*N1CC(=*)N2CCCc3ccccc3C2C1,28,2,Ring,-=
*c1c2nc(cc3ccc([nH]3)c(*)c3nc(cc4ccc1[nH]4)C=C3)C=C2,28,2,Ring,--
*C1Cc2c(c(=*)c3ccccc3c2=*)O1,28,3,Ring,-==
*N1CC2(CCOC2)C1,28,1,Ring,-
*C1CC(*)C(*)(*)C1*,28,5,Ring,-----
*C1OOC(*)C2OC12,28,2,Ring,--
*c1c2c3c(cccc3c(=*)c1=*)C(*)CO2,28,4,Ring,-==-
*[N+]12CN3CN(CN(C3)C1)C2,28,1,Ring,-
*c1cc(*)c2cc(*)c(*)[o+]c2c1,28,4,Ring,----
*c1cc(*)c2c(c1*)CCC(*)(*)O2,28,5,Ring,-----
*c1nc(*)c2c(n1)N(*)C(=*)CC2,28,4,Ring,---=
*c1ccn2nccc2n1,28,1,Ring,-
*c1ccc2c(c1)CC(*)CC(*)N2,28,3,Ring,---
*C1NC(*)C2(*)CCCC1C2=*,28,4,Ring,---=
*c1ccc2c(c1)Cn1c(=*)c3ccccc3c1=N2,28,2,Ring,-=
*c1ncc2c(n1)N1CCOCC1(*)C(=*)N2*,28,4,Ring,--=-
*C1(*)CCC(=*)C1=*,28,4,Ring,--==
*c1c(*)[n+](*)c2ccccn12,28,3,Ring,---
*=C1NC2(CCCCO2)CCS1,28,1,Ring,=
*N1CC2(CCC3(*)C(CCC4C5CCC(=*)C5(*)CCC43)C2)OC1=*,28,5,Ring,--=-=
*c1ccc2c(c1)C1CN(*)CCC1N2,28,2,Ring,--
*C1=NC(*)(*)CCC1(*)*,28,5,Ring,-----
*c1cc2cc(*)n3cc(*)c(=*)c(c1)c23,28,4,Ring,---=
*c1ccc2c(c1)C(*)N(*)C2*,28,4,Ring,----
*c1ccc2c(c1)N=C1CCCCCCN1C2=*,28,2,Ring,-=
*c1cc2c3c(*)cccc3n(*)c2nn1,28,3,Ring,---
*C1CCC2(*)C(*)C(*)(*)CCC2C1(*)*,28,7,Ring,-------
*C1CC(*)(*)C(*)C(*)C(=*)C(*)(*)C(=*)OC(*)C2(*)OC(=*)NC2C(*)C1=*,28,14,Ring,-----=--=--=-=
*c1cc(*)c2c(c1)C(*)CCN2,28,3,Ring,---
*C1=Nc2cc(*)c(*)cc2S(*)(=*)=N1,28,5,Ring,----=
*C1=CC2(*)C(CCC3(*)C2C(=*)C=C2C4C(*)C(*)CCC4(*)CCC23*)C(*)(*)C1=*,28,11,Ring,---=------=
*C1CC2(*)C3CC4C5(*)CCC(*)C4(C4CC1C(*)C42)C3N(*)C5,28,6,Ring,------
*c1cnc2nccn2c1,28,1,Ring,-
*c1ccc2c(c1*)CCC1C2CCC2(*)C(*)CCC12,28,4,Ring,----
*C1N(*)CC12CCN(*)CC2,28,3,Ring,---
*C1(*)CCCCCCCCCCC1,28,2,Ring,--
*C1COC1=*,28,2,Ring,-=
*c1ccc2[nH]c3c(c2c1)CCCC3=*,28,2,Ring,-=
*c1cccc2c1CC1CCN(*)C1C2,28,2,Ring,--
*c1nc2c(s1)C(=*)CN(*)C2,28,3,Ring,-=-
*c1ccc2c(*)nn(*)c2c1*,28,4,Ring,----
*C1=Nc2sc3c(c2C(=*)N1)CCCCC3,28,2,Ring,-=
*C1(*)CCCC1(*)*,28,4,Ring,----
*c1ccc2c(=*)c3cccc(*)c3c(=*)c2c1*,28,5,Ring,-=-=-
*n1c[n+](*)c2c1N=CNC2=*,28,3,Ring,--=
*c1ccc2c(c1)-c1ccccc1C2*,28,2,Ring,--
*c1cccc2c1CCC1(CCN(*)CC1)O2,28,2,Ring,--
*c1cc(*)c2nnn(*)c2c1,28,3,Ring,---
*N1C(=*)CCSc2ccccc21,28,2,Ring,-=
*C1C(*)C2(*)C(*)CC3(*)C(=CCC4C5(*)CCC(*)C(*)(*)C5CCC43*)C2CC1(*)*,28,12,Ring,------------
*c1ccc2c(c1)Oc1ccccc1C2*,28,2,Ring,--
*C1CCc2[nH]ncc2C1,28,1,Ring,-
*c1ccc2c(c1)C(*)N(*)C(=*)N2,28,4,Ring,---=
*C1c2ccccc2Sc2ccccc21,28,1,Ring,-
*N1CC2(CC(=*)N(*)C2)C1,28,3,Ring,-=-
*c1ccc2c(c1)nc(*)c1[nH]ccc12,28,2,Ring,--
*c1cc(*)c2c(n1)N(*)C(=*)C=C2,28,4,Ring,---=
*C1CCC2C3CCC4N(*)C(=*)C=CC4(*)C3CCC12*,28,5,Ring,--=--
*C1CC(*)(*)CC(=*)O1,28,4,Ring,---=
*N1CC2=NC(=*)N(*)N2C1=*,28,4,Ring,-=-=
*c1cc2cnccc2o1,28,1,Ring,-
*c1ccc2c3c1OC1c4[nH]c5c(c4CC4(*)C(C2)N(*)CCC314)CC1(*)C2Cc3ccc(*)c4c3C1(CCN2*)C5O4,28,6,Ring,------
*n1cnc2c1N=CN=c1c-2nc(=*)n1*,28,3,Ring,-=-
*c1cc2c(=*)cc(*)c(=*)c2o1,28,4,Ring,-=-=
*c1[nH]cc2c1NC1=C(C(=*)CCC1)C2*,28,3,Ring,-=-
*c1cc(*)c2c(*)n[nH]c2c1,28,3,Ring,---
*C1C(=*)N(*)C=CN(*)C1=*,28,5,Ring,-=--=
*C1OC2COC(*)(*)OC2C(*)C1*,28,5,Ring,-----
*N1CCC2(CCCO2)CCC1=*,28,2,Ring,-=
*c1cccc2c1OCC(=*)N2,28,2,Ring,-=
*c1nc(*)c2cc3c(cc2n1)OCO3,28,2,Ring,--
*c1cc2cccc3cccc(c1=*)c32,28,2,Ring,-=
*C1CCC1(*)*,28,3,Ring,---
*c1nc2ccsc2c2c1nc(*)n2*,28,3,Ring,---
*C1CC2C3CC4CN(*)CC4(*)C3(*)CC(*)C2(*)C2(*)C=CC(=*)C=C12,28,8,Ring,-------=
*N1CC2(C1)CC(*)(*)C2,28,3,Ring,---
*c1ncnc2c1[nH]c1ccccc12,28,1,Ring,-
*C1=C(*)c2ccccc2N(*)C(=*)C1,28,4,Ring,---=
*C1CCC2C(*)(*)CCCC12*,28,4,Ring,----
*C1CCC(=*)N(*)C(=*)C(*)NC1=*,28,6,Ring,-=-=-=
*C1CCC2(*)C3CCC4(*)C(*)CCC4C3=CC(*)C2(*)C1,28,6,Ring,------
*c1ccc2c(c1*)CN(*)CC2*,28,4,Ring,----
*c1[nH]c2cccc3c2c1CCNC3=*,28,2,Ring,-=
*C1=C(*)C(*)(*)N2CCC[N+](*)=C12,28,5,Ring,-----
*B1OC(*)c2c(*)ccc(*)c21,28,4,Ring,----
*c1cc2c(*)c(*)c(*)c(*)c2cc1*,28,6,Ring,------
*c1ccc2c(c1)C(=*)C(=*)C(=*)N2*,28,5,Ring,-===-
*c1nc2cccc(*)c2n2cccc12,28,2,Ring,--
*c1ccc2c(c1)CCc1sc(*)nc1-2,28,2,Ring,--
*N1CCN2CCN(*)CC2C1,28,2,Ring,--
*C1CCC2CC(*)(*)CCN2C1,28,3,Ring,---
*c1cc2c3c(cc(*)c2[nH]1)N(*)CC3*,28,4,Ring,----
*C1=CC(=*)c2cc3c(cc2N1)OCO3,28,2,Ring,-=
*c1nc2cc3ccccc3cc2nc1*,28,2,Ring,--
*N1CCC2(CCNC2)C1,28,1,Ring,-
*OCCC(=O)NNC(*)=O,28,2,Linker,--
*CC(C(*)=O)N(C)S(*)(=O)=O,28,3,Linker,---
*CNC(=O)C(*)CCO,28,2,Linker,--
*NC(=O)C(*)N(C)C,28,2,Linker,--
*OC(*)=S,28,2,Linker,--
*CNC(=O)NCC(NC(*)=O)C(=O)O,28,2,Linker,--
*SSC(*)=S,28,2,Linker,--
*CNC(=O)COC(=O)CS*,28,2,Linker,--
*NC(=O)C(C)(C)NS(*)(=O)=O,28,2,Linker,--
*CC(NC(C)=O)C(=O)NC(*)C,28,2,Linker,--
*C(=O)C(C)N(*)S(C)(=O)=O,28,2,Linker,--
*CCOC=C(*)*,28,3,Linker,---
*N=NC(S)=N*,28,2,Linker,--
*C(*)CCC(C)C,28,2,Linker,--
*NN(*)C,28,2,Linker,--
*CC#CCNC(*)=O,28,2,Linker,--
*OCCCNS(*)(=O)=O,28,2,Linker,--
*C(=O)NCC(NC(*)=O)C(=O)O,28,2,Linker,--
*CN(C(CC(C)C)C(N)=O)S(*)(=O)=O,28,2,Linker,--
*CCCCCCNS(*)(=O)=O,28,2,Linker,--
*COP(=O)(O)OP(=O)(OC*)OC*,28,3,Linker,---
*CC(NC(=O)C(C)NC)C(*)=O,28,2,Linker,--
*NC=C(C#N)S(*)(=O)=O,28,2,Linker,--
*NC(=O)C(*)=NOCC(=O)O,28,2,Linker,--
*N=C(*)NC#N,28,2,Linker,--
*N=CC=*,28,2,Linker,-=
*CCC(*)(*)C(=O)N(C)C,28,3,Linker,---
*CNN*,28,2,Linker,--
*C(C)C(*)C,28,2,Linker,--
*CC(NC(=O)C(NC(=O)N(C)C*)C(C)C)C(O)C(O)C(C*)NC(=O)C(NC(=O)N(C)C*)C(C)C,28,4,Linker,----
*CCC=C(C)CCC=C(C)CCC=C(C)C(=O)OC*,28,2,Linker,--
*CCC(C)CCO*,28,2,Linker,--
*CN(C)CCCCCCO*,28,2,Linker,--
*C(CC(*)*)=NO,28,3,Linker,---
*C(=O)C(*)=NOC,28,2,Linker,--
*NC(=O)C(*)(F)F,28,2,Linker,--
*C(NS(*)(=O)=O)C(CC)CC,28,2,Linker,--
*C=C(Br)C=NNC(*)=O,28,2,Linker,--
*CN(CCCO*)CC(*)*,28,4,Linker,----
*CCCNC(C)C*,28,2,Linker,--
*CCCNC(=N)N*,28,2,Linker,--
*C=C(C)C=CC(*)=O,28,2,Linker,--
*C(C)(O)CS(*)(=O)=O,28,2,Linker,--
*CCCNC(=O)NN(*)C*,28,3,Linker,---
*NCCNCC(O)CO*,28,2,Linker,--
*C(=O)NCC(*)C(C)C,28,2,Linker,--
*C=CC(=O)NC(C)C(=O)N*,28,2,Linker,--
*CC(NC(*)=O)C(=O)N(C)C,28,2,Linker,--
*C(=O)C(*)C(C)O,28,2,Linker,--
*NC(CS*)CC(=O)N(C)C,28,2,Linker,--
*COC(=O)NC(CC(N)=O)C(=O)NC(C*)C(O)C*,28,3,Linker,---
*CC(N)C(=O)NC(C)C(=O)N*,28,2,Linker,--
*NC(=O)C(=O)C(*)C(=O)OC,28,2,Linker,--
*CCCOC(*)*,28,3,Linker,---
*CC(NC(*)=O)C(=O)NC(CCCCN)C(N)=O,28,2,Linker,--
*C(*)=CC,28,2,Linker,--
*CCC(C)CO*,28,2,Linker,--
*CCNCCCCNCC*,28,2,Linker,--
*CC(=O)NC(C)C(*)=O,28,2,Linker,--
*C(=O)NC(*)CC=C,28,2,Linker,--
*CN(CCOC)C(=O)N*,28,2,Linker,--
*OCC(=O)NCC(*)O,28,2,Linker,--
*CC(=O)NNS(*)(=O)=O,28,2,Linker,--
*COC(=O)NCC(=O)O*,28,2,Linker,--
*NC(=O)C(*)CO,28,2,Linker,--
*NC=NNC(*)=O,28,2,Linker,--
*C=C(C#N)C(=O)NCC*,28,2,Linker,--
*CN(CCC)C(*)CC(=O)O,28,2,Linker,--
*CNC(=O)C(NC(=O)C(C*)NC(*)=O)C(C)CC,28,3,Linker,---
*CCNC(N)=N*,28,2,Linker,--
*CCC(C)NC(=O)N*,28,2,Linker,--
*NC(=S)O*,28,2,Linker,--
*C=C(C#N)C(=O)N(C)C,28,1,Sub,-
*C(C)(O)C(=O)C=CC(C)(C)O,28,1,Sub,-
*NC(=O)CC(N)=NO,28,1,Sub,-
*SSCC(NC(=O)C(=O)O)C(=O)O,28,1,Sub,-
*C(C)(O)CCCC(C)C,28,1,Sub,-
*COC(C(=O)O)C(N)C(=O)O,28,1,Sub,-
*C(C)NS(=O)(=O)C(F)(F)F,28,1,Sub,-
*ONC(C)(C)C,28,1,Sub,-
*NC(CC(C)C)C(=O)NCCCOCC,28,1,Sub,-
*OC(C)C(=O)N(C)C,28,1,Sub,-
*CCCC(C)=O,28,1,Sub,-
*NC(=O)N(CCF)N=O,28,1,Sub,-
*C(=O)NCCC(C)(C)O,28,1,Sub,-
*COC(=O)OC,28,1,Sub,-
*NC(=O)NC(CCC(=O)O)C(=O)O,28,1,Sub,-
*OCCCCCCN(C)CC=C,28,1,Sub,-
*OCCCN(CCC)CCC,28,1,Sub,-
*N(C)C(=O)C=CCN(C)C,28,1,Sub,-
*CCCCCC#N,28,1,Sub,-
*NCC(C)CC,28,1,Sub,-
*OC(=O)NCC=C,28,1,Sub,-
*C(C)=NN=C(N)N,28,1,Sub,-
*C(=O)OCC(O)CNC(C)(C)C,28,1,Sub,-
*CNCCCCNCCCCN,28,1,Sub,-
*S(=O)(=O)NC(C)C(=O)O,28,1,Sub,-
*C(=O)C(=O)N(CC)CC,28,1,Sub,-
*S(=O)(=O)NC(C(=O)NO)C(C)CC,28,1,Sub,-
*C(C)CCC=CNC(=O)OC,28,1,Sub,-
*CCCC(=O)N(C)C,28,1,Sub,-
*SC(=S)N(C)C,28,1,Sub,-
*C(CC)CC(=O)O,28,1,Sub,-
*NC(CC)C(C)O,28,1,Sub,-
*SCC(=O)NNC(=O)CCl,28,1,Sub,-
*OCC(O)C(C)(C)O,28,1,Sub,-
*C(=NO)N(CCOC)C(C)C,28,1,Sub,-
*CNC(=O)CCCC,28,1,Sub,-
*CC(F)=CCN,28,1,Sub,-
*N(CC)CCN(C)C,28,1,Sub,-
*C=C(O)C(=O)O,28,1,Sub,-
*C(=O)OCCBr,28,1,Sub,-
*N=NC(=N)S,28,1,Sub,-
*C(=O)OCC(O)CNC(C)C,28,1,Sub,-
*OCCCCCCCCC=CCCCCCCCC,28,1,Sub,-
*OP(=O)([O-])OCC[N+](C)(C)C,28,1,Sub,-
*OC(C(=O)O)C(C)C,28,1,Sub,-
*OCCCC(=O)OC,28,1,Sub,-
*C#CC(=O)OCC,28,1,Sub,-
*CS(C)(=N)=O,28,1,Sub,-
*C(=O)NC(=O)NCCCCCC(=O)NO,28,1,Sub,-
*NN(C)C,28,1,Sub,-
*C(=O)NC(CC(N)=O)C(N)=O,28,1,Sub,-
*CC(=O)NC(CC(=O)O)C(=O)O,28,1,Sub,-
*C(=O)CCCC(=O)OC,28,1,Sub,-
*C(=O)C(C)NC(=O)OC,28,1,Sub,-
*CCC(=O)NCCC(C)C,28,1,Sub,-
*CCC(C)(C)OC,28,1,Sub,-
*NC(=O)OCCCCC,28,1,Sub,-
*OCC(=CF)CN,28,1,Sub,-
*C(CC(C)C)C(=O)OC,28,1,Sub,-
*C(=O)CNC(N)=O,28,1,Sub,-
*COS(=O)(=O)NC(=O)C(N)CC(C)C,28,1,Sub,-
*C(=O)NC(CC(C)C)C(=O)N(C)C,28,1,Sub,-
*NC(=S)NCCCOCCC,28,1,Sub,-
*C(C#N)C#N,28,1,Sub,-
*OP(=O)(O)OCC(N)C(=O)O,28,1,Sub,-
*C(=O)NC(CCCNC(=N)N)C(N)=O,28,1,Sub,-
*CC(C)(C)CN(C)C,28,1,Sub,-
*CCC(=O)NN,28,1,Sub,-
*OCCC(O)(CC)CC,28,1,Sub,-
*NNC(N)=O,28,1,Sub,-
*NC(=O)C(F)(F)C(F)(F)C(F)(F)C(F)(F)C(F)(F)C(F)(F)C(=O)NO,28,1,Sub,-
*C(=O)N(C)C(C(=O)NC)C(=O)NO,28,1,Sub,-
*=C(O)C=CC=CC,28,1,Sub,=
*C(=S)SCCC,28,1,Sub,-
*C(=O)C(NC(=O)C(NC(=O)C(CCC(=O)O)NC(=O)C(CC(=O)O)NC(C)=O)C(C)CC)C(C)C,28,1,Sub,-
*C(CC)NC(C)=O,28,1,Sub,-
*c1cc(*)n2c1C(=*)NC=C2,27,3,Ring,--=
*C1CC2C(=CCC3C2(*)C(=*)CC2(*)C(*)C(*)CC32*)C(*)(*)C1*,27,10,Ring,--=-------
*c1cc2ccccn2c1,27,1,Ring,-
*C1CCNC(=*)CC1,27,2,Ring,-=
*N1CCC2(CCN2*)C1,27,2,Ring,--
*c1nccc2c1CCCN(*)C2=*,27,3,Ring,--=
*C1CNCCCO1,27,1,Ring,-
*C1CCC2C(CCC3(*)C(*)CCC23)C1(*)*,27,5,Ring,-----
*c1cccc2c1CCC(*)(*)C2,27,3,Ring,---
*C1=CCCC2CCC1N2,27,1,Ring,-
*C1CCC2(*)C(*)CCC2(*)C1*,27,5,Ring,-----
*c1ccc2c(c1)CCC1(CCCCN1*)C2=*,27,3,Ring,--=
*N1CCCC2(CCOC2)C1,27,1,Ring,-
*c1ncnc2c1C(*)CC(=*)N2,27,3,Ring,--=
*C1CCC2(OC1)OC1CC3C4CCC5CC(*)CCC5(*)C4C(=*)CC3(*)C1C2*,27,6,Ring,---=--
*N1C(=*)C2C3C=CC(O3)C2C1=*,27,3,Ring,-==
*c1cccc2c1C(=*)C=CC21Oc2cccc3cccc(c23)O1,27,2,Ring,-=
*=c1[nH]c2ccc3ncsc3c2c1=*,27,2,Ring,==
*C1=C(*)c2c(*)cc3c(c2OC1=*)CCC(*)(*)O3,27,6,Ring,---=--
*C1=C(*)C2Nc3ccccc3C23CC(*)N(*)C3=N1,27,4,Ring,----
*c1cc(*)c2c(c1*)C1(CCN(*)CC1)CN2*,27,5,Ring,-----
*c1nc2ncnc(*)c2s1,27,2,Ring,--
*c1cc(*)c2ncccc2n1,27,2,Ring,--
*c1ccc2c(c1)N(*)C(=*)C(*)CC2*,27,5,Ring,--=--
*C1(*)C2CNCC21,27,2,Ring,--
*C1C2CCC(*)(C1*)C2(*)*,27,5,Ring,-----
*c1sc2nc3c(c(*)c2c1*)CCCCCC3,27,3,Ring,---
*C1=CCN(*)C(=*)N1,27,3,Ring,--=
*c1ncc2c(n1)C(*)(*)C1CCc3cc(*)c(*)cc3C1(*)C2,27,6,Ring,------
*C1=CC(=*)CC2C1(*)CCC(*)C2(*)*,27,6,Ring,-=----
*c1cc(*)c2sc(*)cc2n1,27,3,Ring,---
*C1=NC(=*)C(*)CN1,27,3,Ring,-=-
*C1CCNC(=*)CCC(*)C(=*)NC(*)C(=*)NC(*)C(=*)NC(*)C(=*)N1,27,10,Ring,-=-=-=-=-=
*C1=Nc2ncn(*)c2C(=*)N1,27,3,Ring,--=
*c1ccc(*)c2c1CC(=*)N2,27,3,Ring,--=
*c1cncc2c1C1(*)C(*)C(*)C(*)C1(*)O2,27,6,Ring,------
*c1ccc2c3c(c4cc(*)c(*)cc4c2c1)CC1CCCCN1C3,27,3,Ring,---
*C1=Nc2sc(*)c(*)c2C(=*)O1,27,4,Ring,---=
*c1ccc2c(c1)N=NN(*)C2=*,27,3,Ring,--=
*C1NC2CCC1CC2,27,1,Ring,-
*c1ccc2c(c1)CC(*)(*)CC2,27,3,Ring,---
*C1=C(*)C(*)c2cc3c(cc2O1)OCO3,27,3,Ring,---
*c1cc2c(c(*)c1*)N(*)CC(*)C2=*,27,6,Ring,-----=
*c1nnc2c3ccccc3nc-2s1,27,1,Ring,-
*C1=NOC2C(*)CC(*)C12,27,3,Ring,---
*c1ccc2c(c1*)CC(*)(*)O2,27,4,Ring,----
*C1=CCCCC1=*,27,2,Ring,-=
*=C1CCCC(=*)C1,27,2,Ring,==
*c1ccc2c(c1)c(*)nc1ccccc12,27,2,Ring,--
*C1CCC2(*)C1C(*)CC1C3(*)CCC(=*)C(*)(*)C3CCC12*,27,8,Ring,----=---
*c1cc(=*)c2cc3ccccc3cc2c1=*,27,3,Ring,-==
*n1ccc2c1ccc[n+]2*,27,2,Ring,--
*c1nc2cc3c(cc2s1)CCN(*)CC3,27,2,Ring,--
*c1nc(*)c2c(c1*)CC(*)(*)SC2,27,5,Ring,-----
*C1=NN(*)C(=*)N(*)c2cc(*)ccc21,27,5,Ring,--=--
*c1c(*)c(*)c2c(c1*)OC13C(=CC4CC1C(*)(*)OC3(*)C4=*)C2=*,27,9,Ring,-------==
*c1ccc2c(c1)C(*)(*)OC(=*)N2*,27,5,Ring,---=-
*N1CCCNCCCNCCC1,27,1,Ring,-
*C1=NSC(=*)N1,27,2,Ring,-=
*C1c2cc3c(cc2C(*)C2(*)C(=*)OCC12)OCO3,27,4,Ring,---=
*C1=NC(=*)C(*)C(=*)N1,27,4,Ring,-=-=
*c1ccc2c(c1)CCc1cc(*)c(*)c(*)c1O2,27,4,Ring,----
*c1ccc2c(c1)CCC1C2=NN(*)C1*,27,3,Ring,---
*c1cc2oc(*)c(*)c2c(*)c1*,27,5,Ring,-----
*c1cc2[nH]ncc2c(*)c1*,27,3,Ring,---
*c1cc2c(*)cccc2c2c1CCC(*)(*)O2,27,4,Ring,----
*C1=Cc2ccc3c(c2OC1=*)NC(=*)C(*)O3,27,4,Ring,-==-
*C1CC=C2C(CCCC2(*)*)C1(*)*,27,5,Ring,-----
*C1NC2CC1C1CC21,27,1,Ring,-
*c1nc2c([nH]1)CCNC2,27,1,Ring,-
*c1ccc2c(c1*)CN(*)C2=*,27,4,Ring,---=
*C1C2CCOC2C12CCC2,27,1,Ring,-
*C1CCN(*)c2ccccc2S1,27,2,Ring,--
*c1ccc2nnnc(*)c2n1,27,2,Ring,--
*c1cc2c(c(*)c1*)CCCC2(*)*,27,5,Ring,-----
*c1ncc2c(n1)N(*)c1sc(*)nc1C(=*)N2*,27,5,Ring,---=-
*c1nnc(*)n2c1cc1sccc12,27,2,Ring,--
*c1cc(*)n2c(*)cccc12,27,3,Ring,---
*c1cccc2c1CCOC2=*,27,2,Ring,-=
*c1ccc2c(c1)C(*)(*)c1oc3ccccc3c1C2=*,27,4,Ring,---=
*C1OC(=*)CC1(*)*,27,4,Ring,-=--
*c1cccn2ccnc12,27,1,Ring,-
*c1cccc2c3ccccc3n(*)c12,27,2,Ring,--
*C1CC2C(=*)C(C1)C(*)NC2*,27,4,Ring,-=--
*N1C=C2NC(=*)N(*)N2C1=*,27,4,Ring,-=-=
*C1=C2C(*)C(*)C3(*)CCC(*)C(=*)C3C(*)C(CC1=*)C2(*)*,27,10,Ring,-----=-=--
*c1ccc2c(c1)c(=*)c1c(*)ccc3ncn2c31,27,3,Ring,-=-
*c1nc2sc(*)c(*)c2c2c1COC(*)(*)C2,27,5,Ring,-----
*c1nc2n(ccc3nc(*)c(*)n32)c1*,27,4,Ring,----
*N1CCC2(CC1)CN(*)CCN2*,27,3,Ring,---
*c1ccc2c(c1)NC(=*)c1nc(*)[nH]c1-2,27,3,Ring,-=-
*C1NC(=*)CN(*)C(=*)C=CC(=*)NC(=*)C(*)C(*)OC1=*,27,9,Ring,-=-===--=
*c1cc2sc(*)nc2cn1,27,2,Ring,--
*c1cc2c(cc1*)SCO2,27,2,Ring,--
*c1ccc2c(c1)oc1c(*)c(*)cc3c1-n2cc(*)c3=*,27,5,Ring,----=
*C1CCC2C(*)C(*)OC3OC4(*)CCC1C32O4,27,4,Ring,----
*c1ccc2c(c[n+]3c4c2cc(*)c2c5c(cc(c24)CC3)OCO5)c1*,27,3,Ring,---
*c1cc(*)c2c3c([nH]c2c1*)CCN(*)C3,27,4,Ring,----
*C1=Nc2cc(*)ccc2Nc2nn(*)cc21,27,3,Ring,---
*C1=CN(*)c2c(sc(*)c2*)C1=*,27,5,Ring,----=
*c1cn2c(*)nnc2s1,27,2,Ring,--
*c1ccc2nc(*)c3nccn3c2c1,27,2,Ring,--
*C1CCC2(*)C(CCC3(*)C2CC2C4=C5C(*)(CCC5(*)N5C(=*)N(*)C(=*)N25)CCC43*)C1(*)*,27,11,Ring,-----=-=---
*c1n[nH]c2c1CC(*)CC2,27,2,Ring,--
*N1CCCCc2sccc21,27,1,Ring,-
*C1CCC2CCC(*)N2C1=*,27,3,Ring,--=
*N1CC2CC(C1)C1CCCC(=*)N1C2,27,2,Ring,-=
*C1CN(*)C2(CCN(*)C2=*)C1,27,4,Ring,---=
*c1ccc2c(c1)C13CCN(*)C(C2)C1CC(*)C(=*)C3,27,4,Ring,---=
*C1COC(=*)C(*)N1,27,3,Ring,-=-
*c1ccc2c(c1)CCC1C2CCC2(*)C(=*)N(*)C(=*)CC12,27,5,Ring,--=-=
*C1=Nc2sc3c(c2C(=*)N1)CCC(*)C3,27,3,Ring,-=-
*c1ccc2c(n1)nc(*)n2*,27,3,Ring,---
*N1CCC2(CC1)CC2(*)*,27,3,Ring,---
*c1ncc2c(n1)N(*)c1ccccc1C(=*)N2,27,3,Ring,--=
*C1=C(*)C2(C(=*)N(*)c3ccccc32)c2c(c3ccccc3c3nc4ccccc4nc23)O1,27,4,Ring,--=-
*C1CC(=*)CC(*)N1,27,3,Ring,-=-
*c1nc2c(*)cnn2c2ccccc12,27,2,Ring,--
*c1ccc2c(c1)CC1CCC(C2)C12CN(*)S(=*)(=*)N2,27,4,Ring,--==
*c1ccc2oc3ncc(*)c(*)c3c2c1,27,3,Ring,---
*C1COC(=*)C1(*)*,27,4,Ring,-=--
*C1=NOC2(*)CN(*)CC12,27,3,Ring,---
*c1cc(*)c2c(c1)c1c(n2*)C(*)CC1,27,4,Ring,----
*c1cc2c(cc1*)C(=*)C1=C(O2)C(=*)N(*)C1*,27,6,Ring,--==--
*C1=NC(*)(*)C(*)OC1,27,4,Ring,----
*c1cc(*)c2c(c1)N(*)CC2,27,3,Ring,---
*C1C2CCC1Cc1ccccc1C2,27,1,Ring,-
*c1cnc(*)c2c1CCN(*)C2=*,27,4,Ring,---=
*c1cc2c(*)c(*)ccc2cn1,27,3,Ring,---
*C1=C(*)c2c(*)cc(*)cc2NC1=*,27,5,Ring,----=
*C1=CCC(*)C2(*)CCC3C(=*)C(=*)OC3C12,27,5,Ring,---==
*c1cccc2nc3c(nc12)-c1ccccc1C3=*,27,2,Ring,-=
*c1ccc2[nH]c3c(c2c1)CCC(*)C3,27,2,Ring,--
*c1cc(*)c2nnc3c(*)nc(*)n3c2c1,27,4,Ring,----
*c1cccc2oc3ccccc3c12,27,1,Ring,-
*C1=NOCc2ccccc21,27,1,Ring,-
*C1CCC2=NN(*)C(=*)N2CC1,27,3,Ring,--=
*C1CC2(CC2)CNC1*,27,2,Ring,--
*c1ccc2nnnn2c1,27,1,Ring,-
*C1=Nc2cc(*)cc(*)c2C(=*)N1*,27,5,Ring,---=-
*c1c2c(c(*)c3c1Oc1ccccc1O3)C(=*)OC2,27,3,Ring,--=
*c1ccc2ccc(*)c-2cc1,27,2,Ring,--
*C1CON(*)C1=*,27,3,Ring,--=
*N1S(=*)(=*)c2ccccc2S1(=*)=*,27,5,Ring,-====
*C1C(*)(*)CC=CC12COC(=*)C13C(=*)C(=*)C(CCC21)C3*,27,7,Ring,---===-
*c1ccc2c(c1)CC(*)C(*)O2,27,3,Ring,---
*c1cccc2c1C(*)c1c(*)cccc1C2=*,27,4,Ring,---=
*c1cc(*)c2ccc(*)c(*)c2c1,27,4,Ring,----
*C1(*)C2CCC(C2)C1(*)*,27,4,Ring,----
*c1ccc2c(c1)C(=*)CC[Se]2,27,2,Ring,-=
*C1=Nc2c(c3nc4ccccc4nc3n2*)C(=*)N1*,27,4,Ring,--=-
*c1ccc(*)c2nc3ccccc3cc12,27,2,Ring,--
*C1CS(=*)(=*)NC1*,27,4,Ring,-==-
*c1ccc2c(c1)Oc1ccccc1C(=*)N2*,27,3,Ring,-=-
*c1cnc2nc(*)ccc2n1,27,2,Ring,--
*C1=C(*)C(=*)N(*)C(=*)C1=*,27,6,Ring,--=-==
*c1cccc2c1-c1noc(*)c1C(=*)N2*,27,4,Ring,--=-
*C1CS(=*)(=*)N(*)C1=*,27,5,Ring,-==-=
*c1sc2cccc[n+]2c1*,27,2,Ring,--
*N1CCS(=*)(=*)c2ccccc2C1,27,3,Ring,-==
*c1nc2c(*)cccc2c2c1CCN2*,27,3,Ring,---
*C1CC2CCC3C4CCC(*)C4(*)CC(=*)C3C2(*)CC1*,27,6,Ring,---=--
*C1=NC(*)(*)C(=*)N1,27,4,Ring,---=
*c1nc2nnc(*)n2c1=*,27,3,Ring,--=
*c1cnc2nc(*)c(*)n2c1,27,3,Ring,---
*c1ccc2nc3c(=*)c4cc(*)ccc4n3c(=*)c2c1,27,4,Ring,-=-=
*C1N(*)C2CCCC1(*)C2,27,3,Ring,---
*c1cn2nc(*)cc(*)c2n1,27,3,Ring,---
*C1=C(*)C(*)(*)CC(*)C1,27,5,Ring,-----
*c1ccc2c(c1)C1OCCN(*)C1CC2,27,2,Ring,--
*c1cc2c(cn1)cc(*)n2*,27,3,Ring,---
*c1cccn2c1c(*)c1c(=*)c3cccnc3c(=*)c12,27,4,Ring,--==
*C1COC2(CCC3(*)C(CCC4C5CCC(*)C5(*)CCC43)C2)OO1,27,4,Ring,----
*N1Nc2c(cnc3ccccc23)C1=*,27,2,Ring,-=
*c1ccc2c(c1)-c1nn(*)c3ccc(*)c(c13)N2,27,3,Ring,---
*c1c2c(cc3c1OCO3)C13C=CC(*)CC1N(C2)CC3*,27,3,Ring,---
*C1=[N+](*)c2ccc3ccccc3c2C1(*)*,27,4,Ring,----
*c1cccc2nn(*)nc12,27,2,Ring,--
*C1=C(*)C2C3CCC(CC3)C2N(*)C1=*,27,4,Ring,---=
*C1=CNC2=C(*)CCC(*)N2C1=*,27,4,Ring,---=
*c1cccc2c1OCC(*)O2,27,2,Ring,--
*C1CCCC(*)c2cc(ccn2)-c2ccccc2NC1=*,27,3,Ring,--=
*c1nnc2n1C(*)(*)Cc1ccccc1-2,27,3,Ring,---
*C1c2ccccc2C2NCCCC12,27,1,Ring,-
*c1nc2ccccc2c2cc[nH]c12,27,1,Ring,-
*C1(*)CC2OC1(*)n1c3ccccc3c3c4c(c5c6ccccc6n2c5c31)C(=*)NC4,27,4,Ring,---=
*c1cc(=*)c2c(nc3n2C2OCC(*)C2OC3)c1=*,27,4,Ring,-=-=
*C1NC(=*)NC2=C1C(=*)CC(*)(*)C2,27,5,Ring,-==--
*C1CCCCNC(=*)C(*)NC(=*)C(*)N(*)C(=*)C(*)NC(=*)C(*)NC1=*,27,11,Ring,-=-=--=-=-=
*C1=C(*)S(=*)(=*)c2ccccc21,27,4,Ring,--==
*c1cc(*)c(*)[se]1,27,3,Ring,---
*C1=NC2=C(CCCN2*)C(=*)N1,27,3,Ring,--=
*c1nc(*)c2c(n1)NCC(*)C2,27,3,Ring,---
*C1CCC(=*)C(*)O1,27,3,Ring,-=-
*c1ccc2c(*)c3c(cc2c1)C(=*)OC3,27,3,Ring,--=
*c1nccc2[nH]c3ccccc3c12,27,1,Ring,-
*c1ccnc2[nH]c3ccccc3c12,27,1,Ring,-
*C1CCC2(CC1)COC(*)(*)C2,27,3,Ring,---
*C1=NC(=*)C2(CC(*)(*)Oc3ccc(*)cc32)N1,27,5,Ring,-=---
*CC(NC(*)=O)C(=O)NC(C*)C(=O)OC,27,3,Linker,---
*CC(NC(=O)OC(C)(C)C)C(=O)NCCCCO*,27,2,Linker,--
*CNCCCCCCCCN*,27,2,Linker,--
*OCC(C)CO*,27,2,Linker,--
*CCCC(C(=O)O)N(C*)C*,27,3,Linker,---
*SCCNC(=O)CN(*)S(C)(=O)=O,27,2,Linker,--
*NC(=O)CCC(=O)NC(*)CC(=O)O,27,2,Linker,--
*NC(=O)NCCS(=O)(=O)N*,27,2,Linker,--
*N(C(F)F)S(*)(=O)=O,27,2,Linker,--
*CC(*)(C)C(=O)OCC,27,2,Linker,--
*CC(=C)C(*)=O,27,2,Linker,--
*CCOCCOCC*,27,2,Linker,--
*CC(C)(O)C*,27,2,Linker,--
*OCC(C)(O)C(*)=O,27,2,Linker,--
*C=NNC(=O)C(*)=C*,27,3,Linker,---
*NC(=O)C(*)CCC,27,2,Linker,--
*C(=O)NCCCCC(*)NC(*)=O,27,3,Linker,---
*CN(CC(*)OS(*)(=O)=O)C(=O)OC(C)(C)C,27,3,Linker,---
*CNC(=O)C(*)N(C)C,27,2,Linker,--
*CCOC(=O)CC*,27,2,Linker,--
*CNC(=O)C(*)CCC(=O)O,27,2,Linker,--
*CN(CC(*)=O)S(*)(=O)=O,27,3,Linker,---
*CCNCCN*,27,2,Linker,--
*CC(NS(=O)(=O)C*)C(*)=O,27,3,Linker,---
*CC(*)N(C)C,27,2,Linker,--
*CN(C(C(=O)O)C(C)C)S(*)(=O)=O,27,2,Linker,--
*N(*)C(=O)NC,27,2,Linker,--
*COC(C)C(*)=O,27,2,Linker,--
*CCCCCN(*)*,27,3,Linker,---
*C(CNS(*)(=O)=O)C(=O)NO,27,2,Linker,--
*CN(CCO)S(*)(=O)=O,27,2,Linker,--
*CN(CCC)S(*)(=O)=O,27,2,Linker,--
*CNCCS(*)(=O)=O,27,2,Linker,--
*CC(NC(*)=O)C(O)CC(CC(C)C)C(=O)NC,27,2,Linker,--
*CC(*)(N)C(=O)O,27,2,Linker,--
*NC(=S)NC(*)C,27,2,Linker,--
*C=C(C(C)=O)C(=O)N*,27,2,Linker,--
*CCC(=O)N=*,27,2,Linker,-=
*COS(=O)(=O)C*,27,2,Linker,--
*CC(=O)NCCCNC(*)=O,27,2,Linker,--
*CC(NC(=O)C=CCCCC)C(=O)N*,27,2,Linker,--
*CC(NC(=O)OC(C)(C)C)C(=O)NC(C*)C(=O)NCCCCC,27,2,Linker,--
*OP(*)(*)=O,27,3,Linker,---
*CCCCCNS(*)(=O)=O,27,2,Linker,--
*C(=O)OC(*)C(=O)NC(C)(C)C,27,2,Linker,--
*NN=C(*)C#N,27,2,Linker,--
*C(=O)NCCN(CCNC(*)=O)CCNC(*)=O,27,3,Linker,---
*N=C(*)NC(*)=O,27,3,Linker,---
*C=CC=CC(=O)C=CC=C*,27,2,Linker,--
*CC(*)Br,27,2,Linker,--
*COC(=O)NC(CCCC)C(=O)C(=O)N*,27,2,Linker,--
*CCCCP(=O)(O)OC(CCCCN)C(*)=O,27,2,Linker,--
*C=C(C#N)C*,27,2,Linker,--
*C=CC(C)O*,27,2,Linker,--
*C(*)OCC=*,27,3,Linker,--=
*OCC=*,27,2,Linker,-=
*N=C(S)N(CCOC)C(*)C,27,2,Linker,--
*CC(N)C(=O)NC(C*)C(N)=O,27,2,Linker,--
*C(=O)NC(C)C(=O)NC(*)C(=O)NC(C(=O)C(F)(F)F)C(C)C,27,2,Linker,--
*NC(=O)OCCS*,27,2,Linker,--
*CN(*)C(S)=N*,27,3,Linker,---
*NC(=O)CCCS(*)(=O)=O,27,2,Linker,--
*NC(=O)CC(*)NC(*)=O,27,3,Linker,---
*CC(NC(*)=O)C(=O)NCCN(C)C,27,2,Linker,--
*CC(S)C(=O)NCC(*)=O,27,2,Linker,--
*CC(C)(NC(=O)O*)C(=O)N*,27,3,Linker,---
*CCC(=O)NCC(*)*,27,3,Linker,---
*CC(NC(=O)CCCCCCCCC)C(=O)N*,27,2,Linker,--
*C(=O)NC(*)(CO)CO,27,2,Linker,--
*C=NC(C)CNC(*)=O,27,2,Linker,--
*CC(NC(=O)C(*)=O)C(=O)OC,27,2,Linker,--
*CC(O)CSC(*)=S,27,2,Linker,--
*NCCCCCCCCNC(*)=O,27,2,Linker,--
*CN(C*)CC(*)=O,27,3,Linker,---
*C=CC(=O)N(CC)CC(=O)NC*,27,2,Linker,--
*C(*)Cl,27,2,Linker,--
*CN(C)CC(*)C,27,2,Linker,--
*COC(=O)NC(C)C(=O)O*,27,2,Linker,--
*CN(*)CCCO,27,2,Linker,--
*CN(C*)C(=O)C(C)O*,27,3,Linker,---
*CN(CCC)C(*)=NO,27,2,Linker,--
*CN(*)CC#N,27,2,Linker,--
*CC[S+]([O-])C(*)*,27,3,Linker,---
*C(=O)CCC(=O)OCC(*)=O,27,2,Linker,--
*CNC(=O)C(CCC(N)=O)NC(*)=O,27,2,Linker,--
*C=CC(=O)OCCCC,27,1,Sub,-
*OC(=O)C(O)C(C)C,27,1,Sub,-
*OCCOC(C)C,27,1,Sub,-
*C(=O)CCCCCCC=CCCCCCCCC,27,1,Sub,-
*C=NN=C(N)NO,27,1,Sub,-
*OC(=O)O,27,1,Sub,-
*NC(=O)CC(=O)NN,27,1,Sub,-
*CCC(=O)NC(C)CC,27,1,Sub,-
*CC(=O)NC(C)(C)CC,27,1,Sub,-
*C(=S)NCCCC,27,1,Sub,-
*NC(=O)CCCCN,27,1,Sub,-
*NC(=S)NCCCC,27,1,Sub,-
*S(=O)(=O)NC(C)(C)CO,27,1,Sub,-
*OCCCONC(N)=NC(N)=NC(C)C,27,1,Sub,-
*C(CCCC)OC(C)=O,27,1,Sub,-
*NC(C)(C)CC,27,1,Sub,-
*C#CC(C)(O)COC,27,1,Sub,-
*CCC(=O)OC(C)C,27,1,Sub,-
*C=CC(=O)C(=O)NC(C)(C)C,27,1,Sub,-
*C(=O)NC(C(=O)NC(CC)C(=O)O)C(C)CC,27,1,Sub,-
*CCCCCCCCO,27,1,Sub,-
*C(C)CCCC(C)CO,27,1,Sub,-
*SC(C)C#N,27,1,Sub,-
*CCOP(=O)(O)O,27,1,Sub,-
*CCCNC(=O)OC,27,1,Sub,-
*CCC(=O)OCCCC,27,1,Sub,-
*CC(CC(=O)O)NC(=O)CCC(=O)O,27,1,Sub,-
*C(C)=CCC=C(C)C,27,1,Sub,-
*C(C)CC=CC(C)(C)OC,27,1,Sub,-
*C(=O)NCCCNCCCCN,27,1,Sub,-
*NC(=O)C(=C)F,27,1,Sub,-
*OCCNCC,27,1,Sub,-
*OC(=O)COCC,27,1,Sub,-
*N(C)O,27,1,Sub,-
*S(=O)(=O)CC(C)(C)C(=O)NC(C#N)CC(N)=O,27,1,Sub,-
*SCC(=O)C(C#N)=C(C)N,27,1,Sub,-
*CNC(=O)C(O)C(C)(C)CO,27,1,Sub,-
*C(=O)NCC(=C)C,27,1,Sub,-
*C(=O)NC(C=O)CC,27,1,Sub,-
*CNCCCC(=O)O,27,1,Sub,-
*C=C(Br)Br,27,1,Sub,-
*CC(C)C(=O)OC,27,1,Sub,-
*COC(=O)CC(C(C)C)C(C)C,27,1,Sub,-
*C(S)=NCCC,27,1,Sub,-
*=NCCCCCCC,27,1,Sub,=
*OCCCCCN(CC)CC,27,1,Sub,-
*CSCCC(=O)O,27,1,Sub,-
*COC(=O)CCCCCCCCCCCCCCCCC,27,1,Sub,-
*C(=O)C(O)CO,27,1,Sub,-
*OC(CO)CO,27,1,Sub,-
*C(=O)OCC=C(C)CCC=C(C)C,27,1,Sub,-
*=CC(=O)C(C)(C)C,27,1,Sub,=
*C(=O)C(O)C(C)C,27,1,Sub,-
*NC(=O)CCO,27,1,Sub,-
*CN(CC(N)=O)C(C)C,27,1,Sub,-
*NC(=O)CN=[N+]=[N-],27,1,Sub,-
*OC(=O)C(=C)CO,27,1,Sub,-
*CC(C)(N)C(=O)O,27,1,Sub,-
*C(=O)N(CC)CCN(C)C,27,1,Sub,-
*NCCC(=O)NO,27,1,Sub,-
*S(=O)(=O)N(C)CCCC,27,1,Sub,-
*C(=S)SC(=S)N(C)C,27,1,Sub,-
*CSCC(NC(=O)C(C)CS)C(=O)O,27,1,Sub,-
*NC(=S)NC(=O)CCC,27,1,Sub,-
*C=CCC(C)(O)CCCC,27,1,Sub,-
*CCCCCCCCC=C,27,1,Sub,-
*CNCC=C,27,1,Sub,-
*S(=O)(=O)OC,27,1,Sub,-
*CC(=O)C(=O)O,27,1,Sub,-
*C(=O)OCC[Si](C)(C)C,27,1,Sub,-
*C(=O)NCCN(C)CCCC,27,1,Sub,-
*NCCN(C(C)C)C(C)C,27,1,Sub,-
*C(C)NCC,27,1,Sub,-
*COP(=O)(O)OP(=O)(O)C(Cl)(Cl)P(=O)(O)O,27,1,Sub,-
*CCNC(=O)COC,27,1,Sub,-
*OCCOCCOCCO,27,1,Sub,-
*C(=O)NCCN(CCC)CCC,27,1,Sub,-
*S(=O)(=O)NCC(C)(C)O,27,1,Sub,-
*OCOCC,27,1,Sub,-
*C(C)(O)CCC,27,1,Sub,-
*c1n[nH]c2c1CCCC2*,26,2,Ring,--
*=C1CCC1,26,1,Ring,=
*c1sc2nc3ccccc3n2c1*,26,2,Ring,--
*c1nc(*)c2cc3cc(*)c(*)cc3nc2n1,26,4,Ring,----
*C1CC2c3[nH]c4ccccc4c3CCN2CC1=*,26,2,Ring,-=
*C1CN(*)S(=*)(=*)C12CCN(*)C2,26,5,Ring,--==-
*c1[nH]c2c(c1*)CN(*)CC2,26,3,Ring,---
*c1cc2c(s1)CN(*)CC2*,26,3,Ring,---
*c1ccc2c3c1OC1c4[nH]c5c(*)cccc5c4CC4(*)C(C2)N(*)CCC314,26,4,Ring,----
*c1c2c(nc3ccccc13)C1=Cc3ccccc3C(=*)N1C2,26,2,Ring,-=
*N1CCn2c(cc3c2CCCC3)C1=*,26,2,Ring,-=
*C1CN(*)Cc2ccccc2N1*,26,3,Ring,---
*C1=C(*)c2c(cc(*)c3c(*)c(*)oc23)OC1=*,26,6,Ring,-----=
*c1ccc2c(c1)N(*)C(=*)c1c[nH]nc1-2,26,3,Ring,--=
*c1ccc(*)c2c1NC(=*)NC21CCCCC1,26,3,Ring,--=
*c1ccc2oc3c(*)c4ccccc4nc3c2c1,26,2,Ring,--
*c1ccnc2c1-c1ccccc1C(=*)N2,26,2,Ring,-=
*c1ccc2c(c1)C(*)C1CCN(*)CC21,26,3,Ring,---
*c1nc2c3c(nc(*)n2n1)N(*)C(=*)N3*,26,5,Ring,---=-
*C1CCC2C3CCC4NC(=*)CCC4(*)C3CCC2(*)O1,26,4,Ring,-=--
*c1csc2c(*)cccc12,26,2,Ring,--
*c1cc2c3c(cn(*)c3c1=*)CCN=2,26,3,Ring,--=
*C1=CC(=*)Oc2c3c(c4c(c21)OC(*)(*)C=C4)OC(*)CC3=*,26,6,Ring,-=---=
*C1=Cc2cc(*)c(*)cc2OC1*,26,4,Ring,----
*c1cc(*)c2nc3ccccc3nc2c1*,26,3,Ring,---
*c1ccc2c(c1)Sc1ccccc1O2,26,1,Ring,-
*c1cc(*)c2c(c1)N(*)C(=*)C2(*)*,26,6,Ring,---=--
*C1=C(*)N(*)c2nnnn2C1,26,3,Ring,---
*c1ncc2c(*)nc(*)n2n1,26,3,Ring,---
*c1nc2c([nH]1)CC(*)CNC2=*,26,3,Ring,--=
*C12CCC3C(CCC4=CC(=*)CCC43*)C1CC(=*)C2=*,26,5,Ring,-=-==
*c1nc2ccc3c(c2s1)C(=*)N(*)C=N3,26,3,Ring,-=-
*C1CCC(*)C(*)C1*,26,4,Ring,----
*C1=NC2=C(C(=*)N1*)C1(CCCCC1)Cc1ccccc12,26,3,Ring,-=-
*c1nc(*)c2c(c1*)CCC(*)C2,26,4,Ring,----
*c1cccc2c1CC(*)N2*,26,3,Ring,---
*c1ccc2c(c1)-c1nc(*)ncc1S(=*)(=*)N2*,26,5,Ring,--==-
*C1=CC2(*)c3nc(*)nc(*)c3CCC2C(*)C1=*,26,6,Ring,-----=
*c1ccc2c(c1)NC(=*)C2*,26,3,Ring,-=-
*C1=C2C(=*)N3CCOCC3N(*)N2C=CC1=*,26,4,Ring,-=-=
*=C1C=Nc2ccccc21,26,1,Ring,=
*C1=Nc2nccc(*)c2C(=*)N1,26,3,Ring,--=
*N1C2CC3CCC2(CS1(=*)=*)C3(*)*,26,5,Ring,-==--
*C1CC(=*)c2cnn(*)c2C1,26,3,Ring,-=-
*C1=CN(*)CCC1=*,26,3,Ring,--=
*C1CCC2C3CN(*)C4=CC(=*)CCC4(*)C3CCC12*,26,5,Ring,--=--
*C1C=C2C(*)OC(*)C23C(*)C(*)C(*)C(*)(*)C3C1,26,8,Ring,--------
*C1COCCC12CCN(*)CC2,26,2,Ring,--
*c1cc(*)n2nc(*)cc2c1,26,3,Ring,---
*C1=NC(*)(*)Cc2cc(*)c(*)cc21,26,5,Ring,-----
*N1C(=*)N=C2C(=Cc3ccccc3N2*)C1=*,26,4,Ring,-=-=
*c1ccc2c(c1)N1C(=*)CCC1(*)N(*)C2=*,26,5,Ring,-=--=
*C1=NC2(CO1)c1cc(*)ccc1OC(*)C21COC1,26,3,Ring,---
*c1nn2nnnc2c2ccccc12,26,1,Ring,-
*c1ccc2c(c1)S(=*)(=*)N=S2*,26,4,Ring,-==-
*C1=Nc2cc(*)c(*)cc2N(*)C1=*,26,5,Ring,----=
*c1cc2ncccc2o1,26,1,Ring,-
*C1=C(*)C(=*)N2CC3CCC(*)(CC3)C2=N1,26,4,Ring,--=-
*C1NC(=*)C2CCCN2C(=*)C(*)OC(=*)CCNC(=*)C(*)N(*)C(=*)C(*)N(*)C1=*,26,12,Ring,-==-==--=--=
*C1CCCC(*)CC1,26,2,Ring,--
*c1nc2n(n1)S(=*)(=*)c1ccccc1N2*,26,4,Ring,-==-
*C1=C(*)N2C(=*)C(*)(*)C2SC1,26,5,Ring,--=--
*C1=CCOC(*)C1,26,2,Ring,--
*C1CCC2(*)C(CC(*)C34CC(=*)C(CCC23)C4)C1(*)*,26,6,Ring,---=--
*c1cnon1,26,1,Ring,-
*C1CC(=*)C(*)(*)C2C3CC4CC12CC4(*)O3,26,5,Ring,-=---
*C1CC2(*)C3=C(CCC2C(*)(*)C1*)C1=CCC(*)C1(*)C(*)C3*,26,9,Ring,---------
*c1cc2c3c(c[nH]c3c1=*)CCN=2,26,2,Ring,-=
*C1NC(=*)C2CCCN2C(=*)C(*)NC(=*)C(*)(*)NC1=*,26,8,Ring,-==-=--=
*c1cc2c(cc1*)-c1c(*)c(*)cn1CC2,26,4,Ring,----
*c1cc2c(cc1*)C(*)(*)C(=*)N2,26,5,Ring,----=
*c1cc(*)c2c(c1*)OC(*)(*)C=C2,26,5,Ring,-----
*C1=NC(=*)NC(*)C1=*,26,4,Ring,-=-=
*C1=C(*)C2(*)CCCC(*)(*)C2CC1=*,26,6,Ring,-----=
*c1cc2ncnc(*)c2c(*)c1*,26,4,Ring,----
*c1ccc2c(c1)C(*)(*)OC2=*,26,4,Ring,---=
*C1CCCc2c1[nH]c1ccccc21,26,1,Ring,-
*C1=CC2=NCC(*)CN2C=C1,26,2,Ring,--
*c1ccc2c(c1)Oc1cc(=*)ccc1=N2,26,2,Ring,-=
*c1nc2ccncc2s1,26,1,Ring,-
*c1cc2c(ccn2*)cn1,26,2,Ring,--
*c1cc2c(cc1*)C13CCCCC1C(C2)N(*)CC3,26,3,Ring,---
*c1cc(*)c2c(n1)N(*)C(=*)NC2=*,26,5,Ring,---==
*c1cccc2c1NC(=*)C(=*)C2=*,26,4,Ring,-===
*c1ccc2c(c1)C(=*)N(*)CN2*,26,4,Ring,-=--
*c1cn2c3c(sc2n1)CCCC3,26,1,Ring,-
*C1CC2C(*)(*)C1(*)C13CC(=*)c4ccccc4C21O3,26,5,Ring,----=
*C1(*)CCCCC(=*)N1,26,3,Ring,--=
*C1CC(=*)OC1=*,26,3,Ring,-==
*c1cc2cc(c1)C(=*)N(*)CC(=*)NC1CN(*)CCC1OCc1cccc(c1)O2,26,5,Ring,-=-=-
*N1N=Nc2cc3c(cc2C1=*)N=NN(*)C3=*,26,4,Ring,-=-=
*c1ccc2ncncc2c1,26,1,Ring,-
*C1C(*)C(*)(*)CCN1*,26,5,Ring,-----
*C1CCC2(*)C(CCC3C2CCC2(*)C(*)C(*)C4OC342)C1,26,5,Ring,-----
*c1sc(*)c2c1C(=*)CC2*,26,4,Ring,--=-
*c1cccc2c1NC(*)CC(=*)N2,26,3,Ring,--=
*C1=NNC(=*)NC1=*,26,3,Ring,-==
*C1CCC2(*)C(=*)NC(=*)C12,26,4,Ring,--==
*c1ncc2c(n1)CCCC2,26,1,Ring,-
*c1cc2c(c(*)n1)C(=*)NN=C2,26,3,Ring,--=
*c1sc2nc3c(cc2c1*)CCCCC3,26,2,Ring,--
*N1CC2C3CCC(O3)C2C1,26,1,Ring,-
*C1CC(*)C(=*)N(*)C(*)C1,26,5,Ring,--=--
*c1cc2c(c3c1C(*)C1=C(O3)C(*)(*)C(=*)C(*)(*)C1=*)C(*)C1=C(O2)C(*)(*)C(=*)C(*)(*)C1=*,26,15,Ring,----=--=---=--=
*c1cc2c(cc1*)C(=*)c1c(*)cc(*)c(*)c1O2,26,6,Ring,--=---
*C1C(*)C2CSC(=*)N2C1*,26,4,Ring,--=-
*c1ccc2c(c1)c1c3c(c4c(c1n2*)Cc1ccccc1-4)C(=*)NC3,26,3,Ring,--=
*C1=CSC2C(*)C(=*)N12,26,3,Ring,--=
*C1COC(*)C(*)O1,26,3,Ring,---
*c1cn2nc(*)c(*)nc2n1,26,3,Ring,---
*C1C=CC(*)OO1,26,2,Ring,--
*C1CCC2C(=*)C(=*)OC2C2(*)C(=*)CC(*)C12*,26,7,Ring,-==-=--
*c1ccc2c(c1)Cc1c(*)nn(*)c1-2,26,3,Ring,---
*c1cccc2cc3c(=*)n(*)c(=*)c3cc12,26,4,Ring,-=-=
*c1ccc2c(c1)C1=C(CCCCC1)C(=*)N2*,26,3,Ring,-=-
*c1ccc2nc3c(c(*)c2c1)CCC3,26,2,Ring,--
*c1cc(*)c2c(c1)CCCCCCCC(*)OC2=*,26,4,Ring,---=
*N1CCC2(C1)c1ccccc1S(=*)(=*)N2*,26,4,Ring,-==-
*c1[nH]c2c(c1*)C(=*)N=CN2,26,3,Ring,--=
*c1ccc(*)c2c1CCCN2*,26,3,Ring,---
*N1CCN2C(=*)SN=C12,26,2,Ring,-=
*C1=CN2C(=*)C=CN=C2C=C1,26,2,Ring,-=
*c1ccc2c(c1*)CCC(*)(*)O2,26,4,Ring,----
*c1cc2c(cc1*)C1=C(CN(*)CC1)C(=*)O2,26,4,Ring,---=
*C1N(*)CCC12C(=*)N(*)c1ccccc12,26,4,Ring,--=-
*C1=C(*)C(*)Oc2ccccc21,26,3,Ring,---
*c1nc2c(cc(*)c3ccccc32)o1,26,2,Ring,--
*C1=C2C(*)CCCC2C2C(*)C(=*)N12,26,4,Ring,---=
*N1CCCC2(CNC(=*)O2)C1,26,2,Ring,-=
*c1cc2nc(*)nc(*)n2n1,26,3,Ring,---
*C1=CC(=*)C2CC1C2(*)*,26,4,Ring,-=--
*c1ccc2nc3c(oc4ccccc43)c(*)c2c1,26,2,Ring,--
*c1ccc2c(*)c(*)nnc2c1,26,3,Ring,---
*C1(*)C(*)(*)C1(*)*,26,6,Ring,------
*c1ccc2c(c1)CCS2(=*)=*,26,3,Ring,-==
*c1ccc2c(c1)C(*)c1cccnc1CO2,26,2,Ring,--
*c1c2[n+](cc3c4c(ccc13)OCO4)CCc1cc3c(cc1-2)OCO3,26,1,Ring,-
*c1ncc2c(n1)N(*)C(=*)C21CC1,26,3,Ring,--=
*N1CC2c3ccccc3OCC2(*)C1,26,2,Ring,--
*c1oc2c(c1*)C(*)CCC2,26,3,Ring,---
*c1ccc2c(c1)OC(*)(*)c1[nH]c(*)nc1-2,26,4,Ring,----
*C1=CC(=*)C2CC2C(*)C(*)C(*)C(*)C(*)C(*)C(*)C=COC2(*)Oc3c(*)c(*)c4c(=*)c(c(*)c(=*)c4c3C2=*)NC1=*,26,17,Ring,-=----------=-===
*C1CN(*)C(=*)C1=*,26,4,Ring,--==
*c1nc2c(c(*)c1*)C(=*)N(*)C2,26,5,Ring,---=-
*C1=CC(=*)Oc2c1ccc1c2C(*)C(*)C(*)(*)O1,26,6,Ring,-=----
*C1=Cc2cc3c(cc2NC1=*)OCO3,26,2,Ring,-=
*N1C(=*)C2(CC(=*)C(=*)O2)c2ccccc21,26,4,Ring,-===
*c1cc(*)c2c(c1)C(=*)NC(*)N2,26,4,Ring,--=-
*N1CCc2cnccc21,26,1,Ring,-
*C1C2C3CC4C1C1C2CC3C41,26,1,Ring,-
*C1=C(*)C(=*)N(*)C(*)C1,26,5,Ring,--=--
*c1ccc2cccc(*)c2c1*,26,3,Ring,---
*C1C(=*)N(*)N=Cc2ccccc21,26,3,Ring,-=-
*c1n[nH]c2c1CCCCC2,26,1,Ring,-
*C1CCC2C1C1C(CCC2(*)*)C1(*)*,26,5,Ring,-----
*C1=C(*)N(*)C(*)NC1=*,26,5,Ring,----=
*C1C2CCCC12,26,1,Ring,-
*c1nc2[nH]c(*)nc(*)c-2n1,26,3,Ring,---
*N1CC2(CCNCC2)C1,26,1,Ring,-
*C1=CC(=*)Oc2c1cc1c(*)c(*)oc1c2*,26,5,Ring,-=---
*N1CCC2(C1)NC(=*)N(*)C2=*,26,4,Ring,-=-=
*c1nc2c(c(*)c1*)C(=*)CC(*)(*)C2,26,6,Ring,---=--
*C1CC2C3(*)CC(=*)C(=*)C(*)(*)C3CCC2(*)C2(*)CCC34CCC(*)(*)CC3C12OC4=*,26,11,Ring,--==------=
*c1ccc2c(=*)ccc(=*)c2c1,26,3,Ring,-==
*c1ccc2c(c1)C1=C(NC(=*)N1*)C(=*)O2,26,4,Ring,-=-=
*C1c2ccccc2-n2nncc2CN1*,26,2,Ring,--
*c1ccc2c(c1)C(*)(*)CC(*)N2,26,4,Ring,----
*c1cc(*)c2c(c1)OC(=*)C=C2,26,3,Ring,--=
*c1ccc2nc(*)c3nc(*)nn3c2c1,26,3,Ring,---
*c1ccc2c3c1C(*)CN3C(=*)C=C2,26,3,Ring,--=
*[N+]12CCC(CC1)CC2,26,1,Ring,-
*c1cccc2c1Oc1ncccc1N(*)C2,26,2,Ring,--
*c1ccc2c(c1)CCc1c-2noc1*,26,2,Ring,--
*C1C(=*)NC(=*)C1*,26,4,Ring,-==-
*C1CCCc2nn(*)cc21,26,2,Ring,--
*c1cc2ccc3c(c2o1)C=CC(*)(*)O3,26,3,Ring,---
*C1N(*)C1(*)*,26,4,Ring,----
*C1CCC(*)N(*)CC1=*,26,4,Ring,---=
*C1CN(*)CCC12CCN(*)CC2,26,3,Ring,---
*c1ccc2c(c1)CN1CN2Cc2cc(*)ccc21,26,2,Ring,--
*c1sc2nc3c(c(*)c2c1*)CCC3,26,3,Ring,---
*C1CCC2(*)C3=CCC4C(*)(*)C(=*)CCC4(*)C3=CCC12*,26,7,Ring,----=--
*C1=C(*)c2cc(*)c(*)nc2N(*)C1=*,26,6,Ring,-----=
*C1(*)CS(=*)(=*)C2(CCCCC2)C(=*)N1,26,5,Ring,--===
*C1CN=NN1*,26,2,Ring,--
*N1C(=*)C(*)(*)c2c1ccc1ccccc21,26,4,Ring,-=--
*C1=Cc2cc(*)c(*)cc2N(*)C1=*,26,5,Ring,----=
*C1OC(=*)OC1(*)*,26,4,Ring,-=--
*C1CC23OCOC24C(*)C2C5(*)CCC(*)C2(C2CC1C(*)C23)C4N(*)C5,26,6,Ring,------
*c1cc(*)c2c(c1)CCC(=*)N2,26,3,Ring,--=
*C1CC2CC3(CCC4C(*)(*)CCCC4(*)C13)C(*)C2=*,26,6,Ring,-----=
*N1CCC2c3ccccc3CCC2C1,26,1,Ring,-
*c1c(*)c(=*)c2c(c(*)c3n2CCC3*)c1=*,26,6,Ring,--=--=
*C1CCC2C3CC=C4CC(=*)CCC4(*)C3CCC12*,26,4,Ring,-=--
*C1=NC2=C(C(=*)N1)C1CCCN1C(=*)N2*,26,4,Ring,-==-
*C1(*)CS(=*)(=*)C1,26,4,Ring,--==
*C1=Nc2c(*)nc3ccc(*)cc3c2C(=*)N1*,26,5,Ring,---=-
*C1=NC(=*)NC(*)C1*,26,4,Ring,-=--
*c1ccc2c(*)cc3c(c2c1)C(=*)NC=C3,26,3,Ring,--=
*c1ccc2c(c1)Nc1cc(*)c(*)cc1NC2=*,26,4,Ring,---=
*c1nc2c3c(c(*)c(*)cc3n1)OCC1CN(*)CCN21,26,4,Ring,----
*c1ccc2c(c1)C(=*)NNC2=*,26,3,Ring,-==
*c1cccc2nc3c(*)ccc(*)c3nc12,26,3,Ring,---
*C1C2CCC3C1(C(=*)OCC31C(*)CCC(*)(*)C1*)C(=*)C2=*,26,8,Ring,-=----==
*c1cnc2c(n1)N(*)C(=*)CN2,26,3,Ring,--=
*C1=NC2(CO1)c1cc(*)ccc1OCC21CC1,26,2,Ring,--
*c1cc2cnc(*)nc2c(*)n1,26,3,Ring,---
*C1=C2C(=*)c3c(*)ccc(*)c3OC2(*)C(*)C(*)C1,26,7,Ring,-=-----
*c1cc2c(c(*)c1*)C=CC(=*)O2,26,4,Ring,---=
*C1=CN(*)c2nc(*)nn2C1=*,26,4,Ring,---=
*C1CC(=*)Nc2ncnn21,26,2,Ring,-=
*c1cc2c(c(*)n1)CN(*)C2=*,26,4,Ring,---=
*c1cc2c(cn1)sc1ccccc12,26,1,Ring,-
*OC(=O)COC(*)=O,26,2,Linker,--
*N=CC=C(*)O,26,2,Linker,--
*CCC(=C)C(C(C)=O)C(C)C*,26,2,Linker,--
*CNCCC(N)C(*)=O,26,2,Linker,--
*NCCNC(=S)N*,26,2,Linker,--
*CCCN(*)CCC,26,2,Linker,--
*CC(*)(*)N*,26,4,Linker,----
*CON=C(*)N,26,2,Linker,--
*CCCNC(=O)C(*)CC,26,2,Linker,--
*CC(C)(C)C(*)=O,26,2,Linker,--
*C(*)NC(C)CC(N)=O,26,2,Linker,--
*C(=O)NC(CCN)C(=O)N(*)C,26,2,Linker,--
*OCCON=C(*)C,26,2,Linker,--
*COC(=O)CCNS(*)(=O)=O,26,2,Linker,--
*C(*)=CCCCCC,26,2,Linker,--
*CS(=O)(=O)CCC(=O)N*,26,2,Linker,--
*SCC(O)=C(*)C#N,26,2,Linker,--
*CCNC(C*)CCC,26,2,Linker,--
*C(=O)C(CC(C)C)NS(*)(=O)=O,26,2,Linker,--
*C=CCOC*,26,2,Linker,--
*NC(=O)CN(C)CCO*,26,2,Linker,--
*CN(CC=C)CC(*)(O)C*,26,3,Linker,---
*N=C(*)N=*,26,3,Linker,--=
*CC(NC(=O)CC(*)NC(*)=O)B(O)O,26,3,Linker,---
*C=CC(=O)OC(C)C*,26,2,Linker,--
*NC(NC(*)=O)(C(=O)OCC)C(F)(F)F,26,2,Linker,--
*NC(=O)COC(=O)CCS*,26,2,Linker,--
*NC(=O)CC(C)=NNC(=O)CO*,26,2,Linker,--
*NC(=O)C(*)C#N,26,2,Linker,--
*COCC(*)CC(C)C,26,2,Linker,--
*C(=O)N(*)CC(N)CC(C)C,26,2,Linker,--
*CCCCNCC(*)C,26,2,Linker,--
*OC(CCC(*)C)C(C)C,26,2,Linker,--
*C(*)CC(F)(F)F,26,2,Linker,--
*CC(=O)NCCCO*,26,2,Linker,--
*C(=O)N(*)CCC(=O)OCC,26,2,Linker,--
*NC(=O)NC(*)C(*)=O,26,3,Linker,---
*CCCNC(=O)CS(=O)(=O)C*,26,2,Linker,--
*C#CCCCC(*)=O,26,2,Linker,--
*OCCCNCCO*,26,2,Linker,--
*OP(=O)(O*)O*,26,3,Linker,---
*OC(*)(*)*,26,4,Linker,----
*CC(NC(=O)OC(C)(C)C)C(=O)NC(C*)C(=O)NC(C*)C(O)CS*,26,4,Linker,----
*C(=O)CC(*)CC(=O)O,26,2,Linker,--
*COC(C)C(*)(O)C*,26,3,Linker,---
*CC(CC(O)C(C*)NC(=O)C(*)C(C)(C)C)NC(=O)C(NC(=O)OC)C(C)(C)C,26,3,Linker,---
*CNC(=O)N(*)CC=C,26,2,Linker,--
*CC(NC(=O)C(C*)NC(*)=O)C(*)=O,26,4,Linker,----
*C(=O)OCC(=O)NCCNC(=O)COC(*)=O,26,2,Linker,--
*C(*)C(C#N)C#N,26,2,Linker,--
*C(Cl)=C(*)C=O,26,2,Linker,--
*C=COCC*,26,2,Linker,--
*NC(=O)C(CC(C)C)NC(=O)CO*,26,2,Linker,--
*NC(=S)OCCNC(*)=O,26,2,Linker,--
*CNC(=O)CCCN*,26,2,Linker,--
*CCC(=O)N(*)*,26,3,Linker,---
*NC(=O)CCCC(=O)N(*)CC(=O)N*,26,3,Linker,---
*CC(NC(*)=O)C(=O)NC(CC(=O)O)C(=O)NC(CCC(=O)O)C(=O)N*,26,3,Linker,---
*C=CS(=O)(=O)CS(=O)(=O)C=C*,26,2,Linker,--
*C=CS(=O)(=O)NC(=O)N*,26,2,Linker,--
*CC(=O)N(C*)CCOC,26,2,Linker,--
*C(=NS(*)(=O)=O)N=C(N)NC(C)=O,26,2,Linker,--
*CC(=NS(*)(=O)=O)NCC(=O)O*,26,3,Linker,---
*CNC(=O)N(*)CC,26,2,Linker,--
*CN(CC(O)(C*)C(=O)N*)NC(=O)C(NC(=O)OC)C(C)(C)C,26,3,Linker,---
*CCN(C)C(C)C*,26,2,Linker,--
*OCCCC[P+](*)(*)*,26,4,Linker,----
*CNC(=O)CN(C)CC(=O)N*,26,2,Linker,--
*NC(=O)ON=C(*)C,26,2,Linker,--
*COC(=O)NC(C(=O)O*)C(C)C,26,2,Linker,--
*CCCNCCCN*,26,2,Linker,--
*NC(=O)CC(C)=NNC(=O)C(=O)N*,26,2,Linker,--
*C(CC)CN(C)S(*)(=O)=O,26,2,Linker,--
*NC(=O)NC(=O)CO*,26,2,Linker,--
*CC(*)(F)F,26,2,Linker,--
*C=C(C#N)C(=O)NC(*)CCC,26,2,Linker,--
*CN(C)CCC(*)=O,26,2,Linker,--
*C(=O)C[S+](*)[O-],26,2,Linker,--
*OC(=O)CCCCCCCCC(=O)O*,26,2,Linker,--
*CN(C*)CCO*,26,3,Linker,---
*C(=O)CCC(N)C(*)=O,26,2,Linker,--
*CNC(=O)C(NC(=O)C(NC*)C(O)C(C*)NC(=O)C(NC(=O)OC*)C(C)(C)C)C(C)C,26,4,Linker,----
*CSCCC(*)=O,26,2,Linker,--
*SCC(=O)N(*)CCCC,26,2,Linker,--
*CC(F)CCNC(*)=O,26,2,Linker,--
*C=C(*)CCC(=O)O,26,2,Linker,--
*C(C)CN(*)C(=O)CC,26,2,Linker,--
*CCN=C(N)N,26,1,Sub,-
*[S+](N)[O-],26,1,Sub,-
*N(CC)CCCl,26,1,Sub,-
*C(O)CCCCCC,26,1,Sub,-
*C(=O)C=CC(=O)OCC,26,1,Sub,-
*NC(=O)C(C#N)=NOC,26,1,Sub,-
*CCC(C)=NNC(N)=S,26,1,Sub,-
*CC(=O)NCCCCCC,26,1,Sub,-
*NC(=O)CC[S+](C)C,26,1,Sub,-
*C(C)=CC(=O)N(CC)CC,26,1,Sub,-
*OCC=NOCC,26,1,Sub,-
*C(O)CP(=O)(O)O,26,1,Sub,-
*C(=O)C(=C)CN(C)C,26,1,Sub,-
*CNC(=O)CCCCCCCCCCC,26,1,Sub,-
*NC(=O)CNCCCC,26,1,Sub,-
*C=NOC(C)(C)C,26,1,Sub,-
*C(=O)C(N)C(C)O,26,1,Sub,-
*NC(=O)C(N)CCSC,26,1,Sub,-
*OCCCC(=O)NC(C(=O)NC(CC(C)C)C(=O)NC(C(=O)OC)C(C)C)C(C)C,26,1,Sub,-
*C(=NO)NC(C)(C)CC,26,1,Sub,-
*OCCCCCN,26,1,Sub,-
*SCC(=O)NCCC(C)C,26,1,Sub,-
*NC(=O)C(C)(C)CCl,26,1,Sub,-
*OC(=O)C(C)NC(=O)OC(C)(C)C,26,1,Sub,-
*CN(CC)C(C)=O,26,1,Sub,-
*=NC(C)(C)CC,26,1,Sub,=
*OC(=O)CCC(C)CC(C)CC,26,1,Sub,-
*C(=O)C(=O)N(CCCCCC)CCCCCC,26,1,Sub,-
*C=NOCC(=O)O,26,1,Sub,-
*CC(=O)NCCN,26,1,Sub,-
*S(=O)(=O)CS(=O)(=O)C(F)(F)F,26,1,Sub,-
*C(=O)NC(C)CC(=O)O,26,1,Sub,-
*C(=O)NN=C(C)C,26,1,Sub,-
*NC(S)=NCCOC,26,1,Sub,-
*COP(=O)(OCCSC(=O)C(C)(C)C)OCCSC(=O)C(C)(C)C,26,1,Sub,-
*OC(=O)C(O)C(C)CC,26,1,Sub,-
*CNCC(N)=O,26,1,Sub,-
*OCCOCCOCC[18F],26,1,Sub,-
*OCCN(CCC)CCC,26,1,Sub,-
*C(=NO)NCCSC,26,1,Sub,-
*C(C)C(C)=O,26,1,Sub,-
*CC(=O)N(CCCCCC)CCCCCC,26,1,Sub,-
*C(=O)C(NC(C)=O)C(C)(C)C,26,1,Sub,-
*C(C)C(O)CO,26,1,Sub,-
*NC(=O)CCCCCCS,26,1,Sub,-
*CCNS(=O)(=O)CCC,26,1,Sub,-
*CC(O)C(=O)O,26,1,Sub,-
*C(N)CC(=O)O,26,1,Sub,-
*C(=O)NCCCCCN,26,1,Sub,-
*C(=O)NC(C)CN(C)C,26,1,Sub,-
*CC(=O)C(C)C,26,1,Sub,-
*C(=O)OCCCN(CC)CC,26,1,Sub,-
*OCC(CO)CO,26,1,Sub,-
*C(=O)C(C)C(C)O,26,1,Sub,-
*C(O)C(C)NC(C)(C)C,26,1,Sub,-
*OC(=O)C(O)C(NC(=O)OC(C)(C)C)C(F)(F)F,26,1,Sub,-
*CCCCCCC(C(=O)CC)C(=O)CC,26,1,Sub,-
*C(N)P(=O)(O)O,26,1,Sub,-
*C(=O)N(C)C(C)CC,26,1,Sub,-
*COC(=O)CC(=O)O,26,1,Sub,-
*NC(=O)CCCCC(=O)O,26,1,Sub,-
*C(C)(C)C(=O)NC(C)(C)C,26,1,Sub,-
*N(CCC(C)C)CCN(C)C,26,1,Sub,-
*NC(CCO)CCCC,26,1,Sub,-
*NC(=O)C(C)S(C)(=O)=O,26,1,Sub,-
*NC(=O)C(CC(C)C)C(CCC)C(N)=O,26,1,Sub,-
*N(C)C(=O)CCCC,26,1,Sub,-
*S(=O)(=O)NCC(F)(F)F,26,1,Sub,-
*C=CCC(CC(N)C(=O)O)C(=O)O,26,1,Sub,-
*OS(=O)(=O)C(C)C,26,1,Sub,-
*C(=O)NNC(C)C,26,1,Sub,-
*NC(=O)CCCCCCC(=O)OC,26,1,Sub,-
*CC(C)CCCC,26,1,Sub,-
*CC(=O)NC(C(=O)O)C(C)C,26,1,Sub,-
*CSCC(N)C(=O)O,26,1,Sub,-
*C(=O)NC(CCC(=O)NC(CCC(=O)O)C(=O)O)C(=O)O,26,1,Sub,-
*C(C)(N)C(=O)O,26,1,Sub,-
*NC(=O)C(OC)C(O)C(O)C(O)C=CC(C)(C)C,26,1,Sub,-
*CC(=C)Br,26,1,Sub,-
*OC(=O)CCC=C,26,1,Sub,-
*NC=C(C#N)C(=O)OCC,26,1,Sub,-
*CCNC(=O)C=C,26,1,Sub,-
*NC(=O)CNC(C)C,26,1,Sub,-
*N(C)CCNC(C)=O,26,1,Sub,-
*C(=O)NC(CC)(CC)C(=O)NC,26,1,Sub,-
*SC(=O)C(C)(C)C,26,1,Sub,-
*C=NCCO,26,1,Sub,-
*=NNC(=S)NC,26,1,Sub,=
*C=[N+](C)[O-],26,1,Sub,-
*CCCCS(=O)(=O)O,26,1,Sub,-
*C(O)C(N)=O,26,1,Sub,-
*S(=O)(=O)NCCCO,26,1,Sub,-
*CN(CC(=O)O)C(=O)OC,26,1,Sub,-
*c1ccc2nc(*)c3c(c2c1)-c1ccccc1C3(*)*,25,4,Ring,----
*c1ccc2nc3c(*)[nH]cnc-3c2c1,25,2,Ring,--
*c1cc2ccsc2n1*,25,2,Ring,--
*c1ccc2c3c(nn2*)-c2ccccc2Sc13,25,2,Ring,--
*c1cc2c(*)c3c(=*)c4ccccc4c(=*)c3c(*)c2s1,25,5,Ring,--==-
*C1=COc2c(*)c(*)c(*)c(*)c2C1=*,25,6,Ring,-----=
*N1CCOCCOCCOCC1,25,1,Ring,-
*c1cc2c(nn1)CCC2,25,1,Ring,-
*c1ccc2c(*)n[nH]c2c1*,25,3,Ring,---
*C1=Nc2ccc(*)cc2C(*)(*)N1,25,4,Ring,----
*c1cn2c(n1)COC(*)C2,25,2,Ring,--
*C1C2COCC1CN(*)C2,25,2,Ring,--
*c1cc2n(n1)C(=*)NC(=*)N2,25,3,Ring,-==
*c1c2c(nc3ccccc13)OC1CC(*)N(C1)C(=*)C(*)NC(=*)OC1CC1CCCCC2,25,5,Ring,--=-=
*c1ccc2nc(*)nnc2c1,25,2,Ring,--
*c1noc2c(=*)c3ccccc3c(=*)c12,25,3,Ring,-==
*c1nnc2nn3c(*)c(*)nnc3c2c1*,25,4,Ring,----
*B1OCC=C1*,25,2,Ring,--
*C1=NC(=*)N2C=CC=CC2=N1,25,2,Ring,-=
*c1cc2c3c(c4cc(*)c(*)cc4c2cc1*)CN(*)CC3,25,5,Ring,-----
*N1OC(=*)N(*)C1=*,25,4,Ring,-=-=
*c1cc(*)c2c(c1*)CCN(*)C2,25,4,Ring,----
*C1=NC(=*)C(*)(*)N1,25,4,Ring,-=--
*c1nccc2cccnc12,25,1,Ring,-
*C1CCCC2=C1C=CC(=*)N2,25,2,Ring,-=
*c1nc2c(c(*)c1*)CC1CC2C1(*)*,25,5,Ring,-----
*c1ccc2c(*)cc(*)n2n1,25,3,Ring,---
*c1ccc2c(c1)C(=*)NC(=*)N2,25,3,Ring,-==
*C1CN(*)C(*)C(*)(*)C1,25,5,Ring,-----
*C1CCC2C(*)C(=*)OC3OC4(*)CCC1C32O4,25,4,Ring,--=-
*n1c(=*)c2cc3c(=*)n(*)c(=*)c3cc2c1=*,25,6,Ring,-==-==
*c1ccc2nc(*)c3cccn3c2c1,25,2,Ring,--
*c1ccc2c(c1)C1(C(=*)N2)N2CSCC2C(*)C12CN(*)CC(=*)C2=*,25,6,Ring,-=--==
*c1cc(*)c2c(c1)Cc1cccc(*)c1C2=*,25,4,Ring,---=
*c1ccc2c(c1)SCC(=*)N2*,25,3,Ring,-=-
*C1=C(*)C(=*)N2CCSC2=N1,25,3,Ring,--=
*c1nc(*)n2ccnc2n1,25,2,Ring,--
*C1=Cc2cc(*)c(*)cc2C(*)C1*,25,5,Ring,-----
*C1=C(*)C(*)C(=*)NC1=*,25,5,Ring,---==
*C1CCC2(*)C(*)CCC2C1*,25,4,Ring,----
*c1cc2c3ccccc3nc(*)n2n1,25,2,Ring,--
*c1ccc2c(c1)N(*)CC(*)(*)S2,25,4,Ring,----
*c1cc2nc3n(c2cc1*)CC1CC(*)N(*)C31,25,4,Ring,----
*C1=C(*)c2cc3[nH]c(cc4[nH]c(cc5nc(cc1n2)C(*)=C5*)c(*)c4*)c(*)c3*,25,8,Ring,--------
*N1CCC12COC2,25,1,Ring,-
*C1CC2C(=*)N(*)CCCCC=CC3CC3(*)NC(=*)N2C1,25,5,Ring,-=--=
*C1=CC2=C(*)C(=*)C(*)(*)C(*)C2=CO1,25,6,Ring,--=---
*c1nc2n(c1*)CCCN2*,25,3,Ring,---
*C1CCC2(CC1)CN(*)C(=*)N2*,25,4,Ring,--=-
*N1C=NN(*)CC1,25,2,Ring,--
*C1COP(*)(=*)N1,25,3,Ring,--=
*N1CCCC2(CCCC(=*)N2*)C1,25,3,Ring,-=-
*C1=Nc2nc(*)cc(*)c2C(=*)N1,25,4,Ring,---=
*c1c(*)c(*)c2c(ncn2*)c1*,25,5,Ring,-----
*c1ncnc2cc3c(cc12)N(*)CCCO3,25,2,Ring,--
*C1OCC2(*)C(CCC3(*)C2CCC2(*)C3CC=C3C4CC(*)(*)CCC4(*)CCC32*)O1,25,8,Ring,--------
*c1ccc2sc3c(c2c1)CCN(*)C3,25,2,Ring,--
*C1=NN(*)C(=*)c2[nH]c(*)nc21,25,4,Ring,--=-
*c1cc(*)[o+]c(*)c1,25,3,Ring,---
*C1C2Cc3ccccc3C1(*)CCN2*,25,3,Ring,---
*N1C(=*)c2ccccc2NC12CCCCC2,25,2,Ring,-=
*=C1c2ccccc2N=C2CCCN12,25,1,Ring,=
*c1nc(=*)[nH]c1=*,25,3,Ring,-==
*c1c(*)c(=*)c2c3c(ccc2c1=*)OC(*)(*)C=C3,25,6,Ring,--==--
*c1ncc2[nH]cc(*)c2n1,25,2,Ring,--
*c1ccc2c(*)c(*)n(*)c2c1*,25,5,Ring,-----
*c1cccc2c1CCNC2=*,25,2,Ring,-=
*c1ccc2c(c1)-c1c(cnn1*)CO2,25,2,Ring,--
*c1cc2c(*)c3c(=*)c4ccccc4c(=*)c3c(*)c2o1,25,5,Ring,--==-
*c1ccc2cc(*)nc(*)c2c1,25,3,Ring,---
*C1N=CN(*)C1*,25,3,Ring,---
*N1CC(*)(*)OC2CCCCC21,25,3,Ring,---
*N1CCCC(=*)C1,25,2,Ring,-=
*c1cc2c(s1)CN(*)CC2,25,2,Ring,--
*c1cc(*)c2c(c1*)OC1=C(C(=*)C(*)(*)C(=*)C1(*)*)C2*,25,10,Ring,---=--=---
*c1cc(*)c2c(*)[n+](*)c(*)cc2c1,25,5,Ring,-----
*c1cn2c(n1)OC(*)C2,25,2,Ring,--
*c1ccc2c(c1)-c1nc(*)cc(*)c1CO2,25,3,Ring,---
*C1=C(*)C2Oc3c(*)ccc4c3C23CCN(*)C(C4)C3(*)C1,25,5,Ring,-----
*c1cc(*)c2c(=*)c(*)c(*)c(=*)c2c1,25,6,Ring,--=--=
*C1CCC2SCC(*)N2C1=*,25,3,Ring,--=
*c1c2c(c(*)n1*)C(*)(*)CC2(*)*,25,7,Ring,-------
*C1CN(*)C(=*)OC12CCN(*)CC2,25,4,Ring,--=-
*C1=NC(*)(*)C2=NCCCN12,25,3,Ring,---
*c1nc2ccccc2n2c(*)c3c(c12)N(*)C(=*)N(*)C3=*,25,6,Ring,---=-=
*C1=Nn2c(*)cc(*)c2C(=*)N1*,25,5,Ring,---=-
*c1c[nH]c2ccc3c(c12)CCNC3=*,25,2,Ring,-=
*c1ccc2c(c1)C13CCN(*)C(C2)C1C(*)C(*)C(=*)C3,25,5,Ring,----=
*C1CCCCS1(=*)=*,25,3,Ring,-==
*C1=NC2=C(C(=*)N1*)C1(CCCC1)Cc1ccccc12,25,3,Ring,-=-
*c1ccc2c(c1)CCC(*)(*)C2,25,3,Ring,---
*C1=CC=CN(*)C1,25,2,Ring,--
*N1CCC2C(C1)c1cccc3c1N2CC3,25,1,Ring,-
*c1sc2c(c1*)CCc1nn(*)cc1-2,25,3,Ring,---
*C1=NN(*)C(=*)SC1,25,3,Ring,--=
*=C1NCCO1,25,1,Ring,=
*C1=Nc2cc(*)ccc2Nc2ccc(*)cc21,25,3,Ring,---
*C1=CCC2C3CCC4=CC(=*)CCC4(*)C3CCC12*,25,4,Ring,-=--
*c1cccc2ncn(*)c12,25,2,Ring,--
*c1ccc2c(c1)CCC1CC(*)(*)CCC21*,25,4,Ring,----
*C1=C2NCC3C(CCC4(*)C(*)CCC34)C2(*)CCC1=*,25,5,Ring,----=
*C1(*)COc2ccccc2OC1,25,2,Ring,--
*C1=NC2=C(Cc3ccccc3OC2)C(=*)N1,25,2,Ring,-=
*C1OC(*)C(*)(*)C(*)C1*,25,6,Ring,------
*C1c2ccc3cccnc3c2NS(=*)(=*)N1*,25,4,Ring,-==-
*C1CC(=*)NC(*)C(=*)NC(*)C(=*)NC(*)C(=*)NC(*)C(=*)N1,25,10,Ring,-=-=-=-=-=
*c1c2c(cc3c(=*)c4c5c(cc(*)c4c(=*)c13)C1(*)OC(O5)C(*)C(*)C1*)CC(*)(*)CC2*,25,11,Ring,-=-=-------
*c1cc(*)c2c(c1)NC(=*)C(*)(*)C2=*,25,6,Ring,--=--=
*C1=NNC(=*)SC1*,25,3,Ring,-=-
*C1Cc2c(ccc3ccccc23)O1,25,1,Ring,-
*C1C=NC=N1,25,1,Ring,-
*C1CCC2(*)CCC3(*)C(=CC(=*)C4C5(*)CC(*)C(*)C(*)(*)C5CCC43*)C2C1*,25,11,Ring,---=-------
*c1ccc2c(c1)CC1C3CCCCC23CCN1*,25,2,Ring,--
*C1=CN2CC(=*)N(*)c3cc(*)cc(c32)C1=*,25,5,Ring,-=--=
*c1cc2c3c4c(=*)[nH]c(=*)c4c(*)cc3n(*)c2cc1*,25,6,Ring,-==---
*C1=C(*)C(=*)N(*)O1,25,4,Ring,--=-
*n1c(=*)c(=*)c2cccnc21,25,3,Ring,-==
*N1CC2CCCCC2(*)C1,25,2,Ring,--
*C1=C2CCC(*)(*)C2C2OC(=*)C(=*)C2CC1,25,5,Ring,---==
*N1COCC1(*)*,25,3,Ring,---
*c1ccc2nc3nc(*)n[nH]c-3c2c1,25,2,Ring,--
*c1ccc2c(=*)c3ccccc3c3nccc1c23,25,2,Ring,-=
*c1ccc2c(c1)Oc1cc(*)ccc1C21OC(=*)c2ccccc21,25,3,Ring,--=
*c1ccc2c(c1)CCC1C2CCCN1*,25,2,Ring,--
*c1ccc2c(c1)oc1c(*)ncnc12,25,2,Ring,--
*C1=Nc2ccc(*)cc2C1(*)*,25,4,Ring,----
*c1ccc2cc3n(c2n1)CCCNC3=*,25,2,Ring,-=
*C1CCc2ccc3ccccc3c2O1,25,1,Ring,-
*N1C(=*)c2cccn2C2(CC(=*)NC2=*)C1=*,25,5,Ring,-====
*c1ccc2c(c1)c1c3n2CCN(*)C3CCC1,25,2,Ring,--
*C1CC2(C1)CC(*)C2,25,2,Ring,--
*n1cnc2c1CCCC2,25,1,Ring,-
*C1=CC(*)C(*)=C(*)N1,25,4,Ring,----
*c1nc2c(*)c(*)c(*)c(*)c2s1,25,5,Ring,-----
*c1cccc2c1N(*)CC(=*)C2=*,25,4,Ring,--==
*c1ccnc2c1N(*)C(=*)N2*,25,4,Ring,--=-
*N1CNC(=*)N(*)C1,25,3,Ring,-=-
*C1CCN(*)S1(=*)=*,25,4,Ring,--==
*c1ccc2c(c1)C(=*)CC1(CCCN(*)C1)O2,25,3,Ring,-=-
*=C1CCCN1,25,1,Ring,=
*c1ccc2c3n(*)c(=*)c4cc(*)c(*)cc4c=3c(=*)c2c1,25,6,Ring,--=--=
*C1=NC(=*)c2c([nH]c(*)c2*)N1,25,4,Ring,-=--
*c1ccc2c(c1)CCC(*)CC2,25,2,Ring,--
*c1ncnc2c1C=CNC2=*,25,2,Ring,-=
*c1cn2c(n1)C=CN(*)C2=*,25,3,Ring,--=
*C1=Nc2ccccc2SC1,25,1,Ring,-
*C1CSC2=C(CN(*)CC2)C1=*,25,3,Ring,--=
*c1c2c(c(*)n3c1nc1ccccc13)CCC2,25,2,Ring,--
*C1=C(*)C(*)(*)N=C1,25,4,Ring,----
*C1OC(=*)C2C3CCC(O3)C12,25,2,Ring,-=
*N1C(=*)c2ccccc2CC1(*)*,25,4,Ring,-=--
*C1C(=*)N(*)c2ccccc2OC12CCOCC2,25,3,Ring,-=-
*c1ccc2c3c(n(*)c2c1)CCNCC3,25,2,Ring,--
*c1nc2c(n1*)C(=*)CCCC2,25,3,Ring,--=
*C1C(*)C(*)(*)C2CCC3(*)C(CC=C4C5CC(*)(*)CCC5(*)CCC43*)C2(*)C1*,25,11,Ring,-----------
*C1OC(=*)CC2=C3CC4C(=*)C(*)(C3CCC21*)C(*)C(*)(*)C4*,25,9,Ring,-==------
*c1cc2c(c(*)c1*)C(*)CC2=*,25,5,Ring,----=
*C1NC(=*)N(*)CCCCC=CC2CC2(*)NC1=*,25,5,Ring,-=--=
*C1=C(*)Sc2ccccc2N1,25,2,Ring,--
*C1CC=C2C1(*)CCC1C3(*)CCC(*)C(*)(*)C3CC(*)C21*,25,8,Ring,--------
*c1oc2c(c1*)=CN(*)C(=*)N=2,25,4,Ring,---=
*c1cc2c(c(*)c1*)CCC(*)O2,25,4,Ring,----
*N1C(=*)C2Cc3c([nH]c4ccccc34)C(*)(*)N2C1=*,25,5,Ring,-=--=
*B1OC(*)c2ccccc21,25,2,Ring,--
*c1nc2nccc-2c(*)[nH]1,25,2,Ring,--
*c1sc2cc3c(cc2c1*)OCO3,25,2,Ring,--
*N1CCCC2CCCC21,25,1,Ring,-
*c1nc2c(cc(*)n2*)c2c1ncn2*,25,4,Ring,----
*C1CC(=*)NC1*,25,3,Ring,-=-
*c1nnc2n1CCOC2,25,1,Ring,-
*C1C(=*)CN1*,25,3,Ring,-=-
*C1OC=C2C(=*)OCC=C2C1*,25,3,Ring,-=-
*N1CC(=*)N(*)C2CS(=*)(=*)CC21,25,5,Ring,-=-==
*C1=CCCC(*)C1,25,2,Ring,--
*C1CCC2CC(=*)N(*)C3OC4(*)CCC1C23OO4,25,4,Ring,-=--
*C1CC(=*)Nc2cc3c(cc21)OCCO3,25,2,Ring,-=
*c1cc2c3c(c1*)-c1ccccc1CC3N(*)CC2,25,3,Ring,---
*c1cc2c(c(*)n1)C(=*)NC=C2,25,3,Ring,--=
*c1cn2c(n1)C(*)CCC2,25,2,Ring,--
*C1(*)CCN2CC3c4ccccc4CCc4cccc(c43)C2C1,25,2,Ring,--
*c1ccc2c(c1)NCCC2,25,1,Ring,-
*C1CCC2C3C(=*)CC4CC(=*)CCC4(*)C3CC(=*)C12*,25,6,Ring,-==-=-
*C1S(=*)(=*)OCCOS1(=*)=*,25,5,Ring,-====
*c1ccc2[nH]c(=*)c3c(*)cc(*)c1c23,25,4,Ring,-=--
*C1c2ccccc2C=CN1*,25,2,Ring,--
*C1=CCCC(*)C1(*)*,25,4,Ring,----
*c1cc2c(n1*)CCC(*)C2,25,3,Ring,---
*c1ccc2c3ncn(*)c(*)c-3nc2c1,25,3,Ring,---
*C1COCCCCOCC(*)C(=*)NC(*)C(=*)NC(*)C(=*)N2CCCC2C(=*)N1,25,8,Ring,--=-=-==
*C1=Cc2c(*)cc(*)cc2N(*)C1=*,25,5,Ring,----=
*C1C(*)(*)C=CC(=*)C1(*)*,25,6,Ring,---=--
*c1cc(*)c2[nH]cnc2c1,25,2,Ring,--
*C1CCOP(*)(=*)N1,25,3,Ring,--=
*c1ccc2c(*)n(*)[n+](*)c2c1,25,4,Ring,----
*c1cc2c(cc1*)C(*)C(*)O2,25,4,Ring,----
*C1c2ccccc2N(*)C2CCCC12,25,2,Ring,--
*C1=NC(*)CC1,25,2,Ring,--
*C1=CC(=*)Oc2c(*)cccc21,25,3,Ring,-=-
*C1=Cc2cc(*)c(*)cc2C(=*)O1,25,4,Ring,---=
*C1=C2c3ccc4[nH]nnc4c3CC2(*)CCC1=*,25,3,Ring,--=
*C1CON(*)C1*,25,3,Ring,---
*C1=NC(*)=C2N(C1=*)C(*)CC2(*)*,25,6,Ring,--=---
*c1ccc2c(c1)CCc1c(*)n[nH]c1-2,25,2,Ring,--
*N1Cc2ccccc2N(*)S1(=*)=*,25,4,Ring,--==
*c1cc2cc3ncc(*)c(*)c3cc2cc1*,25,4,Ring,----
*C1CC2(*)C(CCC2(*)*)C2CCC3=CC(=*)CCC3(*)C12*,25,7,Ring,----=--
*C1C=C2c3cccc4c3c(cn4*)CC2N(*)C1,25,3,Ring,---
*C1CC(=*)NC(=*)N1,25,3,Ring,-==
*c1ccc2c(c1)Nc1cc(*)c(*)cc1C2=*,25,4,Ring,---=
*C1=Nc2cc(*)ccc2CN1*,25,3,Ring,---
*c1cccc2c1OCCC2,25,1,Ring,-
*C1=NC(*)=C2C(*)CC(*)N2C1=*,25,5,Ring,----=
*C1=CN2CCN(*)CC2=CC1=*,25,3,Ring,--=
*C1=NC2(*)CN(*)CC2CS1,25,3,Ring,---
*C1=CC2=NC=C(*)C(=*)N2C=C1,25,3,Ring,--=
*C1CCC2(*)C(=CCC3C2CCC2(*)C3CC3OC(*)C(*)C32)C1,25,5,Ring,-----
*c1ncc2cc3n(c2n1)C1(CCCC1)CNC3=*,25,2,Ring,-=
*c1ccc2c(nnn2*)c1*,25,3,Ring,---
*c1cc(*)c2c(c1*)OC(=*)CC2*,25,5,Ring,---=-
*c1ccc2c(c1)N1CCN(*)CC1C(*)C2,25,3,Ring,---
*c1ccc2c(c1)C=CN(*)C(=*)C2*,25,4,Ring,--=-
*c1cc2c(*)c(*)n(*)c2c2ccccc12,25,4,Ring,----
*C1=C(*)c2cc3c(*)c(*)oc3c(*)c2OC1=*,25,6,Ring,-----=
*c1nccc2c1CN(*)C2=*,25,3,Ring,--=
*c1cc2c([nH]1)C(=*)N(*)C(=*)N2,25,4,Ring,-=-=
*N1CCCC2(CCNCC2)C1,25,1,Ring,-
*c1cc2c(c(*)c1*)NC(=*)C(=*)N2,25,5,Ring,---==
*C1CSSCC(*)C(=*)NC(*)C(=*)NC(*)C(=*)N1,25,7,Ring,--=-=-=
*N1CC2(*)OC(*)(C1)C1C(=*)N(*)C(=*)C12,25,6,Ring,---=-=
*c1cn(*)c[n+]1*,25,3,Ring,---
*c1noc2c(*)c3c(nc12)CC1(C(=*)NC(=*)NC1=*)C1C(*)OC(*)CN31,25,7,Ring,--===--
*N1CCS(=*)(=*)C(*)(*)C1,25,5,Ring,-==--
*C1=C(*)C(=*)c2c(c(*)c3occc3c2*)O1,25,5,Ring,--=--
*c1cccn2ncc(*)c12,25,2,Ring,--
*c1cnc2n1C(*)(*)C(=*)N2*,25,5,Ring,---=-
*C1=C(*)c2sc3c(c2CC1)C(=*)N1CCCCCC1=N3,25,3,Ring,--=
*C1NCCS1,25,1,Ring,-
*C1(*)CC2c3ccccc3C1c1cccc[n+]12,25,2,Ring,--
*C1=NC(*)=C(*)C(*)C1*,25,5,Ring,-----
*n1nnc2c1C(*)(*)C1CCC3(*)C(CCC4C5C6OCC5(CCC6(*)*)CCC43*)C1(*)C2,25,8,Ring,--------
*C1CCC2(CC1)OOC1(CCCCC1)OO2,25,1,Ring,-
*c1cccc2c1N(*)C(=*)O2,25,3,Ring,--=
*C1=CC(=*)C=C(*)N1,25,3,Ring,-=-
*c1ccc2cc3cc(*)sc3nc2c1,25,2,Ring,--
*c1cc2c(cc3c(*)nnc(*)n32)s1,25,3,Ring,---
*C1=CC(*)(*)N=C(*)O1,25,4,Ring,----
*C1=NC(=*)c2ncn(*)c2N1,25,3,Ring,-=-
*C1=Nc2cc(*)c(*)cc2NC1=*,25,4,Ring,---=
*C1C=CCN1,25,1,Ring,-
*c1ccc2c(c1)COC(=*)N2*,25,3,Ring,-=-
*C1=CN=C2C(*)=CC=CN2C1=*,25,3,Ring,--=
*C1=NOC(*)C(=*)N1*,25,4,Ring,--=-
*c1cc(=*)c2[nH]cc(*)c2c1=*,25,4,Ring,-=-=
*c1ccc2cc1OCCOCCNc1ccn3ncc-2c3n1,25,1,Ring,-
*c1ccc2[nH]c3c(c2c1)CCC3*,25,2,Ring,--
*CC(*)C(=O)O*,25,3,Linker,---
*NNC(=O)CO*,25,2,Linker,--
*CCNC(=O)COC(=O)CO*,25,2,Linker,--
*C(=O)N(*)CCCOC,25,2,Linker,--
*SCC(*)O,25,2,Linker,--
*C(*)N=*,25,3,Linker,--=
*NC(*)C(=O)OC,25,2,Linker,--
*NC(=O)C(*)N(*)C(=O)CCl,25,3,Linker,---
*COCC(C*)OC*,25,3,Linker,---
*CC(CN*)NC(=O)OC(C)(C)C,25,2,Linker,--
*C(=O)NCCNC(=O)C(CC(=O)NC(C)(C)C)NS(*)(=O)=O,25,2,Linker,--
*CNC(S)=NC(*)C,25,2,Linker,--
*CC(NC(=O)CN)C(*)=O,25,2,Linker,--
*NC(=S)NCCCCCCCCO*,25,2,Linker,--
*C(=O)NC(=S)N(*)C,25,2,Linker,--
*C=CC=CC=CC=*,25,2,Linker,-=
*COC(=O)CCC(=O)OC*,25,2,Linker,--
*CCC(NC(=O)C(CC(=O)NCC(C)(C)C)NC(*)=O)C(=O)NC*,25,3,Linker,---
*CN(C(*)=O)C(CC)CO,25,2,Linker,--
*S(=O)(=O)CC(=O)N=*,25,2,Linker,-=
*NC(=O)C=CC(C)OC(*)=O,25,2,Linker,--
*NC(=O)C(*)NC(=O)C(NC(=O)OC(C)(C)C)C(C)(C)C,25,2,Linker,--
*COC(=O)N(*)CC,25,2,Linker,--
*OC(=O)CCCC(=O)O*,25,2,Linker,--
*N(*)CC=C,25,2,Linker,--
*CC(=O)N(*)CCOC,25,2,Linker,--
*CC(C)CN*,25,2,Linker,--
*C(=O)N(N)S(*)(=O)=O,25,2,Linker,--
*NC(=S)N=*,25,2,Linker,-=
*CCNC(=O)C(C)(C*)NC(=O)O*,25,3,Linker,---
*CC(=O)C(N)C*,25,2,Linker,--
*C=CC(=O)OCC(=O)N(*)CC,25,2,Linker,--
*NC(=N)NS(*)(=O)=O,25,2,Linker,--
*CC(*)NC(=O)C(C*)NC(*)=O,25,4,Linker,----
*NCC(*)(*)O,25,3,Linker,---
*OCCN(*)*,25,3,Linker,---
*NC(=O)C(O)C(O)C(*)=O,25,2,Linker,--
*C(=O)OCCCCCCOC(*)=O,25,2,Linker,--
*CNC(=O)C(C*)C(=O)NO,25,2,Linker,--
*CN(*)CCC#N,25,2,Linker,--
*CNC(=O)CN(*)C,25,2,Linker,--
*C=C(C)CN(CC*)C(*)=O,25,3,Linker,---
*C(=O)N(C)CCN(*)C,25,2,Linker,--
*CN(CCC)CCCN*,25,2,Linker,--
*NC(=O)C=CO*,25,2,Linker,--
*C=NNC(=S)SCC(=O)N*,25,2,Linker,--
*CC(N)C(=O)NC(CCCCN)C(*)=O,25,2,Linker,--
*C(=O)NCCS(=O)(=O)NC(*)=O,25,2,Linker,--
*CON=C(*)C*,25,3,Linker,---
*CC(=O)NCCCC(=O)N*,25,2,Linker,--
*CC(=O)NC(=N)N*,25,2,Linker,--
*C(=O)CCCCC(*)=O,25,2,Linker,--
*OCCCCCC(*)=O,25,2,Linker,--
*CN(C*)CC#C,25,2,Linker,--
*C=CCC(*)=O,25,2,Linker,--
*C=CC(=O)NCCN*,25,2,Linker,--
*CCOC(=O)NC(N*)C(F)(F)Cl,25,2,Linker,--
*CC(*)C(*)=NOC(=O)N*,25,4,Linker,----
*OCCNC(=O)CO*,25,2,Linker,--
*CP(*)(=O)OCC,25,2,Linker,--
*C=NNC(=O)C(*)O,25,2,Linker,--
*CCC=CC(=O)CC*,25,2,Linker,--
*CCC(NC(*)=O)C(N)=O,25,2,Linker,--
*NCCNC(=O)CO*,25,2,Linker,--
*NC(=O)CSC(=S)N*,25,2,Linker,--
*CC(NC(=O)N*)C(=O)OC,25,2,Linker,--
*CNCCCN(*)C,25,2,Linker,--
*N(CCCC(F)(F)F)S(*)(=O)=O,25,2,Linker,--
*NC(=O)CC(*)CCC(=O)O,25,2,Linker,--
*C=COC(*)=O,25,2,Linker,--
*CCC(=O)ONC(*)=N,25,2,Linker,--
*CC(N)C(=O)NC(C)C(=O)NC(C*)C(=O)NC(CC(=O)O)C(=O)NC(C(=O)NC(C(=O)NCC(N)=O)C(C)C)C(C)C,25,2,Linker,--
*NC(=O)C(*)OC(C)=O,25,2,Linker,--
*C(=O)COC(=O)CCS(*)(=O)=O,25,2,Linker,--
*CC(N)C(=O)NC(CCCNC(=N)N)C(=O)N*,25,2,Linker,--
*NC(=O)C(CCCCCS)NC(*)=O,25,2,Linker,--
*CCOS(*)(=O)=O,25,2,Linker,--
*OSN(C(*)=O)N(C(*)=O)C(C)(C)C,25,3,Linker,---
*C=CCN(C*)CCC(N)C(=O)O,25,2,Linker,--
*OC(=O)C(*)NC(=O)C(N)CC(=O)O,25,2,Linker,--
*N(*)CCC#N,25,2,Linker,--
*C#CCCCCC(*)=O,25,2,Linker,--
*CNCC(*)(*)O,25,3,Linker,---
*C=C(C#N)C(=O)NCCNC(=O)O*,25,2,Linker,--
*CN(*)C#N,25,2,Linker,--
*C=CC(C)=CC=CC(C)=CC=CC=C(C)C=CC=C(C)C=C*,25,2,Linker,--
*CC#CC(*)(*)O,25,3,Linker,---
*CNC(=S)NCC(C*)COC(=O)C(C)(C)C,25,2,Linker,--
*CCCNC(=O)C(*)=O,25,2,Linker,--
*COCCOC(*)=O,25,2,Linker,--
*NC(=O)NCC(*)N(C)C,25,2,Linker,--
*CC(O)CON=C(*)Cl,25,2,Linker,--
*NCCNC(=O)C(CC(C)C)NC(*)=O,25,2,Linker,--
*C(*)C(=O)N(C)C,25,2,Linker,--
*C=NOCCN(C)C,25,1,Sub,-
*CC(=O)N(C)CCC,25,1,Sub,-
*NC(CC(=O)O)C(=O)O,25,1,Sub,-
*C#CCCCCCCCCCC,25,1,Sub,-
*NC(=O)CCCNC(=O)OC(C)(C)C,25,1,Sub,-
*CCCCNC,25,1,Sub,-
*C(=O)NC(CC(N)=O)C(=O)O,25,1,Sub,-
*NCCCN(CCCC)CCCC,25,1,Sub,-
*C=CC(=O)C(F)(F)F,25,1,Sub,-
*C(C)C=CCC(C)C,25,1,Sub,-
*C#CC(C)(O)CC,25,1,Sub,-
*C(=O)NC(CCCCN)C(=O)NC(CCCNC(=N)N)C(N)=O,25,1,Sub,-
*N(C)CCC(C)C,25,1,Sub,-
*N(C)CCN,25,1,Sub,-
*C(=O)N(C)CCC#N,25,1,Sub,-
*NC(=O)C(CCS(C)(=O)=O)NC(C)=O,25,1,Sub,-
*S(=O)(=O)NCCOP(=O)(O)O,25,1,Sub,-
*NC(=O)C(F)F,25,1,Sub,-
*C=NNC(=O)OC(C)(C)C,25,1,Sub,-
*CC(N)CS,25,1,Sub,-
*OC(=O)CCN,25,1,Sub,-
*COCCCCCC,25,1,Sub,-
*SCC(C)O,25,1,Sub,-
*OCC(CC)CC,25,1,Sub,-
*C(=O)NC(C)C(=O)OCC,25,1,Sub,-
*OCCC(=O)NO,25,1,Sub,-
*CCC(=O)NC(N)=O,25,1,Sub,-
*C(=O)NCCCCCC(=O)OC,25,1,Sub,-
*C(C)CCC(O)C(=C)C,25,1,Sub,-
*CNC(C)C(=O)O,25,1,Sub,-
*OCC(=O)NCCCN(C)C,25,1,Sub,-
*C(O)(P(=O)(O)O)P(=O)(O)O,25,1,Sub,-
*OCCSC,25,1,Sub,-
*NC(=O)CCCCCNC(=N)N[N+](=O)[O-],25,1,Sub,-
*C(=O)NCCCCCCCC(=O)NO,25,1,Sub,-
*NC(S)=NCCC,25,1,Sub,-
*NC(=O)C=CCC,25,1,Sub,-
*OP(=S)(OC)OC,25,1,Sub,-
*C(CC)COC,25,1,Sub,-
*CSCC(NC(=O)CCC(N)C(=O)O)C(=O)NCC(=O)O,25,1,Sub,-
*CC(C)CN(C)C,25,1,Sub,-
*C(CCC)CC(=O)O,25,1,Sub,-
*=C(O)OCCC,25,1,Sub,=
*CCC(=O)NCCN(CC)CC,25,1,Sub,-
*C(CC)C(=O)OC,25,1,Sub,-
*C(N)CCC,25,1,Sub,-
*NC(=O)C(=O)NC(C)(C)C,25,1,Sub,-
*CNCC(F)F,25,1,Sub,-
*CCCO[N+](=O)[O-],25,1,Sub,-
*C(=O)OCC(=O)NC(=O)NC(C)(C)C,25,1,Sub,-
*CC(O)CNC(C)C,25,1,Sub,-
*CCCNC(C)C,25,1,Sub,-
*CCCCN=[N+]=[N-],25,1,Sub,-
*C=C(C#N)C(=O)NC,25,1,Sub,-
*OCCCNC(C)(C)C,25,1,Sub,-
*C=CCCCCCCC,25,1,Sub,-
*SCC(F)(F)F,25,1,Sub,-
*NC(=O)C=CCCC,25,1,Sub,-
*CN(C)C(=O)CC,25,1,Sub,-
*CC(NC(=O)C(=O)O)C(=O)O,25,1,Sub,-
*=NOC(C)(C)C,25,1,Sub,=
*C(=O)NCC(O)C(F)(F)F,25,1,Sub,-
*C(=O)NC(C)(CO)CO,25,1,Sub,-
*CCNC(=O)CC(C)C,25,1,Sub,-
*NCC(O)CCl,25,1,Sub,-
*C(=O)NC(CCCCN)C(=O)OC,25,1,Sub,-
*C(=O)CCCN(C)C,25,1,Sub,-
*C(=O)OCC(=O)NCC(C)C,25,1,Sub,-
*NC(=O)C(CC(=O)O)NC(=O)C(F)(F)F,25,1,Sub,-
*CSCCCC,25,1,Sub,-
*C(=O)NC(CCCCN)C(N)=O,25,1,Sub,-
*C(O)=NC#N,25,1,Sub,-
*C(C)C=O,25,1,Sub,-
*C(C)C(O)CCC(C)C,25,1,Sub,-
*OC(=O)NC(C)(C)C,25,1,Sub,-
*NCCC(=O)OCC,25,1,Sub,-
*NC(=O)CNC(C)(C)C,25,1,Sub,-
*OC(=O)CCCCCCCC=CCC=CCCCCC,25,1,Sub,-
*OCCOCCN(C)C,25,1,Sub,-
*OC(=O)C(Cl)Cl,25,1,Sub,-
*CNC(=O)CCCCCCCC=CCCCCCCCC,25,1,Sub,-
*NC(CCC(=O)O)C(=O)O,25,1,Sub,-
*NC(=O)NC(C(=O)O)C(C)CC,25,1,Sub,-
*OCC(O)CNC,25,1,Sub,-
*CCN(C)S(C)(=O)=O,25,1,Sub,-
*COC(C)(C)C(=O)O,25,1,Sub,-
*NC(=O)N(C)C(C)C,25,1,Sub,-
*NC(=O)SCC(NC(C)=O)C(=O)O,25,1,Sub,-
*CC(=O)NCCCO,25,1,Sub,-
*CNC(=O)CCCCCCCCCCCCCCC,25,1,Sub,-
*C=CCCCC(=O)O,25,1,Sub,-
*S(=O)(=O)CC(N)=O,25,1,Sub,-
*C1=CN2C(=*)C(*)=CN=C2S1,24,3,Ring,-=-
*c1c2c(n(*)c1*)C(=*)N(*)C(=*)N2*,24,7,Ring,---=-=-
*C1CCC2(*)C(*)C(*)OC12,24,4,Ring,----
*c1ccc2nc(*)c(*)nc2n1,24,3,Ring,---
*C1N(*)CCCC12CCC(=*)N2*,24,4,Ring,--=-
*c1cc(*)c2c(c1)OC(=*)c1c(ccc(*)c1*)O2,24,5,Ring,--=--
*N1CCCS(=*)(=*)CC1,24,3,Ring,-==
*c1ncc2c(n1)CC(*)(*)CC2*,24,4,Ring,----
*c1nc2c3c(nc(*)n2n1)CCN(*)C3,24,3,Ring,---
*c1nnn2c1COCC(*)C2,24,2,Ring,--
*c1cc(*)c2c(c1*)C=CC(*)(*)O2,24,5,Ring,-----
*C1CSCCCC(=*)NC(*)C(=*)NC(*)C(=*)NC(*)C(=*)NC(*)C(=*)N1,24,10,Ring,-=-=-=-=-=
*c1cc2c(s1)N=NN(*)C2=*,24,3,Ring,--=
*C1=NC(=*)N(*)c2cc(*)nnc21,24,4,Ring,-=--
*C1CC(*)(*)Oc2c1c(=*)c1ccccc1c2=*,24,5,Ring,---==
*c1ccc2c(c1)C1(*)C(=*)CCCC1N2,24,3,Ring,--=
*C1=NOC(*)CC1,24,2,Ring,--
*C1=C2CC(*)CCC(*)C2C(*)C1=*,24,5,Ring,----=
*C1C2CS(=*)(=*)CC(=*)C2=NN1*,24,5,Ring,-===-
*c1ccc2c3c(n(*)c2c1)C(*)N(*)CC31CN(*)C1,24,5,Ring,-----
*c1ccc2c(c1)C13CCCCC1(*)C(C2)N(*)CC3,24,3,Ring,---
*C1CCc2cn[nH]c2C1,24,1,Ring,-
*c1nc2c(n1*)C(*)N(*)C(=*)N2,24,5,Ring,----=
*C1CCOC(*)OC1,24,2,Ring,--
*C1CC2OCCC2(*)C1,24,2,Ring,--
*n1n[n+](*)c2c1C(*)(*)C1CCC3(*)C(CCC4C5C6OCC5(CCC6(*)*)CCC43*)C1(*)C2,24,9,Ring,---------
*C1=NC(*)c2cccc(*)c2N1,24,3,Ring,---
*c1cccc2c1OCC(=*)N2*,24,3,Ring,-=-
*C1NC(=*)CN(*)C(=*)C2CCCN2C(=*)C(*)NC(=*)C(*)NC(=*)C(*)NC1=*,24,11,Ring,-=-==-=-=-=
*N1CC2(CCCCC2)CSC1=*,24,2,Ring,-=
*=C1CS(=*)(=*)CC(=*)C1=*,24,5,Ring,=====
*c1cc2c(c(*)c1*)c(*)c(*)n2*,24,6,Ring,------
*C1C2=C(N=CN1*)N(*)C(=*)N(*)C2=*,24,6,Ring,---=-=
*C1CNC(=*)CCN1*,24,3,Ring,-=-
*N1CC(=*)SC1=*,24,3,Ring,-==
*c1nc(*)c2c(n1)C(*)(*)N(*)CC2,24,5,Ring,-----
*c1ncnc2c1OCCN2,24,1,Ring,-
*c1ccc2c(n1)N(*)C(*)C(=*)N2*,24,5,Ring,---=-
*c1ccc2c(c1)N(*)CCCC2,24,2,Ring,--
*c1cc(*)[n+](*)cc1*,24,4,Ring,----
*c1cc2c(cc1*)C1=C(CCCC1)C(=*)O2,24,3,Ring,--=
*C1CCCc2[nH]ncc21,24,1,Ring,-
*c1ccc2ncn3c4ccccc4c(=*)c1c23,24,2,Ring,-=
*C1CCC2CCN(*)C12,24,2,Ring,--
*C1C2=C(COC2=*)N(*)c2cc3c(cc21)OCO3,24,3,Ring,-=-
*c1ccc2c(c1)C(=*)C(*)C2,24,3,Ring,-=-
*C1=CCC(*)(*)c2ccc(*)cc21,24,4,Ring,----
*c1ccc2[nH]c3c(c2c1)CC1(*)C(CCC2(*)C1CC=C1C4C(*)C(*)CCC4(*)CCC12*)C3(*)*,24,9,Ring,---------
*C1c2ccccc2-c2ccccc2N1*,24,2,Ring,--
*c1cc(*)c2c(c1)Oc1cc(*)cc(*)c1C2=*,24,5,Ring,----=
*c1c2c(nn1*)C(*)CCC2,24,3,Ring,---
*c1cccc2c1CC(*)C2*,24,3,Ring,---
*C1=CC=C(*)C(=*)NC(*)C(=*)NCCCCCCCCCCCC(=*)NC1,24,6,Ring,--=-==
*c1ncnc2sc3c(c12)CCCCC3,24,1,Ring,-
*C1=CC(=*)c2cc(*)cc(*)c2N1,24,4,Ring,-=--
*C12CCC(O1)C(*)(*)OC2,24,3,Ring,---
*c1nn(*)c2c1C(=*)c1ccccc1-2,24,3,Ring,--=
*C1=NS(=*)(=*)c2cnccc2N1,24,3,Ring,-==
*C1C(*)C2(*)CCC(*)C(*)(C2=*)C(*)CC1(*)*,24,9,Ring,-----=---
*C1=C2C3OC(*)OC3C3(*)CCC4OCC4(*)C3C(*)C(*)(CC1*)C2(*)*,24,9,Ring,---------
*c1nc2n(n1)CCCN2*,24,2,Ring,--
*C1=C2C(=NC3=C(C(=*)COC3)C2*)C(*)O1,24,4,Ring,-=--
*C1=CN(*)c2cc3c(cc2C1=*)OCCO3,24,3,Ring,--=
*C1CC2CC(*)C(C1*)N2*,24,4,Ring,----
*c1cc2c(cc1*)C(*)OCC2,24,3,Ring,---
*c1ccc2c(c1)CCN1Cc3c(ccc4[nH]c(*)c(*)c34)OC21,24,3,Ring,---
*C1CSCCCN1*,24,2,Ring,--
*C1=CC(=*)N2C(=N1)Sc1ccccc12,24,2,Ring,-=
*c1ncn2c1C(=*)N(*)c1ccccc1-2,24,3,Ring,-=-
*C1CC(=*)C2=C(C1)NC1=C(C(=*)CC(*)C1)C2*,24,5,Ring,-==--
*c1ccc2c(c1)c1cn(*)nc1n2*,24,3,Ring,---
*c1ccc2nc3c(=*)c4ccccc4n3c(=*)c2c1,24,3,Ring,-==
*c1nc(*)c2nc[nH]c2c1*,24,3,Ring,---
*C1=CSC2=CC(*)=C(*)C(=*)N12,24,4,Ring,---=
*C1=NCCNc2c1c(*)nn2*,24,3,Ring,---
*C1=C(*)C(*)n2c(nc3cc(*)c(*)cc32)N1,24,5,Ring,-----
*c1ccc2c(c1)C(*)CCN2,24,2,Ring,--
*c1ccc2c3c(cnc2c1)C(=*)N(*)N3,24,3,Ring,-=-
*c1c2c(c(*)c3ncccc13)C(=*)N(*)C2,24,4,Ring,--=-
*C1CC2(*)C(=CC1=*)CCC1C3CCC(=*)C3(*)CCC12,24,5,Ring,--==-
*c1ccc2c(c1)CCc1nc(*)sc1-2,24,2,Ring,--
*C1=NC2(CCCC2)N(*)C(*)=N1,24,3,Ring,---
*c1ccc2c3c(n(*)c2c1)CCCNC3,24,2,Ring,--
*c1cc2c(=*)c(*)cc(=*)c2c(*)c1*,24,6,Ring,-=-=--
*N1COc2c(ccc3c2c2ccccc2n3*)C1,24,2,Ring,--
*c1ccc2c(c1)N(*)C(=*)CCS2,24,3,Ring,--=
*c1ccc2c(*)c3ccoc3nc2c1,24,2,Ring,--
*c1ccc2c(c1)cc(*)c1ccncc12,24,2,Ring,--
*C1OCC2(*)C(=*)C(=*)C(=*)N12,24,5,Ring,--===
*c1cc(*)c2c(c1*)C(=*)N(*)C2,24,5,Ring,---=-
*c1cnc2c(*)nccc2n1,24,2,Ring,--
*C1=C(*)C(*)C(*)C2(*)CC(*)C(*)=C(C1=*)C2(*)*,24,10,Ring,-------=--
*C12CCC3=C(COC3=*)C1CC1OC13C(*)(*)C1(*)OC1C1OC123,24,5,Ring,-=---
*c1cnc2n1CCN(*)C21CCN(*)CC1,24,3,Ring,---
*C1=Nc2cscc2NC(=*)C1,24,2,Ring,-=
*c1cc2c(=*)c(*)c(*)c(=*)c2s1,24,5,Ring,-=--=
*c1cc(*)c2c(c1*)C(=*)OCC(*)C(=*)NC(*)CSC2,24,7,Ring,---=-=-
*C1CCC2(*)C(C(*)CC3(*)C2CCC2(*)C(*)CC(*)C23)C1*,24,8,Ring,--------
*c1c(*)c(*)c2c(c1*)C(*)C1(*)C3NC3CN21,24,6,Ring,------
*C1=CC=C2C3C(*)C(*)C(CN2C1=*)N3*,24,5,Ring,---=-
*c1cc(*)c2scc(*)c2n1,24,3,Ring,---
*c1ccc2c(c1)Sc1cc3ccccc3nc1N2*,24,2,Ring,--
*N1CC2CCNCC21,24,1,Ring,-
*C1CCc2c(sc3c2C(=*)N(*)c2nncn2-3)C1,24,3,Ring,-=-
*C1Cc2cccc(c2)Oc2cccc(c2)CC(*)C(=*)NC(*)C(=*)N1,24,5,Ring,--=-=
*c1oc2c(c1*)C(=*)CC(*)(*)C2,24,5,Ring,--=--
*C1=NC2(*)COC(*)CC2C(*)S1,24,4,Ring,----
*c1cc2[nH]ccnc-2n1,24,1,Ring,-
*c1cc2c(o1)c(*)nc1ccccc12,24,2,Ring,--
*c1c2ccsc2c(*)c2c(=*)c3ccccc3c(=*)c12,24,4,Ring,--==
*c1cn2c(n1)c(*)c(*)c1cnc(*)nc12,24,4,Ring,----
*c1ccc2c(=*)c(=*)c3ccccc3c2c1,24,3,Ring,-==
*C1(*)OC2C3OS(=*)(=*)OC3COC2(*)O1,24,5,Ring,--==-
*C1=C(*)C2=C(CCCC2)NC1=*,24,3,Ring,--=
*c1cc2c(cc1*)C(=*)N1CC(=*)CC1C=N2,24,4,Ring,--==
*C1N(*)C(=*)COC12CCN(*)CC2,24,4,Ring,--=-
*c1cc(*)c2c(c1)C(=*)N(*)C2(*)*,24,6,Ring,--=---
*c1ccc2c(n1)CCC2,24,1,Ring,-
*c1cc(*)c2c(c1)CN(*)CC2,24,3,Ring,---
*C1=Cc2c(cc(*)nc2*)N(*)C1=*,24,5,Ring,----=
*C1=NC(=*)Nc2cc(*)ccc21,24,3,Ring,-=-
*N1CCC2(C1)CN(*)C(=*)O2,24,3,Ring,--=
*C1c2ccccc2C2C1CCCN2*,24,2,Ring,--
*c1cc(*)n2c1ccc1ccccc12,24,2,Ring,--
*c1cc2n(n1)C(*)Nc1ccccc1-2,24,2,Ring,--
*C1CC(=*)C(*)C(*)C1,24,4,Ring,-=--
*C1CCC2(*)C1C(*)CC1C3(*)CC(=*)C(=*)C(*)(*)C3CCC12*,24,9,Ring,----==---
*C1=C2C(C(*)C1*)C(*)(*)CC(*)C1(*)C2OC(*)C1(*)*,24,10,Ring,----------
*c1ncc2c3ccccc3n(*)c2n1,24,2,Ring,--
*c1ccc(*)c2c1c(=*)c(=*)n2*,24,5,Ring,--==-
*C1C=CC(*)(*)C(=*)C(*)C(*)C(=*)C(*)C2C(*)C(*)(*)CC2(*)C1=*,24,13,Ring,---=--=-----=
*c1cc2ncnn2cc1*,24,2,Ring,--
*c1cnc2cc[nH]c2c1,24,1,Ring,-
*C1=CC=C2C3C(CN2C1=*)C(*)C(*)N3*,24,5,Ring,-=---
*c1ccc2c(c1)c1c(n2*)C(=*)N2CCSC2=N1,24,3,Ring,--=
*C1(*)C(=*)OCC2=C1C=C1C(=*)C(=*)CN1C2=*,24,6,Ring,--====
*N1N=NNC1=*,24,2,Ring,-=
*C1CCC2(*)C(CCC3C4CCC(*)C4(*)CC(=*)C32)C1,24,5,Ring,----=
*c1ccc2c(c1)OC(=*)c1c-2oc2ccc(*)c(*)c12,24,4,Ring,-=--
*C1OCOC2C1OC(*)C(*)(*)C2*,24,5,Ring,-----
*C1=Nc2ccc(*)c(*)c2C(=*)N1*,24,5,Ring,---=-
*c1sc2cnccc2c1*,24,2,Ring,--
*c1cc(*)c2c(c1)CC(*)(*)O2,24,4,Ring,----
*C1=CNC=C(*)C1=*,24,3,Ring,--=
*c1cnc2ccc(*)nc2c1,24,2,Ring,--
*C1CC2CC3(CCC2(*)C2CC(*)C4(*)C(*)CCC4C12)OOC1(CCCCC1)OO3,24,5,Ring,-----
*C1COC(*)(*)CO1,24,3,Ring,---
*c1ccnc2c1C(=*)N(*)C(=*)N2*,24,5,Ring,-=-=-
*c1nc(*)c2c(n1)NC(=*)CC2*,24,4,Ring,--=-
*C1=COc2cc3c(c(*)c2C1=*)C(=*)C(*)=CO3,24,5,Ring,--==-
*c1cc2c(cc1*)OC(*)C(=*)N2,24,4,Ring,---=
*c1nc2c(n1*)C(*)CCC2,24,3,Ring,---
*C1OCCc2c1[nH]c1ccccc21,24,1,Ring,-
*c1ccc2c(c1)[nH]c1ncnc(*)c12,24,2,Ring,--
*c1nc2c3c(*)c(*)oc3ncn2n1,24,3,Ring,---
*C1=CC2CCC(C2)C1*,24,2,Ring,--
*c1ccc2c(n1)C=CC(*)(*)O2,24,3,Ring,---
*C1=Nc2ncc(*)cc2N(*)C1=*,24,4,Ring,---=
*C1=C2OC(*)CC23CC(*)C(*)(*)C(*)(C1=*)C3=*,24,8,Ring,------==
*C1CCC2(Cc3ccccc3Cc3ccccc32)C1,24,1,Ring,-
*c1cc2c(cc1*)NC(=*)N(*)C2,24,4,Ring,--=-
*C1(*)CCC(=*)NC1,24,3,Ring,--=
*n1ncc2cccnc21,24,1,Ring,-
*c1nc2cc3c(c(*)c2o1)CCN(*)CC3,24,3,Ring,---
*C1CC2(*)CC2N1*,24,3,Ring,---
*C1NC(*)(*)COC1(*)*,24,5,Ring,-----
*C1OC(*)N(*)C1*,24,4,Ring,----
*c1cnc2c(c1)CCC2,24,1,Ring,-
*C1COCc2cnnn2CCCCC(=*)NCC(=*)N2CCCC2C(=*)NC(*)C(=*)N1,24,6,Ring,-===-=
*C1=Nc2cc(*)ccc2C(*)N1*,24,4,Ring,----
*c1sc2sc(*)c(*)c2c1*,24,4,Ring,----
*c1nnc2n1C(*)CC2,24,2,Ring,--
*N1CCc2ncncc2C1,24,1,Ring,-
*c1nc2c(s1)C(=*)CCC2,24,2,Ring,-=
*C1NC(=*)NC2=C1CNCC2=*,24,3,Ring,-==
*c1ncnc2c1C(=*)C=CN2*,24,3,Ring,-=-
*N1C(=*)Oc2ncccc21,24,2,Ring,-=
*C1=CC(=*)Oc2c(*)c(*)c3c(c21)OC(*)(*)C=C3,24,6,Ring,-=----
*C1NC(*)(*)N(*)C1=*,24,5,Ring,----=
*C1CCC(*)(*)C(*)C1(*)*,24,6,Ring,------
*N1CCCCN(*)C(=*)c2cccc(c2)-c2cccc(c2)C1=*,24,4,Ring,--==
*C1(*)CC=CC1,24,2,Ring,--
*C1=CSC2CC(=*)N12,24,2,Ring,-=
*c1nnc2n1CCCN2*,24,2,Ring,--
*N1CCCCC(*)(*)C1=*,24,4,Ring,---=
*c1ccc2c(c1)-c1cc(*)c3cccnc3c1NS2(=*)=*,24,4,Ring,--==
*C1CC(=*)Nc2cc3c(cc21)OCO3,24,2,Ring,-=
*c1cc(*)c2c3c([nH]c2c1*)C(*)(*)OCC3,24,5,Ring,-----
*C1=C(*)c2cc3[nH]c(cc4[nH]c5c(c6nc(cc1n2)C(*)C6*)C(=*)N(*)C(=*)c5c4*)c(*)c3*,24,10,Ring,----=-=---
*C1CSC(*)(*)O1,24,3,Ring,---
*C1=CN(*)c2ccc3nc(*)c(*)nc3c2C1=*,24,5,Ring,----=
*c1ccc2[nH]c3ncc(*)cc3c2c1,24,2,Ring,--
*C1C=CCCC1*,24,2,Ring,--
*C1=C(*)C(*)C2CC3Cc4c(*)nc(*)c(*)c4C(=*)C3=C(*)C2(*)C1=*,24,10,Ring,------=--=
*C1=NCC(*)(*)CN1,24,3,Ring,---
*c1c(*)c2n(c1*)-c1ccccc1C2,24,3,Ring,---
*C1=Nc2c(*)ncnc2Sc2ccc(*)cc21,24,3,Ring,---
*C1CCCCCCCCC1,24,1,Ring,-
*c1cc2c(cc1*)C(=*)c1c(cc(*)c(*)c1*)O2,24,6,Ring,--=---
*C1C2CCC3CCC1N(CC2=*)C3,24,2,Ring,-=
*c1nc2c(nc1*)N(*)C(=*)N(*)C2=*,24,6,Ring,---=-=
*C1CN(*)C(=*)C(*)C1*,24,5,Ring,--=--
*C1=CC[N+]2(*)CCC(*)C12,24,3,Ring,---
*C1C(=*)C23OC2CC(*)C3(*)C(*)C1*,24,6,Ring,-=----
*c1cc(*)c2c(c1*)OC(*)(*)C2,24,5,Ring,-----
*c1[nH]nc2c1C(*)c1c(nc3c(c1*)CCCC3)O2,24,3,Ring,---
*c1ncnc2c1CCCC2,24,1,Ring,-
*C1=C(*)C(*)c2ccccc2O1,24,3,Ring,---
*C1C(=*)Nc2ccc3c(c2C1(*)*)OC(*)(*)C=C3,24,6,Ring,-=----
*C1CC2CCCCC2N1,24,1,Ring,-
*C1=C(*)c2c(*)cccc2NC1=*,24,4,Ring,---=
*C1C=CC2=CCCC(*)C2C1*,24,3,Ring,---
*C1C(=*)C(=*)c2ccccc21,24,3,Ring,-==
*c1nc2c(n1*)C(=*)N(*)CN2*,24,5,Ring,--=--
*c1ccc2c(c1)C(=*)C1(*)CCN(*)C1=N2,24,4,Ring,-=--
*C1=CC=CC(*)C(*)OC(=*)C(*)NC(=*)C(*)NC(=*)C(*)N(*)C(=*)C2(*)OC2CC1*,24,13,Ring,---=-=-=--=--
*c1cc2nn[nH]c2cc1*,24,2,Ring,--
*C1=CSC2=NC(*)=C(*)C(*)N12,24,4,Ring,----
*C1CN(*)NC1=*,24,3,Ring,--=
*C1=NOC2CCCCC12,24,1,Ring,-
*C1=C(*)C(*)c2c(nc3c(c2*)CCCC3)N1,24,4,Ring,----
*c1ccc2c(c1)C(*)(*)CC(*)(*)O2,24,5,Ring,-----
*C1CCC2C(C1)OC(=*)N2*,24,3,Ring,-=-
*C1=CCCCC1(*)*,24,3,Ring,---
*C1NC(=*)CNC(=*)C(*)NC(=*)C(*)NC(=*)C(*)NC(=*)C(*)NC1=*,24,11,Ring,-==-=-=-=-=
*C1CCS(=*)(=*)C2CN(*)CC12,24,4,Ring,-==-
*C1CCCOC(*)OC1,24,2,Ring,--
*C1=NC(=*)C(*)(*)N1*,24,5,Ring,-=---
*C1c2ccccc2OCc2ncccc21,24,1,Ring,-
*N1C=Nc2ncn(*)c2C1=*,24,3,Ring,--=
*C1CN2CCN(*)CC2C1*,24,3,Ring,---
*C1CSSCC(*)C(=*)N1,24,3,Ring,--=
*C1CCC2(*)CCC3C(=*)C(=*)OC3C2C1*,24,5,Ring,--==-
*c1cc2c(cc1*)C(*)OC2=*,24,4,Ring,---=
*c1ccc2c(c1*)C(*)N(*)c1c-2ccc2cc3c(cc12)OCO3,24,4,Ring,----
*c1nnc2n1-c1ccccc1N(*)C(=*)C2*,24,4,Ring,--=-
*c1cn2c3c(nc2[nH]1)N(*)C(=*)N(*)C3=*,24,5,Ring,--=-=
*c1ccc2nc(*)c3c4ccccc4[nH]c3c2c1,24,2,Ring,--
*C1=NC2=C(CN(*)C2)C(=*)N1*,24,4,Ring,--=-
*c1ccc2c(c1)C1=C(SSC1=*)C(*)(*)N2*,24,5,Ring,-=---
*C1COCO1,24,1,Ring,-
*c1ncn2c1C(=*)NCC2*,24,3,Ring,-=-
*C1=Nc2ccnc(*)c2C(=*)N1*,24,4,Ring,--=-
*c1ccc2c(c1)CCCc1c(*)noc1-2,24,2,Ring,--
*C1CCC2(CC1)OC(=*)c1ccncc12,24,2,Ring,-=
*c1ccc2c(c1)-c1sc(*)cc1C(=*)N2,24,3,Ring,--=
*=c1c2ccccc2n2c(=*)c3ccccc3nc12,24,2,Ring,==
*C1C(=*)C2CCC3C4(*)CCCC(*)(*)C4CCC13C2,24,5,Ring,-=---
*c1ccc2c3c1OC1C4(*)CCC5(CC4*)C(C2)[N+](*)(*)CCC315,24,5,Ring,-----
*C1CNC(*)(*)C(*)C1*,24,5,Ring,-----
*C1CC2CN3CCc4c([nH]c5ccccc45)C(*)(C2)C13,24,2,Ring,--
*c1[nH]c2c(c1*)CCCC2=*,24,3,Ring,--=
*c1cccc2c1C(=*)NC(*)N2,24,3,Ring,-=-
*C1=NCc2cnc(*)nc2-c2ccc(*)cc21,24,3,Ring,---
*c1ccc2cc(*)c3ccccc3c2c1,24,2,Ring,--
*c1ncc(*)c2c1[nH]c1ccccc12,24,2,Ring,--
*C1=CN2C(=*)C(*)=C(*)N=C2S1,24,4,Ring,-=--
*c1cc2c(*)nn(*)c2c(*)n1,24,4,Ring,----
*C(S)=NNC(*)C,24,2,Linker,--
*CNC(=O)CNC(=O)C*,24,2,Linker,--
*NC(=O)COS(*)(=O)=O,24,2,Linker,--
*C=CC(=O)OC(C)C(*)=O,24,2,Linker,--
*SC=C(*)*,24,3,Linker,---
*CC(=O)NCCCCN*,24,2,Linker,--
*C#CCS*,24,2,Linker,--
*COC(=O)NC(*)(C)C,24,2,Linker,--
*NCC(C)CS*,24,2,Linker,--
*CNC(=O)OC(CC)CO*,24,2,Linker,--
*SCC(*)C(=O)OC,24,2,Linker,--
*C(=O)C(C)=CC(C(C)C)N(C)C(=O)C(NC(=O)C(NC)C(*)(C)C)C(C)(C)C,24,2,Linker,--
*CN(*)CC(=O)O,24,2,Linker,--
*CC(O)C(CS*)NC(*)=O,24,3,Linker,---
*C(*)NC(=O)CCCC,24,2,Linker,--
*CC(NC(=O)C(CC(C)C)NC(=O)C(NC(=O)C(N)CCC(=O)O)C(C)C)C(O)C(=O)N*,24,2,Linker,--
*CC(=S)N*,24,2,Linker,--
*CNCCCCCNC*,24,2,Linker,--
*OC(*)C(C)NC(=O)C(F)(F)F,24,2,Linker,--
*CC(O)CN(CCOCC)S(*)(=O)=O,24,2,Linker,--
*NC(=O)C(=O)C(CC)NC(*)=O,24,2,Linker,--
*C(C)(C)NS(*)(=O)=O,24,2,Linker,--
*CNC(=O)CCCC(*)=O,24,2,Linker,--
*NC(=O)CNC(=O)CNC(*)=O,24,2,Linker,--
*C(*)[S+](*)[O-],24,3,Linker,---
*CCNC(=O)CC(*)*,24,3,Linker,---
*CC(C)(C)COC(*)=O,24,2,Linker,--
*C=CC(=O)NCC(*)=O,24,2,Linker,--
*NC(=O)NN=C(*)*,24,3,Linker,---
*COCN*,24,2,Linker,--
*C=C(C#N)C(=O)NN=C(*)C,24,2,Linker,--
*CCCNC(=C[N+](=O)[O-])N*,24,2,Linker,--
*COC(=O)NC(CC(C)C)C(=O)NC(C*)C(O)S(=O)(=O)O,24,2,Linker,--
*C=NNC(=O)NN=C*,24,2,Linker,--
*NCCNCC(*)=O,24,2,Linker,--
*OCC(=O)ON=*,24,2,Linker,-=
*OC(=O)C(O)C(*)NC(=O)C(C)=CC,24,2,Linker,--
*C(O)CN(CCC(C)C)S(*)(=O)=O,24,2,Linker,--
*CC(*)CCC,24,2,Linker,--
*COC(C*)C(O)P(=O)(OC*)OC*,24,4,Linker,----
*CC(C)(C)C*,24,2,Linker,--
*CC(NC(*)=O)C(C)CC,24,2,Linker,--
*C(*)ON,24,2,Linker,--
*CC(=O)NCC(*)N(C)C,24,2,Linker,--
*NCC(C)O*,24,2,Linker,--
*C=CC(C)(C=C*)CCC=C(C)C,24,2,Linker,--
*CCCCC(*)*,24,3,Linker,---
*CNS(=O)(=O)NC(*)=O,24,2,Linker,--
*C=NN(C=CC(=O)OC)S(*)(=O)=O,24,2,Linker,--
*CN(C*)CCC(=O)O,24,2,Linker,--
*C=CC(*)(C)O,24,2,Linker,--
*OCCCN(C)C(*)=O,24,2,Linker,--
*CC(=O)NCC(O)C(*)O,24,2,Linker,--
*C(=O)CC(*)C(C(=O)O)C(=O)O,24,2,Linker,--
*C(*)OCCN(C)C,24,2,Linker,--
*C(*)=NOCCCCC(=O)OCC,24,2,Linker,--
*CC(=O)NCCCN*,24,2,Linker,--
*C(=O)NCCON=*,24,2,Linker,-=
*CSCCO*,24,2,Linker,--
*C=NNC(=O)CCC(*)C,24,2,Linker,--
*C=NNC(=O)CSCC(=O)NN=C*,24,2,Linker,--
*NCCC(=O)O*,24,2,Linker,--
*CCCCCCCCCCC*,24,2,Linker,--
*CNC(=S)NNC(=O)CO*,24,2,Linker,--
*C=C(*)C(C)O,24,2,Linker,--
*CC(=O)N(C*)CC(=O)N*,24,3,Linker,---
*NC(=O)NC(*)C(C)C,24,2,Linker,--
*N=CN*,24,2,Linker,--
*C(*)P(=O)(O)O,24,2,Linker,--
*C=NNC(=O)C(=O)NN=C*,24,2,Linker,--
*CCCCNC(N)=NC(*)=O,24,2,Linker,--
*C(*)(*)C(N)=O,24,3,Linker,---
*C(*)OCC(O)CNCCNCC(O)COC(*)*,24,4,Linker,----
*CCNC(=O)CNS(*)(=O)=O,24,2,Linker,--
*CCCN(*)S(*)(=O)=O,24,3,Linker,---
*CCC(*)=CC(=O)O,24,2,Linker,--
*CC(C)(C)N*,24,2,Linker,--
*SCC(*)C(=O)O,24,2,Linker,--
*OCCCCCCCCCCCCO*,24,2,Linker,--
*COCC(NC(=O)C(C)(C)N)C(*)=O,24,2,Linker,--
*C(*)CS(C)(=O)=O,24,2,Linker,--
*C=CS*,24,2,Linker,--
*CCNC(=O)NC(C)C*,24,2,Linker,--
*CC(=O)N(C)CC(*)*,24,3,Linker,---
*CON=C(*)CC,24,2,Linker,--
*NCCS(*)(=O)=O,24,2,Linker,--
*CN(C(=O)COC(*)=O)C(C)C,24,2,Linker,--
*C(F)(F)C(*)(F)F,24,2,Linker,--
*CN(CCOCCO*)CCOCCO*,24,3,Linker,---
*NNC(=S)NC(*)=O,24,2,Linker,--
*CC(=O)OC(*)C,24,2,Linker,--
*CC(NS(*)(=O)=O)C(=O)OC,24,2,Linker,--
*NCCCCCCO*,24,2,Linker,--
*C(=O)NCCCCC(NC(*)=O)C(N)=O,24,2,Linker,--
*CNC(=O)CN(C)C(*)=O,24,2,Linker,--
*C#CC=CC#C*,24,2,Linker,--
*COP(=O)(OCC)OCC,24,1,Sub,-
*OS(=O)(=O)CCCC,24,1,Sub,-
*C(CC)=NO,24,1,Sub,-
*C(=O)OC(C)C(N)=O,24,1,Sub,-
*OC(C)C(=O)NC(C)C(=O)NC(CCC(=O)O)C(N)=O,24,1,Sub,-
*OCC(=O)NCC(C)C,24,1,Sub,-
*C(=O)NCCCC(=O)OCC,24,1,Sub,-
*OP(=O)(OC)OC,24,1,Sub,-
*CCCC(=O)NCCOC,24,1,Sub,-
*COCCCCC,24,1,Sub,-
*CCN(C)CCOC,24,1,Sub,-
*NCCS(=O)(=O)O,24,1,Sub,-
*SC(=S)N(CC)CC,24,1,Sub,-
*NC(=O)CCCC(C)=O,24,1,Sub,-
*S(=O)(=O)NC(=O)OC,24,1,Sub,-
*C(=O)NC(CC(=O)NC(CCC(=O)O)CC(=O)O)CC(C)C,24,1,Sub,-
*N(C)C(=O)C(CC)CC,24,1,Sub,-
*C(=O)OCCO[N+](=O)[O-],24,1,Sub,-
*C(O)C(=O)CCCCCCCCC,24,1,Sub,-
*CCC(F)(F)C(F)(F)C(F)(F)C(F)(F)C(F)(F)C(F)(F)F,24,1,Sub,-
*C(C)CCO,24,1,Sub,-
*NC(=O)CS(=O)(=O)O,24,1,Sub,-
*OCCSC(=N)N,24,1,Sub,-
*OP(=O)(NC(C)C)OCC,24,1,Sub,-
*CC=C(C)CCC(O)C(=C)C,24,1,Sub,-
*CC#CCCCCC,24,1,Sub,-
*C(=NO)NCC(C)(C)C,24,1,Sub,-
*C(=O)NC(CO)C(C)(C)C,24,1,Sub,-
*C(=C(C)C)N(CCOC)C(=O)CCl,24,1,Sub,-
*C(C)=CC(=O)CC(C)C(=O)O,24,1,Sub,-
*NC(=O)NCCCCl,24,1,Sub,-
*=CCCCCC,24,1,Sub,=
*C(F)(F)C(=O)O,24,1,Sub,-
*CCCCC(=O)OCC,24,1,Sub,-
*C(=O)N(C)CC=C,24,1,Sub,-
*C(C)CCC(O)C(C)C,24,1,Sub,-
*CCCCCOC(=O)NC(CCCNC(=N)N)C(=O)O,24,1,Sub,-
*CC(N)C(O)C(=O)NC(CC(C)C)C(=O)O,24,1,Sub,-
*C(C)CCCCCCCCCCCC(C)C,24,1,Sub,-
*OC(C)C(C)=NNC(N)=S,24,1,Sub,-
*NC(=O)C(C)OC,24,1,Sub,-
*C=CP(=O)(OCC)OCC,24,1,Sub,-
*CNC(=O)CCOC,24,1,Sub,-
*C(O)CCCCCCCCCCCCCC,24,1,Sub,-
*CC(NC(=O)CCC(=O)O)C(=O)NCCCCC,24,1,Sub,-
*C=CF,24,1,Sub,-
*NC(=O)CCNC(=O)OC(C)(C)C,24,1,Sub,-
*CC(CS)C(=O)O,24,1,Sub,-
*NC(S)=NN,24,1,Sub,-
*CC[S+](C)[O-],24,1,Sub,-
*C(=O)NCC(O)COC,24,1,Sub,-
*OCCC(C)(C)C,24,1,Sub,-
*C(=O)OCCCCCCCCCCCCCCCC,24,1,Sub,-
*CCCSC(=N)N,24,1,Sub,-
*OCC(=O)NCC=C,24,1,Sub,-
*NC(C(=O)NO)C(C)O,24,1,Sub,-
*OCCOCP(=O)(O)O,24,1,Sub,-
*CC(=O)NC(CC)CC,24,1,Sub,-
*CNCCCNS(C)(=O)=O,24,1,Sub,-
*NNC(=O)CC,24,1,Sub,-
*NC(S)=NC(C)C(C)(C)C,24,1,Sub,-
*SCCCCCCCCCCCC,24,1,Sub,-
*NC(=O)NCCCO,24,1,Sub,-
*NC(=O)CC(CC)(CC)C(=O)O,24,1,Sub,-
*P(=O)(OCC)SC(C)CC,24,1,Sub,-
*SCCCCCC(=O)NO,24,1,Sub,-
*CC(N)C(=O)NO,24,1,Sub,-
*C(=O)NNC(S)=NCCCC,24,1,Sub,-
*CC(NC(C)=O)C(=O)OCC,24,1,Sub,-
*C(F)(F)CO,24,1,Sub,-
*CCN(C)CC#C,24,1,Sub,-
*C=C(C)C(=O)OCC,24,1,Sub,-
*C(O)C(=C)C(=O)OC,24,1,Sub,-
*C(C)CC(=O)CC(C)C,24,1,Sub,-
*NCCCCCC(=O)O,24,1,Sub,-
*CCNC(=O)NC,24,1,Sub,-
*C(C)(O)C(C)(C)C,24,1,Sub,-
*NCCCS(C)(=O)=O,24,1,Sub,-
*C(O)CCCCCCC,24,1,Sub,-
*CC(CCCN)C(=O)O,24,1,Sub,-
*C(=O)C(NC(C)=O)C(C)C,24,1,Sub,-
*NCCC(N)=O,24,1,Sub,-
*C(=NO)NC(C)C,24,1,Sub,-
*NCC(=O)NC,24,1,Sub,-
*OCC(F)=CCN,24,1,Sub,-
*COC(=O)C(N)C(C)CC,24,1,Sub,-
*CCNC(=O)NCC,24,1,Sub,-
*C(=O)N(C)CC(F)(F)F,24,1,Sub,-
*=NC(=O)OCC,24,1,Sub,=
*S(=O)(=O)NCCCC(=O)O,24,1,Sub,-
*C(=O)C(=O)N(CCCC)CCCC,24,1,Sub,-
*C(=O)NC(CCCN=C(N)N)C(=O)O,24,1,Sub,-
*NC(=O)NC(=N)NCC,24,1,Sub,-
*C(O)CCCCCO,24,1,Sub,-
*NCCCNC(=N)N,24,1,Sub,-
*CCCCCCCC=CCC=CCCCCC,24,1,Sub,-
*NC(=O)C(N)C(C)O,24,1,Sub,-
*C1CC2C(*)CC1C2*,23,3,Ring,---
*C1C=CC(*)(*)CC1*,23,4,Ring,----
*N1C=CC(=*)CC1,23,2,Ring,-=
*c1ccc2[nH]c3c(*)cc(*)c(*)c3c2c1,23,4,Ring,----
*c1csc2c1C(=*)N(*)C(=*)N2,23,4,Ring,-=-=
*C1CC(*)OC2(CCC3(C=CC(=*)C=C3)O2)C1,23,3,Ring,--=
*c1ccc2c(c1)CN1C(=*)CN(*)C(=*)C1C2,23,4,Ring,-=-=
*C1CC2(*)CCC1C2(*)*,23,4,Ring,----
*c1cc2nc(*)c3nnc(*)n3c2cc1*,23,4,Ring,----
*c1ccc2c(c1)C(=*)NCCC(=*)NC(*)C(=*)NC(*)CO2,23,6,Ring,-==-=-
*=C1CC(=*)c2ccccc21,23,2,Ring,==
*c1cnc2nc(*)c3nncn3c2c1,23,2,Ring,--
*C1C2C3(C=CC(*)C2(*)C(=*)O3)C2CCC3(*)CC12CC3=*,23,6,Ring,---=-=
*C1CCC2(*)CCC3(*)C(CCC4C5(*)C(*)C(*)C(*)(*)C5CCC43*)C12,23,9,Ring,---------
*c1cc(*)c2c(c1)CC(*)C2,23,3,Ring,---
*c1cnc2cccnc2c1,23,1,Ring,-
*C1CCC2(OC1)OC1CC3C4CC(*)C5CC(*)CCC5(*)C4CCC3(*)C1C2*,23,6,Ring,------
*C1(*)CCC2C(*)(CCC3C(*)(*)CCCC32*)C1,23,6,Ring,------
*C1=NN=CC(=*)N1*,23,3,Ring,-=-
*c1ccc2c(c1)SN1CCCN=C21,23,1,Ring,-
*C1c2cccc3cccc(c23)C1*,23,2,Ring,--
*C12C3C4C5C3C1C5C42,23,1,Ring,-
*c1cc2c(cc1*)S(=*)(=*)n1ccnc1S2,23,4,Ring,--==
*c1c2nc3ccccc3c-2ncn1*,23,2,Ring,--
*c1ccc2c(c1)CS(=*)(=*)N2*,23,4,Ring,-==-
*c1nc(*)c2c(n1)CS(=*)(=*)C2,23,4,Ring,--==
*N1CC2CC1C(=*)N2*,23,3,Ring,-=-
*c1ccc2c(c1)C(=*)NC(*)(*)C(=*)N2,23,5,Ring,-=--=
*c1cc(*)c2c(c1)C1OC(=*)C(*)N1c1c-2c(=*)c2cccc(*)c2c1=*,23,7,Ring,--=-=-=
*c1cc(*)c2c(c1)CC(*)CC2,23,3,Ring,---
*C1CC23OC2(*)CCC3(*)C2(*)CCC3C(*)(*)C(=*)CCC3(*)C12,23,8,Ring,------=-
*c1nn(*)c2c1CN(*)CC2=*,23,4,Ring,---=
*N1CCC2(CC1)C(=*)NC(=*)N2*,23,4,Ring,-==-
*C1=CC(*)(*)NC(*)(*)C1,23,5,Ring,-----
*c1nc2nc[nH]c(*)c-2n1,23,2,Ring,--
*c1ccc2[nH]c3c(*)[n+](*)ccc3c2c1,23,3,Ring,---
*c1ccc2sc3c(c2c1)NCC(*)NC3=*,23,3,Ring,--=
*c1cc2c([nH]1)C1(CCCNC1)CNC2=*,23,2,Ring,-=
*C1Cc2cccc3c2N(C1)C(=*)N3*,23,3,Ring,-=-
*c1c2c(cc3c1OCO3)C(*)C1C(=*)OCC1C2,23,3,Ring,--=
*c1ccc2c(c1)SC(*)C2*,23,3,Ring,---
*c1cc2c(cc1*)CN1C(=*)N(*)C(=*)C1C2,23,5,Ring,--=-=
*c1nccc2c1nnn2*,23,2,Ring,--
*c1ccc2c(c1)-c1nc(*)sc1CC2,23,2,Ring,--
*c1nc2c(s1)CCC2*,23,2,Ring,--
*c1ccc2c(=*)c(=*)[nH]c2c1*,23,4,Ring,-==-
*N1CC2CCC(CC1=*)N2*,23,3,Ring,-=-
*C1OC(=*)C2OC23C1(*)CCC1C2(*)C=CC(=*)C(*)(*)C2CC(*)C13*,23,9,Ring,-=--=----
*C1NC(=*)CC(*)C(*)NC(=*)CCCCCCCCCCCNC1=*,23,6,Ring,-=--==
*C1=C(*)c2ccccc2OCC1,23,2,Ring,--
*c1ccc2cc(*)c3nc4ccccc4n3c2c1,23,2,Ring,--
*c1ccc2c(c1)ncc1nc(*)[nH]c12,23,2,Ring,--
*N1N=Cn2c(cc3ccccc32)C1=*,23,2,Ring,-=
*c1ccc2ncc3nnc(*)n3c2c1,23,2,Ring,--
*c1nc(*)c2c(n1)N(*)C(=*)NC2,23,4,Ring,---=
*C1C(=*)OC(*)(*)C1*,23,5,Ring,-=---
*c1n[nH]c2c1C=CC(=*)N2*,23,3,Ring,-=-
*c1nc(*)c2c(n1)NCC21CC1,23,2,Ring,--
*c1ccc2c(c1)C(*)C(*)C(*)O2,23,4,Ring,----
*c1cc2c(s1)CN(*)S2(=*)=*,23,4,Ring,--==
*c1cc2c(*)nnc(*)c2cc1*,23,4,Ring,----
*c1cc2c(c(*)c1*)-c1c(cc3c(c1*)OCO3)C(*)C(*)C(*)C2*,23,8,Ring,--------
*N1CCn2nccc2C1,23,1,Ring,-
*C1CN(*)C2(C(=*)N(*)c3ccccc32)C12CCCC(=*)C2=*,23,6,Ring,--=-==
*c1nc2c(*)cc3c(c2[nH]1)CCC1C(*)(*)CCCC31*,23,5,Ring,-----
*C1=NC(*)C(=*)Nc2cc(*)ccc21,23,4,Ring,--=-
*c1nnc2n1CCC(*)C2,23,2,Ring,--
*c1cc(=*)c2nc3n(c2c1=*)C1OCC(*)C1OC3,23,4,Ring,-==-
*c1cc2c(=*)c(*)cc(=*)c2s1,23,4,Ring,-=-=
*N1C(=*)c2ccc3c4ccc5c6c(ccc(c7ccc(c2c37)C1=*)c64)C(=*)N(*)C5=*,23,6,Ring,-===-=
*C1=C(*)C2C(*)CC1[S+]2*,23,4,Ring,----
*C1=NC(=*)N(*)c2ncccc21,23,3,Ring,-=-
*=C1NCCCCN1,23,1,Ring,=
*c1ncc2c(n1)-c1ccccc1OC2*,23,2,Ring,--
*C1CCC2(CCCCC2)CC1,23,1,Ring,-
*C1C=CCC2C(=*)N(*)C(=*)C12,23,4,Ring,-=-=
*c1cc2c(cc1*)N(*)C(=*)C=C2,23,4,Ring,---=
*C1=C(*)C(=*)N2CCOC(*)(*)C2=N1,23,5,Ring,--=--
*C1=Nc2c(cnn2*)C2=NN(*)C(=*)N12,23,4,Ring,---=
*c1ncc2cnnc(*)n12,23,2,Ring,--
*C1=NN2C(*)=NNC2S1,23,2,Ring,--
*C1CC2C3OC3C(C1)N2*,23,2,Ring,--
*c1ccc2c(c1)S(=*)(=*)c1ccccc1O2,23,3,Ring,-==
*c1cc2ncccc2nc1*,23,2,Ring,--
*C1C(=*)N2CCOCCN2C1=*,23,3,Ring,-==
*c1ccc2c(c1)CN1c3ccc(*)cc3CN2C1*,23,3,Ring,---
*C1CCC2(*)C(CCC3C2CCC2(*)C3CCC2(*)*)C1,23,5,Ring,-----
*c1cnc2n1CC(*)CCC2*,23,3,Ring,---
*C1C(*)(*)CCC(=*)C12COC(=*)C13C(=*)C(=*)C(CCC21)C3*,23,8,Ring,---====-
*c1ccc2c(c1)C1OC(*)CC1c1ccccc1O2,23,2,Ring,--
*c1nc2cnncc2nc1*,23,2,Ring,--
*C1CC(*)(*)OC(*)(*)C1,23,5,Ring,-----
*c1cnc2[nH]cnc2c1,23,1,Ring,-
*c1cc2c3c(n[nH]c3c1)Nc1ccccc1O2,23,1,Ring,-
*=C1CCCc2cccnc21,23,1,Ring,=
*c1ccc2c(c1*)c1c(=*)c3ccccc3c(=*)c1n2*,23,5,Ring,--==-
*c1ccc2c(c1)OC(*)(*)C1=CCN3C(=*)N(*)C(=*)N3C12,23,6,Ring,---=-=
*N1C(=*)CCS(=*)(=*)c2ccccc21,23,4,Ring,-===
*c1ccc2c(c1)Cc1c-2n[nH]c1*,23,2,Ring,--
*C1=Cc2c(sc(*)c2*)NC1=*,23,4,Ring,---=
*c1nc(*)c2c(=*)c(*)c(*)c(=*)c2c1*,23,7,Ring,--=--=-
*C1CC(*)c2ccccc2N(*)C1=*,23,4,Ring,---=
*c1ccc2[nH]c3c(c2c1)C1CCC(*)CC1C1C(=*)N(*)C(=*)C31,23,5,Ring,--=-=
*c1nn(*)c2c1C1C(C2)C1(*)*,23,4,Ring,----
*c1ccc2c(*)cc3c(*)cc(*)cc3c2c1,23,4,Ring,----
*N1N=C2CCCCC2C1(*)*,23,3,Ring,---
*C1=C(*)N(*)C(*)CC1*,23,5,Ring,-----
*N1CC(=*)Nc2cccnc21,23,2,Ring,-=
*c1ccc2c(c1)CCC1C2CCC(*)(*)C1*,23,4,Ring,----
*C1CC(=*)NC(*)C1,23,3,Ring,-=-
*c1nc2oc3c(*)ncnc3c2c2c1COC(*)(*)C2,23,4,Ring,----
*C1OC(=*)C(*)(*)C(=*)C1(*)*,23,7,Ring,-=--=--
*c1cc2c3c(c1)c(*)c(*)n3CCC2,23,3,Ring,---
*C1=Cc2c(*)cccc2OC1=*,23,3,Ring,--=
*c1cc2c(cc1*)C1(*)CCCC(*)(*)C1C=C2,23,5,Ring,-----
*N1C(=*)c2ccccc2CCc2ccccc21,23,2,Ring,-=
*c1oc2ccc3c(c2c1*)C(=*)CC(*)(*)O3,23,5,Ring,--=--
*N1CCC(*)(*)CC1=*,23,4,Ring,---=
*C1=CC(=*)N2C(=C1*)N(*)c1ccccc12,23,4,Ring,-=--
*C1=NCC(=*)N(*)c2c1c(*)nn2*,23,5,Ring,-=---
*C1CCCOc2ccccc21,23,1,Ring,-
*N1CCC2(CC(=*)NC2=*)C1,23,3,Ring,-==
*c1nc2ncccc2c(*)c1*,23,3,Ring,---
*c1ccc2c(c1)NC(=*)C1CCCCN21,23,2,Ring,-=
*C1=C(*)C(*)(*)CN(*)C1=*,23,6,Ring,-----=
*c1cc2c(c(*)c1*)CC(*)C(*)O2,23,5,Ring,-----
*C1C(=*)C2(*)CCC3C4(*)CCCC(*)(*)C4CCC13C2,23,6,Ring,-=----
*C1=NC2=C(C(=*)N1*)C(*)(*)Cc1ccccc12,23,5,Ring,-=---
*c1ccc2nc3c(c(*)c2c1)C(=*)N(*)C3,23,4,Ring,--=-
*c1cccc2c1ccc1ccccc12,23,1,Ring,-
*C1CC(*)(*)C2CCC3(*)C(CC=C4C5CC(*)(*)CCC5(*)CCC43*)C2(*)C1,23,9,Ring,---------
*C1C=C2C3CC(*)(*)CCC3(*)C(*)CC2(*)C2(*)CCC3C(*)(*)C(*)CCC3(*)C12,23,11,Ring,-----------
*C1CCC2(*)C(CCC3C4CC(=*)C(=*)C4(*)CCC32)C1,23,5,Ring,--==-
*C1=[N+](*)c2ccccc2C1=*,23,3,Ring,--=
*c1ccc2oc3nc4ccccc4c-3c(*)c2c1,23,2,Ring,--
*c1n[nH]c2c1CCN(*)C2=*,23,3,Ring,--=
*C1COC(*)(*)CN1*,23,4,Ring,----
*c1c(*)c(*)[n+]2c(c1*)CCC2,23,4,Ring,----
*c1nc(*)c2ccnc(*)c2n1,23,3,Ring,---
*c1cc(*)c2c(c1)OC(*)C(*)O2,23,4,Ring,----
*c1ccc2c(c1)CCC(*)C2(*)*,23,4,Ring,----
*C1c2cc3ccccc3nc2C2=CC3=C(COC(=*)C3(*)*)C(=*)N21,23,5,Ring,-=--=
*C1CCC=CO1,23,1,Ring,-
*c1ccc2c(c1)C1=C(C(=*)O2)N(*)CCC1,23,3,Ring,-=-
*c1cnn2ccn(*)c12,23,2,Ring,--
*N1CC2CCCC(C1)C(=*)N2,23,2,Ring,-=
*c1ccc2cccc3ccc(=*)c1c23,23,2,Ring,-=
*C1=Nc2sc3c(c2C(=*)O1)CCCC3,23,2,Ring,-=
*C1=c2ccc(=*)c(*)c2Oc2c1ccc(*)c2*,23,5,Ring,-=---
*N1C(=*)CNCC1=*,23,3,Ring,-==
*c1ccc2c(c1)CCC21NC(=*)N(*)C1=*,23,4,Ring,-=-=
*c1cn(*)c2cnc3c(c12)CCN(*)C3=*,23,4,Ring,---=
*C1=C2C(=Nc3nc(*)nn3C2*)CCC1,23,3,Ring,---
*c1cc(*)n2c(n1)nc1ccccc12,23,2,Ring,--
*C1CC2(*)CCNC1C(*)C2,23,3,Ring,---
*c1nc2c(c(*)c1*)C(=*)CCC2,23,4,Ring,---=
*c1ccc2c(c1)S(=*)(=*)Cc1c(*)nn(*)c1-2,23,5,Ring,-==--
*N1CCC2(CC1)CS(=*)(=*)c1ccccc12,23,3,Ring,-==
*C1=CCCC2(*)C(*)CCC12,23,3,Ring,---
*c1ccc2c3cc[n+]4nc(*)c(*)cc4c3n(*)c2c1,23,4,Ring,----
*c1nc2ncnc(*)c2[nH]1,23,2,Ring,--
*C1=C(*)C(*)C(*)C(*)C1=*,23,6,Ring,-----=
*c1nc(*)c2c(c1*)CCC2,23,3,Ring,---
*c1nc2c(c(*)c1*)C(=*)NN2*,23,5,Ring,---=-
*C1N(*)C(=*)CS1(=*)=*,23,5,Ring,--===
*C1=C2C(=*)OC(*)C2(*)CCC1*,23,5,Ring,-=---
*c1cc(*)c2c(=*)c(=*)c(*)cc2c1,23,5,Ring,--==-
*c1cc(*)c2c(c1)Sc1ccccc1C2=*,23,3,Ring,--=
*c1cc2cc[nH]c2cn1,23,1,Ring,-
*c1cc2[nH]nc(*)c2s1,23,2,Ring,--
*C1CCC2(*)CCCC(*)(*)C2C1,23,4,Ring,----
*c1ncc2c(n1)-c1cccnc1SC2,23,1,Ring,-
*C1=Cc2cc(*)c(*)c3c2N(C1=*)C(*)CO3,23,5,Ring,---=-
*C1CC2C(CCN2*)O1,23,2,Ring,--
*c1nc(*)[n+](*)s1,23,3,Ring,---
*c1nc(*)c2c(*)c(*)c(*)c(*)c2n1,23,6,Ring,------
*c1[nH]c(*)c2c1Oc1ccccc1C2=*,23,3,Ring,--=
*C1=C2C(=*)N(*)CCC2=C2C(=*)N(*)C3(CCC4CC43)N2C1=*,23,6,Ring,-=-=-=
*c1nc2c(=*)c3ccccc3c(=*)c2s1,23,3,Ring,-==
*C1C(=*)C(=*)C1*,23,4,Ring,-==-
*c1cccc2c[nH]nc12,23,1,Ring,-
*C1CCC2(*)C(=CCC3C2CCC24CN(*)C(*)C2CCC34)C1,23,4,Ring,----
*c1cnn2c(*)cccc12,23,2,Ring,--
*N1C(=*)CC2(C1=*)C(=*)N(*)C(=*)c1ccccc12,23,6,Ring,-===-=
*c1c2c(cc3c(=*)c4c5c(cc(*)c4c(=*)c13)C1(*)OC(O5)C(*)C(*)C1*)C(*)C(*)(*)CC2*,23,12,Ring,-=-=--------
*C1C[N+]2(*)CCC1CC2*,23,3,Ring,---
*C1CCOC1(*)*,23,3,Ring,---
*C1=C(*)c2cccn2-c2cc3ccccc3cc2O1,23,2,Ring,--
*C1=Cc2cnnc(*)c2N(*)C1=*,23,4,Ring,---=
*c1ccc2c(c1)C(*)c1cc(*)ccc1-2,23,3,Ring,---
*C1=C(*)C(=*)C(*)C(*)(*)C1,23,6,Ring,--=---
*C1CONC1=*,23,2,Ring,-=
*C1=NOC2(CC(=*)N(*)C2=*)C1,23,4,Ring,-=-=
*c1c2c(c(*)c3ncccc13)CN(*)C2=*,23,4,Ring,---=
*c1ccc2nc3oc(*)cc3cc2c1,23,2,Ring,--
*C1=CC(=*)C2=C(O1)C(*)C(*)=C(*)O2,23,5,Ring,-=---
*c1cccc2c1C(=*)N(*)N=N2,23,3,Ring,-=-
*c1ncc2c(n1)N(*)C(=*)N(*)C2=*,23,5,Ring,--=-=
*C1CC(*)OO1,23,2,Ring,--
*N1CCOCC12CCC2,23,1,Ring,-
*c1cc(*)c2c(c1)C(*)CC2,23,3,Ring,---
*N1CC(=*)OC2(CCC3(*)C(CCC4C5CCC(=*)C5(*)CCC43)C2)C1,23,5,Ring,-=-=-
*n1ccc2c1C(=*)NCCC2=*,23,3,Ring,-==
*C1CC(*)(*)CC2C3=CCC4C5(*)CCC(=*)C(*)(*)C5CCC4(*)C3(*)CCC12*,23,10,Ring,----=-----
*c1ncnc2[nH]c(=*)c(=*)c12,23,3,Ring,-==
*c1cnc2c(c1)OCCN2*,23,2,Ring,--
*C1N2C(=*)c3ccccc3C2SC1(*)*,23,4,Ring,-=--
*C1CN(*)C(*)O1,23,3,Ring,---
*c1c2c(nc3cc4c(cc13)OCCO4)C1=CC3=C(COC(=*)C3(*)*)C(=*)N1C2,23,5,Ring,-=--=
*C1=NCC(=*)Nc2c1c(*)nn2*,23,4,Ring,-=--
*c1cc(*)c2c(c1)C(*)CCC2,23,3,Ring,---
*C1CC2CC(*)C2C1,23,2,Ring,--
*C1CC2c3[nH]c4ccccc4c3CCN2C(=*)C1*,23,3,Ring,-=-
*c1ccc(*)c2c1CC1(CCCC1)C2,23,2,Ring,--
*c1cc2c(cc1=*)Oc1cc(*)c3ccccc3c1N=2,23,3,Ring,-=-
*C12CC3CC(C1)CC(*)(C3)O2,23,2,Ring,--
*C1SCC(=*)Nc2c1cnn2*,23,3,Ring,-=-
*c1nnc2n1CC1CCC2N1*,23,2,Ring,--
*c1ccc2c(c1)C1CN(*)CC(=*)N1CC2,23,3,Ring,--=
*C1=Nc2nnnn2C(*)C1=*,23,3,Ring,--=
*c1cc(*)c2c(c1)COC(=*)c1c(ccc(*)c1*)O2,23,5,Ring,--=--
*c1ccc2[nH]c3ccc4cc[n+](*)cc4c3c2c1,23,2,Ring,--
*c1cc(*)c2n[nH]c(*)c2c1,23,3,Ring,---
*[n+]1ccc2c3ccccc3n3c(=*)ccc1c23,23,2,Ring,-=
*C1C2=C(CC(*)(*)CC2=*)Nc2ccccc2N1*,23,5,Ring,---=-
*C1=CC(=*)N2C(*)=C(*)SC2=C1*,23,5,Ring,-=---
*C1CSCCN(*)C1=*,23,3,Ring,--=
*N1N=C2N(*)C(=*)c3ccccc3N2C1=*,23,4,Ring,--==
*C1C(=*)Nc2ccccc2[S+]1*,23,3,Ring,-=-
*C1=CC2(*)CCCN(*)C2n2c1c(*)c1ccccc12,23,4,Ring,----
*c1ccn2nc(*)cc2c1,23,2,Ring,--
*C1CCC2(*)C(*)CC3(*)C(CCC4C5(*)CCC(*)C(*)(*)C5CCC43*)C12,23,9,Ring,---------
*C1C(=*)C(*)N1*,23,4,Ring,-=--
*N1CCOCCOCCOCCOCC1,23,1,Ring,-
*c1ccc2c(c1)OC(*)(*)c1nc(*)[nH]c1-2,23,4,Ring,----
*c1cccc2c1N(*)C(=*)N(*)C2=*,23,5,Ring,--=-=
*c1ncc2c(n1)N(*)C(=*)OC2*,23,4,Ring,--=-
*c1ccc2c(c1)NC(=*)C21CCCC1,23,2,Ring,-=
*N1CCCCN(*)C1=*,23,3,Ring,--=
*C1=C(*)C(*)C(*)=C(*)C1,23,5,Ring,-----
*c1cc2c(s1)CC(*)OC21CCN(*)CC1,23,3,Ring,---
*C1C(=*)C2(*)CCC1(*)C2(*)*,23,6,Ring,-=----
*c1nn2c(c1*)NC(*)CC2(*)*,23,5,Ring,-----
*c1nncc2cncn12,23,1,Ring,-
*C1NCCOc2ccccc2C=CCNC(=*)C(*)NC(=*)C(*)NC1=*,23,6,Ring,-=-=-=
*C1C=C2CCN(*)C2C2c3cc4c(cc3C(=*)OC12)OCO4,23,3,Ring,--=
*c1cc(*)c2c(=*)c(=*)oc2c1*,23,5,Ring,--==-
*C1(*)CS(=*)(=*)C2(CCCC2)C(=*)N1,23,5,Ring,--===
*c1cn2c3ccccc3n(*)c2n1,23,2,Ring,--
*C1=Nc2ccc(*)cc2C12CCCCC2,23,2,Ring,--
*c1c(*)c(*)c2c(c1*)CC1C3c4c(c(=*)c(*)c(*)c4=*)CC(C(*)N1C2*)N3*,23,11,Ring,----=--=---
*C1OC2(*)COC1C2*,23,3,Ring,---
*c1oc2c(c1*)c(=*)c(=*)c1ccccc12,23,4,Ring,--==
*N1C(=*)CCCc2ccccc21,23,2,Ring,-=
*c1ccc2c(c1)OC(=*)C1=C2CCCCC1,23,2,Ring,-=
*c1ccc2c(c1)C1CN(*)CC1CO2,23,2,Ring,--
*c1ccc2c3c(c[nH]c13)CC(*)NC(=*)C(*)N2*,23,5,Ring,--=--
*C1=NN(*)C(=*)c2ccc(*)cc21,23,4,Ring,--=-
*C1COC(*)C(*)C(=*)N(*)C(*)C(=*)NC(*)C(=*)NC(*)C(=*)NC(*)C(=*)N1,23,13,Ring,---=--=-=-=-=
*COC(=O)NC(C(=O)NC(C*)C(O)C*)C(C)C,23,3,Linker,---
*CC(NC(=O)C(CC(C)C)NC(*)=O)C(*)=O,23,3,Linker,---
*C=CC(*)=NNC(*)=O,23,3,Linker,---
*CCCCC(=O)NC(C*)C(=O)O,23,2,Linker,--
*CC(NC(=O)C(NC(=O)C(C*)NC(=O)C(NC(=O)C(CCCNC(=N)N)NC(=O)CNC)C(C)C)C(C)CC)C(*)=O,23,3,Linker,---
*NC(=O)C(CCSC)NS(*)(=O)=O,23,2,Linker,--
*C(=O)NCCCCCCCCNC(*)=O,23,2,Linker,--
*CC(CC)O*,23,2,Linker,--
*CC(CC(O)C(C*)NC(*)=O)NC(=O)OC(C)(C)C,23,3,Linker,---
*CN(*)C(=O)OC,23,2,Linker,--
*NC(=O)ON=C(*)N,23,2,Linker,--
*CNS(=O)(=O)NC*,23,2,Linker,--
*NC(=O)C(CCCNC(=N)N)NC(*)=O,23,2,Linker,--
*C=CCC(=O)N*,23,2,Linker,--
*CC(*)CNC,23,2,Linker,--
*CCN=C(N)NS(*)(=O)=O,23,2,Linker,--
*CCC(C)NS(*)(=O)=O,23,2,Linker,--
*CCNC(*)=N,23,2,Linker,--
*CNC(=O)C(=*)C#N,23,2,Linker,-=
*C(=O)C=CC=C(*)Cl,23,2,Linker,--
*CC(CO)NC(=O)C(C*)NC(*)=O,23,3,Linker,---
*C(=O)ON=C(*)*,23,3,Linker,---
*CN(C(*)=O)C(*)C(=O)NCCCOCC,23,3,Linker,---
*C=CC(=O)NC(COC(*)=O)C(=O)N*,23,3,Linker,---
*C=CC(=O)NC(=S)NNC(=O)C*,23,2,Linker,--
*OC(*)CCN(C)CC(=O)O,23,2,Linker,--
*NC(=O)CCCCCCC(*)=O,23,2,Linker,--
*CC(=O)NC(=O)CS*,23,2,Linker,--
*C(*)C(=O)NCCCCC,23,2,Linker,--
*CNC(=O)C(OC(*)=O)C(C)C,23,2,Linker,--
*NC(=O)NCC(*)(C)O,23,2,Linker,--
*OS(=O)(=O)NC(*)=O,23,2,Linker,--
*CN(CCN(C)C)C(=O)N*,23,2,Linker,--
*C(=O)OCC(O)=C(*)C#N,23,2,Linker,--
*COC(=O)NC(C*)C(=O)NC(C=O)C*,23,3,Linker,---
*CCC(=O)NC(*)CC,23,2,Linker,--
*CCNCCCNCC*,23,2,Linker,--
*C(=O)CNC(C)(C)CC(*)=O,23,2,Linker,--
*CC(NC(=O)C(NC(C)=O)C(C)C)C(=O)NC(C)C(=O)NCC(*)=O,23,2,Linker,--
*CC(NC(=O)CCl)C(=O)N*,23,2,Linker,--
*C(=O)CC(*)O,23,2,Linker,--
*CCC(*)(CCN(C(C)C)C(C)C)C(N)=O,23,2,Linker,--
*CC(NC(*)=O)C(=O)NCCCCCCCC,23,2,Linker,--
*NC(=O)CN(*)*,23,3,Linker,---
*CCC(*)CO*,23,3,Linker,---
*NC(=O)CN(*)CC,23,2,Linker,--
*CC(N)C(=O)NC(C(*)=O)C(C)C,23,2,Linker,--
*C(=O)NN(*)*,23,3,Linker,---
*CCOC(=O)NC*,23,2,Linker,--
*CC(NC(*)=O)C(=O)CCC(*)=O,23,3,Linker,---
*CCC(*)CC,23,2,Linker,--
*OC(=O)C=*,23,2,Linker,-=
*C(=O)C(CCSC)NS(*)(=O)=O,23,2,Linker,--
*COC(=O)C=*,23,2,Linker,-=
*CN(C*)C(=O)OC(C)(C)C,23,2,Linker,--
*NC(=O)C(*)NC(=O)OC(C)(C)C,23,2,Linker,--
*NCC(=O)NC(*)C(=O)NO,23,2,Linker,--
*C(C)CC(C)(CS(*)(=O)=O)N(O)C=O,23,2,Linker,--
*COCC(NC(=O)C(C*)NC(*)=O)C(=O)C(=O)NCC(=O)OCC,23,3,Linker,---
*NC(=S)NNC(=O)CS*,23,2,Linker,--
*C(*)=NOCCCCCC(=O)O,23,2,Linker,--
*CCN(C*)C(=O)CO,23,2,Linker,--
*CCC(C)C*,23,2,Linker,--
*CC(NC(=O)COC)C(O)CN*,23,2,Linker,--
*OCC(=O)NNC(=O)CS*,23,2,Linker,--
*CNC(=O)CCS(=O)(=O)C*,23,2,Linker,--
*OC(C(=O)O)C(*)(*)OC,23,3,Linker,---
*C=NNC(=O)C(*)(*)O,23,3,Linker,---
*C(=O)OC(*)CN(C)C,23,2,Linker,--
*C(=O)NCC(=O)NC(*)*,23,3,Linker,---
*C(=O)NC(C(*)=O)C(C)O,23,2,Linker,--
*COCCCC(C)(C)NS(*)(=O)=O,23,2,Linker,--
*CC(=O)NC(*)C(=O)NCC,23,2,Linker,--
*CNC(=O)C(C*)NC(=O)C(CCC(=O)NC(C)(C)C)NC(=O)CCNC(=O)CCl,23,2,Linker,--
*C(=O)NOC(*)=O,23,2,Linker,--
*NC(=O)C(NC(*)=O)C(*)C,23,3,Linker,---
*CNC(=O)C(CSCCCC(=O)NO)NC(*)=O,23,2,Linker,--
*C(OCC)C(*)SC(C)(C)C,23,2,Linker,--
*CN(CCC(*)=O)C(C)C,23,2,Linker,--
*NC(=O)CN(C(*)=O)C(C)C,23,2,Linker,--
*CCCNC(=O)C(N)C*,23,2,Linker,--
*C=NOC(*)C,23,2,Linker,--
*CCCNC(=N)NCCC(*)*,23,3,Linker,---
*N(*)CCOC,23,2,Linker,--
*CCC(C)=CCO*,23,2,Linker,--
*OCC(=O)NCC(NS(*)(=O)=O)C(=O)O,23,2,Linker,--
*C(*)CCN(CC)CC,23,2,Linker,--
*NC(=O)CN(C)C(*)C,23,2,Linker,--
*CC(*)C(*)=NOCCCCC(=O)O,23,3,Linker,---
*CC(=O)NC(*)C(=O)N*,23,3,Linker,---
*CC(NC)C(=O)N*,23,2,Linker,--
*CCCN(CC*)CC*,23,3,Linker,---
*CC(NC(=O)C(NC(=O)C(N)CCC(=O)O)C(C)CC)C(=O)NC(CC(C)C)C(O)CN*,23,2,Linker,--
*CN(CCCC(O)(C*)C(=O)N*)NC(=O)C(NC(=O)OC)C(C)(C)C,23,3,Linker,---
*CN(CC#C)CC(*)(O)C*,23,3,Linker,---
*CCNC(=O)CCC(=O)N*,23,2,Linker,--
*CCC(F)C*,23,2,Linker,--
*N=C([S-])C(*)=C(*)O,23,3,Linker,---
*NCCCOC(*)=O,23,2,Linker,--
*CCC(=O)NNC(=O)CO*,23,2,Linker,--
*CC(O)C(=O)N*,23,2,Linker,--
*CCC(=O)NC(C*)C(=O)CCl,23,2,Linker,--
*CCNC(=O)C(=O)NCC(*)*,23,3,Linker,---
*NCN*,23,2,Linker,--
*CC(NC(=O)C(*)CCCCN)C(=O)NCCC(C)C,23,2,Linker,--
*CC(NC(=O)C(CS)C(*)C)C(=O)O,23,2,Linker,--
*CC(*)C(*)O,23,3,Linker,---
*CCN(C*)CCBr,23,2,Linker,--
*CC(=O)NC(CC(=O)O)C(=O)CO*,23,2,Linker,--
*CC(NC(=O)C(C*)NS(=O)(=O)C*)C(=O)NC(CCCNC(=N)N)C(*)=O,23,4,Linker,----
*CCCCCCCCCC[P+](*)(*)*,23,4,Linker,----
*CCC(=O)N(C)C(*)C,23,2,Linker,--
*CN(C*)C(CC)CO,23,2,Linker,--
*C(=O)NS(=O)(=O)NC,23,1,Sub,-
*CC(CN)CO,23,1,Sub,-
*C=NNC(N)=NCCCCC,23,1,Sub,-
*CC(CO)CO,23,1,Sub,-
*CP(=O)(OC)OC,23,1,Sub,-
*OC(C)C#N,23,1,Sub,-
*CCCCP(=O)(O)O,23,1,Sub,-
*CNC(C)C(C)(C)C,23,1,Sub,-
*C(CCN(O)C(C)=O)P(=O)(O)O,23,1,Sub,-
*OCCCCCCBr,23,1,Sub,-
*CC(=O)C(F)(F)F,23,1,Sub,-
*COC(=O)CC(C)(O)CC(=O)O,23,1,Sub,-
*CN(C)C(=O)CCC(F)(F)F,23,1,Sub,-
*C[Se]C(=N)N,23,1,Sub,-
*C=CC(=O)NCC,23,1,Sub,-
*C(=O)CCNC(C)=O,23,1,Sub,-
*C(=O)OCC#N,23,1,Sub,-
*OC(=O)CC(C)O,23,1,Sub,-
*NC(S)=NCCCC,23,1,Sub,-
*N(CCC)CCOC,23,1,Sub,-
*C(=O)OCC(=O)NCCC,23,1,Sub,-
*=COCC,23,1,Sub,=
*CC(=O)NC(CCSC)C(=O)OC,23,1,Sub,-
*C=NNC(=S)NC(C)(C)C,23,1,Sub,-
*NC(=O)ON=C(Cl)C(C)C,23,1,Sub,-
*CCCCP(=O)(OCC)OCC,23,1,Sub,-
*CNC(=O)C(N)CCCCN,23,1,Sub,-
*C(=O)NC(C=O)CCCNC(=N)N,23,1,Sub,-
*C(=O)OC(C(C)C)C(C)C,23,1,Sub,-
*C(O)CN(C)C,23,1,Sub,-
*C(=O)NC(CO)C(C)O,23,1,Sub,-
*CN(C)C(=O)C(C)(C)CC,23,1,Sub,-
*CC(=N)NO,23,1,Sub,-
*C(=O)CCCCCCCCCCCC,23,1,Sub,-
*OC(=O)CCCCCCCCC=C,23,1,Sub,-
*C(=O)OCC(=O)NC(=O)NC(C)C,23,1,Sub,-
*C[N+](C)(CCCl)CCCl,23,1,Sub,-
*CO[Si](C(C)C)(C(C)C)C(C)C,23,1,Sub,-
*SCC(=O)NCC=C,23,1,Sub,-
*N(CC)C(=O)CO,23,1,Sub,-
*S(=O)(=O)NCC(N)=O,23,1,Sub,-
*C(CCCC)C(=O)O,23,1,Sub,-
*CCC(O)CO,23,1,Sub,-
*C(=O)CNCC(C)O,23,1,Sub,-
*SCC(=O)OCCC,23,1,Sub,-
*=CCCO,23,1,Sub,=
*C(C)CC(C)C(=O)O,23,1,Sub,-
*N[11CH3],23,1,Sub,-
*C=CCC(=O)O,23,1,Sub,-
*CC(P(=O)(OCC)OCC)P(=O)(OCC)OCC,23,1,Sub,-
*CC=C(C)CCCC(C)CCCC(C)CCCC(C)C,23,1,Sub,-
*OCCNCCOC,23,1,Sub,-
*CN(C)CC#N,23,1,Sub,-
*COC(=O)NCCCCCCCCCCCCCCCCCC,23,1,Sub,-
*C(S)=NCCCOC,23,1,Sub,-
*CCC[18F],23,1,Sub,-
*C=C(C(C)=O)C(N)=O,23,1,Sub,-
*CC(NC(=O)OC(C)(C)C)C(=O)NCC#N,23,1,Sub,-
*C(C)(CO)CO,23,1,Sub,-
*C(C)=NNC(=S)NC,23,1,Sub,-
*CC(C)C(=O)NC,23,1,Sub,-
*CNC(=O)CCCCC,23,1,Sub,-
*CC(C(=O)OC)C(=O)OC,23,1,Sub,-
*NC(=O)C(O)CO,23,1,Sub,-
*C(=S)N(C)C,23,1,Sub,-
*SCCCC(=O)OCC,23,1,Sub,-
*C(=O)NCC(C)(O)C(F)(F)F,23,1,Sub,-
*C(=O)NCCN(C)S(C)(=O)=O,23,1,Sub,-
*NC(C)C(=O)OCC,23,1,Sub,-
*CNCCCOCC,23,1,Sub,-
*C(=O)C(=C)F,23,1,Sub,-
*C(=O)NC(CCN)C(=O)NCC(N)=O,23,1,Sub,-
*CC(N)C(O)CC(C(=O)NCC(C)(C)C(N)=O)C(C)C,23,1,Sub,-
*C(=O)OCC(=O)N(C(C)C)C(C)C,23,1,Sub,-
*CCC(=N)S,23,1,Sub,-
*CNC(=O)CCN,23,1,Sub,-
*C(C)O[Si](C)(C)C(C)(C)C,23,1,Sub,-
*OC(=O)N(C)CCC,23,1,Sub,-
*C(=C)CCC=C(C)C,23,1,Sub,-
*CCS(=O)(=O)OCC,23,1,Sub,-
*CNCCCCN,23,1,Sub,-
*C=NNC(=S)NC(C)C,23,1,Sub,-
*CCCCCC(=O)OCC,23,1,Sub,-
*C(=O)OCC(=O)NCC,23,1,Sub,-
*C(=O)CNC(C)(C)C,23,1,Sub,-
*C=C(C#N)C(=O)NCC=C,23,1,Sub,-
*C(C)CCC(=O)NCCC,23,1,Sub,-
*CC(N)=NO,23,1,Sub,-
*CNC(=O)C(F)F,23,1,Sub,-
*NC(=O)CCCC=CCC=CCC=CCC=CCCCCC,23,1,Sub,-
*CNC(=O)CCCCC=CC(C)C,23,1,Sub,-
*C(COP(=O)(O)O)NC(=O)CCCCCCC,23,1,Sub,-
*C(=O)OCC(=O)OC,23,1,Sub,-
*C(C)(C)CC(=O)O,23,1,Sub,-
*N1C(=*)c2ccccc2C(*)(*)C1=*,22,5,Ring,-=--=
*c1ccc2c(c1)C1CCCN(*)C1C2,22,2,Ring,--
*c1cncc2nc(*)n(*)c12,22,3,Ring,---
*c1c(*)c(*)c(=*)c(=*)c1*,22,6,Ring,---==-
*C1=CC(=*)Nc2ccc3c(c21)OCC(*)N3*,22,4,Ring,-=--
*C1CN(*)C(*)CC(*)(*)C(*)C(*)C(*)C(*)C(=*)OC(*)C(*)(*)C1*,22,14,Ring,---------=----
*c1ccc2c(c1)N(*)C(*)CO2,22,3,Ring,---
*C1=C(*)C(*)c2c(nc3c(c2*)CC(*)(*)CC3)N1,22,6,Ring,------
*c1ccc2c(c1)-c1nc(*)cn1CC(*)O2,22,3,Ring,---
*c1nn2c(c1*)C(*)C(*)(*)C2,22,5,Ring,-----
*C1=NNC(=*)CO1,22,2,Ring,-=
*C1CCC2(CCNCC2)CC1,22,1,Ring,-
*c1cc2c(c(*)c1*)C(=*)C1=CC3C(=*)C4(*)OCC(C3*)C14O2,22,7,Ring,---==--
*N1C2CCC1C(=*)C(=*)C2=*,22,4,Ring,-===
*c1ccc2c(c1)CCCc1c(*)nn(*)c1-2,22,3,Ring,---
*C1CCC(*)(*)NC1,22,3,Ring,---
*C1NC(=*)C(*)N(*)C(=*)C(*)NC(=*)C(*)N(*)C(=*)C(*)NC1=*,22,12,Ring,-=--=-=--=-=
*c1nc(*)c2c(c1*)C=CN(*)C2=*,22,5,Ring,----=
*N1OCC2C1C1(*)CCC3C4(*)CCCC(*)(*)C4CCC23C1,22,5,Ring,-----
*c1cc(*)c2c(c1*)OC13C(=CC4C(=*)C1(*)OCC3C4*)C2=*,22,7,Ring,---=--=
*c1cc(*)c2c(c1)OC(*)(*)C=C2,22,4,Ring,----
*C1=C(*)c2ccc(*)cc2P(*)(=*)O1,22,5,Ring,----=
*N1C2CC3CC(C2)CC1C3,22,1,Ring,-
*c1nc2n(n1)C(=*)Nc1cc(*)c(*)cc1-2,22,4,Ring,-=--
*C1c2cccn2CCCN1*,22,2,Ring,--
*c1cnc2c(ccc3ccccc32)c1*,22,2,Ring,--
*c1cc2c(cc1*)C1(CCN(*)CC1)OC2*,22,4,Ring,----
*C1OC(*)C1*,22,3,Ring,---
*c1nn2c(c1*)NC(=*)CCC2=*,22,4,Ring,--==
*C1CCC2CN1CCN2*,22,2,Ring,--
*C1NC(=*)C2(CSc3c2c(=*)c2ccccc2c3=*)NC1=*,22,5,Ring,-====
*C1=C(*)c2oc3ccccc3c2N(*)C1=*,22,4,Ring,---=
*C1=CNc2c(ccc3nc(*)cc(*)c23)C1=*,22,4,Ring,---=
*C1=NC2=C(C(=*)N1*)C(*)(*)Cc1cc(*)ccc12,22,6,Ring,-=----
*c1cnc2ncnn2c1,22,1,Ring,-
*C1C(=*)OCCN1*,22,3,Ring,-=-
*c1nc(*)c2c(n1)NC(=*)C(*)C2,22,4,Ring,--=-
*C1C2(*)C3N(*)C4C1(*)C1N(*)C2C3(*)C(*)C41*,22,8,Ring,--------
*c1nnc2n1CCC(*)CC2,22,2,Ring,--
*C1CC2(*)C3CC(*)C4C(*)(*)C(*)CCC45CC35CCC2(*)C1*,22,8,Ring,--------
*N1CCC2(CC1)C(=*)Nc1ccccc12,22,2,Ring,-=
*N1CCC2(*)CC(=*)C(=*)C1C2,22,4,Ring,--==
*c1ncnc2c1nn1ccccc21,22,1,Ring,-
*C1CC2CN(*)C(*)CN2C1,22,3,Ring,---
*N1C(=*)c2ccccc2C(=*)N1*,22,4,Ring,-==-
*c1ccc2c(c1)OC(*)C(*)C2*,22,4,Ring,----
*C1COc2ccccc2CO1,22,1,Ring,-
*N1CCN2CCNC(=*)C2C1,22,2,Ring,-=
*C12CC1C(=*)c1ccccc1O2,22,2,Ring,-=
*N1CCC2=NN(*)C(=*)N2CC1,22,3,Ring,--=
*c1cc(*)c2c(n1)N(*)CC2,22,3,Ring,---
*c1nc2c(n1*)C(=*)N(*)C1=NC(*)CN12,22,5,Ring,--=--
*C1CNCc2ccccc21,22,1,Ring,-
*C1CCCc2[se]nnc21,22,1,Ring,-
*C1=C(*)C(*)(*)CC(*)C1*,22,6,Ring,------
*N1OC(*)(*)C1=*,22,4,Ring,---=
*c1cc2c(cn1)ncc1ncn(*)c12,22,2,Ring,--
*C1=NN(*)C(=*)C=N1,22,3,Ring,--=
*C1CC(=*)C2(*)C3CCC4(*)C(*)CCC4C3CC3OC32C1*,22,6,Ring,-=----
*c1ccc2c(c1)CC(*)CCC2,22,2,Ring,--
*C1CS(=*)(=*)CCCN1*,22,4,Ring,-==-
*C1=CC2OC(=*)C(*)C2CCC(*)=CCC1,22,4,Ring,-=--
*c1nc2cccc3c2n1CC(*)C3,22,2,Ring,--
*c1cc2c([nH]1)NC(=*)N(*)C2=*,22,4,Ring,-=-=
*N1CCC2(*)CCNCC2C1,22,2,Ring,--
*C1=NC(*)(*)CS(=*)(=*)N1*,22,6,Ring,---==-
*c1ccc2c(c1)CCC1=NN=CC(=*)N12,22,2,Ring,-=
*C1C2C(=*)N(*)C(=*)C2C2C=CC=NN12,22,4,Ring,-=-=
*N1CCC2(CCCN2)CC1,22,1,Ring,-
*N1CC2(*)CCCC1C2,22,2,Ring,--
*n1c(=*)c2c(c1=*)SCCS2,22,3,Ring,-==
*c1cc2c3ccccc3[nH]c2c2cn(*)c[n+]12,22,2,Ring,--
*c1ccc2c3c(c4ccccc4nc13)NN2*,22,2,Ring,--
*c1cn2c(n1)C(=*)N(*)CC2,22,3,Ring,-=-
*c1ccc2c3c1OC1C4OCC4(*)CC4C(C2)N(*)CCC341,22,3,Ring,---
*c1nnc(*)n2c1cc1occc12,22,2,Ring,--
*c1cc2c3c(c(*)c(*)c2o1)OC(*)(*)CC3,22,5,Ring,-----
*n1nnc2ncccc21,22,1,Ring,-
*C1CC(*)(*)CN1,22,3,Ring,---
*C1=CC2Oc3ccccc3C(=*)C2=CN1*,22,3,Ring,-=-
*N1C(=*)c2c(sc3c2CC(*)(*)OC3)N(*)C1=*,22,6,Ring,-=---=
*C12C=CC(=*)C=C1CCC1C2C(=*)CC2(*)C1CCC2(*)*,22,6,Ring,-==---
*c1cn2ccsc2[n+]1*,22,2,Ring,--
*c1ccc2c(c1)CC(*)(*)c1c(*)ncnc1-2,22,4,Ring,----
*c1cc2c3c(n1)N(*)C(=*)N3CCN2*,22,4,Ring,--=-
*c1cc(*)c2c(c1)OC(*)(*)C2,22,4,Ring,----
*c1cc(*)n2nnnc2n1,22,2,Ring,--
*c1cc2c3c(c1)nc(*)n3CC(*)N(*)C2,22,4,Ring,----
*C1(*)CS(=*)(=*)C2(CCC2)C(=*)N1,22,5,Ring,--===
*C1=[N+](*)c2cc(*)ccc2C1=*,22,4,Ring,---=
*c1ccc2[nH]c3c(c2c1)CCNC3=*,22,2,Ring,-=
*C1CCC2(*)C3=C(C(=*)CC2C1(*)*)C1(*)CCC(*)C1(*)CC3,22,8,Ring,--=-----
*N1C=Nc2cn(*)nc2C1=*,22,3,Ring,--=
*c1cc(*)c2c(c1)C(*)CCO2,22,3,Ring,---
*c1cnn2c1NC(*)CC2(*)*,22,4,Ring,----
*c1ccc2c(c1)-c1c(c3ccccc3n1*)C1C(*)(*)CCCC21*,22,5,Ring,-----
*C1C(=*)c2ccccc2N1*,22,3,Ring,-=-
*c1[nH]c2ccnc(*)c2c1*,22,3,Ring,---
*c1c2ccccc2cc2sccc12,22,1,Ring,-
*c1cc(*)c2c(*)csc2c1*,22,4,Ring,----
*C1CN(*)C(*)(*)C1,22,4,Ring,----
*c1c2c(cc3c1C(=*)NC1C3=CC(*)C(*)C1*)OCO2,22,5,Ring,-=---
*C1=NN(*)C(=*)c2c1cnn2*,22,4,Ring,--=-
*C1=C(*)N2CCCN2C1=*,22,3,Ring,--=
*c1cc(*)c2c(*)c3c(cc2c1)C(*)(*)c1cc(*)c(*)c(*)c1C3=*,22,9,Ring,--------=
*c1ccc2[nH]c3c(c2c1)-c1nc(*)ncc1CCC3,22,2,Ring,--
*c1cc2c(s1)-c1ccccc1S(=*)(=*)C2,22,3,Ring,-==
*C1CCc2[nH]cnc2C1,22,1,Ring,-
*c1nc2[nH]cnc(*)c-2n1,22,2,Ring,--
*C1CC(=*)OC12CCCCC2,22,2,Ring,-=
*c1cc(*)c2c(c1)c(*)c(*)n2*,22,5,Ring,-----
*N1C(=*)C2C3C=CC(C3=*)C2C1=*,22,4,Ring,-===
*C1CN=C2c3ccccc3NC(=*)N2C1,22,2,Ring,-=
*c1c(*)c(=*)c2cnccc2c1=*,22,4,Ring,--==
*C1CC2OCC(*)C2O1,22,2,Ring,--
*C1CC(=*)c2ccccc2N(*)C(=*)C(*)N1*,22,6,Ring,-=-=--
*c1ccc2c(c1)C(=*)N(*)c1cnc(*)nc1N2*,22,5,Ring,-=---
*C1=C(*)N2C(=*)C(*)C2CS1,22,4,Ring,--=-
*C1CCc2ccc3[nH]ccc3c2C1,22,1,Ring,-
*C1=NC(=*)NC(=*)N1,22,3,Ring,-==
*C1=NCC(*)CC1,22,2,Ring,--
*c1ccnc2nc[nH]c12,22,1,Ring,-
*N1C(=*)CC2CCC1(*)C2(*)*,22,5,Ring,-=---
*C1=CC(=*)N2C=Cc3ccccc3C2=N1,22,2,Ring,-=
*c1ccc2c(c1)CCC1C2CCC2(*)C(*)CC(*)C12,22,4,Ring,----
*C1CC(=*)C=CN1*,22,3,Ring,-=-
*c1cc(*)c2c(c1*)-c1c(*)c(*)cc3c1C(C2)N(*)CC3,22,6,Ring,------
*c1ccc2c(c1)COC21CCN(*)CC1,22,2,Ring,--
*N1C(=*)C(=*)C(*)(*)C1=*,22,6,Ring,-==--=
*C1=C2CCCN2C(=*)N(*)C1=*,22,4,Ring,-=-=
*N1CCCC2(CCOCC2)C1,22,1,Ring,-
*c1cc2c(c(*)c1*)CCC1C(*)(*)CCCC21*,22,6,Ring,------
*C1CSC(=*)C1,22,2,Ring,-=
*c1cc2c(cn1)N=CC(=*)N2*,22,3,Ring,-=-
*c1nccc2c1cc(*)n2*,22,3,Ring,---
*c1cc2nc3c(*)c(*)cc(*)n3c2cc1*,22,5,Ring,-----
*c1ccc2c(c1)c(=*)c1c(*)ccc3c1-n2c(=*)n(*)c3=*,22,6,Ring,-=-=-=
*c1ccc2c(n1)CN(*)C(=*)N2*,22,4,Ring,--=-
*B1Oc2c(ccc(*)c2*)C2CC12,22,3,Ring,---
*c1ccc2c(c1)nc(*)c1ncncc12,22,2,Ring,--
*N1CCc2cccnc21,22,1,Ring,-
*C1C(=*)C2CC13C1CC4C5(*)CCC(*)C4(C1N(*)C5)C3CC2=*,22,6,Ring,-=---=
*C1CCC2(*)C(CC=C3C4CC(*)(*)CCC4(*)CCC32*)C1(*)*,22,8,Ring,--------
*c1ccc2c(c1)N(*)C(=*)C21CC1,22,3,Ring,--=
*C1CCC2(CC1)OCC(*)OO2,22,2,Ring,--
*C1C=COC(*)C1*,22,3,Ring,---
*N1C=CC2=C(C(=*)C=CN2*)C1=*,22,4,Ring,-=-=
*C1=CSC2=NC(=*)C(=*)C(=*)N12,22,4,Ring,-===
*c1nnc2n1C(*)CN(*)C2,22,3,Ring,---
*C1(*)CC(=*)NC1=*,22,4,Ring,--==
*c1ccc2c3c([nH]c2c1)C(*)N1C(=*)C(*)NC(=*)C1C3,22,5,Ring,--=-=
*c1cc(*)c2c(c1)C(*)(*)c1cc3cc(*)cc(*)c3c(*)c1C2=*,22,8,Ring,-------=
*C1=CNC(=*)c2ccccc21,22,2,Ring,-=
*C1=C2CCCN2C(*)(*)C1*,22,4,Ring,----
*c1ncnc2n[nH]c(*)c12,22,2,Ring,--
*c1ccc2c(c1)CC(*)NC(=*)C(*)N2*,22,5,Ring,--=--
*c1cnc2c(n1)C(=*)N(*)C(=*)N2*,22,5,Ring,-=-=-
*C1OC2c3ccccc3COC2C1*,22,2,Ring,--
*c1c(*)c(*)c2c(*)cccc2c1*,22,5,Ring,-----
*c1nn(*)c2c1C=CN(*)C2=*,22,4,Ring,---=
*c1cc2cccn2cn1,22,1,Ring,-
*C1NS(=*)(=*)C2CC3C=CC2(O3)C1*,22,4,Ring,-==-
*C1=C(*)C(*)c2ccc3ccc(*)nc3c2O1,22,4,Ring,----
*c1cc2nncn2c2ccccc12,22,1,Ring,-
*c1ncc2c(*)c[nH]c2n1,22,2,Ring,--
*c1ccc2c(c1)C(=*)c1cc(*)cc(*)c1-2,22,4,Ring,-=--
*N1CCC2(CCNC(=*)CC2)CC1,22,2,Ring,-=
*C1=CC2=CCC3C(CCC4(*)C3CCC4(*)*)C2CC1,22,4,Ring,----
*C1=c2ccc(=*)cc2Sc2cc(*)ccc21,22,3,Ring,-=-
*c1cc2c(cc3n2C=NN(*)C3=*)s1,22,3,Ring,--=
*c1cc(*)c2c(c1)Oc1ccccc1N2,22,2,Ring,--
*c1ccc2c(c1)N=CC(=*)N2*,22,3,Ring,-=-
*c1ccc2c(cnn2*)c1*,22,3,Ring,---
*c1ncnc2sc3c(c12)CCNC3,22,1,Ring,-
*c1cc2c(cc1*)C1(CCNCC1*)OC2,22,3,Ring,---
*c1oc2ccccc2[n+]1*,22,2,Ring,--
*c1cn2c(*)c(*)nc2c(*)n1,22,4,Ring,----
*c1cccc2c1CCN2,22,1,Ring,-
*N1CCC2C(C1)C2(*)*,22,3,Ring,---
*C1CC2CNCC2C1,22,1,Ring,-
*c1cc2sccc2c(*)n1,22,2,Ring,--
*C1=Nc2c(*)cccc2NC1=*,22,3,Ring,--=
*C1=NC(=*)C2=C(CCCC2)N1*,22,3,Ring,-=-
*c1cc(*)[n+](*)c(*)c1*,22,5,Ring,-----
*C1CC2(*)C(C1*)C(*)C13COC(*)(C2*)C1C1C(CC1(*)*)C(*)C3=*,22,10,Ring,---------=
*c1ccc2c(*)c(*)cc(*)c2n1,22,4,Ring,----
*C1C(*)C(*)(*)C(*)OC1(*)*,22,7,Ring,-------
*C1=NC(*)(*)CC(=*)S1,22,4,Ring,---=
*C1=C(*)C(*)C2CC3Cc4cc5ccc(*)cc5c(*)c4C(=*)C3=C(*)C2(*)C1=*,22,9,Ring,-----=--=
*c1ccc2c(=*)c3c(c(=*)c2c1*)C=CC1(*)CC(*)(*)CC(=*)C31*,22,9,Ring,-==----=-
*c1nnc2c3ccccc3cnn12,22,1,Ring,-
*n1cc2c(n1)C1(*)CCC3C2(CCC2C(*)(*)CCCC23*)C1,22,5,Ring,-----
*c1cc2c(c3c1OC(*)(*)C=C3)OCC(*)C2,22,4,Ring,----
*c1ccc2cc3cccc(*)c3nc2c1,22,2,Ring,--
*c1nnc2n1C(=*)N(*)c1ccccc1-2,22,3,Ring,-=-
*C1C2C(=*)CC3C(=*)N(*)C(=*)C3C2CN1*,22,6,Ring,-==-=-
*C1CCC2(*)C1CCC1C(*)(*)C(*)CCC12*,22,6,Ring,------
*N1CCC2(CC1)SCC(=*)N2*,22,3,Ring,-=-
*c1cc(*)[se+]c(*)c1,22,3,Ring,---
*C1=C2C(*)C(=*)C34CC3CC3OCC3(*)C4C(*)C(*)(CC1*)C2(*)*,22,9,Ring,--=------
*c1ncc2c(n1)CCc1cnc(*)nc1-2,22,2,Ring,--
*c1cnc2c(c1)-c1ccc(*)cc1N(*)C(=*)C2(*)*,22,6,Ring,---=--
*C1CC(*)C(*)C(=*)O1,22,4,Ring,---=
*C1=CSC2=NC(=*)C(*)=NN12,22,3,Ring,-=-
*c1nnc2nnc3c4ccccc4[nH]c3n12,22,1,Ring,-
*c1nc(*)c2c(n1)C1(CCN(*)C1)COC2,22,3,Ring,---
*C1=NC(*)Cc2cc(*)c(*)cc21,22,4,Ring,----
*C1=CC(*)=NC2=NC(=*)SN12,22,3,Ring,--=
*c1cccc2c1C(=*)C1=CC3C(=*)C4(*)OCC(C3*)C14O2,22,5,Ring,-==--
*N1CCN2CCC1C2,22,1,Ring,-
*c1c2c(c(*)c3c1OC(*)C(*)C3=*)C=CC(*)(*)O2,22,7,Ring,----=--
*c1ccc2c(c1)CC2,22,1,Ring,-
*N1CC2CN(*)CC(C1)C2(*)*,22,4,Ring,----
*c1cnn2c1N(*)C1=C(CN(*)CC1)C2=*,22,4,Ring,---=
*C1ON(*)C(*)C1*,22,4,Ring,----
*c1ccc2c(c1)C13CCN(*)C(C2)C1CCC(=*)C3,22,3,Ring,--=
*c1nc2ccccc2c2nncn12,22,1,Ring,-
*C1=Nc2c(*)c[nH]c2C(=*)N1*,22,4,Ring,--=-
*N1C(=*)NNC1=*,22,3,Ring,-==
*N1C(=*)NC2CC1(*)Oc1ccccc12,22,3,Ring,-=-
*c1cnc2c(*)cc(*)c(*)c2c1,22,4,Ring,----
*c1cc2c(=*)cc(*)c(=*)c2c(*)c1*,22,6,Ring,-=-=--
*c1cc2c(=*)n(*)c3ccc(*)c(n1)c23,22,4,Ring,-=--
*C1C2CNCC1N2*,22,2,Ring,--
*c1ccc2c(c1)S(=*)(=*)N(*)c1ccccc1C2*,22,5,Ring,-==--
*C1=NCCC2(CCCCC2)S1,22,1,Ring,-
*=C1C2CCCC1CCC2,22,1,Ring,=
*C1N(*)c2ccccc2N1*,22,3,Ring,---
*c1ccc2c(c1*)CC(*)C2,22,3,Ring,---
*C1CC(*)C(=*)C(*)O1,22,4,Ring,--=-
*C1N=CNC1*,22,2,Ring,--
*c1cc2nnc(*)n2c(*)n1,22,3,Ring,---
*C1=Cc2occ(*)c2C(=*)O1,22,3,Ring,--=
*c1cc2c3c(c1)N(*)C(=*)N3CCC2,22,3,Ring,--=
*c1cnc2n[nH]c(*)c2c1,22,2,Ring,--
*C1CC(*)(*)NC(*)O1,22,4,Ring,----
*c1cccc2ocnc12,22,1,Ring,-
*C1Cc2ccc(cc2)OCCCNC(=*)C(*)NC1=*,22,4,Ring,-=-=
*C1=NC2=C(C(=*)N(*)C(=*)N2*)C(=*)N1*,22,7,Ring,-=-=-=-
*c1ccc2c(*)c3n(c2c1)CC(*)COc1ccccc1-3,22,3,Ring,---
*c1ccc2c(*)cn(*)c2c1*,22,4,Ring,----
*c1nc2c(*)c(*)ccc2o1,22,3,Ring,---
*C1=C(*)C2CCC(C1)S2,22,2,Ring,--
*c1ccc2[nH]c3c(*)c4ccncc4c(*)c3c2c1,22,3,Ring,---
*C1=NNNN1,22,1,Ring,-
*C1CC2OC(=*)C(*)C2CC2(*)C(*)CCC12,22,5,Ring,-=---
*c1ccc2c(c1)C(=*)N(*)CC(=*)N2*,22,5,Ring,-=-=-
*c1nc(*)c2c(n1)[nH]c1cccc(*)c12,22,3,Ring,---
*c1ccc2c(c1)C(*)NC(*)C2,22,3,Ring,---
*C1=NN(*)C(=*)c2ccsc21,22,3,Ring,--=
*C1(*)CC[N+](*)(*)CC1,22,4,Ring,----
*c1ccc(*)c2c1N(*)CC2(*)*,22,5,Ring,-----
*c1nc(*)c2c(n1)NCC(*)N2*,22,4,Ring,----
*C1=CN2C(=C(*)C1=*)C(=*)N(*)CN2*,22,6,Ring,--==--
*c1cncc2[nH]ccc12,22,1,Ring,-
*C1C=C2CCC3C(CCC4(*)C(*)CCC34*)C2(*)CC1,22,5,Ring,-----
*c1nc2cncc3c2n1CCNC3=*,22,2,Ring,-=
*C1CC2C(=*)CN(*)C(Cc3c1[nH]c1ccccc31)C2*,22,4,Ring,-=--
*c1ncc2c(n1)CC1CCC2N1*,22,2,Ring,--
*C1=[N+](*)C2C(=*)c3ccccc3C(=*)C2N1*,22,5,Ring,--==-
*c1n(*)c2c(=*)c3cc4ccccc4cc3c(=*)c2[n+]1*,22,5,Ring,--==-
*C1=C(*)C2=NN(*)C(=*)N2N(*)C1=*,22,6,Ring,---=-=
*c1ccc2c(c1)C=C1C(=*)NC(=*)N=C1N2*,22,4,Ring,-==-
*c1ccc2c(c1)CN(*)P(*)(=*)O2,22,4,Ring,---=
*C1NC(=*)NC2=C1C(=*)CCC2,22,3,Ring,-==
*N1C(=*)Nc2cnc3[nH]ccc3c21,22,2,Ring,-=
*C1CCC2C(*)(*)C(=*)OC3OC4(*)CCC1C32OO4,22,5,Ring,---=-
*c1ccc2c(c1)C(=*)C=CN2*,22,3,Ring,-=-
*c1nnc2n1CC1CCCC2N1*,22,2,Ring,--
*c1ccn2ncnc2c1,22,1,Ring,-
*C1N(*)C(=*)N2CCCN12,22,3,Ring,--=
*c1nc(*)c2c(ccc3c2cc(*)n3*)n1,22,4,Ring,----
*c1ncnc2c1CNC2,22,1,Ring,-
*n1nnc2cnc3[nH]ccc3c21,22,1,Ring,-
*C1CC(=*)CC(*)C1*,22,4,Ring,-=--
*c1c2c(nc3c1C(=*)c1ccccc1-3)NC(=*)NC2=*,22,4,Ring,-===
*c1cc2c(*)c(*)cc(*)c2o1,22,4,Ring,----
*c1cc(*)c2cc3c(cc2n1)OCCO3,22,2,Ring,--
*c1cc2c(cc1*)C(*)CCO2,22,3,Ring,---
*C1CCC2C1C(*)C(=*)N2*,22,4,Ring,--=-
*N1C(=*)c2ccccc2NC1(*)*,22,4,Ring,-=--
*c1ccc2cc3n(c2c1)C(*)CCNC3=*,22,3,Ring,--=
*C1=CC(=*)OC12CCCCC2,22,2,Ring,-=
*C1=CC(=*)C2=C(*)CC(*)C3C(*)C(=*)OC3C12,22,6,Ring,-=---=
*C1CCC2(*)C13CC(OC(=*)C3*)C1(*)C(=*)OCC12*,22,7,Ring,--=--=-
*c1cc2c(*)c(*)oc2c(*)c1*,22,5,Ring,-----
*C1=CC(=*)c2c(cc3occc3c2*)O1,22,3,Ring,-=-
*C1=NOC(*)(*)C1=*,22,4,Ring,---=
*c1ccc2c(c1)C(=*)N(*)c1ccccc1O2,22,3,Ring,-=-
*C1=C(*)C(*)(*)Oc2ccc(*)cc21,22,5,Ring,-----
*c1cc2c(n1*)CCC2,22,2,Ring,--
*c1ccc2c(c1)C13CCCCC1C(C2=*)N(*)CC3,22,3,Ring,-=-
*C1=C(*)C2(*)CCCC(*)(*)C2CC1,22,5,Ring,-----
*c1ncc2c(n1)-n1ccnc1N(*)C2=*,22,3,Ring,--=
*c1ncc2c(n1)c(*)cn2*,22,3,Ring,---
*c1cccc2c1c1c(n2*)-c2ccccc2C1=*,22,3,Ring,--=
*C1CC(=*)CC(*)(*)C1,22,4,Ring,-=--
*N1C(=*)C2(*)C3CCC(O3)C2(*)C1=*,22,5,Ring,-=--=
*C1Cc2ncccc2CN1,22,1,Ring,-
*c1cnc2c(c1)C(*)C(*)C(*)(*)O2,22,5,Ring,-----
*N1C(=*)SC2(CCCC2)C1=*,22,3,Ring,-==
*c1cc2c(s1)CCNC2,22,1,Ring,-
*c1nc(*)c2ccc(*)c(*)c2n1,22,4,Ring,----
*C1=C(*)C(*)c2cc(*)ccc21,22,4,Ring,----
*C1=CC2=C(*)C(=*)N=C(*)N2C=C1,22,4,Ring,--=-
*c1nc2c(s1)CC1(*)C(CCC3(*)C1CC(*)C1C(*)CCC13*)C2(*)*,22,8,Ring,--------
*C1NC(=*)NC1*,22,3,Ring,-=-
*C1(*)CC(=*)OC1(*)*,22,5,Ring,--=--
*c1cc2c(c(*)c1*)C(*)C(*)C(*)(*)N2,22,7,Ring,-------
*c1ccc2[nH]c3c4[n+](ccc3c2c1)-c1ccccc1C4=*,22,2,Ring,-=
*c1ccc2c(c1)C(*)C(*)(*)C(*)(*)O2,22,6,Ring,------
*CCC(CC(=O)O)NC(*)=O,22,2,Linker,--
*C(=O)NC(CCC(N)=O)C(*)=O,22,2,Linker,--
*C(=C)CCC(*)O,22,2,Linker,--
*NC(=O)CC(C)(C)NS(*)(=O)=O,22,2,Linker,--
*NC(=O)CCC(=O)N(*)C(*)C(=O)NC(C)(C)C,22,3,Linker,---
*CCC(=O)CC(CC*)O*,22,3,Linker,---
*CCCCCOC(=O)N*,22,2,Linker,--
*CC(NC(=O)CNC(*)=O)C(=O)NC(CO)C(*)=O,22,3,Linker,---
*OC(=O)OCOC(*)=O,22,2,Linker,--
*CCOCCC(=O)NC*,22,2,Linker,--
*NC(=C[N+](=O)[O-])N*,22,2,Linker,--
*NC(*)P(=O)(O)O,22,2,Linker,--
*CN(CC)CCNC(*)=O,22,2,Linker,--
*CNC(=O)CCNC(=O)C*,22,2,Linker,--
*NC(=O)COC(=O)CCCO*,22,2,Linker,--
*B(*)OC(*)=O,22,3,Linker,---
*CC(O)CCCCCC(O)CCCCC(*)O,22,2,Linker,--
*CS(=O)(=O)NC(*)C,22,2,Linker,--
*CCCNC(S)=N*,22,2,Linker,--
*CC(=O)NC(*)CO,22,2,Linker,--
*C=CCSSCC=C*,22,2,Linker,--
*CN(*)CC(=O)NCCCCC(CO)N(CC(C)C)S(*)(=O)=O,22,3,Linker,---
*CCCCCC(*)*,22,3,Linker,---
*C(CO)CS(*)(=O)=O,22,2,Linker,--
*CCC(=O)NCC(*)C,22,2,Linker,--
*CCC(NC(=O)OC*)C(*)=O,22,3,Linker,---
*SC(*)(F)F,22,2,Linker,--
*NC(=O)C(CC)NC(*)=O,22,2,Linker,--
*CNC(=O)CCCNS(*)(=O)=O,22,2,Linker,--
*CC(CNC(*)=O)C(=O)O,22,2,Linker,--
*NC(=O)N(*)CCOC,22,2,Linker,--
*OC(=O)NC(*)C,22,2,Linker,--
*CCOCCOCCOCCO*,22,2,Linker,--
*CN(*)CCCOC,22,2,Linker,--
*CC(CC(O)C(C*)NC(=O)C(NC(=O)OC)C(C)(C)C)C(=O)N*,22,3,Linker,---
*CC(=O)N=N*,22,2,Linker,--
*C#CCOC(*)=O,22,2,Linker,--
*NC(=O)COC(=O)C(*)CC,22,2,Linker,--
*C(*)=C(*)Cl,22,3,Linker,---
*NC(*)P(=O)(O*)O*,22,4,Linker,----
*C=NNC(=S)NN=*,22,2,Linker,-=
*CNC(=O)C(*)CCC(*)=O,22,3,Linker,---
*CNC(=O)C(CCCNC(=N)N)NC(*)=O,22,2,Linker,--
*CNCCN(C)CCN*,22,2,Linker,--
*CCNCCC(=O)N*,22,2,Linker,--
*NC(S)=NN=C(*)C,22,2,Linker,--
*CC(NC(=O)C(CC(C)C)NC(=O)O*)C(O)S(=O)(=O)O,22,2,Linker,--
*C(=O)C=C(*)C,22,2,Linker,--
*CC(=O)NC(C*)C(N)=O,22,2,Linker,--
*NC(=O)CN(CCOC)C(*)=O,22,2,Linker,--
*CC(N)C(=O)NC(C*)C(=O)NC(C)C(=O)NN(C*)C(=O)NC(C*)C(=O)NC(CCCCN)C(N)=O,22,4,Linker,----
*C(=O)NNC(*)C,22,2,Linker,--
*CC(N*)P(=O)(O)O,22,2,Linker,--
*CC(NC(C)=CC(*)=O)C(=O)O,22,2,Linker,--
*C=C(COC(C)=O)C(*)=O,22,2,Linker,--
*CCC(=O)NN=C(*)C,22,2,Linker,--
*C(=O)NCC(O)(CN(CC)C(*)=O)C(F)(F)F,22,2,Linker,--
*C(=O)OC(C)C(=O)N(*)C,22,2,Linker,--
*CC(NC(*)=O)C(=O)NNC(*)=O,22,3,Linker,---
*CC(=O)NNC(=O)O*,22,2,Linker,--
*NO*,22,2,Linker,--
*CCN(C*)C(=O)OC(C)(C)C,22,2,Linker,--
*CCNC(*)CO,22,2,Linker,--
*CC(NC(*)=O)C(=O)NC(CC(C)C)C(=O)N*,22,3,Linker,---
*CC(C*)NCC(C*)NCC(C*)NCC,22,4,Linker,----
*CC(NC(*)C(F)(F)F)C(=O)N*,22,3,Linker,---
*CN(*)CCC(*)=O,22,3,Linker,---
*CCSC(=S)NC*,22,2,Linker,--
*CC(C)CS*,22,2,Linker,--
*NCNC(*)=O,22,2,Linker,--
*OC(*)(F)F,22,2,Linker,--
*C(=O)N(*)CC#C,22,2,Linker,--
*CC(=O)NC(C*)C*,22,3,Linker,---
*C(=O)N(CCCN)C(*)C(C)C,22,2,Linker,--
*C(=O)C=CC(*)=O,22,2,Linker,--
*OC(=O)NCCNC(*)=O,22,2,Linker,--
*CC(N)C(=O)NCC(=O)NCC(=O)NC(C*)C(=O)NC(CC(C)C)C(=O)O,22,2,Linker,--
*C=CC(=O)NCCCCC(NC(=O)C(C*)NC(=O)OC(C)(C)C)C(=O)NC(CC(=O)O)C(=O)NC(C*)C(N)=O,22,3,Linker,---
*COC(=O)CCS(*)(=O)=O,22,2,Linker,--
*CNC(=O)C(C)(C*)NC(=O)N*,22,3,Linker,---
*N=NC(*)=NN*,22,3,Linker,---
*C(*)=CC#C,22,2,Linker,--
*CN(C(CCC(*)=O)C(=O)NO)S(*)(=O)=O,22,3,Linker,---
*COP(=O)(COC(C)C*)NC(C)C(=O)OC(C)C,22,2,Linker,--
*C(=NS(*)(=O)=O)N(C)C,22,2,Linker,--
*CNCC(C)O*,22,2,Linker,--
*C=CC(=O)NCCNC(=O)C=C*,22,2,Linker,--
*CCCNC(N)=NS(*)(=O)=O,22,2,Linker,--
*C(=C)N(*)C(=O)CCl,22,2,Linker,--
*C=CC(O)CCCC*,22,2,Linker,--
*NCCCCCCCCCN*,22,2,Linker,--
*OCC(C)=NN=*,22,2,Linker,-=
*CNC(C(=O)NC(C*)C(=O)NC(CCSC)C(=O)O)C(C)C,22,2,Linker,--
*CC(NC(=O)C(C)O*)C(=O)O,22,2,Linker,--
*CNC(=O)C(*)N*,22,3,Linker,---
*NC(=O)N(*)CCCCCCC,22,2,Linker,--
*C(=O)C(C)(C)NS(*)(=O)=O,22,2,Linker,--
*CN(CC(F)(F)F)C(*)=O,22,2,Linker,--
*NCCCCCC(*)=O,22,2,Linker,--
*CCCCCC(=O)N(CCCCCC)C(*)C(=O)NCCCC,22,2,Linker,--
*CN(*)C(=O)CF,22,2,Linker,--
*C=NNC(=O)CC(=O)NCC*,22,2,Linker,--
*CC(*)(*)C*,22,4,Linker,----
*CNCCCCCCNS(*)(=O)=O,22,2,Linker,--
*CCCC(=O)N(C)CC(=O)N*,22,2,Linker,--
*CC(CS(*)(=O)=O)N(O)C=O,22,2,Linker,--
*CC(=O)CC(*)=O,22,2,Linker,--
*CNCC(*)NC(*)=O,22,3,Linker,---
*C#CCCO*,22,2,Linker,--
*C(=O)C(=O)NCCCNCCCCNCCCNC(=O)C(*)=O,22,2,Linker,--
*C=CC(*)C=C,22,2,Linker,--
*CCNC(=O)CN(*)C(=O)CCC(=O)N*,22,3,Linker,---
*CNC(=O)C(CC)O*,22,2,Linker,--
*C(=O)N=C(NC(*)=O)[Se]C,22,2,Linker,--
*C(*)NC(=O)OC,22,2,Linker,--
*C(=O)N(*)CCCCCCC,22,2,Linker,--
*CN(C(C)C(=O)NC(C#N)CC(N)=O)S(C)(=O)=O,22,1,Sub,-
*SCC#CCO,22,1,Sub,-
*=NOCCC,22,1,Sub,=
*NC(=O)C[N+](C)(C)CCCCCCCC,22,1,Sub,-
*N=C(C)N(C)C,22,1,Sub,-
*C(CC)=NNC(N)=O,22,1,Sub,-
*C(=O)C(N)CC(N)=O,22,1,Sub,-
*C(=O)OCC(F)F,22,1,Sub,-
*NCCCN(CCO)CCO,22,1,Sub,-
*C(O)(C(=O)O)C(F)(F)F,22,1,Sub,-
*CC(CCOC)C(=O)O,22,1,Sub,-
*CNCCNS(C)(=O)=O,22,1,Sub,-
*CCC(O)CNC,22,1,Sub,-
*OCCCCCO,22,1,Sub,-
*NCCOC(C)C,22,1,Sub,-
*C(=O)NC(C)CCCN(CC)CC,22,1,Sub,-
*CC(F)(C(=O)O)P(=O)(O)O,22,1,Sub,-
*CC(O)CCCC,22,1,Sub,-
*=CCCCCCCCCC,22,1,Sub,=
*C(=O)C(C)NC(C)(C)C,22,1,Sub,-
*C=CC(=O)NCC(C)C,22,1,Sub,-
*S(=O)(=O)CC(=O)OC(C)C,22,1,Sub,-
*C(=O)C(NC(=O)C(CCCC)CN(O)C=O)C(C)(C)C,22,1,Sub,-
*CCCP(=O)(OCC)OCC,22,1,Sub,-
*CCCN(O)C(C)=O,22,1,Sub,-
*C=C(C#N)C(=O)NCCCCCCCC,22,1,Sub,-
*NC(=O)NCCCCCCC,22,1,Sub,-
*NN=C(C)CC,22,1,Sub,-
*C(=O)NC(CCCNC(=N)N[N+](=O)[O-])C(=O)NO,22,1,Sub,-
*N(C)CC(F)F,22,1,Sub,-
*CCCCS(=O)(=O)[O-],22,1,Sub,-
*CCCNCCO,22,1,Sub,-
*C(=O)NC(C)C(=O)NC(CCCCN)C(=O)O,22,1,Sub,-
*C(O)CC(=O)O,22,1,Sub,-
*OCOP(=O)(O)O,22,1,Sub,-
*OCC(=O)OC(C)P(=O)(OC)OC,22,1,Sub,-
*CCCCCCCCCC(=O)O,22,1,Sub,-
*C=C(C(=O)O)C(=O)O,22,1,Sub,-
*C(=O)C(C)NC(C)=O,22,1,Sub,-
*C(O)CC(=O)NO,22,1,Sub,-
*OC(=O)C(N)CCSC,22,1,Sub,-
*C(=O)OCC(=O)C(C)(C)C,22,1,Sub,-
*OCC#CCO,22,1,Sub,-
*C(=O)C(N)CS,22,1,Sub,-
*CCI,22,1,Sub,-
*C(=O)NC(C)(C)C(N)=O,22,1,Sub,-
*NC(=O)C(C#N)=C(O)CC,22,1,Sub,-
*C(Br)CN(C)C,22,1,Sub,-
*C=C(CCC)C(=O)O,22,1,Sub,-
*C(=O)NCCCNCCCCNCCCN,22,1,Sub,-
*CC=CC(N)CS,22,1,Sub,-
*NC(=O)C(F)(F)C(F)(F)C(F)(F)C(F)(F)C(F)(F)C(F)(F)C(F)(F)F,22,1,Sub,-
*C(N)=NC,22,1,Sub,-
*CC=C(C)C(=O)OC,22,1,Sub,-
*C(=O)C(NC(=O)C(CC(=O)O)NC(=O)C(NC(C)=O)C(C)C)C(C)C,22,1,Sub,-
*SC(CC)C(=O)OCC,22,1,Sub,-
*SCCCN,22,1,Sub,-
*CNCC(O)CO,22,1,Sub,-
*OC(C)C(C)O,22,1,Sub,-
*C(O)CCCCCCCC,22,1,Sub,-
*C(=O)N(C)CCCN(C)C,22,1,Sub,-
*N=NC(N)=S,22,1,Sub,-
*C=C(C)C(=O)N=C(N)N,22,1,Sub,-
*NC(=N)NC,22,1,Sub,-
*OCCCCC(=O)OCC,22,1,Sub,-
*NC(C)(CO)CO,22,1,Sub,-
*OC(=O)NOCC#C,22,1,Sub,-
*C(C)CCC(=O)C(C)C,22,1,Sub,-
*NCCCNS(C)(=O)=O,22,1,Sub,-
*C(=C)CN,22,1,Sub,-
*S(=O)(=O)CCC(F)(F)F,22,1,Sub,-
*CCCNS(=O)(=O)CCC,22,1,Sub,-
*C(=O)NCCCCC(NC(=O)NC(CCC(=O)O)C(=O)O)C(=O)O,22,1,Sub,-
*C(CCCC)CCCC,22,1,Sub,-
*CNC(=S)SC,22,1,Sub,-
*C(=O)CS,22,1,Sub,-
*[Si](C)(C)C(C)(C)C,22,1,Sub,-
*CC(C)(C)C#N,22,1,Sub,-
*C(C#N)C(=O)OCC,22,1,Sub,-
*C(C)NC(=O)C(C#N)C(C)(C)C,22,1,Sub,-
*C(C)(C)CCC,22,1,Sub,-
*NCCBr,22,1,Sub,-
*CCCCC(N)=O,22,1,Sub,-
*OCCN(CCCl)CCCl,22,1,Sub,-
*CNCCF,22,1,Sub,-
*CN(CC(C)C)CC(C)C,22,1,Sub,-
*C(=O)NNC(=O)CO[N+](=O)[O-],22,1,Sub,-
*C(=O)COP(=O)(O)O,22,1,Sub,-
*C=CC(C)(C)C,22,1,Sub,-
*=C(Cl)Cl,22,1,Sub,=
*CNC(=O)C=C(O)C(=O)O,22,1,Sub,-
*C(=O)NC(CCSC)C(=O)OC(C)C,22,1,Sub,-
*C(O)COC,22,1,Sub,-
*SCCNC(=O)OCC=C,22,1,Sub,-
*C(=O)NCCS,22,1,Sub,-
*C(=O)NNC(=S)NCC=C,22,1,Sub,-
*C(O)C(O)C(O)C(O)CO,22,1,Sub,-
*SCC(=O)NC(=O)OCC,22,1,Sub,-
*CNC(=O)CNC(=N)N,22,1,Sub,-
*CNCCCCCCCC,22,1,Sub,-
*CC(=O)OCCCCC,22,1,Sub,-
*C=CC(O)C(C)CC#CC,22,1,Sub,-
*NC(=O)C=C=C,22,1,Sub,-
*C(O)CNCCCC,22,1,Sub,-
*C(=O)NCCCN(C)CCCC,22,1,Sub,-
*NS(=O)(=O)N(C)CC,22,1,Sub,-
*COC(=O)C(CC)CCCC,22,1,Sub,-
*CS(=O)(=O)N(C)C,22,1,Sub,-
*C(=O)CCNS(C)(=O)=O,22,1,Sub,-
*C(=O)CCCCCCC(=O)NO,22,1,Sub,-
*NC(S)=NCCCOC,22,1,Sub,-
*C(=NO)NCCOC,22,1,Sub,-
*CC(=NO)C(=O)O,22,1,Sub,-
*N1NC=CC1=*,21,2,Ring,-=
*C1CN(*)CC[S+](*)C1,21,3,Ring,---
*C1=C(*)C(*)c2c[nH]nc2N1,21,3,Ring,---
*C1CCCC(=*)OCC(*)C(=*)NC(*)C(*)C(=*)O1,21,7,Ring,-=-=--=
*N1CC2CCCC(C1)N2*,21,2,Ring,--
*c1cc(*)c2scc(*)c2c1,21,3,Ring,---
*C1=C(*)C(=*)c2c(*)cc3c(c2O1)C=CC(*)(*)O3,21,6,Ring,--=---
*c1cnc(*)[se]1,21,2,Ring,--
*c1nc2n(c1*)CCCC2,21,2,Ring,--
*c1cc2[nH]cc(*)c2c(*)c1*,21,4,Ring,----
*C1(*)CN=C2N(C1)c1ccccc1C2(*)*,21,4,Ring,----
*c1ncnc2c1Cc1ccccc1OC2,21,1,Ring,-
*c1ccc2c(*)c(*)c(*)nc2n1,21,4,Ring,----
*C1=CC2C(*)CCC(*)(*)C2C(=*)OC1,21,5,Ring,----=
*c1ccc2c(c1)Cc1c-2nc(*)c2nccn12,21,2,Ring,--
*c1cc(*)c2cc(*)sc2c1,21,3,Ring,---
*C1=CC(*)n2nnnc2N1*,21,3,Ring,---
*c1cn2c3c(nc2c(*)n1)CN(*)CC3,21,3,Ring,---
*C1=C(*)C(*)C2CC3Cc4c(*)c(*)cc(*)c4C(=*)C3=C(*)C2(*)C1=*,21,10,Ring,------=--=
*C1=CC(*)(*)Oc2cc(*)ccc21,21,4,Ring,----
*C1C(=*)CC2CCN(*)C3CCCC1C23,21,3,Ring,-=-
*C1=CC(*)(*)N(*)c2ccccc21,21,4,Ring,----
*N1CCC2(CC1)CCN2*,21,2,Ring,--
*C1CCC(=*)COC1(*)*,21,4,Ring,-=--
*c1ncnc2c1C(*)SC2,21,2,Ring,--
*N1CCCC12Cc1ccccc1NC2=*,21,2,Ring,-=
*C1=NNC(=*)N=C1*,21,3,Ring,-=-
*c1c2ccccc2[n+](*)n1*,21,3,Ring,---
*c1ccc2c(c1)C(*)N(*)C2=*,21,4,Ring,---=
*C1c2ccccc2CC12CCN(*)CC2,21,2,Ring,--
*c1cc(*)c2c(c1)CCc1nnc(*)n1-2,21,3,Ring,---
*c1cnc2c(*)cc(*)cc2c1,21,3,Ring,---
*C1=Nc2ccccc2S(=*)(=*)N1*,21,4,Ring,-==-
*C1=CC2(OC(*)CCC2*)OC(*)C1,21,4,Ring,----
*C1=NC(=*)C(=*)N(*)C1=*,21,5,Ring,-==-=
*C1=CC=C2C(=CC1=*)C(*)Cc1cc(*)c(*)c(*)c12,21,6,Ring,-=----
*c1nnc(*)c2cc3ccccc3cc12,21,2,Ring,--
*c1c2c(nc3c1C(*)N1C(=*)c4ccccc4C(=*)N31)CCCC2,21,4,Ring,--==
*c1ccc2c(c1)[nH]c1c(*)cnc(*)c12,21,3,Ring,---
*c1cc2c3c(cccc3c1*)COC2,21,2,Ring,--
*C1=C2C(=NC(*)=C(*)C2*)CC(*)C1,21,5,Ring,-----
*N1C=CN=CC1=*,21,2,Ring,-=
*c1nc2n(c1*)CCS2(=*)=*,21,4,Ring,--==
*c1cc2c3ccc(*)c(*)c3n(*)c2cc1*,21,5,Ring,-----
*c1ncn2c1C(=*)NC(*)C2,21,3,Ring,-=-
*c1ccc2c(c1)CCC1C2CCC2(*)C(*)C(=*)CC12,21,4,Ring,---=
*c1cc2nc(*)c3ccccc3c2nn1,21,2,Ring,--
*c1cc2c(*)cc3c4cc5c(cc4ncc3c2cc1*)OCO5,21,3,Ring,---
*N1C=CC(*)(*)C=C1,21,3,Ring,---
*C1=C(*)C(*)C2=C(CCC(*)(*)C2=*)N1,21,6,Ring,-----=
*C1=NC(=*)Nc2ccccc21,21,2,Ring,-=
*C1=C(*)c2cccn2-c2ccccc2S1,21,2,Ring,--
*C1=C(*)C(*)(*)C(=*)N1*,21,6,Ring,----=-
*N1C(=*)C2=C(N1*)C1(*)CCC2C1(*)*,21,6,Ring,-=----
*c1ccc2c(c1)Sc1cccnc1N2*,21,2,Ring,--
*c1c2c(nn1*)NC(=*)C(*)C2,21,4,Ring,--=-
*c1nc2nccnc2c(*)c1*,21,3,Ring,---
*c1ncc2sc(*)c(*)c2n1,21,3,Ring,---
*C1CC(=*)NC2=C1C(=*)CCC2,21,3,Ring,-==
*N1CCC2C(C1)c1cccc3c1N2CCN3*,21,2,Ring,--
*c1nnc2c(n1)C(*)(*)OC2(*)*,21,5,Ring,-----
*c1ccc2cnc(*)c(*)c2c1,21,3,Ring,---
*c1ccc2c(*)c3n(c2c1*)CCCN(*)C3=*,21,5,Ring,----=
*C1=Cc2c(*)ncnc2N(*)C1=*,21,4,Ring,---=
*c1[nH]c2cccc3c2c1CC1C3=CC(*)CN1*,21,3,Ring,---
*N1CCCn2cncc2C1,21,1,Ring,-
*C1=C(*)c2cc(*)ccc2C1,21,3,Ring,---
*c1c2ccccc2cn1*,21,2,Ring,--
*C1CC2=CC(=*)CCC2(*)C2CCC3(*)C(CCC34CCC(=*)O4)C12,21,5,Ring,-=--=
*C1=NC(*)C2=C(CC(*)(*)CC2=*)N1,21,5,Ring,----=
*c1ccc2nc3n(c2c1)CCN(*)C3,21,2,Ring,--
*N1C2Cc3cc4c(cc3C1Cc1cc3c(cc12)OCO3)OCO4,21,1,Ring,-
*N1CCC2(CCC2)CC1,21,1,Ring,-
*C1OC(*)(*)CC2(CO2)C1*,21,4,Ring,----
*=C1SSC2=NCCN12,21,1,Ring,=
*c1ccc2sc(*)c(*)c2n1,21,3,Ring,---
*N1C(=*)c2cncn2-c2ccccc21,21,2,Ring,-=
*c1ccc2c(c1)c1cc(*)c3c(c1n2*)C=CC(*)(*)O3,21,5,Ring,-----
*c1nc(*)c2c(=*)c(*)cc(=*)c2c1*,21,6,Ring,--=-=-
*c1cccc2nc3c(c(*)c12)CCCC3,21,2,Ring,--
*c1csc2cnccc12,21,1,Ring,-
*c1ccc2c(c1)[n+](*)c1cc(*)c(*)cc1[n+]2*,21,5,Ring,-----
*c1ncnc2cc3c(cc12)N(*)C(=*)CO3,21,3,Ring,--=
*c1cc2c(cc1*)-c1c(*)c(*)c(*)c3c1C(C2)N(*)CC3,21,6,Ring,------
*C1=CS(=*)(=*)c2ccccc2C1=*,21,4,Ring,-===
*C1CC(=*)C(=*)N1,21,3,Ring,-==
*N1CC(=*)N2C(Cc3c([nH]c4ccccc34)C2(*)*)C1=*,21,5,Ring,-=--=
*c1nc(*)c2c(n1)CC(*)(*)OC2,21,4,Ring,----
*c1ncc2c(n1)N1CCCC1CN(*)C2=*,21,3,Ring,--=
*c1cccc2c1C(=*)C1(*)C(*)OC(*)CC1(*)C2=*,21,7,Ring,-=----=
*C1=CCCc2cc(*)cc(c2)NC(=*)CC(*)C=CC=CC=CCC(*)C(*)C1*,21,7,Ring,--=----
*c1cnc2c(*)c(*)sc2n1,21,3,Ring,---
*c1nc2c(nc1*)C(*)N(*)CC2,21,4,Ring,----
*C1=C(*)N(*)c2nc(*)nn2C1=*,21,5,Ring,----=
*C1CCC(*)S(=*)(=*)N1*,21,5,Ring,--==-
*c1nc(*)n2c(*)nnc2c1*,21,4,Ring,----
*C1=CN(*)S(=*)(=*)N=C1*,21,5,Ring,--==-
*C1NC(=*)OCC(*)(*)CCCCc2cccc3c2CN(C3)C(=*)OC2CC(*)N(C2)C1=*,21,7,Ring,-=--=-=
*C1COC2(CCC(=*)CC2)OO1,21,2,Ring,-=
*N1C=CC(=*)CC1(*)*,21,4,Ring,-=--
*C1CC2C=COC2O1,21,1,Ring,-
*c1nc(=*)n(*)c1=*,21,4,Ring,-=-=
*C1=C(*)C2(*)C(=*)c3ccccc3C(=*)C12,21,5,Ring,---==
*c1ccc2nc3c(cc2c1)CC1(*)C(CCC2(*)C1CC=C1C4C(*)C(*)CCC4(*)CCC12*)C3(*)*,21,9,Ring,---------
*C1=Cc2cc(*)ccc2S1(=*)=*,21,4,Ring,--==
*C1=CC=CC=C(*)C1=*,21,3,Ring,--=
*C1=COc2cc3c(c(*)c2C1=*)C=CC(*)(*)O3,21,5,Ring,--=--
*C1=NC2(CCN(*)CC2)NC(*)C1,21,3,Ring,---
*C1=C(*)N(*)C2=C(CCCC2)C1*,21,4,Ring,----
*c1ncc2c(n1)-c1ccccc1SC2,21,1,Ring,-
*c1ccc2c(c1)Oc1ncccc1C(=*)N2*,21,3,Ring,-=-
*c1ccc(*)c2c1CC(*)O2,21,3,Ring,---
*C1=NC(*)c2onc(*)c2-c2sc(*)c(*)c21,21,5,Ring,-----
*C1=CC2(*)C(=CC1=*)C=CC1C2CCC2(*)C1CC1OC3(CCC(*)CO3)C(*)C12,21,6,Ring,--=---
*C1=C(*)NC(*)=C(*)C1,21,4,Ring,----
*C1N2C(=*)C(*)(*)C2SC1(*)*,21,6,Ring,-=----
*c1ccc2c(c1)C(*)CCS2(=*)=*,21,4,Ring,--==
*c1ccc2c(c1)C1(*)CC[N+](*)(*)C1N2*,21,5,Ring,-----
*C1CCCC2(C1)OOC1(O2)C2CC3CC(C2)CC1C3,21,1,Ring,-
*C1=C(*)c2ncsc2N(*)C1=*,21,4,Ring,---=
*=c1c2ccccc2c(=*)c2occc12,21,2,Ring,==
*N1C2CCC1c1ccccc12,21,1,Ring,-
*c1c(*)c(=*)c2c(c(*)c3n2CC(*)C3*)c1=*,21,7,Ring,--=---=
*c1ccc(*)c2c1OC1C(*)C21,21,3,Ring,---
*C1CCCn2ccnc21,21,1,Ring,-
*c1ccc2c(n1)NCCN(*)C2*,21,3,Ring,---
*c1ccc2c(c1)CC1(CN2*)C(=*)NC(=*)N(*)C1=*,21,6,Ring,--==-=
*C1=NC2=C(CCc3ccccc32)C(*)N1,21,2,Ring,--
*c1nc2c(s1)CCc1c-2cnn1*,21,2,Ring,--
*c1ccc2c(*)nncc2n1,21,2,Ring,--
*c1ccc2c(c1)nc(*)n1nc(*)nc21,21,3,Ring,---
*c1ccc2c(c1)nc(*)c1nc(*)nn12,21,3,Ring,---
*C1C2CC3C4N5CC6(*)CCCC47C6C5CC3(C(*)C2=*)C17,21,4,Ring,---=
*c1coc2c1c(=*)c(=*)c1c3c(ccc12)C(*)(*)CCC3*,21,6,Ring,-==---
*N1COc2ccc3ccccc3c2C1,21,1,Ring,-
*C1=C(*)C2(*)C(=*)C(*)(CC(*)C2(*)*)C1=*,21,9,Ring,---=----=
*c1ccc2c3c1OC1C(*)C=CC4(*)C(C2)N(*)CCC314,21,4,Ring,----
*N1CC2=C(CC(*)(*)CC2=*)N(*)C1,21,5,Ring,---=-
*c1cnc2c(n1)C(*)(*)CCC2(*)*,21,5,Ring,-----
*C1=C(*)C2(CCC(=*)CC2)NC1=*,21,4,Ring,--==
*c1nc(*)c2oc3ncccc3c2n1,21,2,Ring,--
*C1NC(=*)C=CC(=*)NC(=*)C(*)C(*)OC(=*)C(*)NC1=*,21,9,Ring,-===--=-=
*c1ccc2c(c1)C1(CCNCC1)CN2*,21,2,Ring,--
*c1cc(*)c2c(c1)CCC2,21,2,Ring,--
*C1NC(=*)C(*)NC(=*)C(*)NC(=*)C2CCCN2C(=*)C(*)NC(=*)C(*)NC(=*)C(*)NC1=*,21,13,Ring,-=-=-==-=-=-=
*C1CCC2(*)C(CCC3(*)C2CCC2C(=*)C(*)(*)CCC23*)C1(*)*,21,9,Ring,---=-----
*c1ccc2c(c1)CCCC(=*)N2*,21,3,Ring,-=-
*C1CC(*)C23CC24CCC2(*)C(*)CCC2(*)C4CCC3C1(*)*,21,7,Ring,-------
*C1=CC(=*)C(=*)C1=*,21,4,Ring,-===
*n1c2ccccc2c2c3c(=*)[nH]c(=*)c3c3c4ccccc4[nH]c3c21,21,3,Ring,-==
*c1ccc2oc3cccc4c3-c(n[nH]c4=*)c2c1,21,2,Ring,-=
*c1nc(*)n2cnnc2c1*,21,3,Ring,---
*c1c2c(nc3ccccc13)CCC(=*)C2=*,21,3,Ring,-==
*N1C=NS(=*)(=*)c2ccccc21,21,3,Ring,-==
*C1=C2C(CC1*)OC1C(*)C3C(*)(*)C=CC(=*)C3(*)C(*)C21*,21,9,Ring,-----=---
*c1ccc2c(c1)CCC1=NNC(=*)N12,21,2,Ring,-=
*c1ccc2c(c1)CCc1c(*)c(*)cc(*)c1-2,21,4,Ring,----
*c1ccc2c(n1)CCCC2*,21,2,Ring,--
*c1c2c(nn1*)CC(*)(*)CC2=*,21,5,Ring,----=
*c1cnc2nc(*)cn2c1,21,2,Ring,--
*C1CCC(*)N2C1CCC(*)(*)C2*,21,5,Ring,-----
*c1c(*)c2nc3ccccn3c2c(=*)c1=*,21,4,Ring,--==
*C1CC2CC(C1)N(*)C2,21,2,Ring,--
*c1sc2c(c1*)CC(*)(*)OC2(*)*,21,6,Ring,------
*C1=C(*)C(*)C(*)(*)CC1=*,21,6,Ring,-----=
*c1ccc2c(c1)C(=*)NCC(*)C(=*)NC(*)C(=*)NC(*)CO2,21,7,Ring,-=-=-=-
*C1CCCCC12CCCN2*,21,2,Ring,--
*c1ccc2c(n1)Nc1cccc(*)c1N(*)C2,21,3,Ring,---
*c1cccc2c1Sc1ccccc1S2,21,1,Ring,-
*c1ccc2n1CCN(*)C2*,21,3,Ring,---
*c1cc(*)c2c(*)c3n(c2c1)CCC3*,21,4,Ring,----
*C1=CC(=*)N2CC(*)(*)N(*)C2=N1,21,5,Ring,-=---
*c1ccc2c(c1)CCN1CC3CCCN(*)C3CC21,21,2,Ring,--
*C1Cc2ccccc2C2(CCCN(*)C2)O1,21,2,Ring,--
*C1COC(*)S1,21,2,Ring,--
*C1=C2C(CN(*)C2*)C2C(=*)N(*)C(=*)C2C1,21,6,Ring,---=-=
*c1cccc2c1NN(*)C2=*,21,3,Ring,--=
*c1cc2c(c(*)c1*)-c1c(cc(*)c(*)c1*)C(*)C(*)C(*)C2,21,9,Ring,---------
*n1ncc2c1CCCC2=*,21,2,Ring,-=
*C1CC(*)C2(*)C3C(*)CC4(*)C(*)CCC4(*)C3CCC2(*)C1,21,8,Ring,--------
*C1NC(=*)N2CC(*)C(*)(*)C23NC(=*)NC13,21,6,Ring,-=---=
*C1C2CCC3C(*)(*)C4CC(*)C(*)(*)C4(*)C(*)CC13CC2(*)*,21,10,Ring,----------
*c1c2c(nn1*)-c1ccccc1SC2,21,2,Ring,--
*c1n[nH]c2c1Cc1ccccc1-2,21,1,Ring,-
*c1cc2c3c(c1*)OC(=*)C31CCCC(*)(*)C1CC2,21,5,Ring,--=--
*c1ccc[se]1,21,1,Ring,-
*C1=NOC2C3CC(C12)C1C(=*)N(*)C(=*)C31,21,4,Ring,-=-=
*C1CCC2(*)CC3OC(=*)C(=*)C3CC2C1=*,21,5,Ring,--===
*c1cc2c(cc1*)C1(CSC3c4c(*)c(*)c5c(c4C(COC1=*)N1C(*)C4Cc6cc(*)c(*)c(*)c6C(C31)N4*)OCO5)N(*)CC2,21,11,Ring,----=------
*C1=C(*)C(*)CC1,21,3,Ring,---
*c1cc2c([nH]1)N=CNC2=*,21,2,Ring,-=
*c1ccc2cc1Oc1ccc(cc1)CCc1cccc(*)c1-c1ccc(cc1*)CC2,21,3,Ring,---
*N1N=C2N=CC=CN2C1=*,21,2,Ring,-=
*C1C(=*)C2(*)CCC1C2(*)*,21,5,Ring,-=---
*c1nc2c(*)[nH]c3ccccc3c-2n1,21,2,Ring,--
*c1ccc2c(c1)C(=*)C(*)CC2,21,3,Ring,-=-
*C1=COC(=*)c2ccccc21,21,2,Ring,-=
*N1Cc2ccccc2C(*)(*)C1,21,3,Ring,---
*c1ccc2c(ccc3c(*)c(*)cc(*)c32)c1,21,4,Ring,----
*c1ccc2c(*)c3c(nc2c1)CCC(*)C3,21,3,Ring,---
*c1ccc2c(c1)nc1n2C(*)COC1,21,2,Ring,--
*c1csc2c(=*)c3ccccc3c(=*)c12,21,3,Ring,-==
*c1ccc2c3c1OC1C(=*)C=CC4(*)C(C2)N(*)CCC314,21,4,Ring,-=--
*C1CCC2(*)C1C(=*)CC1C3(*)CCC(*)C(*)(*)C3CCC12*,21,8,Ring,--=-----
*C1=C2CCC3C(=*)N(*)C(=*)C3C2C2(*)C(=*)OC(=*)N2C1=*,21,8,Ring,-=-=-===
*N1CC2(CCN2*)C1,21,2,Ring,--
*c1ccc2cnccc2c1*,21,2,Ring,--
*C1Sc2ccccc2C(=*)N1*,21,3,Ring,-=-
*c1c(*)c2c3ccccc3c(*)nn2c1*,21,4,Ring,----
*N1CCC=CS1(=*)=*,21,3,Ring,-==
*N1N=Cc2sccc2C1=*,21,2,Ring,-=
*N1CCC2N(*)CCC2(*)CC1,21,3,Ring,---
*C1CN(*)C(=*)C2CCCC1N2*,21,4,Ring,--=-
*c1cc(*)c2c(c1)C(=*)CCO2,21,3,Ring,--=
*C1=CN2CC(*)Sc3c(*)c(*)cc(c32)C1=*,21,5,Ring,----=
*c1ccc2c(c1)NC(=*)C1(*)C(*)C3COc4ccc(*)cc4C3N1C2=*,21,6,Ring,-=---=
*c1cc2nc(*)n(*)c2nc1*,21,4,Ring,----
*C1ON=C2C1SC(*)N2*,21,3,Ring,---
*C1=CC2(*)c3cc(*)c(*)cc3CCC2C(*)(*)C1=*,21,7,Ring,------=
*C1=CC2OC(=*)C(=*)C2CCC(*)=CCC1,21,4,Ring,-==-
*C1CC2(*)CCCN3CCc4c(n1c1ccccc41)C32,21,2,Ring,--
*C1=Nc2ccn(*)c2C(=*)N1*,21,4,Ring,--=-
*N1CCc2ccsc2C1,21,1,Ring,-
*C1=CC(*)(*)NC(=*)N1*,21,5,Ring,---=-
*c1ccc2c(c1)COc1c3ccc(*)cc3nn1-2,21,2,Ring,--
*c1cc(*)c2c(*)cn(*)c2n1,21,4,Ring,----
*C1CC2OC2(*)CCCC(*)C(*)C(*)C(=*)C(*)(*)C(*)CC(=*)O1,21,10,Ring,-----=---=
*C1CSC(*)(*)N1*,21,4,Ring,----
*C1CCCC(*)(*)C1=*,21,4,Ring,---=
*c1ccc2c(c1)C=Cc1sc(*)nc1C2*,21,3,Ring,---
*c1ccc2c(=*)c3ccsc3c(=*)c2c1*,21,4,Ring,-==-
*C1CCOCCN1*,21,2,Ring,--
*c1ccc2[nH]c3c(c2c1)C(*)C1CN(*)CCC1C3,21,3,Ring,---
*c1nc2ccccn2n1,21,1,Ring,-
*=C1NCC2c3ccccc3CCN2C1=*,21,2,Ring,==
*N1C(=*)Nc2sc3c(c2C1=*)CCCC3,21,3,Ring,-==
*C1=NN(*)C2(C1)SCC(=*)N2*,21,4,Ring,--=-
*C1CC23OOC(*)(C=C2C(=*)O1)C(*)O3,21,4,Ring,--=-
*c1cc2c(s1)N=C1CCN(*)CCN1C2=*,21,3,Ring,--=
*c1ccc2c(c1)[nH]c1c(*)[n+](*)ccc12,21,3,Ring,---
*c1c2c(nn1*)C(*)CCCO2,21,3,Ring,---
*c1cccc2c(=*)c3c(c(=*)c12)C(*)OC(*)C3,21,5,Ring,-==--
*c1[nH]c2c(c1*)C(=*)NC(=*)N2,21,4,Ring,--==
*c1ccc2nc3ccc(*)cc3[o+]c2c1,21,2,Ring,--
*C1=NC(=*)c2c(ncn2*)C(=*)N1,21,4,Ring,-=-=
*C1(*)CCC2(*)CCC3(*)C(=CCC4C5(*)Cc6c([nH]c7ccccc67)C(*)(*)C5CCC43*)C2C1,21,8,Ring,--------
*C1C2C(*)C34OC2(*)COC(=*)c2cccnc2CCC(*)(*)C(=*)OC(C(*)C(*)C3(*)C1*)C4(*)*,21,13,Ring,---=--=------
*C1=Nc2c(*)noc2CC(*)C1,21,3,Ring,---
*c1cccc2cncn12,21,1,Ring,-
*c1cnc2c(*)[nH]cnc1-2,21,2,Ring,--
*c1cnc(*)c2ncccc12,21,2,Ring,--
*c1cc(*)c2c(*)c[nH]c2n1,21,3,Ring,---
*C1CCC2(*)C(CCC3C2C(*)C(=*)C2(*)C(*)CCC32*)C1,21,7,Ring,---=---
*c1ccc2c3c(c4cc(*)c(*)cc4c2c1)CN1CCCC1C3*,21,4,Ring,----
*C1CCCc2ncsc21,21,1,Ring,-
*c1n[se]nc1*,21,2,Ring,--
*C1=NC(=*)c2cc(*)ccc2N1*,21,4,Ring,-=--
*c1ccc2c(c1)OCCC1CCC(*)C(CNC(=*)C3CC(CN3*)NC2=*)O1,21,5,Ring,--=-=
*c1sc2nc3c(cc2c1*)CCC3,21,2,Ring,--
*C1CC(*)(*)C(*)C(*)C(=*)C(*)C(=*)OC(*)C2OC(=*)N(*)C2C(*)C1=*,21,13,Ring,-----=-=-=--=
*C1CC2CC(*)C3(*)CCC2(C3)C2(*)CCCC(*)(*)C12,21,6,Ring,------
*c1cnc2c(c(*)cn2*)c1*,21,4,Ring,----
*c1cc(*)c2c(c1)Oc1cccc(*)c1C2=*,21,4,Ring,---=
*C1c2cc3c(cc2C(*)(*)C2COC(=*)C12)OCO3,21,4,Ring,---=
*c1ccn2nnnc2c1,21,1,Ring,-
*C1CSSCC(*)C(=*)NC(*)C(=*)N2CCCC2C(=*)NC(*)C(=*)NC(*)C(=*)NC(*)C(=*)NCC(=*)N1,21,13,Ring,--=-==-=-=-==
*C1CCCC2CCN(*)CC12,21,2,Ring,--
*c1nc(*)c2ccc3c(c2n1)CCCC3,21,2,Ring,--
*C1CCc2cccnc21,21,1,Ring,-
*C1c2cc3c(cc2C(=*)C2COC(=*)C21)OCO3,21,3,Ring,-==
*C1=CCC2C(*)(*)C(*)CCC2(*)C1*,21,6,Ring,------
*C1=NC2=C(C(=*)NN2*)C(*)S1,21,4,Ring,-=--
*C1CC2C(*)CC3C4CCC(*)C4(*)CCC3C2(*)CC1*,21,6,Ring,------
*c1nc2c(s1)C(=*)N(*)CC2,21,3,Ring,-=-
*c1nc2nc(*)c(*)cc2o1,21,3,Ring,---
*C1=Nc2cn(*)nc2C(=*)N1,21,3,Ring,--=
*c1cc2c(cc1*)C(*)OCCC2,21,3,Ring,---
*C1CC2(CCC2)C1,21,1,Ring,-
*c1nc2c(*)nc3ccccc3c2o1,21,2,Ring,--
*c1ccc2c(*)c(*)cc(*)c2c1,21,4,Ring,----
*c1ccc2c(c1*)NC(=*)C21NC(*)C2C(=*)N(*)C(=*)C21,21,7,Ring,--=-=-=
*c1cc2c3c(c1)C(*)C(*)c1c(*)cc(*)cc1C3C(*)O2,21,6,Ring,------
*C1CCC2=C(CCCC2=*)C1,21,2,Ring,-=
*c1cccc2c1C(=*)CC1(CCN(*)CC1)O2,21,3,Ring,-=-
*N1CCC2=C(C1)C(=*)N(*)C1=NCCN12,21,3,Ring,-=-
*C1CCC(*)(*)N1*,21,4,Ring,----
*c1cc2c(*)c(*)cnc2nc1*,21,4,Ring,----
*c1cc2ccn3c(*)c(*)c(*)c3c2cc1*,21,5,Ring,-----
*c1ncnc2c1NC(=*)CN2,21,2,Ring,-=
*N1CCCC2(CCCN(*)C2)C1,21,2,Ring,--
*c1cccc2c1NC(=*)C=C2,21,2,Ring,-=
*C1CN2C(CCC(*)C2*)C(=*)O1,21,4,Ring,---=
*C1CC=C2CC(C1)C(=*)C=C1C2CCC2(*)C(*)CCC12,21,4,Ring,-=--
*C1=Cc2cc(*)cc(*)c2OC1,21,3,Ring,---
*c1cnc2c(c1)OC1(*)C(*)C(*)C(*)C21*,21,6,Ring,------
*N1CCC2(CC1)CC(=*)N(*)C2=*,21,4,Ring,-=-=
*C1=CC2OC3CC(*)C(*)(C2(*)CC1)C31CO1,21,4,Ring,----
*c1cc(*)c2c(n1)-c1ccccc1C2*,21,3,Ring,---
*c1ccc2c(c1)C(*)(*)N(*)C2(*)*,21,6,Ring,------
*n1c2c(c3ccccc31)N=C1SCCN1C2=*,21,2,Ring,-=
*c1cnc2c(c1)CCCC2,21,1,Ring,-
*C1C[S+](*)CC(*)C1*,21,4,Ring,----
*C1C2=C(CC(*)(*)CC2=*)Oc2ccc3ccccc3c21,21,4,Ring,---=
*c1c(*)[n+](*)nn1*,21,4,Ring,----
*c1cccc2ccc[n+](*)c12,21,2,Ring,--
*c1nc(*)c2c(n1)-c1ccccc1CC2(*)*,21,4,Ring,----
*c1cc2c(cc1*)C1CC(=*)CC(*)N1CC2,21,4,Ring,--=-
*c1cc(*)c2cc3c(cc2n1)NC(*)(*)CC3,21,4,Ring,----
*C1=C2C(=*)C(=*)OC(*)C2(*)C2=C(C1=*)C1CCC(=*)C1(*)CC2*,21,9,Ring,-==--==--
*c1nnc2n1CC(*)(*)CC2,21,3,Ring,---
*C1=NN(*)C(=*)C(*)C1,21,4,Ring,--=-
*c1ccc2c3c1OC1C(=*)CC(*)C4C(C2)N(*)CCC314,21,4,Ring,-=--
*C1=NS(=*)(=*)c2cccc(*)c21,21,4,Ring,-==-
*c1cccc2c1Cc1c-2n[nH]c1*,21,2,Ring,--
*C1=NNC2=NC(*)=C(*)C(=*)N12,21,4,Ring,---=
*C1C(=*)OCCN(*)CC(*)C(*)C(*)CC(*)(*)C(*)C(*)C1=*,21,11,Ring,-=--------=
*c1cc(*)c2ccncc2c1,21,2,Ring,--
*c1ccc2cc(*)[nH]c2n1,21,2,Ring,--
*c1cc2c(c(*)c1*)-c1c(cc3c(c1*)OCO3)C(*)C(*)C(*)C2,21,7,Ring,-------
*CON*,21,2,Linker,--
*CCCCCC(*)(C#N)S*,21,3,Linker,---
*CCN(C*)C(C)C,21,2,Linker,--
*C(=O)NCCN(C)CCNC(*)=O,21,2,Linker,--
*N(CC#C)S(*)(=O)=O,21,2,Linker,--
*C(CS(*)(=O)=O)N(O)C=O,21,2,Linker,--
*C(=NC)NS(*)(=O)=O,21,2,Linker,--
*C(*)C(C)(C)C,21,2,Linker,--
*C(=*)C(*)=O,21,3,Linker,-=-
*C#CCOC*,21,2,Linker,--
*CNC(=O)C(C)N*,21,2,Linker,--
*C(=O)NC(*)CCCCCC(C)=O,21,2,Linker,--
*OCCNC(=O)CS*,21,2,Linker,--
*CCCCCCCNC(*)=O,21,2,Linker,--
*CNC(C)C(*)O,21,2,Linker,--
*OCCNC(=O)C(*)C,21,2,Linker,--
*COC(C)C*,21,2,Linker,--
*CC(*)CC(O)C(C*)NC(=O)OC(C)(C)C,21,3,Linker,---
*OCC(=O)NNS(*)(=O)=O,21,2,Linker,--
*NC(=O)CNC(=O)CS*,21,2,Linker,--
*CC(NC=*)C(=O)O,21,2,Linker,-=
*C(=O)NC(*)CCCN=C(N)N,21,2,Linker,--
*CNC(=O)C(*)CCCCN,21,2,Linker,--
*NC(=O)C(=O)NC(C)C(=O)NC(CC(=O)O)C(=O)CO*,21,2,Linker,--
*OCCCCC(=O)NC(C(*)=O)C(C)(C)C,21,2,Linker,--
*CCN=C(*)N,21,2,Linker,--
*COP(=O)(NC(C)C(=O)OC(C)(C)C)O*,21,2,Linker,--
*CC=NNC(*)=O,21,2,Linker,--
*C(O)CCNS(*)(=O)=O,21,2,Linker,--
*CS(=O)(=O)N=C(CCOC)N*,21,2,Linker,--
*CC(NC(*)=O)C(=O)NC(C(N)=O)C(*)C,21,3,Linker,---
*C=C(NC(*)=O)C(=O)OC,21,2,Linker,--
*OC(=O)C(*)O,21,2,Linker,--
*CCC(NC(C)C(=O)O)C(=O)NC(CC(C)C)C(=O)N*,21,2,Linker,--
*CNC(=O)C(C*)NC(=O)C(NC(*)=O)C(C)C,21,3,Linker,---
*CC(NC(*)=O)C(=O)NC(*)C(=C)C(N)=O,21,3,Linker,---
*CCCCC(O)CC*,21,2,Linker,--
*C(=O)COC(=O)CN(C)S(*)(=O)=O,21,2,Linker,--
*COCCS*,21,2,Linker,--
*NC(=O)C(CCC(F)(F)F)C(*)C(N)=O,21,2,Linker,--
*CCCCCCCCCCCCCCCC*,21,2,Linker,--
*CC(=O)NCC(*)(C)C,21,2,Linker,--
*CC(*)C(=O)NC(C)C(=O)O,21,2,Linker,--
*CC(OC(*)=O)C(=O)O,21,2,Linker,--
*C=NNC(=O)CCCO*,21,2,Linker,--
*C(=O)C(*)CC(N)=O,21,2,Linker,--
*C(N=C(C)N)=NS(*)(=O)=O,21,2,Linker,--
*C(=O)NC(CC)C(C)(C)C(*)=O,21,2,Linker,--
*OCC(O)CNC(*)C,21,2,Linker,--
*C(*)(C)N,21,2,Linker,--
*CC(CC(=O)OC)C(=O)O*,21,2,Linker,--
*CC(NC(=O)C(CC(C)C)CP(=O)(O)C*)C(=O)NC,21,2,Linker,--
*CC(NC(=N*)N*)C(=O)N*,21,4,Linker,----
*C=NOCC(*)=O,21,2,Linker,--
*CCSCCC(=O)N*,21,2,Linker,--
*C=C(F)C(*)=O,21,2,Linker,--
*C(C)N(C)S(*)(=O)=O,21,2,Linker,--
*NC(=O)C(*)C(=O)O,21,2,Linker,--
*CNC(=O)C(*)NC(=O)C(CCCCN)NC(=O)C(CCCCN)NC(=O)C*,21,3,Linker,---
*CNC(=S)NS(*)(=O)=O,21,2,Linker,--
*C#CCC(NS(*)(=O)=O)C(=O)O,21,2,Linker,--
*C(=O)N(*)CC(C)(C)C,21,2,Linker,--
*CN(CCCC)S(*)(=O)=O,21,2,Linker,--
*OC(*)CCCC,21,2,Linker,--
*CC(O)CN(*)C,21,2,Linker,--
*NC(=O)C(*)CCSC,21,2,Linker,--
*OCCNC(=O)CNC(*)=O,21,2,Linker,--
*CCC(=O)NC(C(=O)NC(C)C(=O)NN(CC(=O)O)C(*)=O)C(C)C,21,2,Linker,--
*CC(CC(=O)NO)C(=O)N*,21,2,Linker,--
*COP(=O)(NC(C)C(=O)OCCCC)O*,21,2,Linker,--
*CNC(=O)N(C*)C*,21,3,Linker,---
*C(=O)C(*)(F)F,21,2,Linker,--
*CC(C=CC(=O)N*)N(C)C(*)=O,21,3,Linker,---
*CC(O)CN(C*)S(C)(=O)=O,21,2,Linker,--
*C=C(C#N)C(=O)NCCCNC(=O)C(C#N)=C*,21,2,Linker,--
*CC(NC(=O)C(=O)O)C(=O)N*,21,2,Linker,--
*COC(=O)NC(CC(C)C)C(=O)NC(C*)C(=O)NC(C=CC(=O)OCC)CCC(N)=O,21,2,Linker,--
*CCOC(*)(*)C(O*)C(=O)O,21,4,Linker,----
*C(=O)CCC(NC(*)=O)C(=O)O,21,2,Linker,--
*CN(CCCOC)C(*)=O,21,2,Linker,--
*CN(CCOC(=O)C(C)(C)C)S(*)(=O)=O,21,2,Linker,--
*CC(N)=NOC(=O)CO*,21,2,Linker,--
*CN(C(*)=O)S(*)(=O)=O,21,3,Linker,---
*CCOC(=O)NC(*)C(Cl)(Cl)Cl,21,2,Linker,--
*CCCC(CC(=O)NO)C(=O)NC(C(=O)NC(*)C)C(C)(C)C,21,2,Linker,--
*COP(=O)(NC(C)C(=O)OCC(CC)CC)O*,21,2,Linker,--
*CN(C)C(=O)CSCC(=O)N*,21,2,Linker,--
*CN(C*)C(=O)OC,21,2,Linker,--
*CC(C)CO*,21,2,Linker,--
*CN(C)C(=O)CCNC(*)=O,21,2,Linker,--
*C=CC(=O)OCC(=O)N(*)C,21,2,Linker,--
*C(*)OCCNC(=O)OC,21,2,Linker,--
*N(CCOC)S(*)(=O)=O,21,2,Linker,--
*CC(CS)C(=O)NC(C*)C(=O)O,21,2,Linker,--
*CCC(=O)N(CC)CC(=O)N*,21,2,Linker,--
*C=CC(C=C*)=NO*,21,3,Linker,---
*CC(NC(=O)C(NC(=O)C(NC(=O)C(CC(=O)O)NC(=O)C(CC(C)C)NC(=O)C(C*)NC(C)=O)C(C)CC)C(C)CC)C(=O)O,21,2,Linker,--
*COCCNC(=O)N*,21,2,Linker,--
*CCC(N)P(=O)(O)CC(C*)C(=O)O,21,2,Linker,--
*CC(NC(=O)C(CC(=O)O)NC(=O)C(C)NC(=O)C(CC(=O)O)NC(=O)C(CC(C)C)NC(=O)C(NC(=O)C(C*)NC(C)=O)C(C)O)C(=O)O,21,2,Linker,--
*CC(*)(O)CN(*)C,21,3,Linker,---
*NCCNCCO*,21,2,Linker,--
*CNC(=O)C(=O)NC(C)C(=O)NC(CC(=O)O)C(=O)CO*,21,2,Linker,--
*SC(CCCC)C(*)=O,21,2,Linker,--
*CC(CC(O)C(C*)NC(=O)CO*)NC(=O)C(*)C(C)C,21,4,Linker,----
*COP(=O)(O)OP(=O)(O)OP(=O)(O)OP(=O)(O)O*,21,2,Linker,--
*CC(CC(O)C(C*)NC(=O)C(NC(=O)OC)C(C)(C)C)NC(=O)C(NC(=O)OC)C(C)(C)C,21,2,Linker,--
*C(=O)C(*)=S,21,2,Linker,--
*CC(NC(=O)C(C*)NC(=O)CNC(*)=O)C(=O)O,21,3,Linker,---
*OC(*)CN,21,2,Linker,--
*CCCNCCC*,21,2,Linker,--
*C(*)=NN,21,2,Linker,--
*CC(=O)NCCCCCCN*,21,2,Linker,--
*C=CC=C(OC)C(=O)NCCC*,21,2,Linker,--
*OCC=CS(*)(=O)=O,21,2,Linker,--
*CC(CO*)N*,21,3,Linker,---
*C(*)NCCCCC,21,2,Linker,--
*COC(C(=O)NC(C(=O)NC)C(C)C)C(O)C(O)C(OC*)C(=O)NC(C(=O)NC)C(C)C,21,2,Linker,--
*C(*)C(C)CC,21,2,Linker,--
*OCCS(*)(=O)=O,21,2,Linker,--
*CSC(=N*)N*,21,3,Linker,---
*CC(O)=C(*)C#N,21,2,Linker,--
*CC(NC(=O)CNC(*)=O)C(=O)O,21,2,Linker,--
*C=C(*)Br,21,2,Linker,--
*C=CC(NC(*)=O)C(C)CC,21,2,Linker,--
*C=CS(=O)(=O)CC*,21,2,Linker,--
*COP(=O)(O)NC(C*)C(=O)OC,21,2,Linker,--
*NN=CC(C)=NNC(*)=O,21,2,Linker,--
*COC(=O)NC(CCC(*)=O)C(=O)O,21,2,Linker,--
*OCC=C(*)*,21,3,Linker,---
*C(*)=CC(=O)NC,21,2,Linker,--
*NN=C(S*)C(C)=O,21,2,Linker,--
*C=CC(=O)C(C)(C)C(=O)C=C*,21,2,Linker,--
*CC(O)COCCOCC(O)C*,21,2,Linker,--
*C=CC=CC(=O)OC*,21,2,Linker,--
*CN(CC=C)C(*)=O,21,2,Linker,--
*COC(=O)NC(*)C,21,2,Linker,--
*NCCCCCC(=O)N*,21,2,Linker,--
*C=CC(=O)N(C(C)=O)C(C*)C(=O)NC(C*)C(=O)NC(CC(C)C)C(=O)NC(CCCN=C(N)N)C(N)=O,21,3,Linker,---
*C(=O)NCC(NS(*)(=O)=O)C(*)=O,21,3,Linker,---
*CN(CC(O)CO*)C(C)(C)C,21,2,Linker,--
*CC(NC(*)=O)C(=O)NCCCCC(CO)N(CC(C)C)S(*)(=O)=O,21,3,Linker,---
*CN(CCC(*)O)C(C)C,21,2,Linker,--
*CCC(*)OC*,21,3,Linker,---
*CCCCCCCCOC(*)=O,21,2,Linker,--
*C(=O)NC(*)CCCCCC(=O)NC,21,2,Linker,--
*CCCCCCCCCC=CCCCC,21,1,Sub,-
*C(=O)NC(CN)CC(C)C,21,1,Sub,-
*OCC(=O)NCCN,21,1,Sub,-
*OC(=O)NC(=O)CCl,21,1,Sub,-
*OC=C,21,1,Sub,-
*C(O)CC(=O)N(C)O,21,1,Sub,-
*CCCS(N)(=O)=O,21,1,Sub,-
*OC=C(C)C,21,1,Sub,-
*C(C)Cl,21,1,Sub,-
*=NOCC(=O)O,21,1,Sub,=
*C(C)(O)C(C)C,21,1,Sub,-
*CCCC(=C)C,21,1,Sub,-
*C(=O)C=CC(=O)N(C)C,21,1,Sub,-
*OCC(O)CCC(=O)O,21,1,Sub,-
*NC(=O)NC(C)C(=O)OC,21,1,Sub,-
*CN(C)CC=C,21,1,Sub,-
*[S+]([O-])C(F)(F)F,21,1,Sub,-
*C(C)(C)CF,21,1,Sub,-
*C(CC)CCCC,21,1,Sub,-
*C=CC(=O)NCCCC,21,1,Sub,-
*C(=O)OCC=C(C)C,21,1,Sub,-
*CC(N)C(=O)OCC,21,1,Sub,-
*C(C)C(=O)N(C)C,21,1,Sub,-
*COP(=O)(O)CC(=O)O,21,1,Sub,-
*NCCCNC,21,1,Sub,-
*[N+](C)(C)CCC,21,1,Sub,-
*CCC(O)(P(=O)(O)O)P(=O)(O)O,21,1,Sub,-
*C(=O)NC(CC(C)C)C(=O)NC(C)C(=O)NC(CCCNC(=N)N)C(=O)O,21,1,Sub,-
*C(F)=NOC,21,1,Sub,-
*CC(=O)N(C)OC,21,1,Sub,-
*OCCCCNC(=N)N,21,1,Sub,-
*CCCCCBr,21,1,Sub,-
*NC(=O)NC(C)CO,21,1,Sub,-
*N(CC(=O)O)C(=O)C(C)CSC(C)=O,21,1,Sub,-
*SC=CC(=O)O,21,1,Sub,-
*N(CCC)C(C)C,21,1,Sub,-
*COCCCCCCCCC=CCCCCCCCC,21,1,Sub,-
*C(=O)N(C)CC#C,21,1,Sub,-
*C(=O)OCCCl,21,1,Sub,-
*CCCCCF,21,1,Sub,-
*CC(N)CC(=O)O,21,1,Sub,-
*S(=O)(=O)CCCCCCCCCCCC,21,1,Sub,-
*CC(C)=NO,21,1,Sub,-
*C(C)=NN,21,1,Sub,-
*CCNC(=O)CCCC,21,1,Sub,-
*C(=O)C(CCCCN)NC(=O)C(N)CCCCN,21,1,Sub,-
*NC(=O)OCCOC,21,1,Sub,-
*S(=O)(=O)NC(C(=O)NO)C(CC(C)C)C(=O)NC(C(=O)NC)C(C)(C)C,21,1,Sub,-
*C(=O)NCCCCCCC(=O)O,21,1,Sub,-
*C(=O)C=[N+]=[N-],21,1,Sub,-
*NC(=O)C(F)(F)C(F)(F)F,21,1,Sub,-
*C(O)CC(O)(C(F)(F)F)C(F)(F)F,21,1,Sub,-
*C(=O)NC(CCCC)C(=O)O,21,1,Sub,-
*C=NNC(=S)SC,21,1,Sub,-
*NC(=O)NO,21,1,Sub,-
*CNS(=O)(=O)C(C)(C)C,21,1,Sub,-
*S(=O)(=O)NC(CC(C)C)C(=O)O,21,1,Sub,-
*CCC(C)=CCSCCC(=O)OC,21,1,Sub,-
*NC(C)C(C)O,21,1,Sub,-
*NC(=O)NCCCCCCCC,21,1,Sub,-
*NC(=O)C(C)NC(C)=O,21,1,Sub,-
*NC(=O)C(C)CN(C)C,21,1,Sub,-
*CCCCCCCCN=[N+]([O-])C=C,21,1,Sub,-
*C(=O)C(C)NC(=O)C(C)NC(=O)CCC(=O)OC,21,1,Sub,-
*C(=NC)NC,21,1,Sub,-
*C(=O)OC(C)OC(=O)OCC,21,1,Sub,-
*S(=O)(=O)N(C(C)C)C(C)C,21,1,Sub,-
*SCCC(N)=O,21,1,Sub,-
*NS(=O)(=O)CCCCC,21,1,Sub,-
*ON=[N+]([O-])N(CC)CC,21,1,Sub,-
*NC(C)CCCC(C)(C)O,21,1,Sub,-
*C(=O)NCCCCN=C(N)N,21,1,Sub,-
*NC(=O)NC(CC(C)C)C(=O)O,21,1,Sub,-
*C=NNC(=O)C(N)=O,21,1,Sub,-
*OC(=O)C(N)CC(C)C,21,1,Sub,-
*C(=O)NCCCC(N)=O,21,1,Sub,-
*CNO,21,1,Sub,-
*NC(=O)NCC(=O)O,21,1,Sub,-
*CC(C)C(=O)NC(CC(=O)O)C(=O)O,21,1,Sub,-
*NP(=O)(OCC)OCC,21,1,Sub,-
*C=CC(O)C(O)CCCC(=O)OC,21,1,Sub,-
*C(=O)COC(C)C,21,1,Sub,-
*[S+]([O-])C(C)C,21,1,Sub,-
*=CCCCCCCCC,21,1,Sub,=
*C(C)(O)C(O)CCC(C)C,21,1,Sub,-
*S(=O)(=O)NNC(=N)N,21,1,Sub,-
*CNC(=O)CCCC=CCC=CCC=CCC=CCCCCC,21,1,Sub,-
*C(O)CCCC(O)CCCCCC,21,1,Sub,-
*NC(=O)CN(CCC)CCC,21,1,Sub,-
*OC(=O)COC(C)=O,21,1,Sub,-
*C=CC(C)NC(C)=O,21,1,Sub,-
*C(=O)C(N)CC(=O)O,21,1,Sub,-
*CCSC(=N)N,21,1,Sub,-
*NC(=N)NCCCN(C)C,21,1,Sub,-
*NC(=O)CC(N)CCN(C)C(=N)N,21,1,Sub,-
*N(C)CC(C)(C)C,21,1,Sub,-
*C(O)CCN,21,1,Sub,-
*NC(=O)CSCCO,21,1,Sub,-
*OC(=O)CCCO[N+](=O)[O-],21,1,Sub,-
*C(O)CC=C,21,1,Sub,-
*C(=O)C(=O)C(C)(C)C,21,1,Sub,-
*C(=O)C=CC(=O)OC(C)C,21,1,Sub,-
*C(=O)OCCCCCCCCCCCC,21,1,Sub,-
*C[N+](CC)(CC)CC,21,1,Sub,-
*OCCNC(=O)OCC,21,1,Sub,-
*N1N=Cn2c(cc3occc32)C1=*,20,2,Ring,-=
*c1ncnc2c1sc1ncccc12,20,1,Ring,-
*C1SC(=*)N(*)C1(*)*,20,5,Ring,-=---
*N1CC(=*)NC2(CSc3c2c(=*)c2ccccc2c3=*)C1=*,20,5,Ring,-====
*c1ncn2c1CCC2,20,1,Ring,-
*C1c2ccoc2CC2C1CCC1C3(*)CCCC21C(*)OC3,20,3,Ring,---
*C1CC2(C=CC(=*)O2)OC1*,20,3,Ring,-=-
*C1SCC(=*)NC2=C1C(=*)NN2*,20,4,Ring,-==-
*c1nc(*)c2c(n1)CCCS2,20,2,Ring,--
*c1cc2c(cc1*)-c1c(*)c(*)c(*)n1CC2,20,5,Ring,-----
*c1cc2c(=*)n(*)c(=*)c2c(*)n1,20,5,Ring,-=-=-
*c1sc2nc3c(cc2c1*)CCCCCC3,20,2,Ring,--
*N1CCC2(CC1)Cc1ccccc1C(=*)O2,20,2,Ring,-=
*C1(*)C2=Nc3ccccc3C(=*)N2c2ccccc21,20,3,Ring,--=
*c1ccc2c(c1)C1=C(CCCN1)C(=*)N2,20,2,Ring,-=
*c1cccc2c1N(*)C(=*)C2*,20,4,Ring,--=-
*c1cc2n(n1)CC(*)OC2,20,2,Ring,--
*c1ccc2c(c1)CCc1nccn1-2,20,1,Ring,-
*c1cccc2nc3n(c12)CCN(*)C3=*,20,3,Ring,--=
*C1=CC2c3cccc4[nH]cc(c34)CC2N(*)C1,20,2,Ring,--
*c1ncnc2cc3c(cc12)OCO3,20,1,Ring,-
*C1=C(*)C(*)(*)CC(*)C1=*,20,6,Ring,-----=
*C1N(*)CC12CCCCC2,20,2,Ring,--
*c1nc2c(s1)C(*)CC(=*)NC2,20,3,Ring,--=
*C1(*)ON=C2C(=*)CCCN21,20,3,Ring,--=
*c1ccc2c(c1)SCC1=NNC(=*)N12,20,2,Ring,-=
*C1=NC(*)c2c(ccc3ccccc23)O1,20,2,Ring,--
*C1C2C(=*)N(*)C(=*)C2C2c3ccccc3C=CN12,20,4,Ring,-=-=
*c1nc2cc3sc(*)nc3cc2s1,20,2,Ring,--
*C1CCNC(*)C1*,20,3,Ring,---
*C1CCC2(CCC3OC(*)C(=*)C(*)C3O2)O1,20,4,Ring,--=-
*c1ccc2c(c1)N(*)CC21CCOCC1,20,2,Ring,--
*C1CC2Cn3c(nc4ccccc43)C2N1*,20,2,Ring,--
*c1cc(*)[te+]c(*)c1,20,3,Ring,---
*C1=C(*)C(*)CCP(*)(=*)O1,20,5,Ring,----=
*c1ccc2c(c1)C=Cc1ccccc1C2=*,20,2,Ring,-=
*N1CCNC(=*)C1=*,20,3,Ring,-==
*C1c2[nH]c3ccccc3c2CC2C3c4[nH]c5ccccc5c4CC(C(*)N12)N3*,20,3,Ring,---
*c1ccc2c(c1)Oc1ccc(*)cc1C(=*)N2*,20,4,Ring,--=-
*C1=C(*)C(=*)c2c(*)cccc2O1,20,4,Ring,--=-
*C1=NNC(=*)c2c1c1cc(*)ccc1n2*,20,4,Ring,-=--
*C1=CC(=*)OC2CC(CCC(*)C=CC=CCC1)OC(*)(*)C2,20,5,Ring,-=---
*N1C(=*)N(*)S(=*)(=*)c2cccnc21,20,5,Ring,-=-==
*C1CCC2(CC1)CN(*)C2,20,2,Ring,--
*c1c2c(nn1*)CC1CCC3C4CCC(*)C4(*)CCC3C1(*)C2,20,5,Ring,-----
*N1CCC2C(CCN2*)C1,20,2,Ring,--
*C12CCC(=*)C=C1C=CC1C2CCC2(*)C1CCC2(*)*,20,5,Ring,-=---
*c1cc2c3c(c4cc(*)c(*)cc4c2cc1*)C(*)C1=C(COC1=*)N3,20,6,Ring,-----=
*c1cc2nncn2c(*)n1,20,2,Ring,--
*C1C#CC=CC#CCC2C(=*)N(*)C12,20,3,Ring,-=-
*N1N=C2CCCCC2=CC1=*,20,2,Ring,-=
*C1=COC(*)C2C1(*)CC(*)C2(*)*,20,6,Ring,------
*C1C(=*)CCC2C1(*)CCC1C(*)(*)CCCC12*,20,6,Ring,-=----
*c1cc(*)c2c(n1)-c1ccccc1NC(=*)C2,20,3,Ring,--=
*C1c2cc3c(cc2C2=NOCC2C1*)OCO3,20,2,Ring,--
*c1cc2c(cc1*)C1Cc3c(*)cc(*)c(*)c3CN1CC2,20,5,Ring,-----
*c1cc(*)c2c(*)c3c(nc2c1)CCCC3,20,3,Ring,---
*C1SC(*)C(*)S1,20,3,Ring,---
*c1ccc2c(c1)C(*)C(*)C2=*,20,4,Ring,---=
*N1C(=*)c2cc3c(cc2C12CC2)OCO3,20,2,Ring,-=
*c1cc2c(c(*)c1*)C(=*)c1c(*)c(*)c(*)c(*)c1O2,20,8,Ring,---=----
*C1=CN2C(=*)NN=C2C(*)=C1,20,3,Ring,-=-
*C1c2ccccc2N(*)c2ccccc21,20,2,Ring,--
*c1cc(*)c2c(c1)C(=*)CC2,20,3,Ring,--=
*c1cc2c(c3ncccc13)NS(=*)(=*)c1ccccc1-2,20,3,Ring,-==
*C1=Nc2c(*)nc(*)nc2N(*)C1=*,20,5,Ring,----=
*C1CCCCCCCCCC(*)C(=*)N2CC3C(C2C(=*)N1)C3(*)*,20,6,Ring,--==--
*c1cc2c(*)ccc3c2c(c1)c(=*)n3*,20,4,Ring,--=-
*c1ccc2c(c1)OC1CNCCC21,20,1,Ring,-
*c1cc2c(s1)OCCn1ncc(*)c1-2,20,2,Ring,--
*c1csc2c1N=CNC2=*,20,2,Ring,-=
*C1=NCc2nnc(*)n2-c2ccccc21,20,2,Ring,--
*C1CCC2(*)C3CCC4CC(*)(*)CCC4(*)C3CCC12*,20,6,Ring,------
*c1cc2c(c(*)c1*)-c1c(cc(*)c(*)c1*)C(=*)OC1C(COC2=*)OC(*)C(*)C1*,20,11,Ring,------==---
*C1=CN(*)C2=C(C1=*)C(*)CCC2,20,4,Ring,--=-
*c1cc2c(c(*)c1*)C(=*)OC1CC(*)OC21,20,5,Ring,---=-
*C1=C(*)C2(*)Sc3ccccc3C12,20,3,Ring,---
*N1CC2(CCNCC2)OC1=*,20,2,Ring,-=
*c1noc2c1C(=*)N(*)CC2,20,3,Ring,-=-
*C1=CC2(c3ccccc3Nc3ccccc32)N(*)C1=*,20,3,Ring,--=
*c1ccc2c(c1)S(=*)(=*)N(*)C(=*)N2,20,5,Ring,-==-=
*C1CCC2(*)C(C1)C(*)CC1(*)C2CCC2(*)C(*)CC(*)C21,20,7,Ring,-------
*c1cccc2c1C1CCCN1C2=*,20,2,Ring,-=
*c1cn2cnc(*)c2s1,20,2,Ring,--
*C1=C(*)C2=C(C(=*)NS2)C(=*)N1,20,4,Ring,--==
*c1cncc2c1CCC(*)C2*,20,3,Ring,---
*C1=NC(*)(*)C(*)(*)C(=*)N1*,20,7,Ring,-----=-
*c1cnc2n1CCOC2,20,1,Ring,-
*c1ccc2c(c1)nc(*)c1nc(*)[nH]c12,20,3,Ring,---
*C1CC2C(CCC3(*)C(*)CCC23)C2(*)CCC(=*)C=C12,20,5,Ring,----=
*C1NC(=*)N2CCCCN12,20,2,Ring,-=
*C1C(=*)NC2(*)CC1c1ccccc1O2,20,3,Ring,-=-
*c1c(*)c(=*)ccc1=*,20,4,Ring,--==
*c1nc2c(n1*)N=CNC2=*,20,3,Ring,--=
*c1ccc2c(c1)C1(CCN(*)CC1)OC(=*)N2*,20,4,Ring,--=-
*C1=CCC2C3(*)CCC4C(*)(*)CCCC4(*)C3CC(*)C2(*)C1*,20,8,Ring,--------
*C1=CCC(*)(*)C(*)C(*)C1=*,20,6,Ring,-----=
*C1=Cc2ccc(*)c(*)c2C(=*)S1,20,4,Ring,---=
*N1C(=*)c2cccnc2N(*)c2ccccc21,20,3,Ring,-=-
*C1C2=C(CC(*)(*)CC2=*)NC2=C1C(=*)CC(*)(*)C2,20,7,Ring,---==--
*c1ccc2c(c1)CC(*)n1c-2c(*)c2ccc(*)cc21,20,4,Ring,----
*C1=CC=CN2C(=*)c3ccccc3N=C12,20,2,Ring,-=
*c1cc2c3cc(c(*)cc3n1)CCCC(*)(*)COC(=*)NC(*)C(=*)N1CC(CC1*)O2,20,8,Ring,----=-=-
*c1ccc2nc3n(c2c1)CCCNC3=*,20,2,Ring,-=
*N1CCc2oc3ccccc3c2C1,20,1,Ring,-
*C1COC2OC(*)C(*)C(*)C2O1,20,4,Ring,----
*c1c2c(c(*)c3c1OCC3)OCC2,20,2,Ring,--
*C1=NC(=*)N(*)C1,20,3,Ring,-=-
*C1=CN=CNC1=*,20,2,Ring,-=
*C1CC(*)c2c(c3ccccc3n2*)C1=*,20,4,Ring,---=
*=C1c2cccnc2-c2ncccc21,20,1,Ring,=
*C1=CNC(=*)c2cc(*)ccc21,20,3,Ring,-=-
*C1=CC(=*)C(*)C1*,20,4,Ring,-=--
*C1CCC(*)c2sccc21,20,2,Ring,--
*c1cnc2c(*)nn(*)c2c1,20,3,Ring,---
*c1cn2c3c(sc2n1)CCc1cn(*)cc1-3,20,2,Ring,--
*C1=Nc2c(*)nn(*)c2N(*)C1=*,20,5,Ring,----=
*C1=CC(=*)C(*)=CC=C1,20,3,Ring,-=-
*c1nc2cccc3c2n1CCNC3=*,20,2,Ring,-=
*C1OCC(*)N(*)C1=*,20,4,Ring,---=
*c1cnc2c(*)nc(*)nc2c1,20,3,Ring,---
*c1ccc2c(c1)OC(=*)c1cc(*)ccc1-2,20,3,Ring,-=-
*c1ccc2c(c1)-c1nncn1CCO2,20,1,Ring,-
*c1cc2c(*)n[nH]c2c(*)n1,20,3,Ring,---
*C1=Cc2ccc(*)cc2C(=*)N1,20,3,Ring,--=
*C1CCCc2cn(*)nc21,20,2,Ring,--
*c1ccc2c(c1)C(*)(*)C(*)C(=*)N2,20,5,Ring,----=
*c1ccc2c(c1)C1(*)CCN(*)C(C2=*)C1*,20,5,Ring,---=-
*C1CC2CCCCC2C1*,20,2,Ring,--
*c1ccc2c(n1)C(*)(*)CC2,20,3,Ring,---
*c1noc2c(=*)c3ccsc3c(=*)c12,20,3,Ring,-==
*c1cc(*)c2c(*)cc(*)nc2n1,20,4,Ring,----
*C1=Nc2ccncc2N(*)C1=*,20,3,Ring,--=
*c1cc2c(cc1*)C(=*)NC2,20,3,Ring,--=
*C12C=COC1OC1CC2C2(*)OC12*,20,3,Ring,---
*C1Cn2ccnc2CO1,20,1,Ring,-
*c1cccc2c1Oc1c(*)cccc1C2=*,20,3,Ring,--=
*c1cc(*)c2c(c1)NC(*)CC2=*,20,4,Ring,---=
*c1nc2n(c1*)CC(*)O2,20,3,Ring,---
*C1=CCC2(*)CCC(*)(*)C2C(*)C1,20,5,Ring,-----
*c1nc2c3ccccc3ncc2n1*,20,2,Ring,--
*c1nc(*)c2c(n1)N(*)C(*)N2,20,4,Ring,----
*c1cc2c(c(*)c1*)-c1c(cc3c(c1*)OCO3)CC(*)C(*)(*)C2=*,20,8,Ring,-------=
*c1cc2nsnc2cc1*,20,2,Ring,--
*c1ncnc2c1NC(=*)N2*,20,3,Ring,-=-
*c1cc2c(cn1)c(*)c(*)n2*,20,4,Ring,----
*N1C=Nc2ccsc2C1=*,20,2,Ring,-=
*N1CCc2nc[nH]c2C1,20,1,Ring,-
*c1ccc2c(c1)sc1cc(*)ccc12,20,2,Ring,--
*C1N2C(=*)C(=*)C2SC1(*)*,20,5,Ring,-==--
*c1ccc2c(c1)C(*)(*)CO2,20,3,Ring,---
*=C1CCC(=*)CC1,20,2,Ring,==
*C1c2ccccc2CN(*)C1*,20,3,Ring,---
*c1ccc(*)c2c1ncn2*,20,3,Ring,---
*c1cc2sccc2s1,20,1,Ring,-
*c1ccc2nnc(*)nc2c1,20,2,Ring,--
*c1cc2c(nn1)CCCC2,20,1,Ring,-
*N1C(=*)CCC2(*)CCCC=C12,20,3,Ring,-=-
*C1(*)N=C2SCCN2C1=*,20,3,Ring,--=
*c1ccc2cc(*)c3cc(*)c(*)cc3c2c1,20,4,Ring,----
*C1(*)CCOC2(CCOC2)C1,20,2,Ring,--
*N1CCC2(C1)C(=*)Nc1ccccc12,20,2,Ring,-=
*c1ccc2c(c1)C1(CCN(*)CC1)C(=*)N2*,20,4,Ring,--=-
*C1=NC(=*)NO1,20,2,Ring,-=
*c1ccc2c(c1)OC(*)(*)C(=*)N2,20,4,Ring,---=
*C1CC2(CN1)C(=*)Nc1ccccc12,20,2,Ring,-=
*C1=CC(*)(*)CC(*)C1=*,20,5,Ring,----=
*C1=C(*)C2=C(NC1=*)C(*)CNC2,20,4,Ring,--=-
*c1ccc2cc(*)c(*)nc2n1,20,3,Ring,---
*c1ccc2c(c1)N(*)c1ccccc1[S+]2*,20,3,Ring,---
*C1CN2CCN(*)CC2CN1,20,2,Ring,--
*c1cc2c3c(c(*)c(*)c2[nH]1)N(*)CC3,20,4,Ring,----
*C1NCCc2nc[nH]c21,20,1,Ring,-
*c1[nH]nc2c1Cc1ccccc1-2,20,1,Ring,-
*c1cccc2cncc(*)c12,20,2,Ring,--
*N1CC(=*)C1=*,20,3,Ring,-==
*c1ncnc2c1C(*)C1=C(O2)C(=*)Oc2ccccc21,20,3,Ring,--=
*N1C(=*)N(*)C2C1NN=C1SC(=*)C(=*)N12,20,5,Ring,-=-==
*N1C(=*)C2(NC(=*)c3ccccc3N2)c2ccccc21,20,3,Ring,-==
*C1=NN(*)C(=*)C12C(=*)C=CCC2*,20,5,Ring,--==-
*C12CC3CC(C1)C(=*)C(C3)C2,20,2,Ring,-=
*c1ccc2[nH]c3c(c2c1)CC(=*)Nc1ccccc1-3,20,2,Ring,-=
*c1ccc2c(n1)OCCN2*,20,2,Ring,--
*C1Cc2cc3c(cc2C2C1c1ccc4c(c1CN2*)OCO4)OCO3,20,2,Ring,--
*c1ccc2c(c1)Cc1c[nH]nc1-2,20,1,Ring,-
*N1CC2CC1CS2(=*)=*,20,3,Ring,-==
*c1ccc2c(c1)Sc1cc(=*)c(*)cc1=N2,20,3,Ring,-=-
*c1nc2ccsc2c2nnnn12,20,1,Ring,-
*C1OC2(C(=*)c3ccccc3C2=*)C(*)C1*,20,5,Ring,-==--
*c1ncn2c(*)nncc12,20,2,Ring,--
*C1CC(*)C23COC(*)C1(*)C2CC(*)C1(*)C3C(=*)C(*)C2(*)C(*)CC3OC321,20,10,Ring,------=---
*C1CC(=*)C(*)(*)O1,20,4,Ring,-=--
*C1CC(=*)C(*)C(=*)C1,20,4,Ring,-=-=
*c1ccc2c(c1)N(*)C(=*)C(*)S2,20,4,Ring,--=-
*C1=C(*)N(*)S(=*)(=*)c2cc(*)ccc21,20,6,Ring,---==-
*c1ccc2nnc3c(*)nc(*)n3c2n1,20,3,Ring,---
*c1cc2c(c(*)c1*)CCC1C2CCC2(*)C(=*)CCC12,20,5,Ring,----=
*C1=Nc2c(*)noc2C(*)C(*)C1,20,4,Ring,----
*c1ccc2c(c1)-c1ccccc1S2(=*)=*,20,3,Ring,-==
*C1Nc2ccccc2S(=*)(=*)N1,20,3,Ring,-==
*C1NC(=*)CN(*)C(=*)C(*)NCCOc2ccccc2CCCNC1=*,20,6,Ring,-=-=-=
*c1nc2ncnc(*)c2c(*)c1*,20,4,Ring,----
*c1c2c(nc3ccccc13)N(*)N(*)C2=*,20,4,Ring,---=
*C1=Nc2sccc2C(=*)N1,20,2,Ring,-=
*C1=CC2=CC(=*)C(*)(*)C(*)C2CO1,20,5,Ring,-=---
*c1cnc2c(*)cccc2n1,20,2,Ring,--
*C1NC(=*)C2CC3(*)c4ccccc4N(*)C3N2C1=*,20,5,Ring,-=--=
*c1ccc2c(n1)N(*)c1ncccc1N2*,20,3,Ring,---
*c1nnc(*)c2c1nnn2*,20,3,Ring,---
*c1cc2c(cc1*)-c1c(*)c(*)n(*)c1C(=*)O2,20,6,Ring,-----=
*c1sc2c(c1*)CC(*)CC2,20,3,Ring,---
*C1CCN2CCCCC12,20,1,Ring,-
*C1CN(*)C(*)COC(=*)C(*)C(*)C(*)C(*)C(*)(*)CC(*)C1*,20,12,Ring,---=--------
*C1(*)CNCCOC1,20,2,Ring,--
*C1=CC(*)(*)NC(*)=N1,20,4,Ring,----
*c1cn2c3c(cccc13)CNCC2,20,1,Ring,-
*C1CC(=*)NC(*)C(=*)NC(*)C(=*)NC(*)C(=*)NC(*)C(=*)NC(*)C(=*)O1,20,12,Ring,-=-=-=-=-=-=
*c1ccc2c(c1)-c1c(c(*)nn1*)CS2(=*)=*,20,5,Ring,---==
*c1c(*)c(*)c2c(c1*)C(=*)OC2*,20,6,Ring,----=-
*C1c2c(ccc3c2OCO3)-c2ccc3cc4c(cc3c2N1*)OCO4,20,2,Ring,--
*C1(*)CS(=*)(=*)C2(CCOCC2)C(=*)N1,20,5,Ring,--===
*c1cc(*)c2sc(*)[n+](*)c2c1,20,4,Ring,----
*C1=CNC=C(*)C1*,20,3,Ring,---
*C1=NC(=*)c2cc(*)ccc2O1,20,3,Ring,-=-
*C1CC2C(=*)CC(*)C3C(=*)C(=*)OC3C2C1=*,20,6,Ring,-=-===
*N1CC(=*)N2Cc3[nH]c4ccccc4c3CC2C1=*,20,3,Ring,-==
*C1C2Cc3ccccc3C12,20,1,Ring,-
*C1=COC(*)C2C(*)=CC(*)C12,20,4,Ring,----
*c1cccc2c(=*)oc(=*)c12,20,3,Ring,-==
*N1CCC2N(*)CCCC2(*)C1,20,3,Ring,---
*c1ccc2c(c1)-c1c(*)nc(*)nc1CC2,20,3,Ring,---
*N1C(=*)c2ccccc2CS1(=*)=*,20,4,Ring,-===
*C1C2=C(COC2=*)Nc2c1c1cccnc1c1ncccc21,20,2,Ring,-=
*C1=CC(=*)c2cc(*)c(*)cc2N1,20,4,Ring,-=--
*C1=CC(*)C(*)(*)CC1,20,4,Ring,----
*C1=C(*)C(=*)C2(*)C(=C1)Oc1c3c(cc(*)c12)OC(*)N(*)C3=*,20,8,Ring,--=----=
*c1c2c(nc3nncn13)CCC2,20,1,Ring,-
*C1C(=*)c2ccccc2N(*)C1=*,20,4,Ring,-=-=
*C1CC(=*)C(*)C2(*)CCCC(*)(*)C12,20,6,Ring,-=----
*C1NC(=*)Cc2ccccc21,20,2,Ring,-=
*c1c(*)c(*)c2c(c1*)CC(*)S2,20,5,Ring,-----
*C1=NOC2(C1)C(=*)OC1C2CCC(*)C2(*)C=CC(=*)C12*,20,6,Ring,-=--=-
*C1COc2ncsc21,20,1,Ring,-
*C1=CC(*)C(*)C1=*,20,4,Ring,---=
*C1OC2CC3C4CC(*)C5=CC(=*)C=CC5(*)C4(*)C(*)CC3(*)C2(*)O1,20,8,Ring,--=-----
*c1ncn2c1CN(*)S(=*)(=*)c1ccccc1-2,20,4,Ring,--==
*C1=Nc2ccsc2C(=*)S1,20,2,Ring,-=
*c1ccc2c(c1)CCC1N(*)C(=*)CCC21*,20,4,Ring,--=-
*c1ncnn2cccc12,20,1,Ring,-
*c1cccc2c1NC(=*)C(*)C(=*)N2,20,4,Ring,-=-=
*c1c2c(=*)n(*)c(=*)c2c(*)n1*,20,6,Ring,-=-=--
*c1ccc2c(c1)-c1n[nH]c(*)c1C2,20,2,Ring,--
*c1sc2c(c1*)C(*)CC2,20,3,Ring,---
*C1(*)c2ccccc2C(=*)c2ccccc21,20,3,Ring,--=
*c1cc2c(c(*)c1*)C(*)CC(=*)N2,20,5,Ring,----=
*c1ccc2c(c1)-c1ccccc1C2=*,20,2,Ring,-=
*C12CCC(*)(CC1)C2,20,2,Ring,--
*c1ccc2c(c1)C(=*)N(*)C2(*)*,20,5,Ring,-=---
*N1C=NC2=C(SC(=*)N2*)C1=*,20,4,Ring,-=-=
*c1cc2c(*)n[nH]c2nn1,20,2,Ring,--
*C1CCCCC2CCC(*)N2C1=*,20,3,Ring,--=
*c1ccnc2n[nH]c(*)c12,20,2,Ring,--
*C12CCC(=*)C=C1CCC1C2=CCC2(*)C1CCC2(*)*,20,5,Ring,-=---
*N1NC(=*)C=CC1=*,20,3,Ring,-==
*C1(*)CCCCN1,20,2,Ring,--
*C1=Nc2c(*)nc(*)nc2NC1,20,3,Ring,---
*C1=C(*)C(=*)C=CC=C1,20,3,Ring,--=
*N1C(=*)N(*)C2NN3C(=*)C(=*)SC3=NC21,20,5,Ring,-=-==
*c1cc(*)c2c(*)c3c(cc2c1*)OC(*)C(*)C3=*,20,7,Ring,------=
*C1Nc2ccc3ccccc3c2C2=C1C(=*)CC(*)(*)C2,20,4,Ring,-=--
*c1nc2c([nH]1)CCCC2,20,1,Ring,-
*c1cc(*)c2nc(*)oc2c1,20,3,Ring,---
*c1cc(*)c2c(c1)OCC(=*)C2=*,20,4,Ring,--==
*c1cccc2c(=*)[nH]c(=*)c12,20,3,Ring,-==
*C1(*)CCC2(*)CCC3(*)C(=CCC4C5(*)CCC6OC(*)(*)OCC6(*)C5CCC43*)C2C1,20,9,Ring,---------
*C1=CC(=*)N2C(*)C(=*)NC3CC(=*)C=CC132,20,5,Ring,-=-==
*C1=COc2ccccc2O1,20,1,Ring,-
*c1ccc2sc3c(c2c1)NC(=*)N(*)C3=*,20,4,Ring,-=-=
*C1CCC2(NC1)OC1CC3C4CC=C5CC(*)CCC5(*)C4CCC3(*)C1C2*,20,5,Ring,-----
*C1NC2(C(=*)N(*)c3ccccc32)C2C(=*)N(*)C(=*)C12,20,6,Ring,-=-=-=
*C1(*)C=CC(*)(*)OC1,20,4,Ring,----
*C1=C(*)C2(C(=*)N(*)c3ccccc32)C(*)=C(*)O1,20,6,Ring,--=---
*c1nc2c3c(*)c(*)n(*)c3ncn2n1,20,4,Ring,----
*C1=Cc2nc(*)cc3cc(*)cc(c23)O1,20,3,Ring,---
*c1ccc2c(c1)S(=*)(=*)CC2*,20,4,Ring,-==-
*c1nc(*)n2c1CCCC2,20,2,Ring,--
*c1ccc2c(c1)N=CNC2=*,20,2,Ring,-=
*C1NC(=*)C(*)C(*)Oc2ccc(cc2)C=CNC1=*,20,5,Ring,-=--=
*C1=CC(*)C2=C(NC(=*)N=C2*)O1,20,4,Ring,--=-
*c1ccc2c3c(c4ccccc4cc13)C(=*)N(*)C2=*,20,4,Ring,-=-=
*c1cccc2c1OC(*)C(=*)N2,20,3,Ring,--=
*C1CC(=*)Nc2ccc3ccccc3c21,20,2,Ring,-=
*C1CC2(*)c3ccccc3NC2N1*,20,3,Ring,---
*c1ccc2c(c1*)C(=*)CC(*)(*)O2,20,5,Ring,--=--
*C1CC2(CN1*)OCCO2,20,2,Ring,--
*C1C(=*)CCN1*,20,3,Ring,-=-
*C1=NN2C(=*)C(=*)SC2=NC1=*,20,4,Ring,-===
*C1CSSC2(CCCCC2)CC(=*)NC(*)C(=*)NC(*)C(=*)NC(*)C(=*)NC(*)C(=*)N1,20,10,Ring,-=-=-=-=-=
*C1=Nc2nn(*)c(=*)c2=C2CCCCCN12,20,3,Ring,--=
*c1cc2c(s1)CCOC2,20,1,Ring,-
*c1cc(*)c2oc(*)c(*)c2c1*,20,5,Ring,-----
*C1OCC2=C(C=C3c4nc5ccccc5cc4CN3C2=*)C1(*)*,20,4,Ring,-=--
*c1cc2nnc(*)n2cc1*,20,3,Ring,---
*c1cc2c(cc1*)-c1cnc3[nH]ccc3c1N(*)C2=*,20,4,Ring,---=
*c1ccc2cc3c(cc2n1)CC1(C3)C(=*)Nc2ncccc21,20,2,Ring,-=
*C1=CC(*)(*)Nc2ccc3c(c21)C(=*)Oc1ccccc1-3,20,4,Ring,---=
*c1c[n+](*)c2c(*)noc2c1*,20,4,Ring,----
*C1OC(*)C2OC12,20,2,Ring,--
*c1ccc2c(c1)nc(*)n1c(*)nnc21,20,3,Ring,---
*c1cc2c(cc1*)Oc1ncnc(*)c1NC2,20,3,Ring,---
*C1C2CCCN2C2(C(=*)Nc3ccccc32)C12CN(*)CC(=*)C2=*,20,5,Ring,-=-==
*C1CC2=C(O1)C1(*)CC(*)C(*)(*)C(*)(C2=*)C1=*,20,8,Ring,------==
*C1=NOC2(CCCCC2)C1,20,1,Ring,-
*c1ncnc2c1C(*)C1=C(CCCC1=*)O2,20,3,Ring,--=
*c1c[n+](*)c(*)nc1*,20,4,Ring,----
*C1=NC2(CO1)c1cc(*)ccc1Oc1c2cc(*)nc1*,20,4,Ring,----
*c1ccc2c(c1)N(*)CCn1nnc(*)c1-2,20,3,Ring,---
*c1cc2c(cc1*)SCC(=*)N2,20,3,Ring,--=
*c1nc2n(c1*)CCC2,20,2,Ring,--
*n1c2ccccc2c2ccc3c(=*)ccc(=*)c3c21,20,3,Ring,-==
*c1cc2c(*)c(*)oc2c(*)n1,20,4,Ring,----
*C1CC(=*)CN(*)C1,20,3,Ring,-=-
*C1Cc2ccc(cc2)OCCCCCC(=*)NC(*)C(=*)N1,20,4,Ring,-=-=
*N1C=Nc2sc3c(c2C1=*)CCC3,20,2,Ring,-=
*C1CCC2CN(*)CC2C1,20,2,Ring,--
*N1CC2(CCCC(*)(*)C2)OC1=*,20,4,Ring,---=
*C1=C(*)C2(C(=*)Nc3ccc(*)cc32)C(*)=C(*)O1,20,6,Ring,--=---
*C1=[N+](*)C(*)(*)N(*)C1(*)*,20,7,Ring,-------
*c1c[n+](*)c(*)n1*,20,4,Ring,----
*c1ccc2c(c1)C(*)(*)CC(=*)N2,20,4,Ring,---=
*C1=C2Nc3cc(*)c(*)cc3C23CCN2CC=CC(*)(C1)C23,20,4,Ring,----
*C1CNC1*,20,2,Ring,--
*c1cc2c(cc1*)OC(=*)N2,20,3,Ring,--=
*c1cc(*)c2c(c1*)-c1cccc(*)c1C(=*)N2,20,5,Ring,----=
*c1ccc2c(c1*)CN1CC(=*)NC1=N2,20,3,Ring,--=
*C1=Nc2c(sc3ccccc23)C(=*)N1,20,2,Ring,-=
*C1CC2CCC1CC2,20,1,Ring,-
*c1nc2nc3c(c(*)n2n1)CCC3,20,2,Ring,--
*c1cc(*)c2ccsc2c1,20,2,Ring,--
*c1ccc2c(n1)CCN(*)C2*,20,3,Ring,---
*c1cc2nc3c(c(*)n2n1)CCC3,20,2,Ring,--
*C1C2C(*)(*)CCCC23COC1(*)C12C(=*)C(=*)C(CCC31)C2*,20,7,Ring,----==-
*c1c2c(nn1*)CC1CCC3C4CCC(=*)C4(*)CCC3C1(*)C2,20,5,Ring,--=--
*C1CCC2C1CCC1C2(*)CCC2C(*)(*)C(*)CCC21*,20,6,Ring,------
*c1nc(*)c2c(n1)N(*)C(=*)C2,20,4,Ring,---=
*c1ncnc2c1C(*)c1c(n[nH]c1*)O2,20,3,Ring,---
*C12CCOCC1C2,20,1,Ring,-
*C1CC2OCC2(*)CC1(*)*,20,4,Ring,----
*N1C(=*)C2(OCCCO2)c2ccccc21,20,2,Ring,-=
*C=CN=N*,20,2,Linker,--
*COP(=O)(O*)OCCSC(=O)C(C)(C)C,20,2,Linker,--
*CNC(=O)C(C*)NC(=O)OC*,20,3,Linker,---
*CC(NC(*)=O)C(=O)NC(C*)C(=O)NC(CCC(=O)O)C(=O)NC(C*)C(=O)NC,20,4,Linker,----
*CCCCC(=O)NC(C(=O)NC(C*)C(=O)C(=O)NCC)C(C)C,20,2,Linker,--
*COC(=O)NC(C*)CC(=O)O,20,2,Linker,--
*CC(C(=O)N*)N(C)C,20,2,Linker,--
*COC(=O)OC*,20,2,Linker,--
*C=C(*)CO,20,2,Linker,--
*S(=O)(=O)NCCNS(*)(=O)=O,20,2,Linker,--
*C=CC(C)(O)CC*,20,2,Linker,--
*CCCCCCCCCCC(*)O,20,2,Linker,--
*CCCCCCOC*,20,2,Linker,--
*C(CCCCNS(*)(=O)=O)C(=O)NC(C=O)CC(=O)O,20,2,Linker,--
*C(=O)NC(C(=O)NCCCCC(CO)N(CC(C)C)S(*)(=O)=O)C(*)*,20,4,Linker,----
*C(CC(C)C)NS(*)(=O)=O,20,2,Linker,--
*CN(CCCCN)C(*)C,20,2,Linker,--
*CCNC(=O)C=C(*)*,20,3,Linker,---
*CCNC(=O)CCCCCN*,20,2,Linker,--
*CC(NC(*)=O)C(=O)C(=O)NCCNS(*)(=O)=O,20,3,Linker,---
*SCC(=O)N(*)CC(=O)OCC,20,2,Linker,--
*NC(=O)C(=O)C(*)[N+](=O)[O-],20,2,Linker,--
*N(CC(=O)NO)S(*)(=O)=O,20,2,Linker,--
*COC(=O)NC(C(=O)NC(C*)C(O)C(O)C(C*)NC(=O)C(NC(=O)OC*)C(C)C)C(C)C,20,4,Linker,----
*N(CC#N)S(*)(=O)=O,20,2,Linker,--
*C=CC(*)=*,20,3,Linker,--=
*C=C(*)C(=O)O*,20,3,Linker,---
*CCC(*)SCC(C)C(=O)O,20,2,Linker,--
*C=C(CP(=O)(O)C(N)C*)C(=O)O,20,2,Linker,--
*CN(NS(*)(=O)=O)C(*)=O,20,3,Linker,---
*CCNC(=O)C(*)NS(=O)(=O)N(C)C,20,2,Linker,--
*C(*)NCC(=O)OC,20,2,Linker,--
*CNC(=O)C(C*)NC(=O)C(N)C*,20,3,Linker,---
*CNC(=O)COC(=O)CNC(*)=O,20,2,Linker,--
*C=CC(=O)NC(C*)C(=O)NC(C=O)C*,20,3,Linker,---
*CCCCN=*,20,2,Linker,-=
*CC(NS(=O)(=O)NC(CCCCN)C(=O)O)C(=O)N*,20,2,Linker,--
*C(=O)NC(CCCCNC(=O)C=C)C(*)=O,20,2,Linker,--
*NC(=O)C(OC(*)=O)C(C)(C)C,20,2,Linker,--
*S(=O)(=O)CCNS(*)(=O)=O,20,2,Linker,--
*NS(=O)(=O)CC(*)OC,20,2,Linker,--
*CN(CC)CCCNC(*)=O,20,2,Linker,--
*CC(C)N(C)C(*)=O,20,2,Linker,--
*NC(=O)NCC(*)(C)C,20,2,Linker,--
*C(C)C(O)C(*)Cl,20,2,Linker,--
*NC(=O)CCCNS(*)(=O)=O,20,2,Linker,--
*CCNC(=O)C(C)S*,20,2,Linker,--
*C(CO)N(CC(C)C)S(*)(=O)=O,20,2,Linker,--
*C(=O)N(*)CCC(=O)OC,20,2,Linker,--
*CC(CCCCN)NC(=O)C(*)CCCNC(=N)N,20,2,Linker,--
*CC(NS(*)(=O)=O)C(=O)NC(C)C(=O)N*,20,3,Linker,---
*OCCNC(=O)O*,20,2,Linker,--
*CN(CCC(C)C)C(*)=O,20,2,Linker,--
*C(=O)COC(=O)CNC(=O)CNC(*)=O,20,2,Linker,--
*CC(N=[N+]=[N-])C(=O)NC(C*)C(=O)NC(C*)C(=O)NC(CC(C)C)C(*)=O,20,4,Linker,----
*C(=O)NC(C(=O)NC(C(*)=O)C(C)(C)C)C(C)(C)C,20,2,Linker,--
*C(=O)NC(CCC)C(=O)C(=O)NC(*)C,20,2,Linker,--
*NCCCC(C)N*,20,2,Linker,--
*C(=O)NC(=O)N(*)SN(C)C(=O)ON=C(C)SC,20,2,Linker,--
*C=NC(=O)N*,20,2,Linker,--
*CC(*)(O)CN(C)CCCCO*,20,3,Linker,---
*CC(NC(=O)C(CC(C)C)NC(=O)C(NC(=O)CO*)C(C)C)C(*)=O,20,3,Linker,---
*CC(NC(*)=O)C(=O)NC(C*)C(=O)NC(CC(=O)O)C(N)=O,20,3,Linker,---
*CCOC(=*)O,20,2,Linker,-=
*CCN(C*)CCO,20,2,Linker,--
*CNC(=*)CCCCCCCCCCCCCCC,20,2,Linker,-=
*CC(NC(=O)C(N)CCCCN)C(=O)NC(C*)C(=O)NC(C*)C(=O)NC(CC(C)C)C(=O)NC(CC(C)C)C(N)=O,20,3,Linker,---
*C=NNC(=O)C(C)S*,20,2,Linker,--
*NC(=O)S*,20,2,Linker,--
*COC(=O)NC(CC(C)C)C(*)=O,20,2,Linker,--
*CN(*)C(=O)C(C)N(C)S(*)(=O)=O,20,3,Linker,---
*C=C(O*)C(C)=O,20,2,Linker,--
*CCN(CC(*)=O)C(*)=O,20,3,Linker,---
*CN(C(=O)CCC(=O)N*)C(*)C(=O)NC(C)(C)C,20,3,Linker,---
*NC(=O)NCCN(*)CC,20,2,Linker,--
*C(=O)OCCC(*)C,20,2,Linker,--
*CCCOC(=O)NC*,20,2,Linker,--
*CC(CC(=O)O)NC(=O)CCC(*)C,20,2,Linker,--
*CCNC(=O)C(CCCNC(=N)N)NC(=O)C(C*)NC(=O)C(N)CCCNC(=N)N,20,2,Linker,--
*C=C[S+](*)[O-],20,2,Linker,--
*C=CC(*)=NNC(=O)N*,20,3,Linker,---
*NC(=O)C(=O)C(*)C#N,20,2,Linker,--
*CCC(C)=NOC(*)C,20,2,Linker,--
*CCSCC(=O)N*,20,2,Linker,--
*C(NS(*)(=O)=O)C(=CCCC)CCC,20,2,Linker,--
*C(=O)C=C(*)*,20,3,Linker,---
*CS(=O)(=O)C(C)C(=O)N*,20,2,Linker,--
*CCCCCC(O)C*,20,2,Linker,--
*CN(*)C(=O)NC(C)C,20,2,Linker,--
*CC(OC(=O)N*)C(C)C,20,2,Linker,--
*N(CC(=O)NS(*)(=O)=O)S(*)(=O)=O,20,3,Linker,---
*CC(=O)OCC(=O)NNC(*)=O,20,2,Linker,--
*NC(=O)CN(CC)C(=O)CO*,20,2,Linker,--
*CCC(*)S*,20,3,Linker,---
*CCN(C)CCCC(*)(C#N)C(C)C,20,2,Linker,--
*CN(CCOC(C)=O)N=N*,20,2,Linker,--
*CC(NC(*)=O)C(=O)OCC(*)=O,20,3,Linker,---
*OCC(O)CN(*)C,20,2,Linker,--
*CCC(=S)NC*,20,2,Linker,--
*NC(*)P(=O)(OC(C)C)OC(C)C,20,2,Linker,--
*CCO[Si](*)(*)C(C)(C)C,20,3,Linker,---
*NC(=O)C(*)NC(=O)C(C)NC,20,2,Linker,--
*CC(CC(O)C(*)=O)C(=O)N*,20,3,Linker,---
*C(=O)N(*)C(*)C(=O)NC(*)C,20,4,Linker,----
*CSSC*,20,2,Linker,--
*CN(CC)C(=O)CS*,20,2,Linker,--
*CNCC(*)(O)C*,20,3,Linker,---
*NN=C(C#N)C(*)=N,20,2,Linker,--
*COC(=O)C(*)=C,20,2,Linker,--
*CCON=C(C)CC*,20,2,Linker,--
*NN=C(C(C)=O)C(=O)N*,20,2,Linker,--
*CC(C(=O)OC)C(C)NC(*)=O,20,2,Linker,--
*OC(=O)NC(C(*)=O)C(C)C,20,2,Linker,--
*CCCN(C*)C(=O)CN(C)C,20,2,Linker,--
*C=CC(C)=CC=CC(C)=CC(*)=O,20,2,Linker,--
*CCNC(=O)C(=O)NCC*,20,2,Linker,--
*CN(CCCN*)CCCN*,20,3,Linker,---
*C(*)=C(*)C=CC(O)CC(O)CC(=O)O,20,3,Linker,---
*[Te]*,20,2,Linker,--
*C(C)(C)CCC(*)(*)C(N)=O,20,3,Linker,---
*OCC(*)=C,20,2,Linker,--
*CCC(NC(=O)C(CC(=O)NCC(C)(C)C)NC(*)=O)C(=O)N*,20,3,Linker,---
*COC(=O)C(*)(*)O,20,3,Linker,---
*COC(=O)NC(CC(C)C)C(=O)NCCN*,20,2,Linker,--
*C=CC(C)=CC=CC(C)=CC(=O)NC*,20,2,Linker,--
*CC(NC(*)=O)C(O)CN(C*)S(*)(=O)=O,20,4,Linker,----
*CCNC(=O)C(O)C(O)C(*)=O,20,2,Linker,--
*CSCC(=O)C(CC(=O)O)NC(=O)C(*)CC,20,2,Linker,--
*NC(=O)CON=C(*)N,20,2,Linker,--
*NC(=O)CCCCC(C)NCC(O)CO*,20,2,Linker,--
*C=NNC(=O)CN(C*)S(*)(=O)=O,20,3,Linker,---
*C(=O)NC(*)CCC(=O)O,20,2,Linker,--
*C(=O)N(*)CCCCC,20,2,Linker,--
*NC(=O)NC(*)CCO,20,2,Linker,--
*CCN(C*)C(=O)C(O)CO,20,2,Linker,--
*CC(N)C(=O)NC(C*)C(=O)OC,20,2,Linker,--
*NC(S)=NC(C)C(*)*,20,3,Linker,---
*CC(CC(*)=O)C(=O)N*,20,3,Linker,---
*NC(NC(=O)OCC)(C(F)(F)F)C(F)(F)F,20,1,Sub,-
*C(C)CCC=C(C)C=O,20,1,Sub,-
*NNC(=O)OCC,20,1,Sub,-
*OC(C)CN,20,1,Sub,-
*CCC(=O)OCCC,20,1,Sub,-
*OS(=O)(=O)NC(=O)CCCCCCCCCCCCCCC,20,1,Sub,-
*CCOCP(=O)(OCC(F)(F)F)OCC(F)(F)F,20,1,Sub,-
*OC(=O)C=CC(=O)O,20,1,Sub,-
*CCNCCCC,20,1,Sub,-
*COC(=O)CCCCCC,20,1,Sub,-
*C=CCCCCCCCCCC,20,1,Sub,-
*CCCCCC(C)O,20,1,Sub,-
*C(=O)NC(C(=O)C(F)(F)C(=O)NCC(F)(F)F)C(C)C,20,1,Sub,-
*C(=O)NC(C)(C)CS(C)(=O)=O,20,1,Sub,-
*NC(=O)NCCC(C)C,20,1,Sub,-
*CNC(=O)C(CC)CC,20,1,Sub,-
*C(=O)OCCCCCCCCCCCCCC,20,1,Sub,-
*C(=O)C(C)NC(=O)C(C)NC(C)=O,20,1,Sub,-
*CCN(C)C(C)C,20,1,Sub,-
*N(CCCCC)CCCCC,20,1,Sub,-
*N(O)C(=O)NC,20,1,Sub,-
*C(=O)COC(=O)CCCC,20,1,Sub,-
*NCCCCNC(=N)N,20,1,Sub,-
*SCCCCCC(=O)O,20,1,Sub,-
*CNCCCOC,20,1,Sub,-
*NC(=O)CSC(N)=O,20,1,Sub,-
*C=CC(=O)OCCCCO[N+](=O)[O-],20,1,Sub,-
*OCCCCCCCCCCCCCCC,20,1,Sub,-
*C(=O)NC(C)C(O)C=CCCCCCCCCCCCC,20,1,Sub,-
*NC(=O)O,20,1,Sub,-
*CC(=O)C=C(C)C,20,1,Sub,-
*C(=O)NCCCCCCN,20,1,Sub,-
*CCCCCCCO,20,1,Sub,-
*C(=O)CC(SCC(=O)O)C(=O)O,20,1,Sub,-
*SCCNC,20,1,Sub,-
*S(=O)(=O)NC(=O)OCC,20,1,Sub,-
*OCC(CC)CCCC,20,1,Sub,-
*CSCC(O)CO,20,1,Sub,-
*S(=O)(=O)NC(CC)C(F)(F)F,20,1,Sub,-
*OCC(=O)N(C(C)C)C(C)C,20,1,Sub,-
*CC=CCP(=O)(OC)OC,20,1,Sub,-
*C#CCNC(=O)COC,20,1,Sub,-
*NC(=O)NC(CCSC)C(=O)OC,20,1,Sub,-
*CSCC(=O)OC,20,1,Sub,-
*C(=O)C=CC(=O)OCCNC(=O)OC(C)(C)C,20,1,Sub,-
*C(=S)N(C)CC(=O)O,20,1,Sub,-
*COC(=O)NCCCC,20,1,Sub,-
*SCCCCCCN,20,1,Sub,-
*NCCCCCCCN,20,1,Sub,-
*C(=O)NNC(=O)CCCCCCCCCCC,20,1,Sub,-
*C(=O)NCCCNS(C)(=O)=O,20,1,Sub,-
*C(=O)OCCCCCCCCC,20,1,Sub,-
*NC(=O)NC(C(=O)O)C(C)C,20,1,Sub,-
*C(=O)NCCCCCN(O)C(=O)CCC(=O)NCCCCCN(O)C(=O)CCC(=O)NCCCCCN(O)C(C)=O,20,1,Sub,-
*OCCCCCCCCCCCCC,20,1,Sub,-
*=CCCCC,20,1,Sub,=
*SCCCCC(=O)O,20,1,Sub,-
*S(=O)(=O)N(CC(=O)NO)CC(C)C,20,1,Sub,-
*C=CC(=O)NC(C)(C)C,20,1,Sub,-
*NCC#CC,20,1,Sub,-
*C(=O)NC(C)=O,20,1,Sub,-
*C(CC)OC(C)=O,20,1,Sub,-
*CN(C)CC=CCN,20,1,Sub,-
*C(C)C(=O)NC,20,1,Sub,-
*S(=O)(=O)N(C)CCOC,20,1,Sub,-
*C(NC(C)=O)C(CC)CC,20,1,Sub,-
*C(OC(C)=O)C(=O)OC,20,1,Sub,-
*C(=O)NC(C)(C)CSC,20,1,Sub,-
*=NCC(=O)OC,20,1,Sub,=
*CCC(=O)NCC(C)C,20,1,Sub,-
*OCCN(C)C(=O)C=C,20,1,Sub,-
*OOC,20,1,Sub,-
*COC(=O)CN,20,1,Sub,-
*C(=O)NNC(=O)C=CC(=O)O,20,1,Sub,-
*S(=O)(=O)NCCCOCC,20,1,Sub,-
*CCC=C(C)CO,20,1,Sub,-
*C(C)(O)CCCC,20,1,Sub,-
*NCCCC(=O)OCC,20,1,Sub,-
*CN(C)CCCN(C)C,20,1,Sub,-
*C(=O)C(C)OC,20,1,Sub,-
*C(COC)COC,20,1,Sub,-
*C=CC(=O)N(C)O,20,1,Sub,-
*OCCCC(C)CC(=O)O,20,1,Sub,-
*C(C)NC(=O)COC,20,1,Sub,-
*NCC(O)C(F)(F)F,20,1,Sub,-
*C(=O)CCCCC(=O)O,20,1,Sub,-
*C(NC(=O)OC(C)(C)C)C(=O)NO,20,1,Sub,-
*OCCOCCOCCOCCO,20,1,Sub,-
*CNCCNCCO,20,1,Sub,-
*C(C#N)C(=O)O,20,1,Sub,-
*NC(=O)CNCCC,20,1,Sub,-
*=NCCCCCCCCC,20,1,Sub,=
*OCC[Se]C#N,20,1,Sub,-
*C(Cl)=NOC,20,1,Sub,-
*NC(=NC(C)C(C)(C)C)NC#N,20,1,Sub,-
*C=NC,20,1,Sub,-
*SCC(=O)NC(=O)NC(C)(C)C,20,1,Sub,-
*NC(=O)C(N)=O,20,1,Sub,-
*C(S)=NCCCOCC,20,1,Sub,-
*COCCOCCOC,20,1,Sub,-
*C(C)CNS(=O)(=O)C(C)C,20,1,Sub,-
*C(=O)OCCCCO[N+](=O)[O-],20,1,Sub,-
*ON,20,1,Sub,-
*CNC(=O)CC(N)CCCN,20,1,Sub,-
*C=CC=C,20,1,Sub,-
*C(=O)C(C)Cl,20,1,Sub,-
*C(=O)NCC(=O)NC(C)(C)C,20,1,Sub,-
*CC=CCCCC(=O)NS(C)(=O)=O,20,1,Sub,-
*C=CC(C)=CC=CC(C)=CC=O,20,1,Sub,-
*S(=O)(=O)CCN,20,1,Sub,-
*C(=O)C(CSC(=S)N(C)C)CSC(=S)N(C)C,20,1,Sub,-
*OCC(=O)NCC(=O)O,20,1,Sub,-
*CP(=O)(OC(C)C)OC(C)C,20,1,Sub,-
*OC(C)(C)C(=O)OC,20,1,Sub,-
*N(C)C(N)=O,20,1,Sub,-
*NC(=O)NN,20,1,Sub,-
*C(=O)NCCO[N+](=O)[O-],20,1,Sub,-
*N(CC#C)CC#C,20,1,Sub,-
*S(=O)(=O)NCC(=O)OCC,20,1,Sub,-
*NC(=O)OCC(Cl)(Cl)Cl,20,1,Sub,-
*C=C(C)C(CC)=NO,20,1,Sub,-
*c1ccc2c(c1)Sc1cc(*)ccc1C2*,19,3,Ring,---
*N1CCC2(CC1)COC(=*)O2,19,2,Ring,-=
*c1ccc2cncn2c1,19,1,Ring,-
*N1CC2CCC(C2)C1,19,1,Ring,-
*c1oc2c(c1*)-c1[nH]ncc1CC2,19,2,Ring,--
*C1=COC(*)C2C1C(*)CC2(*)*,19,5,Ring,-----
*N1N=C2CCCCN2C1=*,19,2,Ring,-=
*C1CCC2(*)C3CC4OC(=*)C(=*)C4C4(*)CC34CCC12*,19,6,Ring,--==--
*C1=CC(=*)OC1(*)*,19,4,Ring,-=--
*c1ccc2c(c1)CCOC2=*,19,2,Ring,-=
*C1NC(=*)CN1*,19,3,Ring,-=-
*c1cccc2c1CC(*)O2,19,2,Ring,--
*C12C=CC(=*)C(C1)C(=*)C2,19,3,Ring,-==
*c1ccc2c(c1)CCNC2*,19,2,Ring,--
*N1C(=*)CSCC1=*,19,3,Ring,-==
*c1nc2c(n1*)N1CC(*)(*)N=C1N(*)C2=*,19,6,Ring,-----=
*C1NNCc2nc3ccccc3n21,19,1,Ring,-
*C1CCC2C(*)(*)CCCC2(*)C1*,19,5,Ring,-----
*C1=CC2(CCc3cc(*)ccc32)c2ccc(*)cc21,19,3,Ring,---
*N1CC2=NN(*)C(=*)N2C1=*,19,4,Ring,--==
*c1ccc2c(c1)NCC2,19,1,Ring,-
*C1CCCCCCCCCCCCCC1,19,1,Ring,-
*c1ccc2c(c1)Sc1c(*)nc3ccccc3c1C2=*,19,3,Ring,--=
*c1cn2c3c1ccc1c4ccccc4n(c13)CC(*)C2,19,2,Ring,--
*c1cn2c3c(cccc13)OCC2*,19,2,Ring,--
*=c1c2ccccc2c(=*)c2sccc12,19,2,Ring,==
*N1CCCN(*)c2nc3ccccc3nc21,19,2,Ring,--
*c1ccc2c(ncn2*)c1*,19,3,Ring,---
*c1ccc2c(c1)-c1cc(*)c3n1C(=CNC3=*)CN2*,19,4,Ring,--=-
*N1C2CCCCC2N(*)P1(*)=*,19,4,Ring,---=
*N1CCN(*)C2(CC2)C1,19,2,Ring,--
*c1cc2ncccc2cn1,19,1,Ring,-
*c1ccc2c3c1OC1C4(*)CCC5(C(C2)N(*)CCC315)N(*)C4*,19,5,Ring,-----
*C1=CC(*)=C(*)C(=*)C(*)=C1,19,5,Ring,---=-
*C1C(=*)N(*)C2(*)CC1c1ccccc1O2,19,4,Ring,-=--
*c1ccc2c(c1)C1(C(=*)N2)N2CSCC2C(*)C12Cc1ccccc1C2=*,19,4,Ring,-=-=
*c1cc2c3c(cn(*)c3n1)CCN2*,19,3,Ring,---
*N1CCc2c3c(n(*)c2C1)CC(*)(*)CC3=*,19,5,Ring,----=
*C1=COc2cc(*)c3c(c2C1=*)OC(*)(*)C(*)C3,19,6,Ring,--=---
*c1ncc2c(n1)-c1ccccc1OC2,19,1,Ring,-
*C1CCOc2ncsc21,19,1,Ring,-
*N1CC2C(*)(C1)NC(=*)N(*)S2(=*)=*,19,6,Ring,--=-==
*C1CNc2ccccc2O1,19,1,Ring,-
*c1nnc2c3ccccc3n(*)c2c1*,19,3,Ring,---
*N1CC2CC(C1)O2,19,1,Ring,-
*C1=C(*)N2CC3(CN2C1=*)OCCO3,19,3,Ring,--=
*C1CC2CCC3C(CCC4(*)C(*)C(*)CC34)C2(*)CC1*,19,6,Ring,------
*C1CCCn2ncnc21,19,1,Ring,-
*C1=CC2C(CCC3(*)OC3C3C(*)C(*)CC3(*)C1=*)C2(*)*,19,8,Ring,-----=--
*C1(*)C2CC(=*)C(=*)C1C2,19,4,Ring,--==
*C1=Cc2c(ccc3c2OC(=*)C=C3*)OC1=*,19,4,Ring,-=-=
*C1NC(=*)COC1*,19,3,Ring,-=-
*C1=CC(=*)Oc2c1ccc1c2C(=*)C(*)(*)CO1,19,5,Ring,-==--
*C1NC(=*)C(*)NC(=*)C2C(*)CCN2C(=*)CNC1=*,19,7,Ring,-=-=-==
*c1ccc2c(*)cc3ccccc3c2c1,19,2,Ring,--
*c1ccc2c(c1)cc1n2CCC1*,19,2,Ring,--
*C1CCCSC1,19,1,Ring,-
*c1cccc2c1[nH]c1c3ccc4ccn(*)c4c3c3c(=*)[nH]c(=*)c3c21,19,4,Ring,--==
*C1CC2(*)CCC1(*)O2,19,3,Ring,---
*c1nn(*)c2c1C(*)N(*)CC2,19,4,Ring,----
*c1cc2c(n1*)CCN(*)C2,19,3,Ring,---
*c1ccc2cc3n(c2n1)CC(*)(*)CNC3=*,19,4,Ring,---=
*N1Cc2ccccc2OCC1=*,19,2,Ring,-=
*c1cc2c(nc1*)CC(*)(*)OC2,19,4,Ring,----
*C1=C2NC(=*)c3ccccc3N2C(=*)S1,19,3,Ring,-==
*c1ccc2c(c1)CCCC21COc2ccc3cc2N(CC2CCC2C(*)C=CCCN(*)C(=*)CC3(*)*)C1,19,6,Ring,---=--
*c1cccc2c1N(*)CC1Cc3ccccc3C21,19,2,Ring,--
*c1cccc2c1N(*)C1=NC(=*)NC(=*)C1=C2,19,4,Ring,--==
*c1cc(*)c2c(n1)CCC2,19,2,Ring,--
*c1ccc2c(c1)nc(*)c1ccccc12,19,2,Ring,--
*c1cc2cnccc2n1*,19,2,Ring,--
*c1cccc2c1C(=*)c1ccccc1N2*,19,3,Ring,-=-
*C1CN(*)C2(C(=*)N(*)c3ccccc32)C12Cc1ccccc1C2=*,19,5,Ring,--=-=
*C1=C(*)c2c(ccc3c2CCO3)C1,19,2,Ring,--
*C1CC2CCCC1N2*,19,2,Ring,--
*C1=C(*)c2cc(*)c(*)cc2NC1=*,19,5,Ring,----=
*N1c2ccccc2N(*)S(=*)(=*)c2ccccc21,19,4,Ring,--==
*C1CCCCCN1,19,1,Ring,-
*C1CCC2(OC1)OC1CC3C4CCC5CC(*)C(*)CC5(*)C4CCC3(*)C1C2*,19,6,Ring,------
*C1CN(*)NC(=*)N1,19,3,Ring,--=
*c1[nH]c2c(c1*)C(=*)NC(=*)N2*,19,5,Ring,--==-
*c1cnc2nc(*)c(*)cc2c1,19,3,Ring,---
*C1C2=C(CCCC2=*)OC2=C1C(=*)Oc1ccccc12,19,3,Ring,-==
*c1cccc2n[nH]c(*)c12,19,2,Ring,--
*c1ccc2c3c(oc2c1)CN(*)CC3,19,2,Ring,--
*c1nn2c(*)nccc2c1*,19,3,Ring,---
*c1nnnc2c(*)cccc12,19,2,Ring,--
*c1ccc2c(c1)c1nc(*)sc1n2*,19,3,Ring,---
*c1cc(*)c2c(*)ccccc1-2,19,3,Ring,---
*c1ccc2ccc[n+](*)c2c1,19,2,Ring,--
*c1ccc2c(c1)OCCN(*)C2,19,2,Ring,--
*C1NC(=*)CNC(=*)C(*)NC(=*)C(*)NC(=*)C(*)NC(=*)C2CCCN2C(=*)C2CCCN2C(=*)C(*)NC1=*,19,13,Ring,-==-=-=-===-=
*c1cc(*)c2c(c1*)CC(*)OC2=*,19,5,Ring,----=
*C1CC(=*)N2c3ccccc3CC12,19,2,Ring,-=
*C1=Nc2ccccc2CS1,19,1,Ring,-
*c1onc2ccccc12,19,1,Ring,-
*C1C=CN(*)C=C1,19,2,Ring,--
*c1cc2c(=*)c3nccc(*)c3c(=*)c2s1,19,4,Ring,-=-=
*c1c2c(c3nncn3c1*)CN(*)CC2,19,3,Ring,---
*n1c2c(c3ccccc31)C(=*)CN1CCCCC21,19,2,Ring,-=
*c1cncc2c1cnn2*,19,2,Ring,--
*C1CC2(*)C(CCC3C4CCC(*)C4(*)CCC32)CC1=*,19,5,Ring,----=
*C1CCCC2(*)C1=CCC1C3CCC(=*)C3(*)CCC12,19,4,Ring,--=-
*c1cc(*)c2c(c1)CCC2*,19,3,Ring,---
*c1cc2cc3ccccc3nc2s1,19,1,Ring,-
*=C1N=C2SC=CN2C(=*)C1=*,19,3,Ring,===
*c1nc(*)c2c(n1)[nH]c1ccccc12,19,2,Ring,--
*C1=COC2(CCN(*)CC2)C1=*,19,3,Ring,--=
*C1CC2CCCC(C1)C2*,19,2,Ring,--
*c1ccc2c(c1)N(*)CC(=*)N2,19,3,Ring,--=
*c1ncno1,19,1,Ring,-
*C1CC2(CCCCC2)NC2(CCCCC2)C1,19,1,Ring,-
*C1c2ccccc2OCCN1*,19,2,Ring,--
*c1nc2c(s1)CN(*)C2,19,2,Ring,--
*C1CC2=CC(=*)CCC2(*)C2CCC3(*)C(CCC3(*)*)C12,19,6,Ring,-=----
*c1onc2c1CCC2,19,1,Ring,-
*c1cnc(*)c2c1C(=*)NN=C2,19,3,Ring,--=
*c1ccc2c(c1)c1c(n2*)C(=*)N(*)C=N1,19,4,Ring,--=-
*B1c2ccc(*)cc2C=NN1*,19,3,Ring,---
*c1cnc2c(c1)N(*)CCN2,19,2,Ring,--
*c1nc(*)c2c(n1)C(*)CCC2,19,3,Ring,---
*N1C(=*)Nc2ncn(*)c2C1=*,19,4,Ring,-=-=
*c1ccc2c(c1)C1CCCN(*)C1CC2,19,2,Ring,--
*C1=C(*)C2(CCCCCC2)OC1=*,19,3,Ring,--=
*c1sc2c(*)ncnc2c1*,19,3,Ring,---
*c1cccc2c1C1CC2CCN1*,19,2,Ring,--
*c1cc2c(cc1*)SC(*)C2,19,3,Ring,---
*C1=NC(=*)N(*)C(*)=N1,19,4,Ring,-=--
*C1=NC2C(CC(*)C(*)C2*)O1,19,4,Ring,----
*C1CCc2cnn(*)c2C1,19,2,Ring,--
*C1CCC2C(=*)N3C(CCC(*)C3*)C(=*)N2C1*,19,6,Ring,-=--=-
*c1cccc2c1cnc1ncnn12,19,1,Ring,-
*N1C(=*)Oc2ccccc2C1=*,19,3,Ring,-==
*C1CCCC(*)c2cc(ccn2)-c2c(cnn2*)NC1=*,19,4,Ring,---=
*c1cccc2c1N=NN(*)C2=*,19,3,Ring,--=
*C1=CC2=C(CCC2)NC1=*,19,2,Ring,-=
*c1ccc2cc3n(c2c1)CC(*)(*)N(*)C3=*,19,5,Ring,----=
*c1sc(*)[n+](*)c1*,19,4,Ring,----
*c1nc2sc3c(*)ncnc3c2c2c1CCC2,19,2,Ring,--
*C1=NC=CNC1=*,19,2,Ring,-=
*C1=NN(*)C(=*)c2c1cn(*)c2*,19,5,Ring,--=--
*C1C(=*)C=CN(*)C1(*)*,19,5,Ring,-=---
*c1ccc2c(c1)N(*)C1=NC(=*)N(*)C(=*)C1=C2,19,5,Ring,--=-=
*c1c(*)n(*)c2c(=*)c3ncccc3c(=*)c12,19,5,Ring,---==
*c1c(*)c2c(c3c1OCN(*)C3)CCC(*)(*)O2,19,5,Ring,-----
*c1cc2c3c(=*)c4ccccc4c=3n(*)c(=*)c2cc1*,19,5,Ring,-=-=-
*c1nnc2n1CCOCC2,19,1,Ring,-
*c1nc2c(n1*)C(=*)N(*)C1=NCCN12,19,4,Ring,--=-
*C1=CC=CC(=*)O1,19,2,Ring,-=
*C1C2=C(COC2=*)Oc2cc3c(cc21)OCO3,19,2,Ring,-=
*c1cc2c(*)ccc(*)c2s1,19,3,Ring,---
*c1ccc2c(c1)C(*)CN2*,19,3,Ring,---
*c1coc2cc3c(cc12)CCC3,19,1,Ring,-
*c1ccc2c(c1)C=c1c(nc(*)nc1=*)N2*,19,4,Ring,--=-
*c1ncc2c(n1)CCNC2,19,1,Ring,-
*c1c2c(nc3c1C(*)C1=C(CC(*)(*)CC1=*)O3)CCCC2,19,5,Ring,----=
*C1=C(*)N(*)c2nc3c(n2C1=*)C(=*)N(*)CN3*,19,7,Ring,---==--
*C1=Cc2c(cnn2*)C(=*)N1,19,3,Ring,--=
*C1=Cc2c(ccc3ccccc23)OC1,19,1,Ring,-
*C1NCCOc2ccccc2CCCNC(=*)C(*)NC(=*)C2(CCCC2)NC1=*,19,5,Ring,-=-==
*c1ccc2c(c1)CCc1nnnn1-2,19,1,Ring,-
*c1cccc2c1nc1n2C(*)COC1,19,2,Ring,--
*C1n2cncc2CN(*)S1(=*)=*,19,4,Ring,--==
*n1c2ccccc2c2cnccc21,19,1,Ring,-
*c1nc2c(*)nccc2o1,19,2,Ring,--
*c1cccc2c1[n+](*)c1cccc(*)c1[n+]2*,19,4,Ring,----
*c1nnc2c([n+]1*)C(*)(*)OC2(*)*,19,6,Ring,------
*C1=CCCC(*)C(*)C(*)=CC(*)C(*)C(*)CC(*)Cc2c(*)c(=*)cc(c2=*)NC1=*,19,12,Ring,---------===
*c1ccc2n1C1CC3(*)C(NC(=*)N3*)C1NC2=*,19,5,Ring,--=-=
*c1ccc2c(*)cc(*)c(*)c2c1*,19,5,Ring,-----
*B1OC2(*)CCC3CC2(O1)C3(*)*,19,4,Ring,----
*c1oc2c(*)c(*)c(*)c(*)c2c1*,19,6,Ring,------
*N1CCCOC1,19,1,Ring,-
*c1cnc2[nH]c(*)nc2n1,19,2,Ring,--
*c1ncnc2c1Cc1ccccc1N2,19,1,Ring,-
*c1cc2cccc3ccc4cccc1c4c32,19,1,Ring,-
*c1cc(*)c2c(n1)CCN(*)C2,19,3,Ring,---
*c1ccc2c(c1)N(*)C(=*)c1c-2nc(*)n1*,19,5,Ring,--=--
*N1CCC2OCCN(*)C2C1,19,2,Ring,--
*C1CC2CN(*)CC(=*)N2C1,19,3,Ring,--=
*c1ccc2c(c1)C(*)CC(=*)O2,19,3,Ring,--=
*C1CCn2ccnc2C1,19,1,Ring,-
*c1cc2nccc(*)c2[nH]1,19,2,Ring,--
*N1CCC2(CCCCCC2)C1,19,1,Ring,-
*c1ccc2c(c1)NC(=*)c1ccccc1S2,19,2,Ring,-=
*c1sc2c(c1*)C(*)(*)CCC2,19,4,Ring,----
*C1C=CN=CN1,19,1,Ring,-
*C1=NC2=CC(=*)NN2C(*)=C1*,19,4,Ring,-=--
*C1CC=CC(*)N(*)C(=*)C1,19,4,Ring,---=
*c1ccc2c(n1)Oc1c(*)cccc1C2*,19,3,Ring,---
*c1cc(*)c2ccc3[nH]ccc3c2n1,19,2,Ring,--
*c1cc2ccc1CCc1ccc(cc1)CC2,19,1,Ring,-
*C1CCCC(*)N(*)C1=*,19,4,Ring,---=
*c1n[nH]c2c1c(*)nc1ccccc12,19,2,Ring,--
*C1C=C2c3cccc4c3C(CN4)CC2N(*)C1,19,2,Ring,--
*C1=Cc2cccc(*)c2NCc2c(*)cccc21,19,3,Ring,---
*C1=CC(*)CC(*)OC(=*)CC(*)NC(=*)C(*)N(*)C(=*)C(*)NC(=*)C(*)C1,19,12,Ring,---=-=--=-=-
*C1=CC(=*)n2nc(*)nc2N1*,19,4,Ring,-=--
*C1c2cc3c(cc2CCN1*)OCCCO3,19,2,Ring,--
*C1CCC2(*)C(CCC3(*)C2CCC2C4=CC(*)(*)CCC4(*)CCC23*)C1(*)*,19,9,Ring,---------
*c1cc(*)c2c(n1)nn1c(*)cc(*)nc21,19,4,Ring,----
*c1ccc2c(c1)C1(C(=*)N2)C(*)C1*,19,4,Ring,-=--
*C1=NC(=*)c2c(sc(*)c2*)N1,19,4,Ring,-=--
*C1CC(*)C2(*)C13CC(OC(=*)C3*)C1(*)C(=*)OCC12*,19,8,Ring,---=--=-
*c1ccc2oc(*)[n+](*)c2c1,19,3,Ring,---
*c1cc2c(nn1)-c1ccccc1CCC2,19,1,Ring,-
*C1=Cc2cc(*)ccc2CC1,19,2,Ring,--
*C1=CC=CN2C(=*)c3cc(*)ccc3N=C12,19,3,Ring,-=-
*N1CCOC2c3ccccc3OCC21,19,1,Ring,-
*C1(*)CCc2[nH]c3ccccc3c2C1,19,2,Ring,--
*C1CC=C2C(CCC3(*)C(*)CCC23*)C1(*)*,19,6,Ring,------
*C1=CC2C(*)(C1=*)C(*)C1(*)OC1C1C3OC4(*)OC3(*)CC(*)C12O4,19,8,Ring,--=-----
*C1CCC2(CC1)SCC(=*)N2*,19,3,Ring,-=-
*C1(*)Oc2ccccc2C(=*)C1(*)*,19,5,Ring,--=--
*c1ccc2c(c1)Oc1ncn3nc(*)nc3c1C2*,19,3,Ring,---
*C1CC(*)C2(*)C(CC(*)C3(*)C2CCC2(*)C(*)OC(=*)C4OC423)C1(*)*,19,10,Ring,-------=--
*c1ccc2c(c1)CC1(*)c3ccccc3C(=*)N(*)C21,19,4,Ring,--=-
*c1cc2c3ccccc3[nH]c2c2c1[nH]c1ccccc12,19,1,Ring,-
*c1ccc2c(c1*)CCCC(*)C2,19,3,Ring,---
*c1cc2c(c(*)c1*)C(*)CC(=*)O2,19,5,Ring,----=
*c1cc(*)c2ncnn2c1,19,2,Ring,--
*C1c2ccccc2Oc2ncccc21,19,1,Ring,-
*c1ccc2c(c1)C(*)OC(*)C(=*)N2*,19,5,Ring,---=-
*C1=NC2(CCN(*)CC2)N(*)C(*)=N1,19,4,Ring,----
*C1CC2c3ccccc3Cc3ccccc3N2O1,19,1,Ring,-
*c1ncc2c(n1)-n1c(nc3ccccc31)N(*)C2=*,19,3,Ring,--=
*C1=CC2=CC(=*)OC23CC1N1CCCCC13,19,2,Ring,-=
*c1ccc2c(c1)c1c(n2*)C(=*)CCC1,19,3,Ring,--=
*N1CCCCCC1(*)*,19,3,Ring,---
*n1c2cccc3cccc(c32)n2cnnc12,19,1,Ring,-
*c1ccc2c(c1)NC(*)NS2(=*)=*,19,4,Ring,--==
*C1=NC(*)c2nnc(*)n2-c2sc3c(c21)CCN(*)C3,19,4,Ring,----
*C1=NC2=C(C(=*)NC(=*)N2*)C(*)(*)N1,19,6,Ring,-==---
*c1c(*)c(*)c2c(c1*)CC(*)C(*)(*)O2,19,7,Ring,-------
*c1ccc2c(c1)C(*)CN(*)C(=*)C2*,19,5,Ring,---=-
*N1C(=*)C(=*)N2CCC(*)(*)c3cccc1c32,19,5,Ring,-==--
*N1C(=*)N(*)C2C1NC(=*)N2*,19,5,Ring,-=-=-
*c1ccc2c(c1)OCC1C2N2C(=*)CN(*)C(=*)C2(*)C1*,19,6,Ring,-=-=--
*c1cc2c(nc1*)CNC(=*)N2*,19,4,Ring,--=-
*c1nn(*)c2c1Cc1ccccc1-2,19,2,Ring,--
*c1ccc2[nH]c3c(c2c1)CCN1C(=*)N(*)C(=*)C31*,19,5,Ring,-=-=-
*C1=CC(=*)N(*)S(=*)(=*)O1,19,5,Ring,-=-==
*N1C2=C(CCCC2)C(=*)C2=C1CCC2,19,2,Ring,-=
*C12CC3(*)CC1CC3(*)C2,19,3,Ring,---
*c1oc2c(*)c3c(=*)c4ccccc4c(=*)c3c(*)c2c1*,19,6,Ring,--==--
*c1nc2scc(*)c2n2cccc12,19,2,Ring,--
*c1ccc2c(c1)SCC1C(*)OC(=*)N21,19,3,Ring,--=
*C1CCC2(*)CCC3(*)C(CCC4C5(*)Cc6cn(*)nc6C(*)(*)C5CCC43*)C12,19,8,Ring,--------
*N1CCC2(CCNCC2)C1=*,19,2,Ring,-=
*N1CCOC2(CNCCOC2)C1,19,1,Ring,-
*c1nc2c(=*)c(*)c(*)c(=*)c2o1,19,5,Ring,-=--=
*C12CCC(CC1)CN2,19,1,Ring,-
*C1CN2C(=*)Nc3ccccc3C2=N1,19,2,Ring,-=
*c1nc2c(nc1*)-c1ccccc1C2=*,19,3,Ring,--=
*[n+]1csc2ccccc21,19,1,Ring,-
*c1nccc2c1CCN(*)C2,19,2,Ring,--
*c1ccc2c(c1)CC1C(*)OC(=*)N21,19,3,Ring,--=
*C1=Nc2ccccc2NC(=*)C1,19,2,Ring,-=
*C1=CC(*)C2=C(CC(*)(*)CC2=*)N1,19,5,Ring,----=
*c1ccc2c(c1)C(*)CC1C2CCC2(*)C(=*)CCC12,19,4,Ring,---=
*c1ccc2c(c1)S(=*)(=*)c1cc(*)ccc1C2=*,19,5,Ring,-==-=
*c1ccc2c(c1)-c1cccc3c1C(C2)N(*)CC3,19,2,Ring,--
*c1cccc2c1CNCC2,19,1,Ring,-
*C1=Nc2ccccc2C(*)N1,19,2,Ring,--
*C1=Nc2cc(*)ccc2OC1=*,19,3,Ring,--=
*c1ccc2c3c([nH]c2c1*)C1(*)CC2CC(*)C1N(CC3)C2,19,4,Ring,----
*c1nc(*)c2c3c(sc2n1)CCCCCC3,19,2,Ring,--
*c1ccc2c(c1)C(*)C(*)C2*,19,4,Ring,----
*C1CC2C(=*)CC(*)C3C(*)C(=*)OC3C2C1=*,19,6,Ring,-=--==
*c1cc(*)c2c(c1)CCCO2,19,2,Ring,--
*C1C[S+](*)C(*)O1,19,3,Ring,---
*P1(=*)OCCCO1,19,2,Ring,-=
*C1=C(*)C(*)(*)Oc2cc(*)ccc21,19,5,Ring,-----
*C1=Nc2ccccc2Nc2sc(*)cc21,19,2,Ring,--
*c1ccnn2c(*)cnc12,19,2,Ring,--
*C1=CC2CN(C(=*)N2*)C1*,19,4,Ring,-=--
*C1=C(*)S(=*)(=*)OC12C(*)OC(*)C2*,19,7,Ring,--==---
*C1NC(=*)CNC1=*,19,3,Ring,-==
*N1C2CCC1C1CCC2N1*,19,2,Ring,--
*c1nccc2cc3c(cc12)OCO3,19,1,Ring,-
*c1cnc2c(n1)N(*)CC(=*)N2,19,3,Ring,--=
*c1ccc2c(c1)C(*)(*)OC(*)N2,19,4,Ring,----
*c1nc(*)c2c3c(sc2n1)CCCCC3,19,2,Ring,--
*c1ccc2cncnc2c1,19,1,Ring,-
*C1=CC(*)=C2c3cnccc3CCCN2C1=*,19,3,Ring,--=
*c1cc2n(c1)CCCN(*)C2=*,19,3,Ring,--=
*C1CC2CNCC1C2,19,1,Ring,-
*c1nc2cc(*)c(*)[nH]c-2n1,19,3,Ring,---
*C1=Nc2ccccc2NC(=*)C1*,19,3,Ring,-=-
*C1CCCN(*)CC1=*,19,3,Ring,--=
*c1ccc2c(c1)OC1(CCCC1)O2,19,1,Ring,-
*c1nc2c(*)nc3ccccc3c2s1,19,2,Ring,--
*c1nc2c(c(*)c1*)CC(*)CC2,19,4,Ring,----
*C1=NCCC1=*,19,2,Ring,-=
*C1=Nc2cnn(*)c2NC(=*)C1,19,3,Ring,--=
*c1ccc2c(c1*)C(*)NC(*)C2,19,4,Ring,----
*C1=CCC2C(=*)C(=*)OC2CC(*)=CCC1,19,4,Ring,-==-
*C1=Nc2[nH]ncc2C(=*)S1,19,2,Ring,-=
*N1CCC2=C(C1)C(=*)CCS2,19,2,Ring,-=
*c1ccc(*)c2c1NC(*)C1CC=CC21,19,3,Ring,---
*c1cc(*)c2c(c1)C(=*)NC(*)C(=*)NC(*)C(=*)NC(*)CCO2,19,8,Ring,--=-=-=-
*C1=NN(*)C(=*)c2ncn3nc(*)cc3c21,19,4,Ring,--=-
*C1CC(=*)Nc2c1ncn2*,19,3,Ring,-=-
*c1ccc2c(c1)C1(NC(*)N(*)C1=*)C1(CCC(*)CC1)C2,19,5,Ring,---=-
*c1cc2c(=*)c3cc(*)c(*)c(*)c3c(=*)c2c(*)c1*,19,8,Ring,-=---=--
*c1cc2c(cc1*)C1CCC3(*)C(*)C(*)CC3C1CC2,19,5,Ring,-----
*c1ccc2c3ncc(*)cc3n(*)c2c1,19,3,Ring,---
*c1cc2c(c(*)c1*)C(*)C(=*)C2=*,19,6,Ring,----==
*c1ncn2ncnc2c1*,19,2,Ring,--
*c1ccc2c(c1*)CC(*)N(*)C2,19,4,Ring,----
*c1nn2c(*)c3c(nc2c1*)CCCC3,19,3,Ring,---
*C1CC(=*)c2ccccc2C1,19,2,Ring,-=
*=C1CCCCCC1=*,19,2,Ring,==
*C1=NC(*)(*)NC1=*,19,4,Ring,---=
*C1=Nc2ccc(*)cc2N(*)C1*,19,4,Ring,----
*C1=[N+](*)C(*)C(*)(*)C1,19,5,Ring,-----
*C1=CC(=*)Nc2c(*)cc(*)cc21,19,4,Ring,-=--
*c1cc2c(c(*)c1*)C(=*)C=C1C2(*)CCC2(*)C3CC(*)(*)CCC3(*)CCC12*,19,10,Ring,---=------
*C1CC2(CCNCC2)CN1,19,1,Ring,-
*C1CC(=*)N(*)C2=C1C(=*)OC2,19,4,Ring,-=-=
*C1=Nc2ccccc2N=C(*)C1=*,19,3,Ring,--=
*c1nnc2n1CCN(*)C2=*,19,3,Ring,--=
*N1CCN2C(=*)N(*)N=C2C1,19,3,Ring,-=-
*C1=C(*)C(=*)c2cccc(*)c2N1,19,4,Ring,--=-
*c1oc2c(c1*)c(*)c(*)c1ncccc12,19,4,Ring,----
*c1ccc2c(c1*)N(*)C(=*)c1ncoc1-2,19,4,Ring,---=
*C1=C2N(*)CCN2C(*)CC1,19,3,Ring,---
*CC=CC(SC*)C(O)CCCC(=O)O,19,2,Linker,--
*CC(=O)NC(*)(C)C#N,19,2,Linker,--
*C(=O)NC(*)CCN,19,2,Linker,--
*CC(NC(=O)C(NC(*)=O)C(C)C)C(=O)O,19,2,Linker,--
*COC(=O)NC(CC(=O)O)C(=O)CO*,19,2,Linker,--
*C(=O)NC(*)CCCC,19,2,Linker,--
*C=NNC(=O)CC(=O)NC*,19,2,Linker,--
*CC(O)(CC(*)(C)C)C(=O)N*,19,3,Linker,---
*NC(=O)NCC(=O)N(*)C,19,2,Linker,--
*OCCOC(=O)C(*)C,19,2,Linker,--
*CC(N)C(O)CC(C(=O)N*)C(C)C,19,2,Linker,--
*NC(=O)C(C)CS*,19,2,Linker,--
*CC(C)=NN*,19,2,Linker,--
*OCC(=O)NC(C(=O)NC(CC(=O)O)C(=O)CS*)C(C)C,19,2,Linker,--
*NC(=O)CCCCCCNC(*)=O,19,2,Linker,--
*CNC(=O)C(CCCCCC(=O)NO)NC(*)=O,19,2,Linker,--
*CNC(=O)C(C)(C)O*,19,2,Linker,--
*C=C(C)C=NNC(=O)C*,19,2,Linker,--
*CC(=O)N(C*)CCC,19,2,Linker,--
*CCCCCCS*,19,2,Linker,--
*CC(NS(*)(=O)=O)C(=O)NO,19,2,Linker,--
*COC(=O)NC(*)C(=O)N*,19,3,Linker,---
*C=C(NC(*)=O)C(=O)NCCO,19,2,Linker,--
*CNCCOCCO*,19,2,Linker,--
*CC(*)NCCCC(=O)O,19,2,Linker,--
*CC(NC(=O)C(*)=O)C(=O)OCC,19,2,Linker,--
*CCCC(C)=CC=CC(C)CCC=C(C)C*,19,2,Linker,--
*C(=O)NCCC(=O)NNC(*)=O,19,2,Linker,--
*CC(OC(*)=O)C(*)=O,19,3,Linker,---
*C(C)(C)CNS(*)(=O)=O,19,2,Linker,--
*CC(=O)NC(CC(C)C)C(=O)N*,19,2,Linker,--
*CN(CC)C(=O)C(*)=O,19,2,Linker,--
*C(C)ON=*,19,2,Linker,-=
*CC(=O)NCCCCNC(*)=O,19,2,Linker,--
*NC(=O)CN(CCC)CC(=O)N*,19,2,Linker,--
*CCC(=O)NCCN*,19,2,Linker,--
*CNCC(=O)NC*,19,2,Linker,--
*CN(C*)CC(*)O,19,3,Linker,---
*C=NNC(=O)CNS(*)(=O)=O,19,2,Linker,--
*CC(=O)NC(*)(C)C,19,2,Linker,--
*C=NN(C*)C*,19,3,Linker,---
*C=C(NC(*)=O)C(=O)NN,19,2,Linker,--
*CCNCCS(=O)(=O)CCCOCC*,19,2,Linker,--
*CCOC(=O)CNC(*)=O,19,2,Linker,--
*CNC(=O)NC(*)C*,19,3,Linker,---
*C(=O)CC(C)NC(*)=O,19,2,Linker,--
*CCON=C(*)C,19,2,Linker,--
*N(*)C(=O)C(C)C,19,2,Linker,--
*CC(=O)N(C*)C(*)C(=O)NC(C)(C)C,19,3,Linker,---
*CN(C)CCCN*,19,2,Linker,--
*C(=O)OC(*)(C)C,19,2,Linker,--
*C(=O)OC(*)C(N)=O,19,2,Linker,--
*NCCNCC(*)O,19,2,Linker,--
*CC(NC(=O)C(CCCN=C(N)N)NC(*)=O)C(N)=O,19,2,Linker,--
*N(*)C(=O)CCC,19,2,Linker,--
*CCC(=O)NCC(*)NC(=O)C(N)C(C)O,19,2,Linker,--
*CC=NN=*,19,2,Linker,-=
*CNC(=S)SCCC(*)=O,19,2,Linker,--
*CS(=O)(=O)C(*)C,19,2,Linker,--
*N(*)C(=O)OCC,19,2,Linker,--
*C(=O)N(*)CCC#N,19,2,Linker,--
*C#CC(C*)CCC(N)C(=O)O,19,2,Linker,--
*CN(CCCC)C(*)CC(=O)O,19,2,Linker,--
*CC(*)CO*,19,3,Linker,---
*C=CC(=O)OCC(*)O,19,2,Linker,--
*CCCCC(=O)CC*,19,2,Linker,--
*C(=O)N(*)C(*)=S,19,3,Linker,---
*C(=O)NCC(*)C(=O)O,19,2,Linker,--
*COCCCN*,19,2,Linker,--
*OC(*)CC=C(C)C,19,2,Linker,--
*CCNC(=O)C(C)NC(*)=O,19,2,Linker,--
*C(=O)NC(C)C(=O)NC(*)C,19,2,Linker,--
*CC(*)C(=O)NO,19,2,Linker,--
*CCCCOC(=O)C*,19,2,Linker,--
*CCN(C)CC(=O)N*,19,2,Linker,--
*CNCCNS(*)(=O)=O,19,2,Linker,--
*NCCCS*,19,2,Linker,--
*C(=O)C(CO)NS(*)(=O)=O,19,2,Linker,--
*C#CCC(NS(*)(=O)=O)C(=O)N(*)C,19,3,Linker,---
*CN(C(=O)N*)C(*)C,19,3,Linker,---
*CCCCC[P+](*)(*)*,19,4,Linker,----
*C#CC(*)O*,19,3,Linker,---
*CC(=O)NC(*)C(=O)NO,19,2,Linker,--
*C=NOCCCC*,19,2,Linker,--
*CCOC(=O)NC(N*)C(Cl)(Cl)Cl,19,2,Linker,--
*C(=S)NNC(=*)C,19,2,Linker,-=
*OCC(=O)NCC(NC(*)=O)C(=O)O,19,2,Linker,--
*CN(C*)CCCO,19,2,Linker,--
*COC(=O)NC(C*)P(=O)(O*)O*,19,4,Linker,----
*NC(=O)NC(C)C(*)*,19,3,Linker,---
*N(*)C(=O)C=C,19,2,Linker,--
*C(=O)NCCCCNCCCNC(*)=O,19,2,Linker,--
*NCCNC=*,19,2,Linker,-=
*COC(C(=O)N*)C(O)C(O)C(OC*)C(=O)N*,19,4,Linker,----
*CCNC(=O)CN(C)C*,19,2,Linker,--
*C(CC)CNS(*)(=O)=O,19,2,Linker,--
*OC(=O)C(O)C(NC(*)=O)C(C)(C)C,19,2,Linker,--
*OC(=O)CNC(=S)NC(*)=O,19,2,Linker,--
*C=CC(=O)N(*)CCN(C)C,19,2,Linker,--
*CCC(NC(*)=O)C(*)=O,19,3,Linker,---
*CC(NC(=O)CNC(=O)C(C*)NC(*)=O)C(=O)O,19,3,Linker,---
*C=CC(=O)NCCSC*,19,2,Linker,--
*CCCN(C)CCO*,19,2,Linker,--
*CCN(*)CC*,19,3,Linker,---
*C(=*)C(=O)OC,19,2,Linker,-=
*CC(*)(O)C(*)O,19,3,Linker,---
*C(C)CCC(*)OC,19,2,Linker,--
*NC(=O)CSC(C)C(=O)N*,19,2,Linker,--
*OCC(C)CCC(=O)C(*)C,19,2,Linker,--
*C(=O)OCC(=O)N(*)*,19,3,Linker,---
*[Si](*)(CC)CC,19,2,Linker,--
*N(C)CCN(*)C,19,2,Linker,--
*N=C(S)N(*)C,19,2,Linker,--
*NN=C(C)CO*,19,2,Linker,--
*CNP(=O)(OC*)OC*,19,3,Linker,---
*CCCC(*)NC(*)=O,19,3,Linker,---
*OCC=C(*)C,19,2,Linker,--
*C(*)=C(*)CCCC,19,3,Linker,---
*CN(C*)CCS*,19,3,Linker,---
*COC(=O)NC(CC(C)C)P(=O)(O*)O*,19,3,Linker,---
*NC(=O)NC=*,19,2,Linker,-=
*CCCCCCCC(*)=O,19,2,Linker,--
*CC(CO)NS(*)(=O)=O,19,2,Linker,--
*CNC(C(=O)N*)C(O)C(C*)NC(=O)C(NC(=O)OC*)C(C)(C)C,19,4,Linker,----
*CC(CO)CN*,19,2,Linker,--
*CCNC(=S)NC*,19,2,Linker,--
*OCS*,19,2,Linker,--
*OCC(=O)NC(*)P(=O)(OCC)OCC,19,2,Linker,--
*CC(CCC)C(*)=O,19,2,Linker,--
*C(=O)NNC(=O)C(CCSC)NC(*)=O,19,2,Linker,--
*NS(=O)(=O)NS(=O)(=O)N*,19,2,Linker,--
*NC(=O)C(COC)NC(*)=O,19,2,Linker,--
*N(*)C=O,19,2,Linker,--
*SCCOC(*)=O,19,2,Linker,--
*CC(NC(*)=O)C(O)CNC(C)(C)CCCC(C)C,19,2,Linker,--
*OC(=O)C(=*)CCC=C(C)C,19,2,Linker,-=
*OCC(O)CNCCC(*)*,19,3,Linker,---
*CCCOCCC*,19,2,Linker,--
*NCCCCC(*)=O,19,2,Linker,--
*C=CC(=O)OC(C(=O)O)C(OC(=O)C=C*)C(=O)O,19,2,Linker,--
*CCN(*)C(S)=N*,19,3,Linker,---
*CC(C)(C)CNC(*)=O,19,2,Linker,--
*OCCOC(=O)CNC(*)=O,19,2,Linker,--
*N(C)C(=*)S,19,2,Linker,-=
*C(*)C(*)*,19,4,Linker,----
*C(=O)CC(*)SC(=S)N(CC)CC,19,2,Linker,--
*C(*)C(C)NS(*)(=O)=O,19,3,Linker,---
*OC(=*)O,19,2,Linker,-=
*CN(CC)CCCCNC(*)=O,19,2,Linker,--
*CCCN(C)CCCN*,19,2,Linker,--
*CC(=O)OCC(=O)NC(*)=O,19,2,Linker,--
*CCN(C(C(=O)NO)C(C)C)S(*)(=O)=O,19,2,Linker,--
*CCNC(=O)CCSC*,19,2,Linker,--
*COC(=O)NC(C*)C(=O)NC(C*)C(=O)NC(C*)C(=O)O,19,4,Linker,----
*CC(C(*)=O)C(=O)NO,19,2,Linker,--
*CCC(=O)NC(C*)C(=O)OC,19,2,Linker,--
*CCCC(=O)NNC(*)=O,19,2,Linker,--
*CC(NC(C)=O)C(=O)NCCCCO*,19,2,Linker,--
*CCC(=O)NC(C)CC*,19,2,Linker,--
*C(=O)C(N)CCC(=O)O,19,1,Sub,-
*COC(=O)C(=C)C,19,1,Sub,-
*OCC(=O)NCCCOC,19,1,Sub,-
*NC(=O)C(CC(C)C)NC(=O)OC(C)(C)C,19,1,Sub,-
*OCCN(CCCC)CCCC,19,1,Sub,-
*OC(=O)CC(C)(O)CC(=O)O,19,1,Sub,-
*CC(=O)NC(CCSC)C(=O)O,19,1,Sub,-
*=NOCC(O)CNC(C)C,19,1,Sub,=
*C=NNC(=S)N(C)C,19,1,Sub,-
*CC(NC(=O)C(CCC(=O)O)NC(=O)C(CC(=O)O)NC(=O)C(C)NC(=O)C(CC(=O)O)NC(C)=O)C(=O)NC(CC(C)C)C(N)=O,19,1,Sub,-
*CC(NC(=O)C(S)C(C)CC)C(=O)O,19,1,Sub,-
*C(=O)NC(C)C#N,19,1,Sub,-
*NC(=O)P(=O)(O)O,19,1,Sub,-
*SCC(=O)OCCCC,19,1,Sub,-
*CC(NC(=O)C(N)CCCNC(=N)N)C(=O)NC(CCCNC(=N)N)C(N)=O,19,1,Sub,-
*CC(NC(=O)OC(C)(C)C)C(=O)OC,19,1,Sub,-
*C(=O)NCC(=O)NN,19,1,Sub,-
*CCCCCCCCCC=CCCCCCC,19,1,Sub,-
*NC(=O)C(C)NC(=O)C(CCCNC(=N)N)NC(C)=O,19,1,Sub,-
*NC(=O)NCCF,19,1,Sub,-
*C(=O)N(CCCCCC)CCCCCC,19,1,Sub,-
*OCCC[18F],19,1,Sub,-
*[PH](=O)O,19,1,Sub,-
*NC(=NC(C)(C)C)NC#N,19,1,Sub,-
*S(=N)(=O)CC,19,1,Sub,-
*NC(=O)NC(C)(C(F)(F)F)C(F)(F)F,19,1,Sub,-
*C(=O)OCC(=C)C(=O)OC,19,1,Sub,-
*C(C)CCC(F)(F)C(C)(C)O,19,1,Sub,-
*NN=C(CC)CC,19,1,Sub,-
*N(C)S(=O)(=O)N(C)C,19,1,Sub,-
*NN=C(C#N)C(=O)OCC,19,1,Sub,-
*C(C)NC(=O)CC#N,19,1,Sub,-
*SN,19,1,Sub,-
*SCC(=O)NC(=O)NC(C)C,19,1,Sub,-
*CCCCCCCC=CCCCCCC,19,1,Sub,-
*CCC(=CCO)CO,19,1,Sub,-
*CC(=O)NC(=O)OC,19,1,Sub,-
*=NNC(=S)NCC=C,19,1,Sub,=
*N(CCCC)C(C)=O,19,1,Sub,-
*NC(=O)CC=C,19,1,Sub,-
*C(F)P(=O)(O)O,19,1,Sub,-
*COCCCO,19,1,Sub,-
*S(=O)(=O)NC(C)(C)CC,19,1,Sub,-
*OCC(C)N(C)C,19,1,Sub,-
*CC=CCNC(=O)C(N)C(C)O,19,1,Sub,-
*COC(=O)CCCC=CCC=CCC=CCC=CCCCCC,19,1,Sub,-
*=CN,19,1,Sub,=
*C(C)CC(O)C=C(C)C,19,1,Sub,-
*C(NC(=O)C(C)(C)C)C(=O)NO,19,1,Sub,-
*C[18F],19,1,Sub,-
*C(=O)OCOC(=O)C(C)C,19,1,Sub,-
*C(=O)NC(CC(C)C)C(=O)NC,19,1,Sub,-
*NC(=O)CN(CC(=O)O)CC(=O)O,19,1,Sub,-
*C(O)C#C,19,1,Sub,-
*C(C)CC(=O)CC(C)C(=O)OC,19,1,Sub,-
*C(=O)NS(=O)(=O)C(F)(F)F,19,1,Sub,-
*C(C)C(=O)NC(C)(C)C,19,1,Sub,-
*CNCCOCCO,19,1,Sub,-
*NCC(=O)OC(C)(C)C,19,1,Sub,-
*CC(NC(=O)C(CCCNC(=N)N)NC(=O)CNC(=O)C(NC(=O)C(CC(C)C)NC(=O)C(N)CO)C(C)CC)C(=O)NC(C(N)=O)C(C)CC,19,1,Sub,-
*CC=C(C)C=O,19,1,Sub,-
*C=S,19,1,Sub,-
*C(=O)C=CC(=O)N(C)CC,19,1,Sub,-
*C(=O)N(C)CCN,19,1,Sub,-
*CCCNCCCCNCCCN,19,1,Sub,-
*CC(C)N(C)CC(=O)O,19,1,Sub,-
*=NC(C)CCCN(CC)CC,19,1,Sub,=
*NC(=O)CC(O)CCCCCCCCCCC,19,1,Sub,-
*OCC(C)NC(C)=O,19,1,Sub,-
*NC(=O)CC(C)(C)O,19,1,Sub,-
*CCCC(C)(C)C,19,1,Sub,-
*C(=O)CCCO,19,1,Sub,-
*S(=O)(=O)NCC#N,19,1,Sub,-
*C(=O)NC(C(N)=O)C(C)CC,19,1,Sub,-
*NC(=O)NCCC(=O)O,19,1,Sub,-
*CCOC(=O)NCCCCO,19,1,Sub,-
*C(O)=CC(=O)C(=O)OC,19,1,Sub,-
*CC=NN,19,1,Sub,-
*NC(=O)NCCC(C)(C)C,19,1,Sub,-
*C(=O)COCC(F)(F)F,19,1,Sub,-
*C(C)CSC,19,1,Sub,-
*C([3H])([3H])[3H],19,1,Sub,-
*=CCl,19,1,Sub,=
*C(=O)OC=C,19,1,Sub,-
*C(=O)C=NO,19,1,Sub,-
*NCC(=O)NCC(F)(F)F,19,1,Sub,-
*NCCCCCN(C)C,19,1,Sub,-
*N(C)CCF,19,1,Sub,-
*C(=O)CCC(=O)N(C)C,19,1,Sub,-
*NCC(OC)OC,19,1,Sub,-
*CC(C)(CC)C(=O)O,19,1,Sub,-
*CSCCCCCCCC,19,1,Sub,-
*C=C(C#N)C(=O)NCCC,19,1,Sub,-
*C(=O)NS(=O)(=O)CCCC=C,19,1,Sub,-
*C(=O)CC(C)C(=O)O,19,1,Sub,-
*C(=O)NCP(=O)(O)O,19,1,Sub,-
*NC(=O)NC(C(=O)OC)C(C)C,19,1,Sub,-
*=CC=CC(C)(C)O,19,1,Sub,=
*C(=O)CCC(N)=O,19,1,Sub,-
*CCCCC(F)(F)F,19,1,Sub,-
*C(O)C(=C)C(=O)OCC,19,1,Sub,-
*C=[N+]([O-])C(C)(C)P(=O)(OCC)OCC,19,1,Sub,-
*C(=O)NCC(OCC)OCC,19,1,Sub,-
*OC(=O)CI,19,1,Sub,-
*C(=O)NCCCSCCC,19,1,Sub,-
*CC(NC(=O)C(C=CCCCCCCC(=O)CCCCCCC)C(O)(CC(=O)O)C(=O)O)C(=O)O,19,1,Sub,-
*C(=O)C(C#N)=CC(C)C,19,1,Sub,-
*OC(=O)C(C)=CC(C)CCCC,19,1,Sub,-
*C(=NO)NCC(C)C,19,1,Sub,-
*NC=C(C#N)C#N,19,1,Sub,-
*S(=O)(=O)CC(=O)NO,19,1,Sub,-
*C(=O)C=CC(=O)N(CCC)CCC,19,1,Sub,-
*NC(=O)CN(C)S(C)(=O)=O,19,1,Sub,-
*C(=O)N(C)CC#N,19,1,Sub,-
*C(=O)N(CCC#N)CCC#N,19,1,Sub,-
*S(=O)(=O)N(C)CC(N)=O,19,1,Sub,-
*S(=O)(=O)NC(C)COC,19,1,Sub,-
*C(=O)NC(=O)NC,19,1,Sub,-
*C=CC(=O)NS(=O)(=O)CCCCC,19,1,Sub,-
*CNCCCCO,19,1,Sub,-
*CNC(C)=S,19,1,Sub,-
*C(C)N(O)C(C)=O,19,1,Sub,-
*SCC(=O)NC(=O)NC,19,1,Sub,-
*CNC(=O)NCCC,19,1,Sub,-
*NC(=O)C(NC(=O)OC(C)(C)C)C(C)(C)C,19,1,Sub,-
*OC(=O)NCCN(C)C,19,1,Sub,-
*S(=O)(=O)N(C)CC(=O)O,19,1,Sub,-
*CNC(=O)C(C)(C)F,19,1,Sub,-
*C(C)NC(=O)NCC,19,1,Sub,-
*C(C)CCC=C(C)CO,19,1,Sub,-
*N(CC(C)C)NC(=O)OC(C)(C)C,19,1,Sub,-
*C(=O)NCC=CC(=O)OC,19,1,Sub,-
*[B-](F)(F)F,19,1,Sub,-
*C(=C)COC(C)=O,19,1,Sub,-
*NC(=O)CCCCCCCC(=O)NO,19,1,Sub,-
*CC(=O)NC(=O)NC,19,1,Sub,-
*C(=O)OCC(=O)NCCCC,19,1,Sub,-
*C(CC(C)C)NC(=O)OC(C)(C)C,19,1,Sub,-
*CC(=NO)C(=O)NCCS,19,1,Sub,-
*CS(C)(=O)=NC#N,19,1,Sub,-
*CC(O)CN,19,1,Sub,-
*C(C)C(=O)NS(C)(=O)=O,19,1,Sub,-
*C(=O)OCC(=O)NC(N)=O,19,1,Sub,-
*NC(=O)N(C)CC,19,1,Sub,-
*OCCNC(=N)N,19,1,Sub,-
*C=C(C#N)C(=O)NCC,19,1,Sub,-
*C(C)(C)C(=O)NC,19,1,Sub,-
*CC(=O)N(C)CCC#N,19,1,Sub,-
*N(C)S(=O)(=O)C(F)(F)F,19,1,Sub,-
*CCCCNC(C)=S,19,1,Sub,-
*CN(CC(=O)O)CC(=O)O,19,1,Sub,-
*CNC(=O)CBr,19,1,Sub,-
*NC(=O)NOCCCCCC(=O)NO,19,1,Sub,-
*OC(=O)NCCCCC,19,1,Sub,-
*C(=O)CCCC#C,19,1,Sub,-
*OCCCP(=O)(O)O,19,1,Sub,-
*C(C)C(CC)OC,19,1,Sub,-
*COCCCCCCCCCCCCCCCCCC,19,1,Sub,-
*S(=O)(=O)N(CCC(C)C)C(C(=O)NO)C(C)C,19,1,Sub,-
*=NNC(C)=O,19,1,Sub,=
*NC(=O)C(OC)C(O)C(O)C(O)C=CC(C)C,19,1,Sub,-
*C(=N)NCCCC,19,1,Sub,-
*c1cn2c(n1)-c1cc(*)c(*)cc1C1CC2C1,18,3,Ring,---
*N1N=C2c3c(sc4c3CCCC4)N=CN2C1=*,18,2,Ring,-=
*c1nc(*)c2c(c1*)COC(*)O2,18,4,Ring,----
*C1=CC(*)(*)N(*)C1,18,4,Ring,----
*C1CN(*)CCC12CCN(*)C2=*,18,4,Ring,---=
*C1CCCC2OCCC12,18,1,Ring,-
*c1[se]c2ccccc2c1*,18,2,Ring,--
*c1ccc2nc3cccc(*)c3nc2c1,18,2,Ring,--
*C1C(*)C2(*)C(CC1(*)*)C1=CCC3C4(*)CCC(*)C(*)(*)C4CCC3(*)C1(*)C(*)C2*,18,13,Ring,-------------
*N1CCc2c(sc3c2CCCC3)C1=*,18,2,Ring,-=
*c1ncc2c(n1)-c1c(cc(*)n1*)CCC2,18,3,Ring,---
*c1ccc2c(c1)C1(CCN(*)CC1)C(*)N2*,18,4,Ring,----
*c1noc2c1COCC2,18,1,Ring,-
*C12C=CC(=*)OC1O2,18,2,Ring,-=
*c1cn2nccc2c(*)n1,18,2,Ring,--
*C1OP(*)(=*)C(*)C2OC(*)(*)OC12,18,6,Ring,--=---
*N1CCOC2(CCOCC2)C1,18,1,Ring,-
*C1CC(*)(*)C(=*)C2(*)C(*)CC3C(*)(*)C(*)C(*)C(*)C3(*)C12,18,12,Ring,---=--------
*n1ncc2c1C=C1CCC(*)(*)C1(*)C2,18,4,Ring,----
*c1cc(*)c2c(c1)CC(*)(*)CN2,18,4,Ring,----
*C1=CCC1,18,1,Ring,-
*c1ccc2c(c1)C(*)C1CCCNC21,18,2,Ring,--
*c1ccc2c(c1*)C(=*)NC2,18,3,Ring,--=
*c1c2c(nn1*)CCCC2=*,18,3,Ring,--=
*C1OCC23C(CCC(*)(*)C12)OC(=*)C12C(=*)C(=*)C(CCC13)C2*,18,7,Ring,---===-
*c1cc2cnnc(*)c2cc1*,18,3,Ring,---
*C1N=CC=N1,18,1,Ring,-
*C1CCC2(CCCCO2)OC1*,18,2,Ring,--
*c1cc2c(*)cc(*)n2c1=*,18,4,Ring,---=
*c1ccc2c(c1)C1(*)CC(C2)N(*)CC1*,18,4,Ring,----
*c1cc2c(s1)-c1ccccc1CC2,18,1,Ring,-
*c1ccc2[nH]c3c(*)cnc(*)c3c2c1,18,3,Ring,---
*c1ccc2c(c1)OC1=C(C(=*)N(*)C=N1)C2*,18,4,Ring,-=--
*C1=C(*)C(*)C2=C(O1)C(=*)CCC2,18,4,Ring,---=
*c1cc(*)c2c(cnc3ccccc32)n1,18,2,Ring,--
*N1C(=*)C(=*)C1(*)*,18,5,Ring,-==--
*c1cc2nccc(*)c2c(*)c1*,18,4,Ring,----
*c1n[nH]c2c1C(*)C1=C(NC(=*)NC1=*)O2,18,4,Ring,--==
*c1n[n+](*)c2cc3c(cc2[n+]1*)CCC3,18,3,Ring,---
*C1C2CCCC1CN(*)C2,18,2,Ring,--
*c1cc2c(c(*)c1*)C(=*)C(=*)CO2,18,5,Ring,---==
*c1cc2c(cc1*)S(=*)(=*)C(*)C2,18,5,Ring,--==-
*c1ccc2[nH]cnc2c1*,18,2,Ring,--
*c1ccc2c(c1)-n1nc(*)cc1C(*)CO2,18,3,Ring,---
*C12CCC(CC1)CC2,18,1,Ring,-
*N1CC2CC3CC(C2)CC1C3,18,1,Ring,-
*C1CC2(*)C(=*)CCC2C2=C1C1(*)c3c(coc3C2=*)C(=*)OC1*,18,7,Ring,--=-==-
*c1cc2c(cc1*)C(=*)OC2,18,3,Ring,--=
*c1c2c(nn1*)CCNCC2,18,2,Ring,--
*C1=Nc2ccccc2SC(*)C1=*,18,3,Ring,--=
*c1nc(*)c2c(n1)C(*)(*)N(*)C2,18,5,Ring,-----
*C1=C(*)c2ccc(*)cc2C(=*)N1,18,4,Ring,---=
*c1ccc2c(c1)N(*)c1ccccc1C2=*,18,3,Ring,--=
*c1cc(*)c2c(c1)C(=*)NC(*)C(=*)NC(*)C(=*)NC(*)CCCN2,18,8,Ring,--=-=-=-
*c1cc2c(c(*)c1*)N(*)C=c1c-2nn(*)c1=*,18,6,Ring,-----=
*C1=CN2C(=NC1=*)OC1C(*)C(*)OC12,18,4,Ring,-=--
*c1ccc2c(c1)-c1c(*)cnc3[nH]c(*)c(c13)CN2*,18,4,Ring,----
*c1[nH]c2c(c1*)C(=*)N(*)C(=*)N2*,18,6,Ring,--=-=-
*C1c2ccccc2N(*)C1*,18,3,Ring,---
*N1CCCC12CCCCC2,18,1,Ring,-
*c1cccc2c1Oc1ccccc1C2*,18,2,Ring,--
*C1=C2C(=*)N(*)N(*)C2=CC(=*)N1*,18,6,Ring,-=--=-
*c1cc2c3c(c4cc(*)c(*)cc4c2cc1*)C(*)CC(=*)N3,18,6,Ring,-----=
*c1ccc(*)c2c1OCCO2,18,2,Ring,--
*C1COC(=*)C(*)C(*)C(*)OC1=*,18,6,Ring,-=---=
*c1ccc2[nH]c3c(c2c1)CC(*)C3,18,2,Ring,--
*C1CC(*)N1,18,2,Ring,--
*c1c(*)c2c3c(c1*)C(*)CC(*)C3CCC2*,18,6,Ring,------
*C1CC(*)C2(*)C(CCCC23CO3)C1(*)*,18,5,Ring,-----
*c1cccc2c1CC(*)N(*)C2,18,3,Ring,---
*c1nccc2ccsc12,18,1,Ring,-
*C1=CC(*)COC1=*,18,3,Ring,--=
*c1ccc2ncn(*)c2c1*,18,3,Ring,---
*C1CC2CN(*)CC(C1)N2*,18,3,Ring,---
*C1OC(=*)C2OC23C1(*)CCC1C24COC(=*)CC2OC(*)(*)C4CC(=*)C13*,18,8,Ring,-=-=--=-
*C1NC(=*)C2Cc3c([nH]c4ccccc34)CN2C1=*,18,3,Ring,-==
*c1ccc2c(*)nc3c(c2c1)C(=*)NC=C3,18,3,Ring,--=
*C1OC(=*)C(*)N(*)C(=*)C2CCCNN2C(=*)CNC(=*)C(*)N(*)C(=*)C2CCCNN2C(=*)C1*,18,12,Ring,-=--===--==-
*N1N=C2C=CC=NN2C1=*,18,2,Ring,-=
*C1C(*)C2CC3OC3C(*)C2(*)C2C(*)C(*)C3(*)C(C(*)C4C3C(*)C3OC35OC(=*)C(*)(*)C45*)C12,18,13,Ring,---------=---
*N1C(=*)c2nn(*)cc2N(*)C1=*,18,5,Ring,-=--=
*c1cccc2c(*)cc(*)c-2c1,18,3,Ring,---
*C12C=CC3(OO1)C(*)(*)CCCC3(*)O2,18,4,Ring,----
*c1nc2c([nH]1)CCN(*)CC2,18,2,Ring,--
*C1CCC2(*)C(CCC3C4CCC(*)C4(*)CC(*)C32)C1,18,5,Ring,-----
*c1ccc2c(c1)C(=*)N1C(=N2)C(*)NC(=*)c2cc3ccccc3cc21,18,4,Ring,-=-=
*n1ncc2c1N=CNC2=*,18,2,Ring,-=
*c1ccc2c(c1)OC(*)(*)C(*)(*)O2,18,5,Ring,-----
*c1cc2c(c(*)c1*)CC(*)O2,18,4,Ring,----
*c1ccc(*)c2c1Oc1cc(*)c3c(c1C2=*)C(*)C(*)CO3,18,6,Ring,---=--
*N1Cc2nnn(*)c2C(*)(*)C1,18,4,Ring,----
*c1cc2n(n1)CCCC2*,18,2,Ring,--
*C1C2CC(*)C(*)(*)C12,18,4,Ring,----
*C1(*)CCN1,18,2,Ring,--
*c1n[nH]c2c1C(*)c1c(nc3c(c1*)CCCC3)O2,18,3,Ring,---
*N1CC2CCCC(C1)N(*)C2,18,2,Ring,--
*C1=NC(*)(*)N=C(*)O1,18,4,Ring,----
*C1=C(*)C(*)c2ccc3cccnc3c2O1,18,3,Ring,---
*c1nn(*)c2c1C(*)C1(*)C(=C2)Oc2c(*)c(*)c(*)c(*)c21,18,8,Ring,--------
*c1cn2c(*)nc(*)nc2n1,18,3,Ring,---
*C1CC2(ON1*)C(=*)OC1C2CCC(*)C2(*)C=CC(=*)C12*,18,7,Ring,--=--=-
*=C1CCNC(=*)c2[nH]ccc21,18,2,Ring,==
*C1=C(*)C2(C(=*)N(*)c3ccccc32)c2c(*)n[nH]c2O1,18,5,Ring,--=--
*c1ccc2cc3n(c2c1)C(*)C(*)NC3=*,18,4,Ring,---=
*c1ccc2c(c1)NC1=C(C(=*)OC1)C2*,18,3,Ring,-=-
*c1ccc2c(c1)C(=*)NC(*)C(=*)NC(*)C(=*)NC(*)C(=*)NC(*)C(=*)NC(*)CS2,18,11,Ring,-=-=-=-=-=-
*c1cc2[nH]c(*)nc(*)c-2n1,18,3,Ring,---
*C1CON=C2C(=*)CCCN21,18,2,Ring,-=
*C1CCC(*)C23OC(*)(*)C(CC(*)C12*)C3*,18,7,Ring,-------
*C1CC2=CC(=*)C=CC2(*)C2C(*)CC3(*)C(CC(*)C3(*)*)C12,18,8,Ring,-=------
*C1CCC2(CCCO2)CC1*,18,2,Ring,--
*c1ccc2c(c1)C1(CCN(*)CC1)CC2*,18,3,Ring,---
*C1=CN(*)C(=*)C2C(*)=CCC12,18,4,Ring,--=-
*c1cn2c(c1*)CCC2,18,2,Ring,--
*N1CCS(=*)(=*)N(*)C1,18,4,Ring,-==-
*C1=NC2(C(=*)N1*)c1cc(*)ccc1CC21CCc2ccccc2CC1,18,4,Ring,-=--
*c1cc2cc[n+](*)cc2cc1*,18,3,Ring,---
*c1ccc2c(c1)NC(=*)C(=*)C2=*,18,4,Ring,-===
*c1nnc2n1CCCC2(*)*,18,3,Ring,---
*C1(*)COC(*)(*)C1,18,4,Ring,----
*c1cc2c(nc1*)NC(=*)CO2,18,3,Ring,--=
*c1cc(*)c2c(c1)-c1ccccc1NC2=*,18,3,Ring,--=
*c1ccc2c(c1)cc(*)c1ccc(*)cc12,18,3,Ring,---
*c1cc2c(c(*)c1*)CN(*)C2=*,18,5,Ring,----=
*c1ccc2c(c1)OCc1c(*)cccc1C2=*,18,3,Ring,--=
*c1cc2c(cc1*)C(=*)C(=*)CO2,18,4,Ring,--==
*C1C2CCCCC2=NN1*,18,2,Ring,--
*c1ccc2c(c1)CCn1nc(*)c(*)c1N2,18,3,Ring,---
*C1CCC(=*)OC1=*,18,3,Ring,-==
*N1CC(=*)N(*)c2ccccc21,18,3,Ring,-=-
*c1ccc2c(c1)c1ccccc1c[n+]2*,18,2,Ring,--
*C1C(=*)NC2CCCCC2N1*,18,3,Ring,-=-
*C1CCC2(*)C13CC1(*)OC(OCC2(*)C1(*)*)C3*,18,7,Ring,-------
*c1ccc2c(*)pc(*)n2c1*,18,4,Ring,----
*c1c(*)c2sc(*)[n+](*)c2c2ccccc12,18,4,Ring,----
*N1C(=*)C2CC2C1=*,18,3,Ring,-==
*C1CCC2(*)C3CCC4(*)C(*)CCC4C3CC(=*)C2(*)C1,18,6,Ring,----=-
*=C1CCCCCCCCCCC(=*)NCCC1,18,2,Ring,==
*c1sc2c(c1*)CC(*)(*)CNC2=*,18,5,Ring,----=
*c1ccc2[nH]c3c(c2c1)CC(=*)N(*)c1ccccc1-3,18,3,Ring,-=-
*c1cc(*)c2c3c1C(=*)N(*)C=C3C(=*)C1C2(*)C2C(=*)c3c(*)cc(*)c4c3C1(COC4=*)C2*,18,11,Ring,--=-=-=--=-
*C1=CC2(*)C(=CC1=*)CCC1C2CCC2(*)C(=*)CCC12,18,5,Ring,--=-=
*c1nn(*)c2c1COc1ccccc1-2,18,2,Ring,--
*c1nc(*)c2c(n1)CC(*)CC2=*,18,4,Ring,---=
*C1c2cccc3c2N(CC3)c2ccccc2N1*,18,2,Ring,--
*C1CC2C(=*)NCC(*)N2C1,18,3,Ring,-=-
*c1nn(*)c2c1C(*)CC(=*)N2*,18,5,Ring,---=-
*N1COc2ccc3nc4c(cc3c2C1)CN1C(=*)C2=C(C=C41)C(*)(*)C(=*)OC2,18,5,Ring,-=--=
*n1ccc2c(=*)c3ccncc3c(=*)c21,18,3,Ring,-==
*N1CCC2(CC1)CCC1(*)CN(*)CC12,18,3,Ring,---
*C1c2ccccc2C(*)C1*,18,3,Ring,---
*C1CCCc2ccccc2C1*,18,2,Ring,--
*N1C(=*)NC2CCN(*)C2C1=*,18,4,Ring,-=-=
*N1C(*)(*)C=CC12CCCCC2,18,3,Ring,---
*c1cnc2c(*)ccc(*)c2c1*,18,4,Ring,----
*c1cc2c(*)c(*)nc(*)c2c(*)n1,18,5,Ring,-----
*C1=NC(=*)N(*)C(=*)N1,18,4,Ring,-=-=
*c1cccc2c3c([nH]c12)C(*)(*)CCC3*,18,4,Ring,----
*C1=NN(*)C(=*)c2cc3ccccc3n21,18,3,Ring,--=
*c1cc2c(s1)CNC1CCc3cc(*)c(*)cc3C21,18,3,Ring,---
*N1C=Nc2cc3c(cc2C1=*)N=NN(*)C3=*,18,4,Ring,-=-=
*c1cc(*)c2c(c1)OC(*)(*)CC2,18,4,Ring,----
*C1CSCC1*,18,2,Ring,--
*C1CC(*)(*)NC1=*,18,4,Ring,---=
*C1CC2(*)OC1(*)C1C(=*)N(*)C(=*)C12,18,6,Ring,---=-=
*c1ccc2ccccn12,18,1,Ring,-
*C1=CC(=*)NO1,18,2,Ring,-=
*c1ccc2c(c1)C1c3ccccc3CC1C(*)N2,18,2,Ring,--
*c1ncnc2sc3ccccc3c12,18,1,Ring,-
*C1=NNc2c(*)cnn2C1=*,18,3,Ring,--=
*C1=NC2(CCOc3ccc(*)cc32)N=C1*,18,3,Ring,---
*c1ccc2c(c1)OC(*)O2,18,2,Ring,--
*C1=Nc2c(n[nH]c2*)Nc2nc(*)ncc21,18,3,Ring,---
*C1=C(*)N(*)C(=*)N2CCCCC(*)C12,18,5,Ring,---=-
*C1c2[nH]c3ccccc3c2CC2C(=*)N3CCCC3C(=*)N21,18,3,Ring,-==
*C1c2c(c3ccccc3c(=*)c2=*)OC(*)(*)C1*,18,6,Ring,-==---
*C1COC2(CCCC2)C1,18,1,Ring,-
*c1cc2c(cn1)OCCC2,18,1,Ring,-
*c1nn(*)c2c1N=NN(*)C2=*,18,4,Ring,---=
*C1=NN2C(C1)c1ccccc1OC21CCN(*)CC1,18,2,Ring,--
*c1ccc2c(c1)-c1ccccc1C2(*)*,18,3,Ring,---
*c1nc2cc3c(cc2[nH]1)OC(*)(*)O3,18,3,Ring,---
*C1CCC2=C(C=CC(=*)N2)C1,18,2,Ring,-=
*C1=CC=CC(*)C(*)C(*)C(*)C(*)C(*)C(*)C(*)C=COC2(*)Oc3c(*)c(*)c4c(=*)c(c5c(c4c3C2=*)=Nc2c(*)cc(*)cc2O5)NC1=*,18,17,Ring,------------==--=
*C1Cn2ccnc2C2(CCN(*)CC2)O1,18,2,Ring,--
*C1CCC2C3CC(=*)C4=CC(=*)CCC4(*)C3CCC12*,18,5,Ring,-==--
*C1=[N+](*)c2c(*)nc(*)nc2C1=*,18,5,Ring,----=
*N1C(=*)CSc2ncccc21,18,2,Ring,-=
*C1CCCC(=*)C1(*)*,18,4,Ring,-=--
*C1=NN(*)C(*)=NN1,18,3,Ring,---
*c1ccc2c(c1)c1c3c(c4c5cc(*)ccc5n5c4c1n2C1CC(*)(*)C5(*)O1)CNC3=*,18,6,Ring,-----=
*C1=C(*)CNCC1,18,2,Ring,--
*c1ncc2c(n1)-c1c(c(*)nn1*)C(*)(*)C2,18,5,Ring,-----
*c1cc2c(*)cccc2[n+](*)c1,18,3,Ring,---
*c1nc2c(n1*)C(*)(*)CCC2,18,4,Ring,----
*C1=C(*)C2(Oc3c(cc(*)c(*)c3*)C2=*)N(*)C1=*,18,8,Ring,-----=-=
*c1nc(*)c2c(n1)NCC2*,18,3,Ring,---
*C1=CCSC2C(*)C(=*)N12,18,3,Ring,--=
*N1CCC2=NNC(=*)N2CC1,18,2,Ring,-=
*c1nc(*)c2oc3cccc(*)c3c2n1,18,3,Ring,---
*c1ccn2c(n1)nc1ccccc12,18,1,Ring,-
*c1cc2cnc(*)c(*)c2cc1*,18,4,Ring,----
*C1=NS(=*)(=*)N(*)c2ncc(*)nc21,18,5,Ring,-==--
*C1=Nc2nc3c(cc2C(=*)N1*)COC(*)(*)C3,18,5,Ring,-=---
*C1=C(*)C2(C(=*)N(*)c3ccccc32)C2=C(CC(*)(*)CC2=*)O1,18,7,Ring,--=---=
*c1cccc2c1C(*)(*)N(*)C2=*,18,5,Ring,----=
*C1CC(*)(*)C(*)C(*)C(=*)C(*)C(=*)OC(*)C2(*)OC(=*)C(*)C2C(*)C1=*,18,14,Ring,-----=-=--=--=
*c1c(*)c2c(*)ncn2c2ccccc12,18,3,Ring,---
*C1C=CC(*)C(*)(*)C1*,18,5,Ring,-----
*C1OC23C=CC4C1(CCC1(*)C(*)CCC41*)C2CCC(*)C3(*)*,18,7,Ring,-------
*c1n[nH]c2c1C(*)SC(*)C(=*)N2,18,4,Ring,---=
*c1ccc2c(*)nnnc2c1,18,2,Ring,--
*C1CCOC2(CCC2)C1,18,1,Ring,-
*N1CC2C(=*)CCC1CN2*,18,3,Ring,-=-
*C1CN(*)CC12CCC2,18,2,Ring,--
*C1C2=C(CCCC2=*)N(*)C(=*)N1*,18,5,Ring,-=-=-
*C1CN(*)CCCN(*)C1=*,18,4,Ring,---=
*c1ccc2[nH]c3c(c2c1)CCN1CC(*)C(*)CC31,18,3,Ring,---
*C1C=CC(=*)NCCCCC(*)C(=*)N1,18,4,Ring,-=-=
*c1csc2sc(=*)c(=*)[n+]12,18,3,Ring,-==
*c1cc2cc(*)c(*)cc2[se]1,18,3,Ring,---
*c1cn2cccnc2[n+]1*,18,2,Ring,--
*c1cccc2c1C=CC(=*)O2,18,2,Ring,-=
*N1c2ccccc2CC1(*)*,18,3,Ring,---
*C1CC2(CCNCC2)CN1*,18,2,Ring,--
*C1=C2SC=C3COc4c(*)c(*)cc(c4N32)C1=*,18,4,Ring,---=
*c1nccc2cc3c(cc12)N(*)CC3,18,2,Ring,--
*C1=CC(=*)C(*)C(*)(*)C1,18,5,Ring,-=---
*c1ccc2c(c1)C1=NN(*)C(=*)N1C(=*)N2,18,4,Ring,--==
*c1ccc2cc1CN1CCN(CC1=*)Cc1cncn1Cc1ccc(*)c(c1)O2,18,3,Ring,-=-
*c1ccc2c(c1)CCC(*)C(=*)N2*,18,4,Ring,--=-
*C1=CC=C(*)C(*)(*)C1,18,4,Ring,----
*C1=C(*)[N+]2(*)Oc3ccc(*)cc3OC2(*)C(=*)N1*,18,7,Ring,-----=-
*C1CCC2(*)CCC3(*)C(CCC4C5(*)CC(=*)C(*)C(*)(*)C5CCC43*)C12,18,9,Ring,----=----
*C1Cc2c(ccc3c(=*)c(=*)oc23)O1,18,3,Ring,-==
*c1nc2c(c(=*)n1)=Cc1ccccc1N2*,18,3,Ring,-=-
*c1ccnc2c1NC(=*)C(=*)N2,18,3,Ring,-==
*N1CCc2c([nH]c3ccccc23)CC1=*,18,2,Ring,-=
*C1=NC2(CO1)c1cc(*)ccc1OCC21COC1,18,2,Ring,--
*c1ncc2c(n1)N(*)CCC(=*)N2*,18,4,Ring,--=-
*c1ccc2c(c1)C(*)(*)CC2,18,3,Ring,---
*C1(*)CC(=*)CC(=*)O1,18,4,Ring,--==
*c1cc(*)c2c(c1)C1(NC(*)C3C(=*)N(*)C(=*)C31)C(=*)N2,18,7,Ring,---=-==
*c1cc2c(s1)CS(=*)(=*)C2,18,3,Ring,-==
*c1cc2c(cc1*)C(=*)N1CC(*)(*)CC1C=N2,18,5,Ring,--=--
*c1c2c(nn1*)C(=*)N(*)CC2,18,4,Ring,--=-
*C1=C(*)C(*)C2=C(N1)c1ccccc1C2=*,18,4,Ring,---=
*C1=Nc2c(*)c(*)cc(*)c2C(=*)N1,18,5,Ring,----=
*N1CC(*)(*)N(*)c2ccccc21,18,4,Ring,----
*c1ccc2c(n1)sc1nc(*)cn12,18,2,Ring,--
*C1CC(*)C2C(=*)CCC3(*)C(*)CCC1C23,18,5,Ring,--=--
*c1ncc2c(n1)N(*)Cc1nnc(*)n1-2,18,3,Ring,---
*c1cnc2ccnc(*)c2c1,18,2,Ring,--
*c1ccc2c(c1)COc1cc3c(ccc4nc(*)[nH]c43)cc1-2,18,2,Ring,--
*C1CNC(=*)C(*)CC=CCCC(*)C(=*)O1,18,5,Ring,-=--=
*c1cc2oc(=*)c(=*)c2c(*)c1*,18,5,Ring,-==--
*c1nc2c(s1)C(*)N(*)CC2,18,3,Ring,---
*N1CCc2cc3c(cc2C1)OCO3,18,1,Ring,-
*c1cn(*)c2c1CNCC2,18,2,Ring,--
*c1nc2c(=*)c(*)cc(=*)c2s1,18,4,Ring,-=-=
*c1ccc2c(c1)C(*)C(*)N2*,18,4,Ring,----
*B1OC(*)CCC1*,18,3,Ring,---
*c1ccc2[nH]c3c(*)c4ccnc(*)c4c(*)c3c2c1,18,4,Ring,----
*C1=Nc2ccc(*)c3cccc1c23,18,2,Ring,--
*c1csc[n+]1*,18,2,Ring,--
*C1C2(*)OC2C2OC23C2CCC4=C(COC4=*)C2CC2OC213,18,3,Ring,--=
*N1c2ccccc2C2(*)CCOC12,18,2,Ring,--
*c1noc2c(*)c3c(cc12)CC(*)O3,18,3,Ring,---
*C1CCC2(*)C1CCC1C3(*)CCC(=*)C(*)(*)C3CCC12*,18,7,Ring,---=---
*c1nc(*)c2[nH]c(*)c(*)c2n1,18,4,Ring,----
*c1ccc2c(c1)NCCN(*)S2,18,2,Ring,--
*c1cnc2ccsc2c1,18,1,Ring,-
*C1COCCOCCOCCOCCOCCO1,18,1,Ring,-
*C1=CC(=*)N2C(*)=NN(*)C2=N1,18,4,Ring,-=--
*c1nc(*)c2c(n1)CC(*)C2,18,3,Ring,---
*c1cc(*)c2c(c1)NC(=*)C(*)O2,18,4,Ring,--=-
*C1CCC2(CC1)OC(*)c1ccccc12,18,2,Ring,--
*C1CC(*)C(*)(*)N1*,18,5,Ring,-----
*c1ncc2c(n1)N(*)CCO2,18,2,Ring,--
*=C1CCCCc2ccccc21,18,1,Ring,=
*C1=Nc2c(*)ncnc2NCC1,18,2,Ring,--
*c1cc2c(c(*)c1*)C(=*)N(*)N=C2,18,5,Ring,---=-
*c1ccc2c(c1)C(*)c1cc(*)ccc1O2,18,3,Ring,---
*c1cc2c(cc1*)-n1cccc1C(*)NC2,18,3,Ring,---
*c1nc2c(s1)CCCCC2,18,1,Ring,-
*c1cc(*)c2c(c1)SN(*)C2=*,18,4,Ring,---=
*c1ccc2c(c1)Cc1cc(*)oc1C(=*)N2*,18,4,Ring,--=-
*C1C=CC=CC1,18,1,Ring,-
*C1CCC2(*)C3CCC(*)(*)C=C3CCC2C1(*)*,18,6,Ring,------
*C1=C(*)C(*)C2CC3Cc4c(*)ccc(*)c4C(=*)C3=C(*)C2(*)C1=*,18,9,Ring,-----=--=
*c1cc2c(*)n[nH]c2s1,18,2,Ring,--
*C1CC2(OC3CC4(*)C5CCC6C(*)(*)C(*)CCC67CC57CC(*)C4(*)C13)OC(*)C1(*)OC21,18,9,Ring,---------
*c1ccc2c(n1)NCCN(*)C2,18,2,Ring,--
*c1cc2c(*)c[nH]c2cn1,18,2,Ring,--
*C1CCC2(*)C3CCC4(*)C(*)CCC4C34C=CC2(C1)OO4,18,4,Ring,----
*N1CCC2(CCc3ccccc3C2=*)CC1,18,2,Ring,-=
*c1cc(*)c2c(=*)c3c(*)cc(*)c(*)c3c(=*)c2c1,18,7,Ring,--=---=
*c1ccc2c(c1)C(=*)OCC(*)(*)C1(*)OC(CC(=*)C1*)CC(*)OC(=*)CCO2,18,9,Ring,-=---=--=
*c1cc2c(cc1*)[n+](*)c(*)n2*,18,5,Ring,-----
*c1ccc2c(c1)N(*)C(=*)CN2*,18,4,Ring,--=-
*c1cccc2c1N(*)C(=*)OC2,18,3,Ring,--=
*C1=CC2C(CCC3(*)C(=*)CCC23)C2(*)C=CC(=*)C=C12,18,5,Ring,--=-=
*C1=CCCC(*)=C1,18,2,Ring,--
*c1ccc2c(c1)C(=*)N1CCCN(*)C1=N2,18,3,Ring,-=-
*C1=Nc2cc(*)ccc2N(*)c2ccc(*)cc21,18,4,Ring,----
*N1C(=*)C2(CCCC2)C(=*)N1*,18,4,Ring,-==-
*C1=COC(*)C2C1CCC2(*)*,18,4,Ring,----
*c1nc(*)c2cc3c(cc2n1)CCC3*,18,3,Ring,---
*C1=Cc2cc(*)cc(*)c2C(=*)N1,18,4,Ring,---=
*C1CCC2C3CC4OC45C(=*)C=CC(=*)C5(*)C3CCC12*,18,5,Ring,-==--
*C1CC2C3CCC4=CC(=*)CCC4(*)C3CCC2(*)C1=*,18,5,Ring,-=--=
*c1ccc2c(c1)Nc1cc(*)ccc1C2=*,18,3,Ring,--=
*c1c(*)c(=*)c2cnncc2c1=*,18,4,Ring,--==
*C1=Nc2c(ncn2*)C(*)C1,18,3,Ring,---
*c1cnc2c(c1)C(*)c1cccc(*)c1C=C2,18,3,Ring,---
*c1cccn2ncnc12,18,1,Ring,-
*c1ccc2c(c1)NC(=*)Nc1cnc(*)c(n1)OCCC=CCO2,18,3,Ring,-=-
*C1=NCc2c(*)ncn2-c2ccccc21,18,2,Ring,--
*C1CCc2c(c3ccccc3n2*)C1=*,18,3,Ring,--=
*N1C(=*)Nc2c(sc3ccccc23)C1=*,18,3,Ring,-==
*C1=NCCCN=C1*,18,2,Ring,--
*c1ccc2c(c1)NC(=*)C(*)CC2(*)*,18,5,Ring,-=---
*c1nc2cc(*)c(*)c(*)c2[nH]1,18,4,Ring,----
*c1nc2c([nH]1)N(*)C(=*)C(*)C2=*,18,5,Ring,--=-=
*c1ccc2c(c1*)C(*)N(*)CC2,18,4,Ring,----
*C1=CC2C3CCC(=*)C3(*)CCC2C2(*)CCC(=*)C=C12,18,5,Ring,-=--=
*c1nc(*)c2c(*)nc3c(c2c1*)CC(=*)N3*,18,6,Ring,----=-
*C1=C2C(CC1*)OC1C3OCC4(*)C(*)CC(*)C(*)(C34)C(*)C21*,18,8,Ring,--------
*c1cnc2snc(*)c2c1*,18,3,Ring,---
*C1=CN(*)C(=*)C(*)c2ccc(*)cc21,18,5,Ring,--=--
*c1ccc2c(c1)c1c(n2*)CC(*)CC1,18,3,Ring,---
*c1c2c(nc3c1C(*)C1=C(O3)c3ccccc3OC1=*)CCCC2,18,3,Ring,--=
*c1cc2c(cc1*)NC(*)C(=*)N2,18,4,Ring,---=
*c1ccc2c(c1)C(=*)c1c([nH]c3cc(*)ccc13)C2(*)*,18,5,Ring,-=---
*C1=C(*)c2c(*)csc2NC1=*,18,4,Ring,---=
*c1ccc2nc(*)c3c(c2c1)C(=*)C(*)C3=*,18,5,Ring,--=-=
*C1CC2C(CCC3(*)C2CCC3(*)*)C2(*)CCC(=*)C=C12,18,6,Ring,-----=
*c1ccc(*)[n+](*)n1,18,3,Ring,---
*c1ccc2c(c1)-c1nc3cc(*)ccc3n1CCO2,18,2,Ring,--
*C1Oc2ccccc2-c2ccc3c(c21)c(=*)c(=*)n3*,18,4,Ring,-==-
*N1CCC2(CCC(=*)N2)CC1,18,2,Ring,-=
*N1C(=*)c2ncn(*)c2-c2ccccc21,18,3,Ring,-=-
*c1nc(*)n2ccncc12,18,2,Ring,--
*c1cc(*)c2c(c1)c1ccccc1c[n+]2*,18,3,Ring,---
*C1CC=CC=CC(*)C(*)C(*)C(*)C(=*)NC(*)C(=*)NC(*)C(=*)N2CCCC(N2)C(=*)O1,18,11,Ring,-----=-=-==
*c1cc(*)c2c(c1)NC(=*)C2(*)*,18,5,Ring,--=--
*C1=NC2=C(CCNC2)C(=*)N1,18,2,Ring,-=
*C1C(=*)N(*)N(*)C(=*)c2ccccc21,18,5,Ring,-=--=
*C1=NCCc2ccc(*)cc21,18,2,Ring,--
*C1CCC2(*)OC(*)CCC2O1,18,3,Ring,---
*c1cc(*)c2nc(*)c(*)nc2n1,18,4,Ring,----
*C1=CN(*)C(=*)c2cc(*)sc21,18,4,Ring,--=-
*C1=NOC2(C1)OC(*)C(*)C(*)C2*,18,5,Ring,-----
*C1CCN2CCCC2C1,18,1,Ring,-
*C1CC2(*)C(=C3CC(*)(*)CCC31*)C=CC1C3(*)CCC(*)C(*)(*)C3CCC12*,18,10,Ring,----------
*c1nc2c3c(c(*)cc2o1)C(=*)c1ccccc1O3,18,3,Ring,--=
*C1C2C(=*)N(*)C(*)C23C=CC1(*)O3,18,5,Ring,-=---
*=c1sc2ncnn2c1=*,18,2,Ring,==
*c1ccc2c(*)c3ccccc3[n+](*)c2c1,18,3,Ring,---
*C1CC2C3(CC1C(=*)C3*)C1CC3C4(*)CCC(*)C32C1N(*)C4,18,6,Ring,-=----
*N1CC2(C1)C(=*)NC(*)(*)CS2(=*)=*,18,6,Ring,-=--==
*C1=C(*)C(=*)NC(*)C1,18,4,Ring,--=-
*c1ccc2c(c1)-c1c(c3c(n1*)CC(*)CC3=*)C2=*,18,5,Ring,---==
*c1ccc2c(c1)N(*)C(*)C(*)C(=*)N2*,18,6,Ring,----=-
*C1=NN2C(=*)c3ccccc3N=C2c2ccccc21,18,2,Ring,-=
*C1NC(=*)Cc2cccc(c2)OCCCOC2CC(*)N(C2)C1=*,18,4,Ring,-=-=
*N1CCCC2(CCC(=*)N2*)C1,18,3,Ring,-=-
*C1=CC2=CCC3C(CCC4(*)C3CCC(=*)N4*)C2(*)CC1,18,5,Ring,--=--
*c1ccc2n1-c1ccccc1SC2*,18,2,Ring,--
*N1CC2C3(*)CCC(c4ccccc43)C2(*)C1,18,3,Ring,---
*C1=NN(*)C(*)=C(*)C1=*,18,5,Ring,----=
*c1cc(*)c(*)[n+](*)n1,18,4,Ring,----
*N1CCCC2(C1)CC(*)(*)OC2=*,18,4,Ring,---=
*C12CC3CC(C1)C(*)(*)C(C3)C2,18,3,Ring,---
*C1(*)CC2CCCN2O1,18,2,Ring,--
*c1c2c(nc3ccnn13)CCNCC2,18,1,Ring,-
*c1cc(*)c2c(c1)OC1(*)Oc3cc(*)c4c(c3C2C1*)OC(*)C(*)C4,18,7,Ring,-------
*c1cc2nnn(*)c2cn1,18,2,Ring,--
*N1CC23CCC2(C1)CN(*)C3,18,2,Ring,--
*c1cccc2c1CCN(*)CC2,18,2,Ring,--
*C1CCC(*)(*)C(*)C=CC(*)C(*)OC(=*)C1,18,7,Ring,------=
*c1ccc2c(c1)c1c(n2*)NC(=*)OC1=*,18,4,Ring,--==
*C1=NC(=*)C2N=CN(*)C2=N1,18,3,Ring,-=-
*c1ccc2c(c1)C1=C(c3ccccc3C1*)N(*)C2=*,18,4,Ring,---=
*N1C(=*)C2C3CC(CN3*)N2C1=*,18,4,Ring,-=-=
*c1nc(*)n2c1C=NN(*)C2=*,18,4,Ring,---=
*c1ccc2c(c1*)C(*)(*)NC(=*)N2,18,5,Ring,----=
*c1cccc2c1OC(*)CN(*)C2=*,18,4,Ring,---=
*C(=O)OCC(*)(C)O,18,2,Linker,--
*C(*)C(*)CCC,18,3,Linker,---
*C(*)=C(*)C(F)(F)F,18,3,Linker,---
*NN=C(N*)C(C)=O,18,2,Linker,--
*C(=O)OCCCCN(*)CC,18,2,Linker,--
*CC(C=CC(=O)OCC)NC(*)=O,18,2,Linker,--
*CN(CCC#N)C(=O)N*,18,2,Linker,--
*CC(*)[Se][Se]C(*)C*,18,4,Linker,----
*OCCOCCOCCOCCOCCOCCO*,18,2,Linker,--
*CC(NC(*)=O)C(=O)C(F)(F)C(=O)N*,18,3,Linker,---
*NC(=O)CCNC(=O)N*,18,2,Linker,--
*NC(=O)C(C)=C(*)C,18,2,Linker,--
*CC[P+](*)(*)*,18,4,Linker,----
*CC(C)N=C(*)*,18,3,Linker,---
*C(=O)NSC(*)=O,18,2,Linker,--
*N(*)CCCO,18,2,Linker,--
*CC(CNC(=O)C(*)C)COC(=O)C(C)(C)C,18,2,Linker,--
*COCCOCCOCCO*,18,2,Linker,--
*OCCCCCCS*,18,2,Linker,--
*NC(=O)CSC(*)=O,18,2,Linker,--
*NC(=O)CN(C)C(C)C(*)=O,18,2,Linker,--
*N(*)CCN,18,2,Linker,--
*C=NNC(=O)C(C*)NC(*)=O,18,3,Linker,---
*CN(C)CCCCCO*,18,2,Linker,--
*CCCCCNC(=O)O*,18,2,Linker,--
*CNC(=O)CCCC(=O)N*,18,2,Linker,--
*COC(=O)NC(C)C(*)=O,18,2,Linker,--
*CC(NC(=O)CCC)C(=O)NC(C*)C(=O)NC(CCCN=C(N)N)C(=O)NC(C*)C(=O)NCC(N)=O,18,3,Linker,---
*C(=O)NCC(C)(C)CNC(*)=O,18,2,Linker,--
*OCCCN(C)CCO*,18,2,Linker,--
*N=NC(=O)NN*,18,2,Linker,--
*CC=C(C)CCC(=O)N*,18,2,Linker,--
*CC(CNC(*)C)NS(*)(=O)=O,18,3,Linker,---
*C(=O)C=P(*)(*)*,18,4,Linker,----
*C(=O)NNC(=O)C(NC(*)=O)C(C)C,18,2,Linker,--
*CC(=O)N(C)CCO*,18,2,Linker,--
*C(=O)N(C(*)C)C(*)C(N)=O,18,3,Linker,---
*NC(=O)C=C(*)*,18,3,Linker,---
*CC(N*)C(=O)OC(C)(C)C,18,2,Linker,--
*CC(NC(=O)C(CCC(N)=O)NC(=O)C(CCCNC(=N)N)NC(=O)C(CCCNC(=N)N)NC(*)=O)C(=O)N*,18,3,Linker,---
*CC(NC(=O)C(NC(=O)C(CC(C)C)NC(=O)C(CCCNC(=N)N)NC(*)=O)C(C)CC)C(N)=O,18,2,Linker,--
*CCCCCCNC(=O)CCCC*,18,2,Linker,--
*CC(NC(=O)C(C)C(*)OC)C(=O)OC,18,2,Linker,--
*CCCCC(=O)OC(*)CC=C(C)C,18,2,Linker,--
*CN(*)C(=O)C(=O)OCC,18,2,Linker,--
*C=CC(=O)OC(C(=O)O)C(O)(C*)C(=O)O,18,2,Linker,--
*CCCC(C)NC(=O)N*,18,2,Linker,--
*CCCCCCCC(O)C*,18,2,Linker,--
*NC(=NO)C(*)=O,18,2,Linker,--
*C(*)CNC(=O)CCNS(*)(=O)=O,18,3,Linker,---
*CN(*)CC(F)(F)F,18,2,Linker,--
*NCCSC(*)*,18,3,Linker,---
*CCC(*)(*)N,18,3,Linker,---
*SCCCS*,18,2,Linker,--
*NC(=O)CC(C)CC(=O)N*,18,2,Linker,--
*CC(*)NC(=O)C(C*)NC(C)=O,18,3,Linker,---
*CC(C)=NNC(=O)CNC(*)=O,18,2,Linker,--
*C(=O)COC(=O)C(CCSC)NC(*)=O,18,2,Linker,--
*SCC(=O)N(*)CCC,18,2,Linker,--
*CCCNC(*)=S,18,2,Linker,--
*NCC(O)C(O)C(O)C(O)CO*,18,2,Linker,--
*CCCNCC(O)CO*,18,2,Linker,--
*CC(C)(C)NC(=O)C(CC(C)C)NC(=O)C(NC(=O)C(N)CNC(*)=O)C(C)C,18,2,Linker,--
*CC(=O)NCCCC(*)=O,18,2,Linker,--
*N=C(S)NC(NC(*)=O)C(Cl)(Cl)Cl,18,2,Linker,--
*N(*)[N+](=O)[O-],18,2,Linker,--
*NC(=O)CC(=O)O*,18,2,Linker,--
*CC(*)[Se]C(*)C*,18,4,Linker,----
*COCC(C#N)NC(=O)C(C*)NC(*)=O,18,3,Linker,---
*COC(=O)NC(CNC(=O)C*)C(=O)O,18,2,Linker,--
*NN=CCS*,18,2,Linker,--
*NC(=O)COC(=O)C(NS(*)(=O)=O)C(C)C,18,2,Linker,--
*CCCNC(=O)C(C*)NC(=O)C(C)(C)O*,18,3,Linker,---
*CC(NC(=O)C(C*)NC(=O)C(CCCCN)NC(=O)C(C*)NC(=O)C(NC(=O)C(CS)NC(C)=O)C(C)CC)C(=O)O,18,3,Linker,---
*NC(=O)C(*)=NOCCS*,18,3,Linker,---
*CCCNC(N)=NC(=O)NC(*)C,18,2,Linker,--
*CCN(C*)C(=O)CC,18,2,Linker,--
*CC(N)C(=O)NC(C*)C(=O)N*,18,3,Linker,---
*CC(C=O)NC(=O)C(CC(C)C)NC(=O)C(NC(*)=O)C(C)C,18,2,Linker,--
*CCCNC(=O)C(C)NC(=O)C(N)C*,18,2,Linker,--
*CCNC(S)=NC*,18,2,Linker,--
*CCC(COC(=O)C(C)(C)C)NC(=S)NC*,18,2,Linker,--
*CCC(=O)NN=C(S)N*,18,2,Linker,--
*CCCC(C)N(*)S(*)(=O)=O,18,3,Linker,---
*NC(=NO)NS(*)(=O)=O,18,2,Linker,--
*NCC(O)CN*,18,2,Linker,--
*CSCC(NC(=O)N(CCC)C(*)=O)C(=O)O,18,2,Linker,--
*CC(*)(O)C[Si](C)(C)C,18,2,Linker,--
*CNC(=O)COC(=O)CCO*,18,2,Linker,--
*C(=O)C(O)CS(*)(=O)=O,18,2,Linker,--
*CC(NC(=O)CNC(=O)CCC(NS(*)(=O)=O)C(=O)O)C(=O)NC(C(*)=O)C(C)(C)C,18,3,Linker,---
*C#CCOC(=O)N*,18,2,Linker,--
*NC(=O)C(*)C(C)(C)C,18,2,Linker,--
*NC(=O)CCC(=O)N(*)CC(=O)NC(C)C,18,2,Linker,--
*NCCOCCNC(*)=O,18,2,Linker,--
*C=CC=CC(=O)O*,18,2,Linker,--
*C(=O)NC(*)C(C)O,18,2,Linker,--
*CC(N)C(=O)NCC(=O)N*,18,2,Linker,--
*OCCCC(=O)NC(*)C,18,2,Linker,--
*C(C)(O)CNS(*)(=O)=O,18,2,Linker,--
*CCNC(=O)N(*)C,18,2,Linker,--
*C(=O)CCC(NS(*)(=O)=O)C(=O)O,18,2,Linker,--
*CC(C(N)=O)N(C*)C*,18,3,Linker,---
*OCCON=*,18,2,Linker,-=
*COC(=O)NC(*)C(=O)OC,18,2,Linker,--
*CNC(=O)C(*)NC(=O)C(*)C,18,3,Linker,---
*CN(CCNC(C)=O)C(*)=O,18,2,Linker,--
*CN(C)C(=O)C(*)*,18,3,Linker,---
*C(CO)N(C(C)C)S(*)(=O)=O,18,2,Linker,--
*CN(C(*)=O)C(C)(CC)C(=O)N*,18,3,Linker,---
*CCCNNC(*)=O,18,2,Linker,--
*CCNC(=O)CCC(*)C,18,2,Linker,--
*CCCN(C)C(=O)C*,18,2,Linker,--
*C(=O)CC(NC(=O)C(NC(*)=O)C(C)CC)C(C)C,18,2,Linker,--
*CC(NC(=O)N*)C(C)(C)C,18,2,Linker,--
*CNC(=O)C(*)C(*)=O,18,3,Linker,---
*CNC(=S)NN=*,18,2,Linker,-=
*CC(=O)NC(*)CCC,18,2,Linker,--
*N=NN(*)C,18,2,Linker,--
*C(=O)NN(C(*)=O)C(CCCC)CCCC,18,2,Linker,--
*C=CC(=O)NCCCC(C)N*,18,2,Linker,--
*CCSC(C*)C(=O)O,18,2,Linker,--
*C(*)NC(N)=O,18,2,Linker,--
*CCCOCC*,18,2,Linker,--
*N=C(N*)NCCCCN*,18,3,Linker,---
*CN(C)C(=O)CCNS(*)(=O)=O,18,2,Linker,--
*NCCCCCCNS(*)(=O)=O,18,2,Linker,--
*C(=*)Br,18,2,Linker,-=
*CNC(*)C(=O)N*,18,3,Linker,---
*CC(C)NC(*)C,18,2,Linker,--
*NC(=O)CN(C)C(=O)CCNC(*)=O,18,2,Linker,--
*CC(=O)N(*)C(*)C(=O)NCCOC,18,3,Linker,---
*N=C(N*)NCCCN*,18,3,Linker,---
*C(=O)NC(*)(C)CS(C)(=O)=O,18,2,Linker,--
*C(=O)CC(*)S(*)(=O)=O,18,3,Linker,---
*CC(N*)C(*)=O,18,3,Linker,---
*CCN(C)C(*)C(=O)O,18,2,Linker,--
*C(*)CCCCC,18,2,Linker,--
*OC(CCC(*)C)C(C)(C)O,18,2,Linker,--
*CNCC(NC(=O)CNC(*)=O)C(O)CCC,18,2,Linker,--
*CCC(C)C(=O)NC*,18,2,Linker,--
*CC(NC(=O)CC(*)NC(*)=O)C(=O)NC(CC(C)C)C(*)=O,18,4,Linker,----
*N(CC(=O)OCC)S(*)(=O)=O,18,2,Linker,--
*NC(*)CCOC,18,2,Linker,--
*C=NNC(=S)NC(*)(C)C,18,2,Linker,--
*CN(C(=O)CCC(=O)N*)C(*)C(=O)NCCOC,18,3,Linker,---
*C(*)CCO,18,2,Linker,--
*CC(NC(*)=O)C(=O)NC(CCCCN)C(=O)NC(*)C(N)=O,18,3,Linker,---
*CNC(=O)C(NC(=O)C(C(C)C)C(O)C(O)C(C*)NC(*)=O)C(C)CC,18,3,Linker,---
*CC(NC(=O)C(NC(=O)C(N)CNC(*)=O)C(C)C)C(=O)NC(C)(C)C*,18,3,Linker,---
*CC(NC(=O)C(C*)NC(=O)CCC(=O)N*)C(N)=O,18,3,Linker,---
*CN(CCC(*)=O)C(C)(C)C,18,2,Linker,--
*C(=O)NC(*)C(=O)NCC,18,2,Linker,--
*OC(*)C#N,18,2,Linker,--
*CN(*)CC(N)=O,18,2,Linker,--
*CN(C*)C(=O)C(C)C,18,2,Linker,--
*OCC(CO*)O*,18,3,Linker,---
*CCN(CC)C(=O)CNC(=O)C(CCCN=C(N)N)NC(=O)C(N)C*,18,2,Linker,--
*C#CC(CC(N)=O)NC(*)=O,18,2,Linker,--
*C(=O)NCCCON=*,18,2,Linker,-=
*CCC(*)NC(=O)C*,18,3,Linker,---
*NCCC(*)O,18,2,Linker,--
*CNC(=O)C(*)NCCN(C)C,18,2,Linker,--
*CC(N*)C(N)=O,18,2,Linker,--
*C=CC(=O)OCC(C)=CC=CC(*)C,18,2,Linker,--
*CCC=C(C)CCC=C(C)CCC=C(C)C(=O)NC*,18,2,Linker,--
*CCNC(=O)CN(*)C(*)=O,18,3,Linker,---
*C[Se]C(*)=O,18,2,Linker,--
*C(=O)N(*)CCCCCCCCCC,18,2,Linker,--
*N=C(N*)NCCN*,18,3,Linker,---
*C=C(Cl)S(*)(=O)=O,18,2,Linker,--
*CC(=O)NCC(=O)OCC(*)=O,18,2,Linker,--
*CCOCCS*,18,2,Linker,--
*CCN(C(*)=O)C(*)C(=O)N*,18,4,Linker,----
*CC(CC(=O)NC(CC(=O)N*)C(C)C)NC(*)=O,18,3,Linker,---
*CC(C*)N*,18,3,Linker,---
*CNC(=O)C(*)=C,18,2,Linker,--
*N(*)CC(=O)O,18,2,Linker,--
*NC(=O)ONC(*)=N,18,2,Linker,--
*CSC(=S)N*,18,2,Linker,--
*C=CN(*)C,18,2,Linker,--
*C#CCN(*)C(=O)C*,18,3,Linker,---
*N=NC(=S)N*,18,2,Linker,--
*OC(=O)C(O)C(*)NC(=O)CCCCC,18,2,Linker,--
*C=NS(*)(=O)=O,18,2,Linker,--
*C(=O)NC(*)C(=CCCC)CCC,18,2,Linker,--
*C=C(NC(C)=O)C(=O)N*,18,2,Linker,--
*C(=O)CCC(=O)NNC(*)=O,18,2,Linker,--
*OCC(COP(=O)([O-])O*)OC,18,2,Linker,--
*C(*)C(O)CN(C)C,18,2,Linker,--
*CC(F)C*,18,2,Linker,--
*CC(=O)N(CCC)CC(=O)N*,18,2,Linker,--
*NC(=O)N(C)C(C)C(*)O,18,2,Linker,--
*C(=O)N(*)CC(*)C,18,3,Linker,---
*CCNC(=S)NN=C(*)C,18,2,Linker,--
*CCC(=O)NCCNC(*)=O,18,2,Linker,--
*C(=O)COCCN(C)S(*)(=O)=O,18,2,Linker,--
*C=C(*)C(=O)OCC(=O)N*,18,3,Linker,---
*C(*)=CC(=O)O,18,2,Linker,--
*CCC(C)(F)F,18,1,Sub,-
*CC(C)CCC,18,1,Sub,-
*S(=O)(=O)NC(C(C)C)P(=O)(O)O,18,1,Sub,-
*OCCCNC(=O)OC(C)(C)C,18,1,Sub,-
*C(O)C(=O)OCC,18,1,Sub,-
*CC(C)NCC,18,1,Sub,-
*CCC(O)C(=C)C,18,1,Sub,-
*NC(=O)OCCCCCC,18,1,Sub,-
*C(C(=O)OC)C(C)C,18,1,Sub,-
*OC(=O)C(O)C(NC(=O)OC(C)(C)C)C(F)F,18,1,Sub,-
*C(=O)NC(CC)C(=O)O,18,1,Sub,-
*CC=CC(C)(C)O,18,1,Sub,-
*CNC(=O)CC#N,18,1,Sub,-
*C(N)(CCCCB(O)O)C(=O)O,18,1,Sub,-
*C=CC(=O)OCCC,18,1,Sub,-
*C=C(CC)[N+](=O)[O-],18,1,Sub,-
*NCC(O)CC,18,1,Sub,-
*CCNC(=O)NC(C)C,18,1,Sub,-
*C(=O)NCCBr,18,1,Sub,-
*ON=C(C)C,18,1,Sub,-
*CCNC(C)C(N)=O,18,1,Sub,-
*CC(C)(O)C(=O)O,18,1,Sub,-
*NC(=O)CCNC,18,1,Sub,-
*NCCC=C,18,1,Sub,-
*N=NN(CC)CC,18,1,Sub,-
*OCCCN=C(N)N,18,1,Sub,-
*CC(C)NC(=O)OC,18,1,Sub,-
*C(=O)COCCC,18,1,Sub,-
*OCCCN(CCCCCC)C(=O)C(N)CCCCN,18,1,Sub,-
*COC(=O)CCC(=O)OC,18,1,Sub,-
*CCC=CCCC(=O)O,18,1,Sub,-
*C(=O)CSCC(=O)O,18,1,Sub,-
*=NOCCN(CC)CC,18,1,Sub,=
*NC(=O)NCCN(CC)CC,18,1,Sub,-
*C=CC(=O)NC(C)C,18,1,Sub,-
*COP(=O)(OCC(Cl)(Cl)Cl)OCC(Cl)(Cl)Cl,18,1,Sub,-
*N=C(N)NO,18,1,Sub,-
*OCCNC(C)C,18,1,Sub,-
*CCCC(N)C(=O)O,18,1,Sub,-
*C(=O)N(C)CCN(CC)CC,18,1,Sub,-
*OCC=C=C,18,1,Sub,-
*NC(=O)NC(CC)CC,18,1,Sub,-
*C(=O)C(CC)NC(=O)C(C)NC,18,1,Sub,-
*C=C(NC(C)=O)C(=O)O,18,1,Sub,-
*C(=O)NC(C(=O)NCCC)C(C)O,18,1,Sub,-
*C=CCC(=O)OC,18,1,Sub,-
*C(=O)C(CCCN=C(N)N)NC(=O)C(N)CCCN=C(N)N,18,1,Sub,-
*N(C)C(=O)NCC,18,1,Sub,-
*C[N+](C)(C)CCCCCCCCCCCCCC,18,1,Sub,-
*C(=O)CC(C)(C)CC(=O)O,18,1,Sub,-
*C(=O)CCN(CCO)C(C)C,18,1,Sub,-
*C(OC(C)=O)OC(C)=O,18,1,Sub,-
*=NCC(CC)CCCC,18,1,Sub,=
*C(=O)NCC(C)(C)N,18,1,Sub,-
*OCCCONC(=N)N,18,1,Sub,-
*CCC(=O)C(C)C,18,1,Sub,-
*C(=O)NC(CC(=O)OC)C(=O)OC,18,1,Sub,-
*C#CC(=C)C,18,1,Sub,-
*CC(=O)N(C)CCCCCCCC,18,1,Sub,-
*C(=O)COCC(=O)O,18,1,Sub,-
*S(=O)(=O)NC(CCSC)C(=O)O,18,1,Sub,-
*S(=O)(=O)CCN(C)C,18,1,Sub,-
*C(=O)NC(C(=O)O)C(C)OC(C)(C)C,18,1,Sub,-
*NCCSC,18,1,Sub,-
*C=CCOCC,18,1,Sub,-
*=NBr,18,1,Sub,=
*CC=CCCC,18,1,Sub,-
*SC(C)(C)C(=O)OCC,18,1,Sub,-
*C(=O)OCCCO,18,1,Sub,-
*C(=N)NCC,18,1,Sub,-
*SCC(=O)NC(N)=O,18,1,Sub,-
*C(=O)SCF,18,1,Sub,-
*OC(C)(C)C#C,18,1,Sub,-
*OC(=O)CCCCC(=O)O,18,1,Sub,-
*C[N+](C)(C)CCCCCCCCCCCC,18,1,Sub,-
*OC(=O)CCCN,18,1,Sub,-
*C(=O)C[S+](C)[O-],18,1,Sub,-
*NS(=O)(=O)CC(C)OC,18,1,Sub,-
*CC#CCN(CC)CC,18,1,Sub,-
*NC(=O)NC(=N)N,18,1,Sub,-
*NS(=O)(=O)NCCC,18,1,Sub,-
*C=CCCO,18,1,Sub,-
*CCCNCCCNCCCN,18,1,Sub,-
*C(=O)NC(CO)CCCNC(=N)N,18,1,Sub,-
*CNC(C)CC,18,1,Sub,-
*CC(C(=O)CC)C(=O)CC,18,1,Sub,-
*OCCCCN(CCCC)CCCC,18,1,Sub,-
*NC(CC)C(=O)O,18,1,Sub,-
*C(C#N)=NOC(=O)N(C)C,18,1,Sub,-
*CCOCC(=O)O,18,1,Sub,-
*C(C)(C)NS(C)(=O)=O,18,1,Sub,-
*C(=O)NC(CO)CCCC,18,1,Sub,-
*C(=O)N(CCCN(C)C)CCCN(C)C,18,1,Sub,-
*CC(=O)NC(CC(C)C)B(O)O,18,1,Sub,-
*NC(=O)OCCO,18,1,Sub,-
*COC(=O)C=C(C)C,18,1,Sub,-
*C=N,18,1,Sub,-
*CNC(=O)CN(C)C,18,1,Sub,-
*C(F)(F)C(F)(F)C(F)(F)C(F)(F)F,18,1,Sub,-
*NC(=O)CCCCCC(=O)OCC,18,1,Sub,-
*CCNC(=O)NCCC,18,1,Sub,-
*C(=O)NC(C)CCCCC,18,1,Sub,-
*C=C(C#N)C(=O)NCCCCCC,18,1,Sub,-
*=NCCN(CC)CC,18,1,Sub,=
*OC(=O)C(CCC)CCC,18,1,Sub,-
*C(=O)NOCC=C,18,1,Sub,-
*CNCCCCCCC,18,1,Sub,-
*SCC(=O)NO,18,1,Sub,-
*CCC(=O)CC(O)CCC,18,1,Sub,-
*=NCCCCCCCCCCCC,18,1,Sub,=
*C=CC(=O)CC(O)CCC,18,1,Sub,-
*N(C)C#N,18,1,Sub,-
*C=CCOC(C)=O,18,1,Sub,-
*CNC(=O)C(Cl)Cl,18,1,Sub,-
*CN=C(N)N=C(N)N,18,1,Sub,-
*C(=O)NC(C#C)CC(N)=O,18,1,Sub,-
*OC(=O)CC(C)CC,18,1,Sub,-
*NC(=O)N(C)CCO,18,1,Sub,-
*C(=O)OCC[N+](C)(C)C,18,1,Sub,-
*CC(=O)NOCC=C,18,1,Sub,-
*CCC(=O)CC(O)CCCCC,18,1,Sub,-
*NC(=O)CCCCCCCCC=C,18,1,Sub,-
*OC(=O)NCCCl,18,1,Sub,-
*CNC(C)(C)C(=O)O,18,1,Sub,-
*C(=O)NC(CC(F)C(=O)O)C(=O)O,18,1,Sub,-
*C(=O)NC(C(=O)OC)C(C)(C)C,18,1,Sub,-
*NC(=O)CSCC#N,18,1,Sub,-
*CCCCCCCC=CCC=CCC=CCC,18,1,Sub,-
*C(=O)NC(CC)CC#N,18,1,Sub,-
*CCS(=O)(=O)NC,18,1,Sub,-
*NC(=S)NC(C)C,18,1,Sub,-
*SCC(NC(C)=O)C(=O)O,18,1,Sub,-
*N(C)C(=O)C(C)(C)C,18,1,Sub,-
*OS(=O)(=O)CCC,18,1,Sub,-
*CNC(=S)NC,18,1,Sub,-
*N(CCC)S(C)(=O)=O,18,1,Sub,-
*NC(=O)C(NC(=O)OC(C)(C)C)C(C)C,18,1,Sub,-
*OCCCN=[N+]=[N-],18,1,Sub,-
*OP(O)(O)=S,18,1,Sub,-
*CN(C)N=O,18,1,Sub,-
*C(=O)CC(OC)C(C(C)CC)N(C)C(=O)C(NC(=O)C(NC)C(C)C)C(C)C,18,1,Sub,-
*C1CCN(*)CC(*)C1,17,3,Ring,---
*C1C=C2N(*)C(=*)C(*)CC2(*)C(*)O1,17,6,Ring,--=---
*c1ccc2cc3n(c2n1)C(*)CNC3=*,17,3,Ring,--=
*c1cnc2c(c1)oc1c(*)ncnc12,17,2,Ring,--
*C1NCCCCCCNC(=*)C(*)NC(=*)C(*)NC1=*,17,6,Ring,-=-=-=
*C1=Nc2nc(*)ccc2C(=*)N1*,17,4,Ring,--=-
*c1cc2c(*)cc3c(=*)c4cccc(*)c4c(=*)c3c2o1,17,5,Ring,--=-=
*C1=Nc2[nH]ncc2C(=*)N1*,17,3,Ring,-=-
*c1ccc2c(c1)CC(*)C(*)(*)O2,17,4,Ring,----
*c1cc(*)c2c(c1)C1(CCCCC1)NC(=*)N2,17,3,Ring,--=
*C1C(=*)OC(*)(*)OC1=*,17,5,Ring,-=--=
*C1OC2(*)C(*)OC(*)(C1*)C2*,17,6,Ring,------
*c1ccc2c(c1)S(*)=NS2(=*)=*,17,4,Ring,--==
*C12CCC(*)(C(=*)C1=*)C2(*)*,17,6,Ring,--==--
*C1CCC2(*)CCC3(*)C(=CCC4C5(*)Cc6cnn(*)c6C(*)(*)C5CCC43*)C2C1*,17,9,Ring,---------
*c1cnn2c(*)nnc2c1,17,2,Ring,--
*C1=NC2C(*)C(*)C(*)C2O1,17,4,Ring,----
*c1cc2c(*)nn(*)c2cc1*,17,4,Ring,----
*C1CC2(*)NC1CCC2*,17,3,Ring,---
*N1C(=*)c2ccccc2C2(CC(=*)NC2=*)C1=*,17,5,Ring,-====
*c1cc2nnc(*)c(*)n2n1,17,3,Ring,---
*C1=NC2(CCS1)c1cc(*)ccc1Oc1c2cc(*)nc1*,17,4,Ring,----
*c1ccc2c(c1)C1(C(=*)N2)N2CSCC2C(*)C12C(=*)c1ccccc1C2=*,17,5,Ring,-=-==
*c1cc2c(c(*)c1*)CC(*)C(*)(*)O2,17,6,Ring,------
*C1CCC2C3CCC4=CC5=C(C=C6C(=*)N(*)C(=*)N=C6N5*)CC4(*)C3CCC12*,17,7,Ring,-=-=---
*c1ncnc2ncccc12,17,1,Ring,-
*C1NC(=*)CNC(=*)C(*)NC(=*)C(*)NC(=*)C(*)NC(=*)C(*)NC(=*)C(*)NC1=*,17,13,Ring,-==-=-=-=-=-=
*C1=C(*)N(*)C(*)=C(*)C1=*,17,6,Ring,-----=
*c1cc2c(s1)-c1ccccc1SC2,17,1,Ring,-
*c1ccc2c(c1)-c1nc(*)cn1C1CC2C1,17,2,Ring,--
*N1CCC2(CCc3ccccc3O2)CC1,17,1,Ring,-
*C1=NC(=*)NC2=C1CCCC2,17,2,Ring,-=
*C1C2C(C(=*)N1*)C(*)N1CCCC21,17,4,Ring,-=--
*c1nnc2n1-c1sc3c(c1C(=*)N2*)CCC3,17,3,Ring,-=-
*c1cc2c(c(*)c1*)C(=*)N(*)C2,17,5,Ring,---=-
*C1=Cc2ccc(*)cc2C(=*)N1*,17,4,Ring,--=-
*N1N=C2CCCCCN2C1=*,17,2,Ring,-=
*C1(*)C2=NCCCN2c2ccccc21,17,2,Ring,--
*c1nc2c(s1)C1=NN(*)C(=*)N1C=N2,17,3,Ring,--=
*N1C(=*)C(=*)N(*)c2ccccc21,17,4,Ring,-==-
*c1ccc2c(c1)OC(=*)C(*)C2,17,3,Ring,-=-
*C1=C(*)c2ccsc2NC1=*,17,3,Ring,--=
*C1=C2Nc3ccccc3N2CN(*)C1*,17,3,Ring,---
*C12CCN(CC1)C2,17,1,Ring,-
*c1c2c(c(*)c3cc4c(cc13)OCO4)C(=*)OC2,17,3,Ring,--=
*C1=C(*)C(*)(*)C1=*,17,5,Ring,----=
*c1nc(*)c2c3ccccc3n(*)c2n1,17,3,Ring,---
*C1=Nc2c(*)cnn2C(=*)N1,17,3,Ring,--=
*c1ccc(*)c2c1CCC(=*)N2,17,3,Ring,--=
*c1cccc2c1OC(*)N2,17,2,Ring,--
*c1ccc2cc1NC(*)C(*)CN(*)CCc1c(*)c3c(n1-2)CC(*)(*)CC3=*,17,8,Ring,-------=
*c1cn(*)c2c1NC(=*)CC2*,17,4,Ring,--=-
*C1CCC2OC(*)C(*)CC2O1,17,3,Ring,---
*C1=NN2C=CC(=*)C(*)=C2C=C1,17,3,Ring,-=-
*c1cc(*)c2cc(*)c(*)cc2c1,17,4,Ring,----
*C1CC2C(*)(*)C(=*)CCC2(*)C2=C1C1(*)C(=*)CC(*)C1(*)CC2=*,17,10,Ring,---=--=--=
*C1Sc2ccccc2S1,17,1,Ring,-
*C1CCN(*)C2CCCCC12,17,2,Ring,--
*c1nc(*)c2oc(*)nc2n1,17,3,Ring,---
*N1CC(*)(*)C1(*)*,17,5,Ring,-----
*C1=NN(*)CC1(*)*,17,4,Ring,----
*C1OC(=*)C2OC(*)(*)OC12,17,4,Ring,-=--
*c1c(*)c(=*)c2c(*)nccc2c1=*,17,5,Ring,--=-=
*C1=CN2C(=NC(*)=C(*)C2*)S1,17,4,Ring,----
*C1=C(*)c2cc(*)ccc2CC1,17,3,Ring,---
*C1=CC2(*)C(CC3OC(=*)C(*)C4C5(*)OCC34C2C(*)C5*)C(*)C1=*,17,9,Ring,--=-----=
*c1cc(=*)c(=*)c2c(*)onc12,17,4,Ring,-==-
*C1=CC(*)CN(*)C1,17,3,Ring,---
*c1ccc2nc(*)c3c(c2c1)OCCC3,17,2,Ring,--
*c1ncc2c(n1)-c1ccccc1NC(=*)C2,17,2,Ring,-=
*C1=C2CC3C(*)(*)C4CC4C3(*)C3CC4=C5C(C(=*)C(=*)C(*)C5(*)C5CC45)C23OC1=*,17,9,Ring,----==--=
*c1cc2[nH]c3c(c2cc1*)CCN1CC2CC(*)C1C3(*)C2,17,4,Ring,----
*c1nc2c(s1)C(=*)CC(*)C2,17,3,Ring,-=-
*c1ccc2c(c1)N(*)C(=*)C[S+]2*,17,4,Ring,--=-
*C1=NC2(ON1*)c1cc(*)ccc1CC21CCc2ccccc2CC1,17,3,Ring,---
*c1ncnc2c1[nH]c1cccc(*)c12,17,2,Ring,--
*N1C=Nc2c(n(*)c3ccccc23)C1=*,17,3,Ring,--=
*c1ccc2c(c1)-c1nc(*)nc(*)c1C2,17,3,Ring,---
*C1CC(=*)N(*)C2=C1C(=*)CCC2,17,4,Ring,-=-=
*C1C[N+](*)(*)CCC1(*)*,17,5,Ring,-----
*C1=NC2C(N(*)C(=*)N2*)N1*,17,5,Ring,--=--
*C1=CC=CC2=NC(*)=C(*)C(=*)N12,17,4,Ring,---=
*c1cccc2[nH]nnc12,17,1,Ring,-
*C1C(=*)N(*)C(=*)C(=*)N1*,17,6,Ring,-=-==-
*c1cc(*)c2c(c1)OC(*)(*)c1ccncc1-2,17,4,Ring,----
*c1nc2cnccc2o1,17,1,Ring,-
*C1=NC(*)C2C(=*)N(*)C(=*)C12,17,5,Ring,--=-=
*C1C[S+](*)C(*)(*)O1,17,4,Ring,----
*C1=NC(*)Cc2c(*)ccc(*)c21,17,4,Ring,----
*C1=CC(=*)n2nccc2N1*,17,3,Ring,-=-
*c1ccn2cncc2c1,17,1,Ring,-
*c1cncc2c1c(*)nn2*,17,3,Ring,---
*c1cc2c(nc1*)C=CNC2=*,17,3,Ring,--=
*C1C(=*)C2CC3OC3C(*)C2(*)C2C(*)C(*)C3(*)C(C(*)C4C3C(*)C3OC35OC(=*)C(*)(*)C45*)C12,17,13,Ring,-=-------=---
*C1NC(=*)C(*)NC(=*)C2CSSCC(NC(=*)C(*)NC1=*)C(=*)N2,17,8,Ring,-=-==-==
*C1=Cc2cnc(*)nc2N2CCC(=*)N12,17,3,Ring,--=
*c1c2ccccc2nc2occc12,17,1,Ring,-
*N1C(=*)CC2(CCCCC2)CC1=*,17,3,Ring,-==
*C1=CC=C2C3CNCC(C3)CN2C1=*,17,2,Ring,-=
*c1nnc2n1-c1ccccc1SC2,17,1,Ring,-
*c1ccc2c(c1)OC(=*)C(=*)N2,17,3,Ring,-==
*N1CCCC2(CCC(=*)N2*)CC1,17,3,Ring,-=-
*c1n[nH]c2c1C(*)c1c(*)n[nH]c1O2,17,3,Ring,---
*C1CC(=*)C(*)O1,17,3,Ring,-=-
*N1C2=C(C(=*)CCC2)C2(*)C(=*)c3ccccc3C12*,17,5,Ring,-=-=-
*c1ccc2c(c1)OCC1c3ccc(*)c(*)c3OC21,17,3,Ring,---
*c1ccc2c(c1)nc1n2CCN(*)C1*,17,3,Ring,---
*C1=CN=C2C(*)=CCC(*)N2C1=*,17,4,Ring,---=
*c1cccc2c(*)n(*)nc12,17,3,Ring,---
*N1CC2(CC2)c2ccccc21,17,1,Ring,-
*c1ccc2c(c1)C(*)C(=*)N(*)C2=*,17,5,Ring,--=-=
*C1CC(*)(*)c2ccccc21,17,3,Ring,---
*c1ccc2c(*)c3ccccc3nc2c1*,17,3,Ring,---
*c1c(*)c(=*)c2c(c1=*)CC1C(=*)N3C(*)c4c(c(=*)c(*)c(*)c4=*)CC3C2N1*,17,11,Ring,--===-=--=-
*=C1CCS(=*)(=*)c2sccc21,17,3,Ring,===
*c1ccc2cnc3c(*)cnn3c2c1,17,2,Ring,--
*c1cc2c(cc1*)OCCCCOc1nc(cnc1*)NC(=*)N2,17,4,Ring,---=
*C1OCC2=CCOC(=*)C21*,17,3,Ring,-=-
*c1cccc2c1CC(*)C2=*,17,3,Ring,--=
*c1n[nH]c2c1CCc1ccccc1-2,17,1,Ring,-
*c1c2c(nc3c1ccc1cc[nH]c13)-c1ccccc1OC2=*,17,2,Ring,-=
*C1CN(*)C2CCN1C2,17,2,Ring,--
*c1ccc2c(=*)c3c(*)c(*)ccc3c(=*)c2c1*,17,6,Ring,-=--=-
*C1CC=CCC(*)C(=*)OCCNC1=*,17,4,Ring,--==
*c1cc(*)n2c(*)cnc2c1*,17,4,Ring,----
*C1=CC(=*)c2ccccc2S1,17,2,Ring,-=
*c1ccc2c(c1)NC(*)C1=C(CC(*)(*)CC1=*)N2,17,5,Ring,----=
*c1sc2nc3c(cc2c1*)N1CCC3CC1,17,2,Ring,--
*C1C(=*)C(=*)c2cccn21,17,3,Ring,-==
*c1nn(*)c2cn(*)nc12,17,3,Ring,---
*C1(*)OC2CC3C4CCC5=CC(=*)CCC5(*)C4CCC3(*)C2(*)O1,17,6,Ring,--=---
*C1OCC23C(*)CC(*)C4(*)COC(C(*)C(*)(*)C12)C43,17,7,Ring,-------
*N1CC2CCC(CC1=*)N2,17,2,Ring,-=
*c1cc2c(c(*)c1*)CC(*)CO2,17,4,Ring,----
*C1CC2OC(=*)C(*)C2C(*)C2(*)C(=*)C=CC12,17,6,Ring,-=---=
*c1cc(*)c2c(c1)C=CCCCC(*)CCCC(*)OC2=*,17,5,Ring,----=
*C1=NC2(CO1)c1cc(*)ccc1Oc1ncc(*)cc12,17,3,Ring,---
*C1(*)CNC1=*,17,3,Ring,--=
*c1cc2c(cc1*)C(=*)c1ccccc1N2,17,3,Ring,--=
*c1ccc2c3c([nH]c2c1)N(*)c1c(cc(*)c(*)c1*)C3=*,17,6,Ring,-----=
*C1=c2ccc(*)cc2=C(*)C(=*)O1,17,4,Ring,---=
*C1=NCCc2c1[nH]c1ccccc21,17,1,Ring,-
*c1ccn2ccnc2c1*,17,2,Ring,--
*c1c(*)c2c(oc3c(=*)c4ccccc4c(=*)c32)c2ccccc12,17,4,Ring,--==
*N1OC(=*)c2ccccc21,17,2,Ring,-=
*c1c(*)c(*)[n+]2nc(*)n(*)c2c1*,17,6,Ring,------
*C1=CC2C(*)C(*)C(*)C2(*)C(*)C(*)(*)C=CC(*)(*)C(*)CC1*,17,12,Ring,------------
*c1ccc2c(c1)C(*)(*)CC(*)O2,17,4,Ring,----
*C1=CC(=*)c2c(cc3c(c2*)C(*)C(*)=C(*)O3)O1,17,6,Ring,-=----
*c1ccc2c(c1)-c1c(nnn1*)C(=*)N2,17,3,Ring,--=
*C1CC2Cc3ccccc3N1O2,17,1,Ring,-
*C1=CN(*)C(=*)c2c(*)n[nH]c21,17,4,Ring,--=-
*C1=CCCc2cc(*)ccc21,17,2,Ring,--
*c1cc2c(cc1*)CNCC2,17,2,Ring,--
*C1=NC(*)Cc2nc(*)nc(*)c21,17,4,Ring,----
*C1C2CCc3ccccc3C12,17,1,Ring,-
*c1cccc2c1ccc1c3occ(*)c3c(=*)c(=*)c21,17,4,Ring,--==
*N1CCC2C(C1)c1cccc3c1N2CCCS3,17,1,Ring,-
*c1[nH]c2c(c1*)Cc1ccccc1-2,17,2,Ring,--
*C1=C(*)C(=*)C2(*)C(=C1)Oc1c3c(c(*)c(*)c12)OC(*)CC3=*,17,8,Ring,--=----=
*C12CCCC3CC(CCC31)C2,17,1,Ring,-
*C12OC3(*)C4C5CC(C6C5C3C61)C42,17,2,Ring,--
*c1cn2nccc2nc1*,17,2,Ring,--
*N1Cc2ccccc2OC2(CCOCC2)C1,17,1,Ring,-
*c1nc2c(*)nnc(*)n2c1*,17,4,Ring,----
*C1=C(*)C2(C=CC(=*)C=C2)OC1=*,17,4,Ring,--==
*N1CCC2(*)CCCC1C2,17,2,Ring,--
*c1cc2c(s1)NC(=*)N(*)C2=*,17,4,Ring,-=-=
*c1ccc2c(c1)OCCCC2*,17,2,Ring,--
*C1CCC2C3CC=C4C(*)(*)c5c(cnn5*)CC4(*)C3CCC12*,17,6,Ring,------
*N1CCC2(CCCC(=*)N2*)CC1,17,3,Ring,-=-
*c1cnc(*)c2c1COC(*)O2,17,3,Ring,---
*c1ccc2c(c1)OC(=*)CC2*,17,3,Ring,-=-
*c1cc2c(cc1*)OCC=CCOc1nc(cnc1*)NC(=*)N2,17,4,Ring,---=
*c1c2c(c(=*)c(=*)c1*)C(*)C1(*)C3NC3CN21,17,6,Ring,-==---
*=C1OC2C(CCC(=*)C3CCC(=*)C32)C1=*,17,4,Ring,====
*c1ccc2c(c1)C(=*)C1(CCN(*)CC1)N2,17,3,Ring,-=-
*c1c(*)c(*)[n+](*)c(*)c1*,17,6,Ring,------
*N1CC2(CCCCC2)COC1=*,17,2,Ring,-=
*C1c2c(n(*)c3ccccc23)C(=*)N1*,17,4,Ring,--=-
*C1CCC(=*)NC(*)C(=*)NC(*)C(=*)NC(*)C(=*)NC(*)C(=*)NC(*)C(=*)N1,17,12,Ring,-=-=-=-=-=-=
*c1nc2ccccc2c2c1cc(*)n2*,17,3,Ring,---
*c1cccc2c1N(*)C(=*)C2,17,3,Ring,--=
*C1CC(*)(*)OC2=C1C(=*)Oc1ccccc12,17,4,Ring,---=
*c1ccc2c(c1)CN(*)c1ccc(*)cc1CC2,17,3,Ring,---
*c1cnc2c3cc(*)c(*)cc3n(*)c2c1,17,4,Ring,----
*C1=NC(=*)Nc2[nH]ncc21,17,2,Ring,-=
*C1=CNC(=*)c2cc(*)sc21,17,3,Ring,-=-
*C1(*)NC(=*)c2cnccc21,17,3,Ring,--=
*c1ccc2c(c1)-c1onc(*)c1CO2,17,2,Ring,--
*c1nc2c3ncn(*)c3ncn2c1*,17,3,Ring,---
*c1ccc2c3c([nH]c2c1)N(*)c1cc(*)c(*)cc1C3=*,17,5,Ring,----=
*c1nc2nc(*)c3c(n2n1)N(*)CC3,17,3,Ring,---
*C1=C(*)C(*)=[N+]2C1=Cc1c(*)c(*)c(*)n1[B-]2(*)*,17,8,Ring,--------
*c1ccc2c(c1)NCC21C(*)C(*)N(*)C1*,17,5,Ring,-----
*C1=Cc2cc(*)ccc2C(=*)N1,17,3,Ring,--=
*N1CCC2(CC1)OC(=*)N(*)C2=*,17,4,Ring,-=-=
*c1cc2n(n1)C(=*)C1=C(N2)C(=*)N(*)C1,17,4,Ring,-==-
*C1C(=*)N(*)CCN(*)C1=*,17,5,Ring,-=--=
*C1C(=*)CCC2C1(*)CCC1C2(*)CCC2(*)C3CC(*)(*)CCC3(*)CCC12*,17,9,Ring,-=-------
*c1nc2c(s1)CCOc1cc(*)c(*)cc1-2,17,3,Ring,---
*c1cnc2c(*)ncc(*)c2c1,17,3,Ring,---
*c1cc(*)c2c(c1)OC(*)(*)c1cnn(*)c1-2,17,5,Ring,-----
*C1C2CCCCN2C2(C(=*)c3cccc4cccc2c34)C12CN(*)CC(=*)C2=*,17,5,Ring,-=-==
*C1=NC=C2c3cnc(*)cc3CN(*)C(=*)C3N=CN1C23,17,4,Ring,---=
*c1cc2c(cc1*)-c1ccccc1C2,17,2,Ring,--
*c1ccc2c(c1)c(*)c1n2CC(*)(*)CC1,17,4,Ring,----
*C1Cc2ccc(cc2)NC(=*)CCN2CCN(CCC(=*)Nc3ccc(cc3)CC(*)C(=*)N1)CC2,17,5,Ring,-==-=
*C1OC(=*)C2C=C3CCCCC3C(*)C12,17,3,Ring,-=-
*c1ccc2c(c1)CCc1nncn1-2,17,1,Ring,-
*C1Cc2c(n(*)c3ccccc23)C2CCCC(=*)N12,17,3,Ring,--=
*c1cc2c(cc1*)C1C(CO2)Oc2c(ccc3c2CC(*)O3)C1*,17,4,Ring,----
*C1=Nc2ccsc2C(=*)O1,17,2,Ring,-=
*C1=C(*)CCCCC1,17,2,Ring,--
*c1c2ncn(*)c2nc[n+]1*,17,3,Ring,---
*c1cc2c3cccnc3cc(*)n2n1,17,2,Ring,--
*c1ccc2c3c1OC1C(*)CCC4(*)C(C2*)N(*)CCC314,17,5,Ring,-----
*C1C2=C(N=CN(*)C2=*)Oc2c1ccc1ccccc21,17,3,Ring,--=
*C1=Nc2sc3c(c2C(=*)N1*)CCC(*)C3,17,4,Ring,-=--
*C1=CN(*)C(=*)c2ccc(*)cc21,17,4,Ring,--=-
*=c1[nH]c(=*)c(=*)c1=*,17,4,Ring,====
*C1N(*)C(=*)c2ccccc2S1(=*)=*,17,5,Ring,--===
*c1cnc2cc(*)ncc2c1,17,2,Ring,--
*C1=CC2=C(C(=*)N1*)C(*)C(*)O2,17,5,Ring,-=---
*C1=CC(=*)Oc2c1ccc1c2CN(*)CO1,17,3,Ring,-=-
*c1ccc2c(c1)C(*)C(=*)O2,17,3,Ring,--=
*C1=C(*)C(*)=C2Nc3ccccc3N2C1=*,17,4,Ring,---=
*c1nc2sc3c(c2c(*)c1*)CCC3,17,3,Ring,---
*C1C(=*)N2C1[S+](*)C(*)(*)C2*,17,6,Ring,-=----
*[n+]1ccc2ccnc3c2c1-c1ccccc1-3,17,1,Ring,-
*C1(*)Cc2ccccc2C2=NCCN21,17,2,Ring,--
*C1CNC(*)C(=*)NC(*)C(=*)NC(*)C(=*)NCC(*)C(*)C(=*)NC(=*)C(=*)NC(*)C(=*)N1,17,14,Ring,--=-=-=--===-=
*C1(*)S(=*)(=*)OCCOS1(=*)=*,17,6,Ring,--====
*N1C(=*)Sc2ccc3ccccc3c21,17,2,Ring,-=
*N1CCCC2(CC1)CNC(=*)O2,17,2,Ring,-=
*C1CN(*)CCC12CCCO2,17,2,Ring,--
*c1nccc2c1C(=*)OC2(*)*,17,4,Ring,-=--
*C1=NC(*)Nc2ccccc21,17,2,Ring,--
*c1ccc2c(c1)-c1nn(*)c3ccc(*)c(c13)S2,17,3,Ring,---
*C1CC(=*)CC(*)C12C(=*)NC(=*)NC2=*,17,6,Ring,-=-===
*c1cc2[nH]c3c4c(n[nH]c(=*)c(c1)c24)CN(*)C3,17,3,Ring,-=-
*C1(*)CCC2C(=*)CCC3C(C21)C3(*)*,17,5,Ring,--=--
*c1nc2n(n1)C(=*)Nc1[nH]ncc1-2,17,2,Ring,-=
*C1=NNC(=*)c2nc(*)ncc21,17,3,Ring,-=-
*c1cc(*)c2nc(*)[nH]c2n1,17,3,Ring,---
*c1cc2cc(*)oc2c(*)n1,17,3,Ring,---
*C1CC(=*)CC(*)O1,17,3,Ring,-=-
*C1=CCC2CN(*)CC2C1,17,2,Ring,--
*N1Cc2cn(*)nc2C1=*,17,3,Ring,--=
*C1=CC=CC(*)C(*)C(*)=CC(*)C(*)C(*)CC(*)Cc2c(*)c(=*)c(*)c(c2=*)NC1=*,17,13,Ring,---------=-==
*N1C(=*)COc2cccnc21,17,2,Ring,-=
*C1CC(=*)CC(*)C12C(=*)OC(*)(*)OC2=*,17,7,Ring,-=-=--=
*c1cccc2c1OC1CN(*)CCC1CN(*)C2=*,17,4,Ring,---=
*C12CCC(=*)CC1CCC1C2CCC2(*)C1CCC2(*)*,17,5,Ring,-=---
*C1=Cc2cc3c(cc2N(*)C1=*)OCO3,17,3,Ring,--=
*c1c(*)n(*)c2c(=*)c3ccccc3c(=*)c12,17,5,Ring,---==
*c1ccc2c(c1)NCCN2*,17,2,Ring,--
*c1cc(*)c2c(c1)OC(*)(*)C2=*,17,5,Ring,----=
*c1ccc2[nH]c3c4c(c(*)cc3c2c1)OC(*)(*)C=C4,17,4,Ring,----
*C1CCC(*)(*)CN1,17,3,Ring,---
*c1cc2c(cc1*)C13CCN4CC=CC(*)(C(*)C(*)(*)C1(*)N2*)C43,17,8,Ring,--------
*C1CCC2(*)C3CCC4(*)C(=*)CCC4C34C=CC2(C1)OO4,17,4,Ring,---=
*C1Oc2ccccc2O1,17,1,Ring,-
*C1C2CCCC(C2=*)C(*)N1*,17,4,Ring,-=--
*N1CC2(CC2)C1,17,1,Ring,-
*c1ccc2c(c1)N1CC(=*)NN=C1CO2,17,2,Ring,-=
*C1CNc2ccccc2C1,17,1,Ring,-
*c1nccc2n[nH]cc12,17,1,Ring,-
*c1cc(*)c2c(c1*)Cc1scnc1-2,17,3,Ring,---
*C1=C(*)C(*)c2ccc(*)cc21,17,4,Ring,----
*C1CCCC2(*)CC3OC(=*)C(*)C3C=C12,17,4,Ring,--=-
*C1=C(*)N2c3ccccc3C(=*)N2c2ccc(*)cc21,17,4,Ring,--=-
*C1=C(*)C(*)C2=C(CC(*)C(*)C2=*)N1,17,6,Ring,-----=
*c1nnn2c1CCC2,17,1,Ring,-
*c1oc2c(c1*)CCCC2,17,2,Ring,--
*C1=CC(=*)c2cccc(*)c2N1*,17,4,Ring,-=--
*c1c2c(nn1*)CCN(*)C2,17,3,Ring,---
*c1ccc2nc3c(*)n(*)ncc-3c2c1,17,3,Ring,---
*c1ccc2c(c1)CC(*)C1C2CCC2(*)C(*)C(*)CC12,17,5,Ring,-----
*n1c2ccccc2c2c3c(c4c5ccccc5[nH]c4c21)C(=*)NC3,17,2,Ring,-=
*c1cnc2sccc2c1*,17,2,Ring,--
*C1C2CC3CN(*)C1C3C2,17,2,Ring,--
*c1cc(*)c2c(c1*)OC(=*)c1c(*)cc(*)c(*)c1O2,17,7,Ring,---=---
*c1cn2c(n1)CNCC2,17,1,Ring,-
*C1=NC(*)Nc2sc3c(c21)CCN(*)C3,17,3,Ring,---
*C1=C(*)SCC1,17,2,Ring,--
*c1c2c(nn1*)CCS2,17,2,Ring,--
*c1nc2c(n1*)C(=*)N(*)N=C2,17,4,Ring,--=-
*c1cnc2nc(*)c(*)nc2c1,17,3,Ring,---
*C1Cc2cncn2C(=*)N1,17,2,Ring,-=
*C1=CN(*)C(=*)C1(*)*,17,5,Ring,--=--
*C1=CN(*)c2oc(*)cc2C1=*,17,4,Ring,---=
*c1ccc2c(c1)CCC1=C2N=C2SC(=*)C(=*)N2C1*,17,4,Ring,-==-
*N1CC=CCCOc2cccc(c2)-c2ccnc(n2)Nc2cccc(c2)C1,17,1,Ring,-
*c1cc2c(c3c1OC(*)(*)CC3)OC(*)(*)CC2,17,5,Ring,-----
*C1=CC2(*)C(=*)C(*)=CC2C2(*)C(*)C(*)C3(*)C(C2C1=*)C3(*)*,17,11,Ring,--=-----=--
*c1ccnc2c(*)[n+](*)ccc12,17,3,Ring,---
*c1cc(*)c2c(c1*)OC(*)(*)O2,17,5,Ring,-----
*C1=CCC(*)C2C=C(*)C3(*)C=CC(*)(O3)C(*)CC12,17,6,Ring,------
*C1=Nc2c(c(*)cn2*)C(=*)N1*,17,5,Ring,---=-
*c1cc2nc(*)c3nncn3c2cc1*,17,3,Ring,---
*C1CCC2(*)C(CCC(*)C2(*)*)C1(*)*,17,7,Ring,-------
*C1C2C=CC(*)(O2)C1*,17,3,Ring,---
*C1=NN(*)C(=*)Cc2cc(*)c(*)cc21,17,5,Ring,--=--
*c1c2c(cc3c(=*)c4c(*)ccc(*)c4c(=*)c13)C(*)C(*)(*)CC2*,17,9,Ring,-=--=----
*c1cc2c(cc1*)C(*)CCC2,17,3,Ring,---
*C1CC2CCCCC2(*)C2CCC3(*)C(*)CCC3C12,17,4,Ring,----
*C1=NN=C(*)C1=*,17,3,Ring,--=
*c1ccc2c(c1)N(*)S(=*)(=*)c1cnc(*)nc1-2,17,5,Ring,--==-
*c1ccc2n1Cc1ccccc1N(*)C2,17,2,Ring,--
*C1=NN2C(=*)c3ccccc3N=C2N1*,17,3,Ring,-=-
*c1ccc2c(c1*)CCN(*)C2*,17,4,Ring,----
*c1cc(*)c2nn(*)c(*)c2n1,17,4,Ring,----
*c1ccc2c(c1*)Oc1ccccc1C2=*,17,3,Ring,--=
*C1=NNC(=*)Cc2cc(*)c(*)cc21,17,4,Ring,-=--
*c1n[nH]c2c1c(*)nn2*,17,3,Ring,---
*c1cc(*)c2c3c(oc2n1)C(=*)N(*)C=N3,17,4,Ring,--=-
*C1CC2OCC(*)C2C1,17,2,Ring,--
*C1=C(*)C(*)C2=C(O1)N(*)C(=*)N(*)C2=*,17,7,Ring,----=-=
*N1CCNC2(CC2)C1,17,1,Ring,-
*c1c(*)c(*)c2c(*)n[nH]c2c1*,17,5,Ring,-----
*C1=NC(=*)N(*)c2cc3c(cc21)OCO3,17,3,Ring,-=-
*C1CN(*)c2nc3c(n2C1)C(=*)NC(=*)N3*,17,5,Ring,--==-
*C1CC2C3(*)CCCC(*)(*)C3CC(*)C23C(=*)C(=*)C1C3*,17,8,Ring,-----==-
*C1OC(*)C2OC(*)(*)OC2C1*,17,5,Ring,-----
*C1CC(*)(*)N(*)C1=*,17,5,Ring,----=
*c1ccc2c(c1*)C=CN(*)C2=*,17,4,Ring,---=
*c1cc2c(*)cc(*)c(*)c2[nH]1,17,4,Ring,----
*C1=CC=CC(*)C(*)C(*)C(*)C(*)C(*)C(*)C(*)C=COC2(*)Oc3c(*)c(*)c4c(*)c(c5sc(*)nc5c4c3C2=*)NC1=*,17,16,Ring,--------------==
*N1C=Nc2cnccc2C1=*,17,2,Ring,-=
*c1nc2c(s1)CCN(*)C2,17,2,Ring,--
*C1=CC2(*)C(=CC1=*)OC(*)C2*,17,5,Ring,--=--
*C1=CCC(*)C(*)(*)C1*,17,5,Ring,-----
*C1(*)CCC2(*)ON12,17,3,Ring,---
*C1=Cc2ccccc2Oc2ccccc21,17,1,Ring,-
*C1Cc2ccccc2C2CCCC(*)N2C1=*,17,3,Ring,--=
*c1ccc2c(c1)OC1=CC(=*)C=CC1C2*,17,3,Ring,-=-
*C1CCc2nncn2C1,17,1,Ring,-
*c1cnc2sc3c(*)ncnc3c2c1,17,2,Ring,--
*c1cc2cc(*)c1C(*)CCCCC(*)C(*)c1cc(*)c(c(*)c1)C(*)CCCCC(*)C2*,17,10,Ring,----------
*C1CC=C2NN(*)C(=*)CC2(*)O1,17,4,Ring,--=-
*C1=CCC(*)CC1*,17,3,Ring,---
*c1cccc2[nH]c3c(c12)CCN1CC(*)C(*)CC31,17,3,Ring,---
*C1CCN(*)C12CCCC2,17,2,Ring,--
*N1C(=*)c2c(cnn2*)N(*)C1=*,17,5,Ring,-=--=
*c1nc(*)c2c(n1)NC(=*)S2,17,3,Ring,--=
*c1nc2c(c(*)c1*)c1ccccc1n2*,17,4,Ring,----
*c1ccc2c(c1)CCc1ccccc1C2*,17,2,Ring,--
*C1OC(*)C2(CCCO2)C1*,17,3,Ring,---
*C1=NS(=*)(=*)c2cnccc2N1*,17,4,Ring,-==-
*c1ccc2c(c1)C(*)(*)OC(*)C(=*)N2,17,5,Ring,----=
*c1cccc2c1-c1ccccc1C2,17,1,Ring,-
*C1CCC2(CCN(*)C2=*)CC1*,17,4,Ring,--=-
*c1ccc2c(c1*)CCCC2(*)*,17,4,Ring,----
*C1(*)NCCc2ccccc21,17,2,Ring,--
*N1C2=C(C(=*)CC(*)(*)C2)C2(*)C(=*)c3ccccc3C12*,17,7,Ring,-=---=-
*N1CCN(*)c2ncccc21,17,2,Ring,--
*C1CCC2C(=CCC3C2(*)C(=*)CC2(*)C(*)CCC32*)C1(*)*,17,8,Ring,--=-----
*C1=COCCC1,17,1,Ring,-
*C1NC(=*)C(*)N(*)C(=*)C2CCCN2C(=*)C(*)NC(=*)C(*)N(*)C(=*)C(*)N(*)C1=*,17,14,Ring,-=--==-=--=--=
*c1ccc2c(c1)NC(=*)CCC=CCC(*)c1nc-2c[nH]1,17,3,Ring,-=-
*N1CCN2Cc3[nH]c4ccccc4c3CC2C1,17,1,Ring,-
*c1cc(*)c2c(c1)Nc1ccc(*)cc1C2=*,17,4,Ring,---=
*N1CC2CCC(*)(C1)C2(*)*,17,4,Ring,----
*C1=CC(*)C(=*)C=CC=Cc2csc(n2)C(*)N2C(=*)CC(*)(CC1)[S+]2*,17,7,Ring,--=-=--
*c1ccc2c(c1)N(*)CCN(*)C2,17,3,Ring,---
*C1c2ccccc2C(=*)C(=*)N1*,17,4,Ring,-==-
*C1OCC2(CO1)COC(*)OC2,17,2,Ring,--
*C1C2C=CC=CC2C(=*)N1*,17,3,Ring,-=-
*C1C=CC=CCC(*)C(*)C(*)(*)C(=*)C(*)C(*)C(*)C(=*)C(*)C(*)C(*)C=CC(=*)OC2C(*)C(CC1)OC1(CCC(*)C(*)O1)C2*,17,18,Ring,-----=---=---=----
*c1cccc2c1Oc1ccccc1S2,17,1,Ring,-
*c1ccc2c(c1)NCC(*)O2,17,2,Ring,--
*c1ccc2[nH]c3cnc(*)c(*)c3c2c1,17,3,Ring,---
*C1=C(*)C(*)C2=C(O1)c1ccc3ccccc3c1NC2=*,17,4,Ring,---=
*c1ccc2c(c1)C(*)CC1C2CCC2(*)C(*)CCC12,17,4,Ring,----
*c1ccc2c(c1)N(*)CC(*)S2,17,3,Ring,---
*C1=c2cccc(*)c2=C(*)C(=*)O1,17,4,Ring,---=
*N1CCC2(C=CCCC2)Cc2ccccc21,17,1,Ring,-
*C1CC2C(*)C(=*)CCC2(*)C2=C1C1CCC(*)C1(*)CC2=*,17,7,Ring,--=---=
*c1ccc2nnn3c4ccccc4c(=*)c1c23,17,2,Ring,-=
*C1CNCCOC1,17,1,Ring,-
*C1=Nc2ccccc2OC1=*,17,2,Ring,-=
*c1c(*)c2c3c(c1*)c(=*)c1c(*)cc(*)c4c(*)cc(c3c41)C(*)(*)C2=*,17,10,Ring,---=-----=
*C1=CC(=*)c2c(*)ccc(*)c2N1,17,4,Ring,-=--
*C1CC2CC(=*)CCC2(*)C2C(*)CC3(*)C(*)CCC3C12,17,6,Ring,-=----
*c1ccc2c(c1)OCC1(*)Cc3cc(=*)c(*)cc3=C21,17,4,Ring,--=-
*C1c2c(c3cccnc3c3ncccc23)NC2(*)COC(=*)C12,17,3,Ring,--=
*c1n[nH]c2c1COCC2,17,1,Ring,-
*C1NC2N(C1=*)c1ccccc1C2(*)*,17,4,Ring,-=--
*C1=C(*)N(*)c2cc(*)nn2C1=*,17,5,Ring,----=
*c1cccc2c1C(*)(*)C(=*)N2,17,4,Ring,---=
*C1CC2OC3CC(=*)C(*)OC3OC2C(*)O1,17,4,Ring,-=--
*N1CCCC2CN3CCc4ccccc4C3CC21,17,1,Ring,-
*C1=CNC(*)=NC1=*,17,3,Ring,--=
*C1=C2C(=Nc3ccccc3N(*)C2*)CC(*)C1,17,4,Ring,----
*c1ccc2c(c1)C(=*)N(*)C(=*)C2*,17,5,Ring,-=-=-
*C1=C(*)SC(=*)O1,17,3,Ring,--=
*C1OC=CC2(*)C(*)CC(*)(*)C12,17,5,Ring,-----
*N1CC2C3CCC(CC3)C2C1,17,1,Ring,-
*CCCS(=O)(=O)C*,17,2,Linker,--
*OCC(CNC(C)(C)C)OC(*)=O,17,2,Linker,--
*C(C(O)CNC)N(*)C,17,2,Linker,--
*C=C(C*)[N+](=O)[O-],17,2,Linker,--
*OCC(=O)NC(CCSC)C(*)=O,17,2,Linker,--
*OCC(C)NS(*)(=O)=O,17,2,Linker,--
*CC=CC(*)(*)*,17,4,Linker,----
*C(=S)N(*)C,17,2,Linker,--
*NC(=O)N(CC(*)O)C(C)C,17,2,Linker,--
*C(O)CNC(*)(C)C,17,2,Linker,--
*C(=O)N(*)C(*)C(=O)NC(C)(C)CC,17,3,Linker,---
*N(C(C)CCC)S(*)(=O)=O,17,2,Linker,--
*CCCCCCCOC*,17,2,Linker,--
*C=C(NC(*)=O)C(=O)OC*,17,3,Linker,---
*CC(O)COC(*)=O,17,2,Linker,--
*COC(=O)C(C)NC(=O)C(C*)NC(=O)C(NC(=O)C(CC(N)=O)NC(=O)C(N)CO)C(C)C,17,2,Linker,--
*CC(CC)NC(=O)N*,17,2,Linker,--
*C(=O)NCCCCC(NC(=O)OC(C)(C)C)C(=O)NCC(*)*,17,3,Linker,---
*C(C)C(=O)NS(*)(=O)=O,17,2,Linker,--
*COS(=O)(=O)NC(=O)C(N)C*,17,2,Linker,--
*CNC(=O)C(*)S(C)(=O)=O,17,2,Linker,--
*CC(=O)OCC(=O)N(*)C,17,2,Linker,--
*CN(C*)CCCC,17,2,Linker,--
*N=P(*)(*)*,17,4,Linker,----
*CNC(C(=O)N*)C(O)C(C*)NC(=O)OC(C)(C)C,17,3,Linker,---
*COC(=O)N(C)C*,17,2,Linker,--
*C=C(C(*)=O)C(C)=O,17,2,Linker,--
*CC(NC(=O)CCC(*)C)C(=O)O,17,2,Linker,--
*NCCC(*)C,17,2,Linker,--
*OCCN(*)CC,17,2,Linker,--
*CN(C)CCN(C)C*,17,2,Linker,--
*NC(=O)CCCN(C)S(*)(=O)=O,17,2,Linker,--
*C(*)CCN(C(C)C)C(C)C,17,2,Linker,--
*NC(=O)NC(C(*)=O)C(C)C,17,2,Linker,--
*CNC(=O)C(CC(C)C)NS(*)(=O)=O,17,2,Linker,--
*CC(CC)N*,17,2,Linker,--
*CC(*)=NNC(*)=O,17,3,Linker,---
*C(=O)OC(*)CCN(C)C,17,2,Linker,--
*CN(O)C=CC(*)=O,17,2,Linker,--
*CS(=O)(=O)CCC(*)=O,17,2,Linker,--
*C(*)=CCCN(*)C,17,3,Linker,---
*CCC(=O)NC(*)(C)C,17,2,Linker,--
*NCCN(*)C,17,2,Linker,--
*CCCCCSS*,17,2,Linker,--
*CONC(=O)N*,17,2,Linker,--
*COC(=O)NC(C*)CCC(C*)NC(*)=O,17,4,Linker,----
*COCC=*,17,2,Linker,-=
*CC(NC(=O)C(NC(=O)C(*)NC(C)=O)C(C)(C)C)C(O)C(*)=O,17,3,Linker,---
*SCC(=O)N(*)C(C)CC,17,2,Linker,--
*CCNC(=O)CCO*,17,2,Linker,--
*CN(CCN(C)C)C(S)=N*,17,2,Linker,--
*C(CC(=O)OC)C(*)C(=O)N(C(C)C)C(C)C,17,2,Linker,--
*CC(NC(*)=O)C(=O)OCC(=O)N*,17,3,Linker,---
*C(=O)N(*)CC(=O)NC(C)(C)C,17,2,Linker,--
*CCC(*)C(=O)N*,17,3,Linker,---
*CC(NC(=O)CNS(*)(=O)=O)C(=O)N(*)C,17,3,Linker,---
*NC(=O)CCNCC(O)CO*,17,2,Linker,--
*NN=C(C#N)S(*)(=O)=O,17,2,Linker,--
*C(=O)CCNC(C)C(*)O,17,2,Linker,--
*CCCCCCCOC(*)=O,17,2,Linker,--
*CN(C)CCN*,17,2,Linker,--
*CN(C)C(=O)C(C)O*,17,2,Linker,--
*CNC(C=O)C*,17,2,Linker,--
*CCCS(=O)(=O)N*,17,2,Linker,--
*CCC(=O)NC(*)C(C)C,17,2,Linker,--
*CCCNCCNS(*)(=O)=O,17,2,Linker,--
*CN(C(=O)CCC(=O)N*)C(*)C(=O)N*,17,4,Linker,----
*P(*)CCP(*)*,17,4,Linker,----
*C(=O)NC(CC)(CC)C(*)=O,17,2,Linker,--
*C(=O)NCC(*)(CC)CC,17,2,Linker,--
*CN(C(=*)N*)C(C)CCCCC,17,3,Linker,-=-
*COC(=O)CCO*,17,2,Linker,--
*C(CC(=O)NO)S(*)(=O)=O,17,2,Linker,--
*COC(=O)C(C)NP(=O)(NC(C)C(=O)OC*)OC*,17,3,Linker,---
*CSCC(NC(=O)C(C*)CS)C(=O)O,17,2,Linker,--
*CCCN(C)C(=O)N*,17,2,Linker,--
*CCCCCCCNC*,17,2,Linker,--
*CCCNCC(O)C*,17,2,Linker,--
*C(=O)OCC(=O)C=*,17,2,Linker,-=
*CCC(NC(=O)C(COC*)NC(C)=O)C(=O)NC(C*)C(=O)NO,17,3,Linker,---
*OCCC(CCC(*)C)C(C)C,17,2,Linker,--
*CC(*)=C(*)*,17,4,Linker,----
*CN(*)C(=O)CC(C)C,17,2,Linker,--
*CC=C(C=O)CC(=O)OC*,17,2,Linker,--
*CC(C*)C(*)=O,17,3,Linker,---
*C=C(C=*)CC,17,2,Linker,-=
*OCC(*)=NOC,17,2,Linker,--
*NC(*)CCN(C)C,17,2,Linker,--
*NCC(C)OC(=O)N*,17,2,Linker,--
*C=C(C#N)C(=O)N(*)C,17,2,Linker,--
*CCN(CC*)CCC,17,2,Linker,--
*C(=O)N(*)CC(F)F,17,2,Linker,--
*NC(=O)C(=O)NC(*)C,17,2,Linker,--
*N(*)CCC(C)C,17,2,Linker,--
*NCCN(C)CCN*,17,2,Linker,--
*C=CCOC(=*)O,17,2,Linker,-=
*C=CCCCCCCOC*,17,2,Linker,--
*C(C)CC(*)OC(C)=O,17,2,Linker,--
*CCCCN(C*)CC,17,2,Linker,--
*C(=O)NC(*)C(=O)NCCCOCC,17,2,Linker,--
*CNC(*)(C)C(C)C,17,2,Linker,--
*COCCCNC(*)=O,17,2,Linker,--
*OC(C)C(=O)NC(*)P(=O)(OCC)OCC,17,2,Linker,--
*C=CCCCCCCCCCOC*,17,2,Linker,--
*NC(=NCCCCCCO*)NC#N,17,2,Linker,--
*C=C(C)C(=O)NC*,17,2,Linker,--
*CC=C(C)CCC=C(C)C*,17,2,Linker,--
*CSCC(=O)O*,17,2,Linker,--
*CSCCNC(=O)C*,17,2,Linker,--
*CC(NC(*)=O)B(O)O,17,2,Linker,--
*OC(C)C(=O)NNC(*)=O,17,2,Linker,--
*NCCC(=NS(*)(=O)=O)N*,17,3,Linker,---
*CNC(C)CO*,17,2,Linker,--
*CC(NC(*)=O)C(=O)C(=O)NCC=C,17,2,Linker,--
*OC(=O)CC(=O)O*,17,2,Linker,--
*NC(CC(C)C)C(*)=O,17,2,Linker,--
*CNC(=O)CC(*)NS(*)(=O)=O,17,3,Linker,---
*CCCCNC(=O)C(N)C*,17,2,Linker,--
*CN(*)C(=O)C=CC(=O)N(*)C*,17,4,Linker,----
*COCC(C#N)NC(=O)C(C*)N*,17,3,Linker,---
*C=NOCC(=O)NC*,17,2,Linker,--
*CC(*)(O)CSC(*)=S,17,3,Linker,---
*CC(NC(=O)C(CC(C)C)NC(=O)C(C*)NC(=O)C(CC(C)C)NC(=O)C(C*)NC(=O)OC(C)(C)C)C(=O)O,17,3,Linker,---
*NCCCCNC(=O)C=CC(=O)N*,17,2,Linker,--
*C=CC(C)=CC(C)C(C*)OC,17,2,Linker,--
*C(=O)N(O)C(*)C,17,2,Linker,--
*N=C(C)N*,17,2,Linker,--
*CCNC(=*)CC,17,2,Linker,-=
*C=CC=C(*)C(*)=O,17,3,Linker,---
*CC(NC(*)=O)C(=O)NC(CCCNC(=N)N)C(=O)O,17,2,Linker,--
*CN(C*)CC#N,17,2,Linker,--
*CCNC(=N*)NC(*)=O,17,3,Linker,---
*CC(*)NC(=O)CNC,17,2,Linker,--
*C(*)N(CCCl)CCCl,17,2,Linker,--
*C=CC(=N)NC*,17,2,Linker,--
*COC(=O)NC(C*)P(=O)(O)CC(C*)C(=O)NC(C*)C(=O)O,17,4,Linker,----
*CN(C)CCN(C)C(*)=O,17,2,Linker,--
*CC(NC(=O)C(*)(F)F)C(=O)NC(*)C(=O)NC(C(=O)C(F)(F)F)C(C)C,17,3,Linker,---
*CC(NC(=O)C(C)NC(*)=O)C(N)=O,17,2,Linker,--
*CC(NC(*)=O)C(=O)NC(CCCCN)C(*)=O,17,3,Linker,---
*C(=O)CCC(=O)NC(*)C,17,2,Linker,--
*CCNC(C)CO*,17,2,Linker,--
*CNC(=N)NC(*)=O,17,2,Linker,--
*CN(C*)CCNCCCO,17,2,Linker,--
*OCCCC(=O)O*,17,2,Linker,--
*NP(*)(=O)OC,17,2,Linker,--
*C=NN(*)C(C)=O,17,2,Linker,--
*CC(=O)N(C)C(C*)C(C)C,17,2,Linker,--
*NC(=O)CCCNCC(=O)N*,17,2,Linker,--
*CC(=O)N(C*)CCN(C)C,17,2,Linker,--
*C(=O)N(C)CCCCCCN(*)C,17,2,Linker,--
*=C(O)OCC(C)C,17,1,Sub,=
*CC(NC(=O)CCCCCCC(=O)NO)C(=O)OC,17,1,Sub,-
*OCC(=O)NCC(F)(F)F,17,1,Sub,-
*C(S)=NCC(C)C,17,1,Sub,-
*COCCCCCCCC,17,1,Sub,-
*C(=O)NS(=O)(=O)CCOC,17,1,Sub,-
*CC(O)C(O)C(O)C(O)CO,17,1,Sub,-
*OC(=O)C(C)=CCO,17,1,Sub,-
*[N+]([O-])=NC#N,17,1,Sub,-
*OCCNCCCC,17,1,Sub,-
*=NOCC#C,17,1,Sub,=
*OCC(O)C(F)(F)F,17,1,Sub,-
*CC(CCC(=C)C)C(=C)C,17,1,Sub,-
*C(C)CNC,17,1,Sub,-
*C(=O)NC(CC(C)C)C(=O)NCC#N,17,1,Sub,-
*NC(=O)NCCCCCCCCC=CCCCCCCCC,17,1,Sub,-
*CC(O)CNC(C)(C)C,17,1,Sub,-
*NC(=O)C(F)(F)Cl,17,1,Sub,-
*C(=O)N(C)C(C)(C(=O)NC)C(=O)NO,17,1,Sub,-
*CC[S+]([O-])CC,17,1,Sub,-
*CCCCC(NC(=O)NC(CCC(=O)O)C(=O)O)C(=O)O,17,1,Sub,-
*CCNCC(C)C,17,1,Sub,-
*C(O)CN(CCC)CCC,17,1,Sub,-
*C(=O)NC(C(=O)OCC)C(C)C,17,1,Sub,-
*C(=O)COC(=O)CCC(=O)O,17,1,Sub,-
*NC(=O)C(C)NC(N)=O,17,1,Sub,-
*C(=O)OCOC(=O)OCC,17,1,Sub,-
*NC(=O)NCC(N)C(=O)O,17,1,Sub,-
*C(=O)NCC(C)N,17,1,Sub,-
*CN(C)CC(=O)N(C)C,17,1,Sub,-
*C(=O)NCC(=O)NC(C)C,17,1,Sub,-
*C(=O)NCCC(=O)NCCCN(C)C,17,1,Sub,-
*NC(CCSC)C(=O)O,17,1,Sub,-
*=C(C)C(=O)O,17,1,Sub,=
*CC=C(C)C=CC(O)C(C)C=CC(=O)O,17,1,Sub,-
*CC(=O)NOC,17,1,Sub,-
*NC(S)=NCCN(C)C,17,1,Sub,-
*C(=O)OCC(C)=O,17,1,Sub,-
*[Si](C)(C)CCCC,17,1,Sub,-
*SCCOCC,17,1,Sub,-
*COC(=O)NC(=N)N,17,1,Sub,-
*C[Si](C)(C)C,17,1,Sub,-
*C(C)OC(C)(C)C,17,1,Sub,-
*C(C)CCC(=O)N(C)C,17,1,Sub,-
*C(=O)CP(=O)(O)O,17,1,Sub,-
*NC(=N)NCCC,17,1,Sub,-
*C(=O)C(C)(C)CO,17,1,Sub,-
*C(=O)NC(C(C)C)C(C)C,17,1,Sub,-
*=NCCCCCCCCCC,17,1,Sub,=
*C#CCN(CC)CC,17,1,Sub,-
*NC(=O)N(C(C)C)C(C)C,17,1,Sub,-
*CCOC(=O)CBr,17,1,Sub,-
*C(C)=NNC(=O)OC,17,1,Sub,-
*NC(=O)C(CC(C)C)C(CCC)C(=O)NO,17,1,Sub,-
*CCC=C(C)CCC=C(C)CCC=C(CO)CO,17,1,Sub,-
*C(=O)NCC(C)N(CC)CC,17,1,Sub,-
*CC(O)C(C)C,17,1,Sub,-
*NS(=O)(=O)NCC,17,1,Sub,-
*CC(CC(=O)O)C(=O)O,17,1,Sub,-
*OC(=O)N(C)OC,17,1,Sub,-
*N(C)CC(F)(F)F,17,1,Sub,-
*C(=O)NC(NC(=O)OC)C(C)C,17,1,Sub,-
*OC(=O)C(CC(C)C)NC(=O)OC(C)(C)C,17,1,Sub,-
*C[N+](C)(C)CCCCCCCCCCCCCCCC,17,1,Sub,-
*S(=O)(=O)NCCCN,17,1,Sub,-
*C(=C)C(CC=C(C)C)OC(=O)C(C)=CC,17,1,Sub,-
*C(C)(C)CCCC,17,1,Sub,-
*C(C)Br,17,1,Sub,-
*CC(NC(=O)C(CC(=O)NO)CC(C)C)C(=O)NC,17,1,Sub,-
*C(=N)NC(C)CC,17,1,Sub,-
*=NN=C(C)C,17,1,Sub,=
*C=NOCC=C,17,1,Sub,-
*S(=O)(=O)NC(C=O)C(=O)O,17,1,Sub,-
*SSC(C)CC,17,1,Sub,-
*OCC[Si](C)(C)C,17,1,Sub,-
*NC(=O)COC(C)C,17,1,Sub,-
*C(F)(F)S(N)(=O)=O,17,1,Sub,-
*C#CCNC(=O)CCCCCCC,17,1,Sub,-
*C(=O)OCC(=O)N(CC)CC,17,1,Sub,-
*CCOC(=O)CC,17,1,Sub,-
*CCCN(CC(C)C)CC(C)C,17,1,Sub,-
*C(CCN(C(C)C)C(C)C)(CCN(C(C)C)C(C)C)C(N)=O,17,1,Sub,-
*CC(NC)C(O)CCC=CC(C)CC(C)CC,17,1,Sub,-
*N(C)CC(C)(C)O,17,1,Sub,-
*C(=O)NC(CC(=O)O)C(N)=O,17,1,Sub,-
*CCC(C)=CCSCCC(=O)O,17,1,Sub,-
*OCC=CC(=O)O,17,1,Sub,-
*C(=O)NCB(O)O,17,1,Sub,-
*[Si](C)(C)CCCCCC,17,1,Sub,-
*CNC(=O)CCNC(C)=O,17,1,Sub,-
*NCC(C)(C)CN,17,1,Sub,-
*OC(=O)C(N)C(C)CC,17,1,Sub,-
*NN=C(C)C(=O)O,17,1,Sub,-
*C(NC(=O)OC(C)(C)C)C(=O)OC(C)(C)C,17,1,Sub,-
*N(C)C(=O)CC(C)C,17,1,Sub,-
*CNC(=O)CCCCCCCCCCCCC,17,1,Sub,-
*C(=O)NC(C(=O)NO)C(C)(C)NS(C)(=O)=O,17,1,Sub,-
*SCCS(=O)(=O)CC,17,1,Sub,-
*CCC(OCC)OCC,17,1,Sub,-
*=C(CC)CN,17,1,Sub,=
*C(=N)OCC,17,1,Sub,-
*CC(=O)NCC#N,17,1,Sub,-
*S(=O)(=O)NC(=O)C(N)C(C)O,17,1,Sub,-
*OCC(O)COC,17,1,Sub,-
*C(=O)NCC(F)=C(C)C,17,1,Sub,-
*CCNC(=O)CC(C(=O)NC(C=O)CC(=O)O)C(C)C,17,1,Sub,-
*NS(=O)(=O)C(F)(F)C(F)(F)C(F)(F)C(F)(F)F,17,1,Sub,-
*OC(=N)N,17,1,Sub,-
*S(=O)(=O)NCCCNCCCCNCCCN,17,1,Sub,-
*NC(=O)C(F)(F)C(F)(F)C(F)(F)C(F)(F)C(F)(F)C(F)(F)C(F)(F)C(F)(F)F,17,1,Sub,-
*CNC(=O)NCCCC,17,1,Sub,-
*NCC(CC)CCCC,17,1,Sub,-
*CCCCCN(C)C,17,1,Sub,-
*O[SiH2]C(C)(C)C,17,1,Sub,-
*=NC(N)=O,17,1,Sub,=
*C(=O)NCCCF,17,1,Sub,-
*CC(O)C(OS(=O)(=O)[O-])C(O)C(O)C(O)CO,17,1,Sub,-
*C(O)CCO,17,1,Sub,-
*C(=O)C(C)=O,17,1,Sub,-
*CNC(C(=O)O)C(C)O,17,1,Sub,-
*OCCCNCCC,17,1,Sub,-
*OCC(C)NC,17,1,Sub,-
*C#CCCCC#N,17,1,Sub,-
*S(=O)(=O)NC(CC)CO,17,1,Sub,-
*S(=O)(=O)CCCCC,17,1,Sub,-
*NC(=O)COC(=O)C=C(C)C,17,1,Sub,-
*OCC(=O)NCCCC,17,1,Sub,-
*NCCCC(N)C(=O)O,17,1,Sub,-
*P(=O)(O)CCCC,17,1,Sub,-
*CCCCN=C(N)N,17,1,Sub,-
*CCCC(Cl)Cl,17,1,Sub,-
*OCCCS(=O)(=O)O,17,1,Sub,-
*C(C)=CCO,17,1,Sub,-
*OCC(C)F,17,1,Sub,-
*OCC(O)CN(CCC)CCC,17,1,Sub,-
*NC(CC)C(F)(F)F,17,1,Sub,-
*OC(COC)C(F)(F)F,17,1,Sub,-
*OCOC(=O)OC(C)C,17,1,Sub,-
*C(=O)NC(COCC)CC(C)C,17,1,Sub,-
*NC(=C[N+](=O)[O-])SC,17,1,Sub,-
*S(=O)(=O)CCCCCCCC,17,1,Sub,-
*C(C)CCCOS(=O)(=O)O,17,1,Sub,-
*=NOCCCCCCC(=O)NO,17,1,Sub,=
*CC(=O)NCCC#N,17,1,Sub,-
*CCCCCCC(O)CC(O)(CC(=O)O)C(=O)O,17,1,Sub,-
*CP(=O)(CCC)OCC,17,1,Sub,-
*NC(=O)NCC#C,17,1,Sub,-
*SC(=O)OCC,17,1,Sub,-
*NC(=O)NCC(=O)N(C)C,17,1,Sub,-
*NS(=O)(=O)CCCCCC,17,1,Sub,-
*N(C)CC(N)=O,17,1,Sub,-
*CCCCCCCCN,17,1,Sub,-
*OCC(O)C(C)NC(C)(C)C,17,1,Sub,-
*NCC(O)CN,17,1,Sub,-
*OP(C)(=O)O,17,1,Sub,-
*C1(*)CCC2C3CCC4=CC(=*)CCC4=C3C=CC21*,16,4,Ring,--=-
*C1NC(=*)C(*)NC(=*)C(*)NC(=*)C(*)NC1=*,16,8,Ring,-=-=-=-=
*C1=Cn2c(nc3ccccc32)C(=*)N1*,16,3,Ring,-=-
*c1cc2cncnc2nc1*,16,2,Ring,--
*c1ncc2nc(*)[nH]c2n1,16,2,Ring,--
*C1=NN(*)C2=NC(*)=C(*)C(=*)N12,16,5,Ring,----=
*C1=CCC2C3CC(=*)C4=CC(*)CCC4(*)C3CCC12*,16,5,Ring,-=---
*C1CCC2(CO2)C2(*)C(*)CC(*)C(*)(*)C12,16,6,Ring,------
*C1C(*)C(*)(*)C23OC(*)(*)C(CC(*)C2(*)C1*)C3*,16,10,Ring,----------
*c1ncc2c(n1)N(*)C(=*)c1nncn1-2,16,3,Ring,--=
*c1ccc2c(c1*)C(=*)N1c3ccccc3C(=*)N(*)C21,16,5,Ring,--==-
*C1C=CC(*)C2C(=*)N(*)C(=*)C12,16,5,Ring,--=-=
*C1=Nc2ccccc2C1*,16,2,Ring,--
*c1ccc2c(c1)-c1ccnc(c1)C(*)CCCC(*)C(=*)N2,16,4,Ring,---=
*N1CCC2(C1)OC(=*)c1ccccc12,16,2,Ring,-=
*c1c2c(c3nnc(*)n3c1*)COC(*)(*)C2,16,5,Ring,-----
*C1CSc2ccccc2O1,16,1,Ring,-
*c1nc2c(n1*)N(*)C(=*)N(*)C2=*,16,6,Ring,---=-=
*C1=CC2OC(=*)C(=*)C2C(*)CC2(*)OC1=CC2=*,16,6,Ring,-==--=
*C1CN(*)C2CCN(*)CC12,16,3,Ring,---
*c1cc2c(cn1)C1CC(C2*)C1(*)*,16,4,Ring,----
*c1ccc2c(c1)CCC1CN(*)CCN21,16,2,Ring,--
*C1=CC=CC(=*)c2c1c(*)n(*)c2*,16,5,Ring,-=---
*N1C(=*)c2cscc2N(*)C1=*,16,4,Ring,-=-=
*C1CN(*)C(=*)c2c3c(nn2C1)CCN(*)C3,16,4,Ring,--=-
*c1ccc2c(c1)Sc1ccccc1N2,16,1,Ring,-
*c1ccc2oc3c(c2c1)CNCC3,16,1,Ring,-
*N1C(=*)C=CNC1=*,16,3,Ring,-==
*N1C(=*)C2COCC2C1=*,16,3,Ring,-==
*C1C=CC(*)C2(C1)NC(=*)C(=*)NC2=*,16,5,Ring,--===
*c1cccc2c1C(=*)N=C1C(=*)CCN12,16,3,Ring,-==
*C1=NCCNC12CCN(*)CC2,16,2,Ring,--
*C1=CN(*)C2=C(C=C(*)C3=NN=C(*)CN32)C1=*,16,5,Ring,----=
*C1CC2(CC2)CN(*)C1*,16,3,Ring,---
*c1ccc2c(*)c3ccccc3c(*)c2c1,16,3,Ring,---
*C1=CCCCc2c1ccc(*)c2*,16,3,Ring,---
*c1ccc2n1CC(*)(*)N(*)C2=*,16,5,Ring,----=
*N1CCCC2CCc3cccnc3C21,16,1,Ring,-
*c1nn(*)c2c1cnc1ccccc12,16,2,Ring,--
*c1nc(*)c2cc3c(cc2n1)OCCC1CN(*)CCN31,16,3,Ring,---
*C1CC2OC(=*)C(=*)C2CC2(*)C(*)CC(*)C12,16,6,Ring,-==---
*c1cc2cc3c(cc2o1)OC(*)C3,16,2,Ring,--
*n1cnc(=*)c1=*,16,3,Ring,-==
*c1ccc2c(*)ncc(*)c2n1,16,3,Ring,---
*c1cc2cc(*)c(*)nc2nc1*,16,4,Ring,----
*c1cccc2nn[nH]c12,16,1,Ring,-
*B1OCc2cc(*)c(*)cc21,16,3,Ring,---
*C1CCCCOc2cccc(c2)CC(*)C(=*)NC(*)C(=*)N1,16,5,Ring,--=-=
*c1cc2c(c(*)c1*)CCN(*)C2*,16,5,Ring,-----
*C1=NC(*)N(*)C1(*)*,16,5,Ring,-----
*C12CCC(=*)C=C1CCC1C2C(=*)CC2(*)C1CCC2(*)*,16,6,Ring,-==---
*c1cc(*)c2c(c1*)C(*)C(*)C(*)(*)N2,16,7,Ring,-------
*c1coc2c1C(=*)Oc1c-2ccc2c(*)cccc12,16,3,Ring,-=-
*c1ccc2c(c1)C(=*)c1sccc1CO2,16,2,Ring,-=
*n1cnc2cnccc21,16,1,Ring,-
*c1ccc2c(c1)C1(NC(*)C3C(=*)N(*)C(=*)C31)C(=*)N2,16,6,Ring,--=-==
*c1coc2c(*)ncnc12,16,2,Ring,--
*c1cc2c(=*)n(*)c3cc4ccccc4c(c1*)c23,16,4,Ring,-=--
*C1=CC2=NC(=*)C(=*)C(=*)N2C=C1,16,4,Ring,-===
*c1onc2c1CCOC2*,16,2,Ring,--
*C1=CC(=*)OC2CC(CCC(*)C=CCC1)OC(*)(*)C2,16,5,Ring,-=---
*C1c2[nH]cnc2CCN1*,16,2,Ring,--
*C1=CCC2C3CC(*)C4=CC(=*)CCC4(*)C3CCC12*,16,5,Ring,--=--
*C1=CC2CCC(C1)N2,16,1,Ring,-
*C1C(=*)c2[nH]ncc2C(*)N1*,16,4,Ring,-=--
*c1cc2n(c1)-c1ccccc1N(*)C2=*,16,3,Ring,--=
*C1=CC2=C(C(=*)N1*)C1OC(*)(Cc3cc(*)ccc31)O2,16,5,Ring,-=---
*c1cn2c(n1)N(*)CCC2,16,2,Ring,--
*c1cc(*)c2cc[n+](*)c(*)c2n1,16,4,Ring,----
*C1=CC(*)(*)Nc2ccc3c(c21)C(*)Oc1ccc(*)c(*)c1-3,16,6,Ring,------
*C1=Nc2ccn(*)c2C(=*)N1,16,3,Ring,--=
*C1=C(*)C(*)C2C(*)C3C(=C(*)C2(*)C1=*)C(=*)c1c(ccc(*)c1*)C3*,16,11,Ring,------==---
*C1N(*)CC12CCCC2,16,2,Ring,--
*C1=Cc2ccccc2C(=*)S1,16,2,Ring,-=
*c1ccc2c(c1)COCO2,16,1,Ring,-
*C1CCC2(CC1)OCC(*)O2,16,2,Ring,--
*C1NC(=*)C(*)N(*)C(=*)C(*)N(*)C(=*)C(*)NC(=*)C(*)N(*)C(=*)C(*)N(*)C(=*)C(*)NC1=*,16,18,Ring,-=--=--=-=--=--=-=
*C1=NN2C(*)=Nc3ccccc3N2C1=*,16,3,Ring,--=
*C1CCC2(*)CCC3(*)C(CC(*)C4C5(*)CCC(*)C(*)(*)C5CCC43*)C12,16,9,Ring,---------
*c1cccc2c1C(=*)N(*)N(*)C2=*,16,5,Ring,-=--=
*C1=NC2CCC34CC35C(=*)CC3(*)C(*)C(*)CC3(*)C5CCC4C2(*)CS1,16,7,Ring,-=-----
*C1=NCC2(CN3CCC2CC3)N1,16,1,Ring,-
*c1c(*)n2c3c(cccc13)C(=*)NCC2,16,3,Ring,--=
*[N+]1=C2CCCCN2C(*)(*)C1,16,3,Ring,---
*c1c[nH]c2nccnc12,16,1,Ring,-
*C1CCC2(*)CCC3(*)C(=CCC4C(*)(*)C(*)CCC43*)C2C1*,16,8,Ring,--------
*C1=NN2C(=NC1=*)N(*)c1ccccc12,16,3,Ring,-=-
*N1CCCCCCCCNC(=*)NC1=*,16,3,Ring,-==
*C1C2=C(CCCC2)CCN1*,16,2,Ring,--
*C1=CN(*)C2=C(C=C(*)C3=NN(*)C(=*)N32)C1=*,16,6,Ring,----==
*c1ccc2c(c1)NC(=*)C21CCN(*)CC1,16,3,Ring,-=-
*c1cc2c(*)nnc-2n(*)c1,16,3,Ring,---
*C1=NCCN(*)c2c1c(*)nn2*,16,4,Ring,----
*c1ccc2c(c1*)S(=*)(=*)CCC2,16,4,Ring,--==
*C1CC(=*)NC2=C1C(=*)CC(*)(*)C2,16,5,Ring,-==--
*c1nn2cc(*)n(*)c2c1*,16,4,Ring,----
*c1ccc(*)c2c1OC(*)C2*,16,4,Ring,----
*C1=CC(*)=C2N=C(*)C(*)=CN2C1=*,16,5,Ring,----=
*c1cc2c(c(*)c1*)CCC(*)C2=*,16,5,Ring,----=
*c1cc2ccc1C(*)COC(=*)Nc1cc(*)c(*)c(c1)CN(*)C(=*)C2*,16,8,Ring,--=---=-
*=C1CCCCCCCCCCC2(CCCN1)N=NC(=*)S2,16,2,Ring,==
*c1ccc2nc3sc(*)nc3c(*)c2c1,16,3,Ring,---
*C1C(*)C(*)(*)C1*,16,5,Ring,-----
*N1CCC2(CC1)CNC2,16,1,Ring,-
*N1C=Nc2ccccc2S1(=*)=*,16,3,Ring,-==
*c1cc2c(=*)c3ccccc3n2[n+]1*,16,3,Ring,-=-
*c1c2nc(c(*)c3ccc(s3)c(*)c3nc(c(*)c4ccc1s4)C=C3)C=C2,16,4,Ring,----
*C1=NOC2=c3ccccc3=CSC2=C1*,16,2,Ring,--
*C1=C(*)N2CCN(*)C2=C(*)C1*,16,5,Ring,-----
*N1C(=*)C2C3C=CC(C2C1=*)C1C(=*)N(*)C(=*)C31,16,6,Ring,-===-=
*c1cc2c(c(*)c1*)CC=C1C2(*)CCC2(*)C3CC(*)(*)CCC3(*)CCC12*,16,9,Ring,---------
*C1C2=C(OC1(*)*)c1ccccc1OC2=*,16,4,Ring,---=
*C1CCC2CC(=*)OC3OC4(*)CCC1C23OO4,16,3,Ring,-=-
*N1CCCc2n[nH]cc21,16,1,Ring,-
*C1CC(=*)CC(*)C2OC2CC(*)OC(=*)C=CCC2C=CCC(C1)O2,16,5,Ring,-=--=
*c1ccc2c(c1)C1OC(*)CCC1C(*)N2,16,3,Ring,---
*C1=NC2(CCCCCC2)N(*)C1=*,16,3,Ring,--=
*c1cc(=*)c2c(nc3n2CC(*)OC3)c1=*,16,4,Ring,-=-=
*N1CC2CNC(C2)C1,16,1,Ring,-
*C1(*)CC(*)(*)CC(*)(*)C1,16,6,Ring,------
*c1ccc2c(c1)OC(=*)S2,16,2,Ring,-=
*c1cc2c3c(c1)C(=*)NN=C3C(*)C(*)N2,16,4,Ring,-=--
*c1ccc2c(c1)C13CCCC(*)C1C(C2)N(*)CC3,16,3,Ring,---
*c1nc2c[nH]cnc-2n1,16,1,Ring,-
*C1CN(*)CC(*)[S+]1*,16,4,Ring,----
*N1CCOCc2ccccc21,16,1,Ring,-
*C1C=CC(*)OC1,16,2,Ring,--
*C1=C(*)c2cc(*)cc(*)c2NC1=*,16,5,Ring,----=
*c1ccc2c(c1)cc(*)c1nnc(*)n12,16,3,Ring,---
*C1CCC2(*)CCC3(*)C(=CCC4C5(*)C(*)C(*)C(*)C(*)(*)C5CCC43*)C2C1*,16,11,Ring,-----------
*c1c2c(c(*)n1*)CC(*)(*)CC2,16,5,Ring,-----
*c1ccc2c(c1)Sc1ccc(*)cc1N2*,16,3,Ring,---
*c1cccc2c1OCc1c(*)ncn1-2,16,2,Ring,--
*c1ccc2c(c1)NC(=*)Nc1cnc(*)nc1-2,16,3,Ring,-=-
*c1c(*)c(*)c2c(c1*)CC(*)C(*)Cc1c(*)c(*)c(*)c(*)c1-2,16,10,Ring,----------
*c1ccc2c(n1)N1C(*)CNCC1C2,16,2,Ring,--
*C1COCCC1(*)*,16,3,Ring,---
*C1=CNC(*)=C(*)C1*,16,4,Ring,----
*C1=C2CCC3C(CCC4(*)C(*)CCC34)C2(*)CCC1=*,16,5,Ring,----=
*C1CCCC(=*)O1,16,2,Ring,-=
*C1(*)CC2COC(C1)O2,16,2,Ring,--
*c1ncnc2sc3c(c12)-c1ccccc1CC3,16,1,Ring,-
*C1CCC2(*)C(C1)C(=*)C(*)C1C3CCC(*)C3(*)CCC12,16,6,Ring,--=---
*c1ccc2oc3c(*)cccc3c2c1,16,2,Ring,--
*c1cc2ccnc3c2c(c1*)N(*)C=C3,16,3,Ring,---
*c1ncnc2cc3c(cc12)nc(*)n3*,16,3,Ring,---
*C1OC(=*)C2CC3CN(*)CCC3C(*)C12,16,4,Ring,-=--
*C1=CC(=*)C2OC2C1*,16,3,Ring,-=-
*C1c2ccccc2COc2ccccc21,16,1,Ring,-
*N1CCC2(CCC(*)(*)CC2)C1=*,16,4,Ring,---=
*c1nc2c(n1*)CCC2,16,2,Ring,--
*N1CCC2OCc3cnnn3C2C1,16,1,Ring,-
*c1nc2c3c(*)n(*)nc3nc(*)n2n1,16,4,Ring,----
*c1nc(*)c2c(n1)NC(=*)C2(*)*,16,5,Ring,--=--
*C1=CC(=*)NC1,16,2,Ring,-=
*C1CCC2(CCC(=*)N2)CC1,16,2,Ring,-=
*c1cc2c(c3ccccc13)CN(*)C2=*,16,3,Ring,--=
*c1nc(*)c2c(n1)-c1ccccc1OC2=*,16,3,Ring,--=
*c1cccc2c3c([nH]c12)CCC(*)C3,16,2,Ring,--
*c1nc(*)c2c(n1)-c1ccccc1C2=*,16,3,Ring,--=
*C1CCc2ncsc21,16,1,Ring,-
*c1c2c(c3n1CCNC3*)N(*)C(=*)N(*)C2=*,16,6,Ring,---=-=
*c1cc2c(c(*)c1*)-c1cc3c(cc1C(*)C1COC(=*)C1C2)OCO3,16,5,Ring,----=
*c1cc2sccc2cn1,16,1,Ring,-
*C1CC2(*)C(CCC3(*)C2CC=C2C4C(*)C(*)(*)CCC4(*)CCC23*)C(*)(*)C1*,16,11,Ring,-----------
*c1cc(*)c2c(c1)C1CNCCN1C2=*,16,3,Ring,--=
*C1OC(*)C2OCC(*)C2(*)C1*,16,5,Ring,-----
*C1=C(*)C(*)(*)CC=C1,16,4,Ring,----
*C1=Nc2cc(*)ccc2OC1,16,2,Ring,--
*C1Cc2cc3c(cc2O1)OC(=*)C=C3,16,2,Ring,-=
*c1ccc2cc1Oc1ccc(cc1)CC(*)NC(=*)C(*)NC(=*)C(*)C2,16,6,Ring,--=-=-
*C1=CC2Cc3nc4ccccc4c(*)c3C(C1)C2,16,2,Ring,--
*C1OC(*)C2OC3(CCCC3)OC12,16,2,Ring,--
*c1cc2c(c3c1OC(*)(*)CC3)CN(*)CO2,16,4,Ring,----
*c1ncc2c(n1)-c1c(c(*)cn1*)C(*)(*)C2,16,5,Ring,-----
*C1(*)C2CC3C(C2)C31*,16,3,Ring,---
*C1=CC(*)C2(*)C(=*)NC(*)C2C1*,16,6,Ring,---=--
*N1C(=*)c2c(nc3n2C=CC(=*)N3*)N(*)C1=*,16,6,Ring,-==--=
*c1sc(*)c2c1OCCO2,16,2,Ring,--
*c1c2cnc3c(c2nn1*)CCCC3,16,2,Ring,--
*C1=NN(*)C(=*)c2nc(*)sc21,16,4,Ring,--=-
*C1c2c(ccc3ccccc23)OC(=*)C1(*)*,16,4,Ring,-=--
*C1=NC2(CCOCC2)N(*)C(*)=N1,16,3,Ring,---
*C1C(=*)OC2C(*)C34C5CC(*)C36C(OC(=*)C6*)OC4(C(=*)O5)C12*,16,8,Ring,-=--=-=-
*c1c2c(c3ccccc3c1*)OC(*)(*)C=C2,16,4,Ring,----
*c1cc(*)c2c(=*)c3c(*)cccc3c(=*)c2c1*,16,6,Ring,--=-=-
*C1CC2(*)C3=CCC4C(*)(CCC(*)C4(*)*)C3=CCC2(*)C1*,16,8,Ring,--------
*N1CCC2(CCOC2)CC1,16,1,Ring,-
*N1CCCCCO1,16,1,Ring,-
*c1ccc2c(c1)C(*)CC(*)C2,16,3,Ring,---
*c1nc2cc3c(=*)c4ccccc4c(=*)c3cc2o1,16,3,Ring,-==
*c1ccc2c(c1)oc1c(*)cc(*)nc12,16,3,Ring,---
*c1c2c(n(*)c1*)CC(*)(*)CC2=*,16,6,Ring,-----=
*C1=CC(=*)c2c(ccc(*)c2*)N1,16,4,Ring,-=--
*C1(*)CCNC(=*)C1,16,3,Ring,--=
*c1cccc2ncc(*)n12,16,2,Ring,--
*c1cc2c(o1)C=CN(*)C2=*,16,3,Ring,--=
*N1C(=*)C2CNCC2C1=*,16,3,Ring,-==
*c1ccc2c(c1)C(*)(*)c1cc(*)ccc1-2,16,4,Ring,----
*n1c[n+](*)c2c(=*)c3cc4ccccc4cc3c(=*)c21,16,4,Ring,--==
*N1Cc2cccc3c2C(CCC3)C1,16,1,Ring,-
*C1C(=*)CC2(*)C(CCC3(*)C2C(=*)C=C2C4CC(*)(*)CCC4(*)CCC23*)C1(*)*,16,11,Ring,-=--=------
*c1cc2ccn(*)c2c(*)c1*,16,4,Ring,----
*C1=CC(=*)N(*)c2c(*)cccc21,16,4,Ring,-=--
*C1C2=C(CC(*)(*)CC2=*)OC2=C1C(=*)N(*)C=N2,16,6,Ring,---==-
*C1c2ccccc2OC12CCN(*)CC2,16,2,Ring,--
*c1c2c(cc3c1C(*)[N+](*)(*)CC3)OCO2,16,4,Ring,----
*C1=NN(*)C2=C(C1)C(=*)CC(*)(*)C2,16,5,Ring,--=--
*C1C(*)(*)CCC2OC(*)(*)C(=*)CCC21*,16,7,Ring,-----=-
*N1C(=*)c2cn(*)nc2N(*)C1=*,16,5,Ring,-=--=
*C1=NC2OC(*)C(*)C(*)C2O1,16,4,Ring,----
*c1ccc2c(c1)cc1n2CCN(*)C1=*,16,3,Ring,--=
*C1CNCCNCCNCCN1,16,1,Ring,-
*c1cnn2c1N(*)C(*)C2,16,3,Ring,---
*c1c2c(c(*)n3c1nc1ccccc13)CCCC2,16,2,Ring,--
*c1cc(*)c2c(c1*)C(=*)N(*)C2*,16,6,Ring,---=--
*C1C=CCN(*)C1,16,2,Ring,--
*c1c2ncnc-2ncn1*,16,2,Ring,--
*C1C[S+](*)CCN1*,16,3,Ring,---
*C1=NCc2c(*)ncn2-c2cccc(*)c21,16,3,Ring,---
*c1ccnc2cnn(*)c12,16,2,Ring,--
*C1=CC(*)(*)C=CC1=*,16,4,Ring,---=
*c1ccc2nc(*)c3ccccc3c2n1,16,2,Ring,--
*c1cc2c(c(*)c1*)C(*)C(*)OC2=*,16,6,Ring,-----=
*c1nc2c3c(ccc2o1)CCN(*)CC3,16,2,Ring,--
*C1C(*)S(=*)(=*)CCN1*,16,5,Ring,--==-
*c1ccc2[nH]c3cnccc3c2c1,16,1,Ring,-
*c1cc(*)c2c(c1)CCN(*)C2*,16,4,Ring,----
*c1cnc2c(*)ncnc2n1,16,2,Ring,--
*C1COC2CCN(*)CC2C1,16,2,Ring,--
*C1=C(*)C2=NCCN2C=N1,16,2,Ring,--
*C1CC2C(CCC3(*)C(*)CCC23)C2(*)CCCC=C12,16,4,Ring,----
*C1(*)CCC2(*)CCC3(*)C(=CCC4C5(*)Cc6cnoc6C(*)(*)C5CCC43*)C2C1,16,8,Ring,--------
*c1ccc2c(*)c(*)[nH]c2n1,16,3,Ring,---
*c1cc2[nH]c3ccccc3c2cc1*,16,2,Ring,--
*B1c2cc(*)sc2C=NN1*,16,3,Ring,---
*C1CCC2C3CC(*)C4(*)C(*)C=CC(=*)C4(*)C3CCC12*,16,7,Ring,----=--
*c1cnc2nc(*)cc(*)c2c1,16,3,Ring,---
*c1ccc2c(c1)C(*)CC1C(*)(*)CCCC21*,16,5,Ring,-----
*C1CCC2(*)C(=CCC3C4CC(*)C(=*)C4(*)CCC32)C1,16,5,Ring,---=-
*N1CCN2C(C1)CN(*)CC2(*)*,16,4,Ring,----
*C1C(=*)NCC1(*)*,16,4,Ring,-=--
*c1cc(*)c2c(c1)N(*)C13CCCCC(=*)C21CCN3*,16,5,Ring,---=-
*C1C2C3(*)CCC(*)(OCC24CCC25CC26CCC(*)C(*)(*)C6CCC5C4(*)C1*)O3,16,8,Ring,--------
*N1C=Cc2sccc2C1=*,16,2,Ring,-=
*C12CC3CCC1(*)C3(*)CO2,16,3,Ring,---
*C1=C(*)N(*)S(=*)(=*)c2ccsc21,16,5,Ring,---==
*N1CCC2=C(C=CC(=*)N2*)C1,16,3,Ring,-=-
*C1c2c([nH]c3ccccc23)C(*)N2C(=*)OCC12,16,3,Ring,--=
*c1cc2c(c3c1C(=*)CC(*)O3)C=CC(*)(*)O2,16,5,Ring,-=---
*c1ccc2c(c1)C(=*)NC1(CCSC1)N2,16,2,Ring,-=
*N1c2ncnn2C2(CCCCC2)C2CCCCC21,16,1,Ring,-
*C1CCC=CCC(*)C(=*)N2CCCC2COC1=*,16,4,Ring,--==
*c1cc2c(c(*)c1*)C(=*)OC(*)C2,16,5,Ring,---=-
*c1ccc2c3c(n(*)c2c1)CNCC3,16,2,Ring,--
*C1=Nc2ccccc2N=C(*)C1*,16,3,Ring,---
*c1nc2c(s1)CC1(*)C(C(=*)CC3(*)C1CC(*)C1C(*)CCC13*)C2(*)*,16,9,Ring,--=------
*C1CCN(*)C2(CCCCC2)C1,16,2,Ring,--
*c1nn(*)c2c1C(*)C1=C(NC(=*)NC1=*)N2,16,5,Ring,---==
*C1CC(=*)CC(*)C1(*)*,16,5,Ring,-=---
*C1=C(*)C2=C(COC2)N(*)C1=*,16,4,Ring,---=
*c1nnc(*)c2c1cc1ccccn12,16,2,Ring,--
*c1ccc2cc3ccccc3nc2c1*,16,2,Ring,--
*c1ccc2c(c1*)CCC2,16,2,Ring,--
*C1=C2C3OC(=*)C4(CC(*)N(*)O4)C3CCC2(*)C=CC1=*,16,6,Ring,-=---=
*C1=C(*)C(=*)N2CCCSC2=N1,16,3,Ring,--=
*C12OC3C4C5CC(C6C5C3C61)C42,16,1,Ring,-
*c1nc(*)c2c(n1)N(*)C(=*)N1CCCC21,16,4,Ring,---=
*C1CCC2(*)CCC3(*)C(=CC(=*)C4C5(*)CC(=*)C(=*)C(*)(*)C5CCC43*)C2C1*,16,11,Ring,---=-==----
*C1C(*)C2(CN(*)CCC2=*)ON1*,16,5,Ring,---=-
*c1oc2cc3c(cc2c1*)CCCCN3*,16,3,Ring,---
*c1cc(*)c2c(c1)OC(=*)CC2*,16,4,Ring,--=-
*c1ccc2nnc3c(*)cnn3c2c1,16,2,Ring,--
*N1OC2C=CC1C2,16,1,Ring,-
*C1=NC(*)C(*)=Nc2ccccc21,16,3,Ring,---
*C1=CC(=*)C2(*)C(*)C(*)=CCC2C1=*,16,6,Ring,-=---=
*c1ccc2cccccc1-2,16,1,Ring,-
*c1cc2c(ccn2*)c(*)c1*,16,4,Ring,----
*N1C=CC2=C(NC(=*)N(*)C2=*)C1=*,16,5,Ring,-=-==
*c1cc2c(*)cccn2c1,16,2,Ring,--
*C1=C(*)C2(*)C(=*)C3=C(*)c4c(*)cccc4C(*)C3C(*)C2C(*)C1=*,16,10,Ring,---=-----=
*C1=C2C(=Nc3ccccc3SC2*)c2ccccc21,16,2,Ring,--
*C1=NC(=*)c2ncn(*)c2C(=*)N1,16,4,Ring,-=-=
*c1c(*)c(=*)c2c(c(*)c(*)n2*)c1=*,16,7,Ring,--=---=
*c1cc2c(c(*)c1*)C(*)NC(=*)N2,16,5,Ring,----=
*N1CCC2(CC1)CN(*)c1ncccc12,16,2,Ring,--
*C1CC2CC(*)(*)CC2C1,16,3,Ring,---
*c1cc(=*)c2c(*)c(*)n(*)c2c1=*,16,6,Ring,-=---=
*C1CSC2CC(*)(*)C(=*)N12,16,4,Ring,---=
*c1cc2c(nc1*)sc1c(*)nnnc12,16,3,Ring,---
*C1c2ccccc2C(=*)N2CCc3ccccc3C12,16,2,Ring,-=
*N1C=CC=CC=C1,16,1,Ring,-
*N1C(*)(*)CC(=*)CC1(*)*,16,6,Ring,---=--
*c1nc2c(*)cnc(*)c2s1,16,3,Ring,---
*c1ccc2c(c1)NC(*)CCCCC(*)c1nc-2c[nH]1,16,3,Ring,---
*c1ccc2c(c1)CCCC1=NNC(=*)N12,16,2,Ring,-=
*C1CC2(*)C(=CC1=*)C(*)CCC2*,16,5,Ring,--=--
*B1c2cc(*)ccc2C=NN1*,16,3,Ring,---
*c1cnc2c(c1)C(=*)N(*)CC(*)O2,16,4,Ring,-=--
*C1=CC(*)=C(*)C(=*)C=C1,16,4,Ring,---=
*N1CCC2(*)CC1Cc1ccccc12,16,2,Ring,--
*c1nc2[nH]cnn2c1*,16,2,Ring,--
*c1cc2cc(*)n(*)c2cn1,16,3,Ring,---
*C1=NNC(=*)OC1*,16,3,Ring,-=-
*C1=NC(=*)N(*)N=C1,16,3,Ring,-=-
*C1CCCC12NC(=*)NC2=*,16,3,Ring,-==
*C1CCC2(*)C(C1)C(*)CC1C2CCC2(*)C(*)CC(*)C12,16,6,Ring,------
*C1=Nc2ccccc2C2CC=NN12,16,1,Ring,-
*C1CCC2C(CCC3(*)C(*)CCC23)C1*,16,4,Ring,----
*C1=CC(*)=C(*)C(=*)C(*)=C1*,16,6,Ring,---=--
*c1n[nH]c2c1C(*)NC2=*,16,3,Ring,--=
*C1C2CC1N(*)C2,16,2,Ring,--
*C1Cc2cn(*)c3cccc(c23)C(=*)O1,16,3,Ring,--=
*c1cccc2c1SC(=*)N2*,16,3,Ring,-=-
*C1=NCc2c([nH]c3ccccc23)S1,16,1,Ring,-
*N1C(=*)C23CC4(*)c5ccccc5NC4N2C(=*)C1(*)SS3,16,5,Ring,-=-=-
*n1ccc2ncnc-2c1,16,1,Ring,-
*C1=CC2(CCN(*)CC2)c2ccccc21,16,2,Ring,--
*C1C(=*)C23C(*)CC4C(*)(*)C(=*)CCC4(*)C2CCC1C3*,16,8,Ring,-=---=--
*C1CSSCC(*)C(=*)NCC(=*)NC(*)C(=*)N1,16,6,Ring,--==-=
*N1CCC2(CC1)CN(*)Cc1ccccc1O2,16,2,Ring,--
*c1cn2c3ccccc3nc2n1*,16,2,Ring,--
*C1C(=*)N(*)c2ccc3c(c2C1(*)*)OC(*)(*)C=C3,16,7,Ring,-=-----
*C1=C(*)C(=*)c2cc(*)c(*)c(*)c2O1,16,6,Ring,--=---
*c1ccc2c(c1)C1CNCC2C1,16,1,Ring,-
*C1=NOC2(C1)C(=*)OC1C3=C(*)C(=*)C=CC3(*)CCC12,16,5,Ring,-=-=-
*c1nc2c3cn[nH]c3nc(*)n2n1,16,2,Ring,--
*N1CC2CNCC(C1)O2,16,1,Ring,-
*c1cccc2nc3c(c(*)c12)CN1C(=*)C2=C(C=C31)C(*)(*)CC(=*)OC2,16,6,Ring,--=--=
*C1=NC(*)Cc2ccccc21,16,2,Ring,--
*C1=Nc2ccccc2C12C(*)N2*,16,3,Ring,---
*C1=CCC2CCC1N2*,16,2,Ring,--
*N1CCC2(CC1)OCCS2,16,1,Ring,-
*c1cnc2c(c1)C(=*)N(*)S2,16,3,Ring,-=-
*C1CC(*)(*)C(*)C(*)C(*)C(*)C(=*)OC(*)C(*)(*)C(*)C(*)NC1=*,16,14,Ring,-------=-----=
*c1ccc2c(c1*)CCNC2=*,16,3,Ring,--=
*n1c(=*)c2nc[nH]c2c1=*,16,3,Ring,-==
*c1nn2c(*)c(*)n(*)c2c1*,16,5,Ring,-----
*N1N=C2C(=CC1=*)CCc1ccccc12,16,2,Ring,-=
*C1CC2(*)CC(=*)C1C(*)C2,16,4,Ring,--=-
*c1cc2c(c3c1C(=*)c1c(ccc4ccccc14)N3*)C(*)C(*)C(*)(*)O2,16,7,Ring,-=-----
*c1ccc2c(c1)Nc1ccc(*)c(*)c1C2=*,16,4,Ring,---=
*c1nc(*)c2c(n1)-c1ccccc1OC2,16,2,Ring,--
*C1=CCC2(*)COC(*)C1C2,16,3,Ring,---
*c1cc(*)c2c(c1)C(*)(*)C(=*)N2*,16,6,Ring,----=-
*C1CN(*)CCC2CCC(*)N2C1=*,16,4,Ring,---=
*c1ccc(*)c2c1nc1n2CCCN1*,16,3,Ring,---
*c1cccc2c1N(*)CCC2*,16,3,Ring,---
*C1=CC2(*)C3=CC(=*)CCC3(*)CCC2C(*)(*)C1=*,16,7,Ring,--=---=
*n1cc2c(n1)N=CNC2=*,16,2,Ring,-=
*C1=CC(*)c2ccccc2O1,16,2,Ring,--
*c1cc[n+](*)n1*,16,3,Ring,---
*c1cnc2c(c1)S(=*)(=*)N(*)CN2*,16,5,Ring,-==--
*n1c2c(c3ccccc31)CCC2,16,1,Ring,-
*C12CCCCN1CCCC2,16,1,Ring,-
*c1nc2ccccc2[n+](*)n1,16,2,Ring,--
*C1CC(*)C(*)C2(O1)OC(*)(*)CC2*,16,6,Ring,------
*c1oc2c(c1*)C(=*)CCC2,16,3,Ring,--=
*c1ccc2c(*)ncn2c1,16,2,Ring,--
*C1N2CCCCC2C2c3[nH]c4ccccc4c3CCN21,16,1,Ring,-
*c1ccc2oc3c(c2c1*)C(=*)Oc1ccccc1-3,16,3,Ring,--=
*c1ccc(*)c2c1CC(*)OC2=*,16,4,Ring,---=
*c1ccc2c(c1)-c1c(*)pc(*)n1C(*)C(=*)N2,16,5,Ring,----=
*C1C[S+](*)CC1*,16,3,Ring,---
*N1C=CN(*)C=C1,16,2,Ring,--
*C1CCCC2(O1)OC(*)CC(*)C2*,16,4,Ring,----
*c1ccnc2c1NC(=*)C=N2,16,2,Ring,-=
*c1ccc2c(c1)CCC1CC(*)(*)C(*)(*)CC21*,16,6,Ring,------
*C1c2c(c3ccccc3n2*)CCN1*,16,3,Ring,---
*C1CC(*)N(*)C(=*)O1,16,4,Ring,---=
*C1=CCC=CC1,16,1,Ring,-
*c1cc2c(cc1*)C(=*)N(*)[Se]2,16,4,Ring,--=-
*C1CC2(*)OC1C(*)C(*)C(*)(*)C(*)OC(=*)C(*)C(*)C(*)C2*,16,12,Ring,-------=----
*[N+]12CCC34c5ccccc5N5C(=*)CC6OCC=C(C1)C(CC32)C6C54,16,2,Ring,-=
*c1ccc2c(c1)[nH]c1c2c2c(=*)[nH]c(=*)c2c2c3cccc4c3n(c12)CCC4,16,3,Ring,-==
*c1cc2c(nn1)OCCO2,16,1,Ring,-
*C1=CC(*)=C2CC(*)CCC2=C(*)C1=*,16,5,Ring,----=
*c1ccc2nn3cc(*)c(*)nc3c2c1,16,3,Ring,---
*N1C(=*)c2cccnc2Oc2ccccc21,16,2,Ring,-=
*N1C(=*)CC(*)(*)S(=*)(=*)c2ccccc21,16,6,Ring,-=--==
*c1cc2c(*)noc2c(*)c1*,16,4,Ring,----
*C1CCON1*,16,2,Ring,--
*c1cc(*)c2cc(*)c(*)nc2n1,16,4,Ring,----
*C1=CN(*)c2c(cc(*)c3cccnc23)C1=*,16,4,Ring,---=
*C1=NC2=C(C(=*)CC(*)(*)C2)C(*)C1=*,16,6,Ring,-=---=
*c1ccc2cc(*)sc2n1,16,2,Ring,--
*c1ccc2c3c(c4cc(*)c(*)cc4c2c1)CC1CN(*)CCN1C3,16,4,Ring,----
*c1cnc2c(c1)cc(*)n2*,16,3,Ring,---
*C1=CC=CC(*)C(*)C(*)=CC(*)C(=*)C(*)CC(*)Cc2c(*)c(=*)cc(c2=*)NC1=*,16,12,Ring,-----=---===
*c1cc2c(cc1*)C(=*)N1CCCC1C(=*)N2,16,4,Ring,--==
*C1=NCC2=NN(*)C(=*)N2c2ccc(*)cc21,16,4,Ring,--=-
*C1C2OC(=*)C1C1(*)CC3OC34C(=*)OC2C14*,16,5,Ring,-=-=-
*C1=CCNC1,16,1,Ring,-
*c1ccc2[nH]c3c4c(c5c(c3c2c1)CNC5=*)CCC4,16,2,Ring,-=
*C1C2=C(COC2=*)Nc2c1c(=*)c1ccccc1c2=*,16,4,Ring,-===
*C1CC2CCC1CN2*,16,2,Ring,--
*C1=NN(*)C(=*)c2c1c1ccc(*)cc1n2*,16,5,Ring,--=--
*c1cn2ccc3[nH]c(*)cc3c2n1,16,2,Ring,--
*C1CCC(=*)CC1*,16,3,Ring,-=-
*C1=NC(*)(*)C2=NCC(*)(*)CN12,16,5,Ring,-----
*c1ncc2c(n1)N=CN(*)C2=*,16,3,Ring,--=
*C1=NCN(*)C(*)=N1,16,3,Ring,---
*N1CCC2COCCN(*)C2C1,16,2,Ring,--
*C1=C(*)N2CCN=C2S1,16,2,Ring,--
*N1OCCC1=*,16,2,Ring,-=
*C1=C(*)C2(*)CCC(*)C(*)(*)C2CC1,16,6,Ring,------
*C1=Nc2[nH]nc(*)c2C(=*)N1,16,3,Ring,--=
*c1cnc2c(c1)C(=*)NC(=*)N2*,16,4,Ring,-==-
*C1=CC2CCC1(*)C2(*)*,16,4,Ring,----
*N1CCc2nn(*)cc2C1,16,2,Ring,--
*C1CCC2=NN(*)C(=*)C=C2C1,16,3,Ring,--=
*c1ccc(*)c2c1Cc1scnc1-2,16,2,Ring,--
*c1ccc2c(c1)CC1N(*)CCC2(*)C1(*)*,16,5,Ring,-----
*C1CCOC(*)O1,16,2,Ring,--
*c1cc(=*)c2nc3n(c2c1=*)CC(*)OC3,16,4,Ring,-==-
*N1C(=*)C2C3CCC(C3=*)C2C1=*,16,4,Ring,-===
*C1C2CSCN2C2(C(=*)c3cccc4cccc2c34)C12CN(*)CC(=*)C2=*,16,5,Ring,-=-==
*C1=C(*)C(*)(*)Oc2ccc3c(c21)OC(=*)C=C3,16,5,Ring,----=
*N1CCC(=*)c2ccccc21,16,2,Ring,-=
*c1cccc2c1NC(=*)C2*,16,3,Ring,-=-
*c1ccc2c(c1)nn1cc(*)c(*)nc21,16,3,Ring,---
*c1ccc2c(c1)COc1ccccc1C2=*,16,2,Ring,-=
*c1cccc2c1C(*)CCC2,16,2,Ring,--
*c1ccc2c3c([nH]c2c1)-c1cc(*)c(*)cc1CC3,16,3,Ring,---
*C1=NOC2(C(=*)Nc3ccc(*)cc32)N1*,16,4,Ring,-=--
*C1CC2C(=*)CCCCC2N1*,16,3,Ring,-=-
*N1CCON(*)CC1,16,2,Ring,--
*c1ccc2c(c1)CCC1C2CCC2(*)C1CC(*)C2(*)*,16,5,Ring,-----
*C1CCC2C3CCC4CCCCC4(*)C3CCC12*,16,3,Ring,---
*c1ccc2c(c1)C1(*)CCOC1N2*,16,3,Ring,---
*C1=NNC(=*)c2cc(*)ccc21,16,3,Ring,-=-
*c1ccc2[nH]c3c(c2c1)CCc1c-3nc(*)c(*)c1*,16,4,Ring,----
*c1ccc2c(c1)OCCCN2*,16,2,Ring,--
*C1=CN=C2ON=C(*)N2C1=*,16,3,Ring,--=
*c1nc2c3c(sc2c(*)c1*)NC(=*)CC3*,16,5,Ring,---=-
*C1=CC=CC(*)C(*)C(*)C(*)C(*)C(*)C(*)C(*)C=COC2(*)Oc3c(*)c(*)c4c(=*)c(cc(=*)c4c3C2=*)NC1=*,16,16,Ring,------------====
*C1=Nc2nc(*)nn2C(*)C1=*,16,4,Ring,---=
*C1=Nc2c(*)ccnc2NC1=*,16,3,Ring,--=
*n1c2ccccc2c2c[n+](*)ccc21,16,2,Ring,--
*c1cc(*)c2c(c1)OC(=*)C1=C2CC(*)CC1,16,4,Ring,--=-
*C1=CC2=C(C(=*)O1)C(*)C1CC(*)CC(*)C1(*)O2,16,6,Ring,-=----
*c1cc2c(cc1*)-c1ccc3cc4c(cc3c1N(*)C2)OCO4,16,3,Ring,---
*N1C(=*)N(*)C2CCCCC21,16,3,Ring,-=-
*c1cccc2c1[nH]c1c(*)ncc(*)c12,16,3,Ring,---
*c1ccc2c(c1*)S(=*)(=*)CC=C2,16,4,Ring,--==
*C1=NC(*)(*)C(*)(*)C(*)(*)OC1,16,7,Ring,-------
*c1ccc2c(*)c3c(nc2c1)C(=*)NN(*)C3=*,16,5,Ring,--=-=
*c1cn2c3c(nc(*)c2n1)-c1cccc(*)c1C3,16,3,Ring,---
*c1nn(*)c2c1CCCCC2,16,2,Ring,--
*C1CNCCC12CC2,16,1,Ring,-
*c1nc(*)c2c(n1)C(=*)CCC2,16,3,Ring,--=
*c1cccc2c3c(n(*)c12)CCCC3,16,2,Ring,--
*C1CC2CN(*)CC3(CN(*)C3)N2C1,16,3,Ring,---
*c1cccc2c1C(=*)OC2*,16,3,Ring,-=-
*=C1CCCc2nonc21,16,1,Ring,=
*C1=CN(*)c2ccccc2C1*,16,3,Ring,---
*N1C(=*)c2c(no[n+]2*)N(*)C1=*,16,5,Ring,-=--=
*C1C(=*)N(*)CCc2ccccc21,16,3,Ring,-=-
*c1ccc2c(c1)S(=*)(=*)N=CN2*,16,4,Ring,-==-
*c1ccc2c(c1*)N=C1CCN(*)CC12*,16,4,Ring,----
*c1cc(*)c2c(n1)SCC(=*)N2*,16,4,Ring,--=-
*C1(*)CC2c3ccccc3C1c1ccccc12,16,2,Ring,--
*c1cc2c(*)cnc(*)c2cn1,16,3,Ring,---
*c1ccc2c3c1OC1C(*)C(*)CC4C(C2)N(*)CCC341,16,4,Ring,----
*NCCCNC(=O)CO*,16,2,Linker,--
*CNCCCCCCNCCCCCCCCNCCCCCCNC*,16,2,Linker,--
*CCCNC(=O)C[S+]([O-])C*,16,2,Linker,--
*CC(NC(=O)C(*)C(C)C)C(O)CN(CC(C)C)S(*)(=O)=O,16,3,Linker,---
*C(=O)NN=C(*)CCC,16,2,Linker,--
*CC(CC(O)C(C*)NC(*)=O)NC(*)=O,16,4,Linker,----
*OCC(=O)N(*)CCCN(C)C,16,2,Linker,--
*NC(=O)CCCCCCO*,16,2,Linker,--
*COS(=O)(=O)NC(=O)CCCCCCCCCCO*,16,2,Linker,--
*C=C[Se](*)(=O)=O,16,2,Linker,--
*COC(C)C(=O)N*,16,2,Linker,--
*CNC(=O)C(C)N(C)C*,16,2,Linker,--
*C(=S)N(C)NC(=O)CC(=O)NN(C)C(*)=S,16,2,Linker,--
*CNC(=O)NC(*)(C)C,16,2,Linker,--
*NC(=O)C(CC(C)(F)F)NC(*)=O,16,2,Linker,--
*CC(CC(=O)NC(CCCN)CC(=O)N*)NC(*)=O,16,3,Linker,---
*COC(=O)NC(NC(=S)N*)C(Cl)(Cl)Cl,16,2,Linker,--
*NC(C)CO*,16,2,Linker,--
*COP(=O)(NC(C*)C(=O)OC)O*,16,3,Linker,---
*CCCNC(=O)CN(C)S(*)(=O)=O,16,2,Linker,--
*CCCN(C)S(*)(=O)=O,16,2,Linker,--
*CCCCOCCCCCCNC(*)=O,16,2,Linker,--
*CCCCN(*)C*,16,3,Linker,---
*CCCC(C)NC(=O)C=CC=C(*)*,16,3,Linker,---
*NC(=O)CCN(*)C,16,2,Linker,--
*CC(*)(O)CC,16,2,Linker,--
*C(*)NCC,16,2,Linker,--
*P(*)(=O)O,16,2,Linker,--
*NC(=O)C(CC(C)C)NC(=O)C(CC(C)C)NC(*)=O,16,2,Linker,--
*C(=O)CN(C(*)=O)C(C)C,16,2,Linker,--
*COC(=O)NC(C*)C(O)CN(CC(C)C)S(*)(=O)=O,16,3,Linker,---
*C=NNC(=O)OC*,16,2,Linker,--
*C=NCCCCCCO*,16,2,Linker,--
*C(=O)NCC(=O)N(*)CCO,16,2,Linker,--
*C=CC(=O)OCCS*,16,2,Linker,--
*CNC(=O)C(*)CC(*)=O,16,3,Linker,---
*C=CC(=O)OC(*)C,16,2,Linker,--
*CON=C(*)*,16,3,Linker,---
*COC(C(=O)N*)=C(*)C=N,16,3,Linker,---
*CC(O)C(=O)NC(C*)C(*)=O,16,3,Linker,---
*C(=O)[C-](*)C=C(C#N)C#N,16,2,Linker,--
*CC#CCS*,16,2,Linker,--
*C(*)NCC(O)CC(=O)O,16,2,Linker,--
*CNCCCNS(*)(=O)=O,16,2,Linker,--
*NCCCCCCCNC(=O)C=NN*,16,2,Linker,--
*COP(*)(=O)O*,16,3,Linker,---
*C(=O)CCC(*)*,16,3,Linker,---
*C=C(C#N)C(=O)NCC(=O)NC(*)C*,16,3,Linker,---
*CCCSC*,16,2,Linker,--
*NC(NC(*)=O)(C(F)(F)F)C(F)(F)F,16,2,Linker,--
*CCNC(=O)CNC(=O)CNC(*)=O,16,2,Linker,--
*C(*)CC(=O)N(CC)CC,16,2,Linker,--
*C=NOCCC*,16,2,Linker,--
*C(*)(C(F)(F)F)C(F)(F)F,16,2,Linker,--
*C(=O)NC(*)CC(=O)NC,16,2,Linker,--
*OCCNC(=O)C(C)(C)S(*)(=O)=O,16,2,Linker,--
*N(CC(=O)NC)S(*)(=O)=O,16,2,Linker,--
*CCC(=O)NCCCCCCN*,16,2,Linker,--
*CN(C)C(=O)CCC(*)=O,16,2,Linker,--
*C(=O)N(CC)C(*)C,16,2,Linker,--
*CCC(NC(*)=O)C(=O)NC*,16,3,Linker,---
*CSCCNC(=O)N*,16,2,Linker,--
*CC(O)CN(C*)C*,16,3,Linker,---
*CCNC(C)CC*,16,2,Linker,--
*C(=O)NCC(NC(=O)C(C)NC)C(*)=O,16,2,Linker,--
*C(=O)COC(*)*,16,3,Linker,---
*C=CC(C)=CC=CC(C)=CC=*,16,2,Linker,-=
*CC(CO)NC(=O)CC(CC=C)C(=O)NC(C*)COC(=O)C(CC=C)CC(=O)OC(C)(C)C,16,2,Linker,--
*CNC(*)C(N)=O,16,2,Linker,--
*CC(*)(*)SCC(N)C(=O)O,16,3,Linker,---
*NC(=O)CN(C(*)=O)S(*)(=O)=O,16,3,Linker,---
*CCOC(=O)CO*,16,2,Linker,--
*C(=O)NCCC(=O)NC(*)C,16,2,Linker,--
*C(=O)OC(C)OC(*)=O,16,2,Linker,--
*N=C(S)N(*)CCN(C)C,16,2,Linker,--
*CCNC(=O)C(NS(*)(=O)=O)C(C)C,16,2,Linker,--
*CC(*)C(C)NC(=O)C(C)(C)N*,16,3,Linker,---
*CCCSC(*)=O,16,2,Linker,--
*C(=O)N=C(NC(*)=O)SC,16,2,Linker,--
*NC(=O)NC(*)C(F)(F)F,16,2,Linker,--
*CCNC(=O)C(*)(C)C,16,2,Linker,--
*C#CCN(C*)C(C)=O,16,2,Linker,--
*C(=O)C(=O)NC(C)C(*)*,16,3,Linker,---
*CC(*)SC(*)=S,16,3,Linker,---
*C(=O)CNC(C)(C)CNC(*)=O,16,2,Linker,--
*CCCCN(*)C,16,2,Linker,--
*CCCC(*)(C)O,16,2,Linker,--
*C=NN(*)*,16,3,Linker,---
*NCC(NC(=O)C(*)CC(*)=O)C(C)C,16,3,Linker,---
*CN(C(S)=N*)C(*)C,16,3,Linker,---
*CN(C*)C(C)C(C)C,16,2,Linker,--
*CCC(=O)NCCNCC(O)COC(*)C*,16,3,Linker,---
*NCC(=O)NC(=O)N*,16,2,Linker,--
*OC(=O)C(*)(C)C,16,2,Linker,--
*CC(=O)CC(C*)C(=O)N*,16,3,Linker,---
*CCC(=O)NCC(=O)N*,16,2,Linker,--
*CC(CC(=O)N*)C(=O)O,16,2,Linker,--
*CC(*)C(C)NS(*)(=O)=O,16,3,Linker,---
*OCCCCCCC(*)=O,16,2,Linker,--
*NC(=O)NCCCCNC(=S)S*,16,2,Linker,--
*NC(=O)CCC(=O)N(*)CC(=O)NCCOC,16,2,Linker,--
*NC(=O)C(*)N(CCOC)C(*)=O,16,3,Linker,---
*C(C)(C)C(*)(C)C,16,2,Linker,--
*NN=C(C=O)C(*)=O,16,2,Linker,--
*CCOC(=O)C(*)*,16,3,Linker,---
*C(C)NC(=O)CN(*)S(*)(=O)=O,16,3,Linker,---
*NC(=O)NCC(O)CO*,16,2,Linker,--
*NC(=O)N(*)CC=C,16,2,Linker,--
*CNC(=NC(*)=O)N*,16,3,Linker,---
*CNC(=O)C(C*)NC(=O)C*,16,3,Linker,---
*C(=O)C(NC(=O)C=C(*)C)C(C)(C)C,16,2,Linker,--
*CC(=O)N(C*)CC(=O)NC(C*)C(=O)N(*)C,16,4,Linker,----
*C=C(C#N)C(=O)NCCCCNC(=O)C(C#N)=C*,16,2,Linker,--
*CC(CC(O)CNC(*)=O)C(=O)N*,16,3,Linker,---
*N(CC(F)F)S(*)(=O)=O,16,2,Linker,--
*OCCCCSC(*)=S,16,2,Linker,--
*CC(NS(*)(=O)=O)C(F)(F)F,16,2,Linker,--
*NC(=O)NCCC(*)*,16,3,Linker,---
*COCC(NC(=O)C(C*)NC(=O)C(C*)NC(=O)OC*)C(=O)NC(C*)C(=O)NC(C)C(N)=O,16,5,Linker,-----
*CC(NC(=O)C(CCCN=C(N)N)NC(=O)C(C*)NC(*)=O)C(N)=O,16,3,Linker,---
*CCCCNC(=N)NC(*)=O,16,2,Linker,--
*CC(O)C(C*)NC(=O)C(CC(N)=O)NC(=O)C(CC(C)C)NC(=O)C(CO)NC(C)=O,16,2,Linker,--
*C[Te]*,16,2,Linker,--
*CCCC(C)NC(*)=O,16,2,Linker,--
*C(=O)C(*)=CN(C)C,16,2,Linker,--
*CNC(=O)CNC(=O)OC*,16,2,Linker,--
*C(=O)C(C#N)=CC=C(*)Cl,16,2,Linker,--
*COCCCS(=O)(=O)NC(*)*,16,3,Linker,---
*CNCCCC(C)N*,16,2,Linker,--
*CC(NC(=O)OC(C)(C)C)C(=O)NC(C*)C(=O)OC,16,2,Linker,--
*C(=O)NC(CC(N)=O)C(*)=O,16,2,Linker,--
*CCC(*)C(=O)O,16,2,Linker,--
*CC(NC(=O)C(CC(=O)O)NC(=O)CCNC(*)=O)C(=O)O,16,2,Linker,--
*CC(F)CO*,16,2,Linker,--
*OCCOCCOCCOCCOCCO*,16,2,Linker,--
*CN(CCCO)S(*)(=O)=O,16,2,Linker,--
*N=C(*)NO,16,2,Linker,--
*C(=O)N(*)C(*)C(N)=O,16,3,Linker,---
*NCCOCCOCCC(*)=O,16,2,Linker,--
*C(*)C(=O)NCC,16,2,Linker,--
*OCC(N)=NNC(*)=O,16,2,Linker,--
*C(=O)N(*)CCC(=O)N(C)C,16,2,Linker,--
*OCCN(CC)CCNC(*)=O,16,2,Linker,--
*CNCCCCN(*)C*,16,3,Linker,---
*CCNC(=O)NCC(*)O,16,2,Linker,--
*NC(=O)NC(*)COC(F)F,16,2,Linker,--
*C(=O)C(*)COC,16,2,Linker,--
*C=CC=CC=C(C)C(*)=O,16,2,Linker,--
*CCCC(=O)NC(*)CN*,16,3,Linker,---
*NC(=O)CCCC(=O)OCC(*)=O,16,2,Linker,--
*CN(CC)CCN*,16,2,Linker,--
*NC(=O)CSCC(=O)N=*,16,2,Linker,-=
*CCS(=O)(=O)O*,16,2,Linker,--
*CCCCCCCCCCCCCC*,16,2,Linker,--
*OCC(=O)C(*)CCCC,16,2,Linker,--
*CCC(C*)C(=O)O,16,2,Linker,--
*NN=C(*)C(*)O,16,3,Linker,---
*NC(=O)N(*)CCCC,16,2,Linker,--
*C#CCCCO*,16,2,Linker,--
*CC(CCCCCCCCCCC)OC(*)=O,16,2,Linker,--
*CNC(=O)CCCS*,16,2,Linker,--
*CC(NC(C)=O)C(=O)NC(*)CCC(N)=O,16,2,Linker,--
*C(=O)C=CC(=O)OC(*)CC=C(C)C,16,2,Linker,--
*CC(=O)N(C)C(*)C(=O)N*,16,3,Linker,---
*CNC(=O)C(CC(C)C)N*,16,2,Linker,--
*NC(=O)N(*)CCC#N,16,2,Linker,--
*CNC(*)CNC(=O)N*,16,3,Linker,---
*C(*)CCCNS(*)(=O)=O,16,3,Linker,---
*CN(C)CCCN(C)CC(=O)N*,16,2,Linker,--
*CN(C*)C(*)C(C)C,16,3,Linker,---
*C(C)(C)S(*)(=O)=O,16,2,Linker,--
*CN(C*)C(=O)NCCCCC(CO)N(CC(C)C)S(*)(=O)=O,16,3,Linker,---
*CC(NC(=O)C(NC(=O)C(CC(C)C)NC(=O)C(CCCNC(=N)N)NC(*)=O)C(C)CC)C(=O)O,16,2,Linker,--
*OC(=O)CCC(=O)OCC,16,1,Sub,-
*SC=CC(=O)OCC,16,1,Sub,-
*COC(C)(C)C=C,16,1,Sub,-
*CN(C)CCC(C)C,16,1,Sub,-
*N=C(S)NC,16,1,Sub,-
*OC(C)C(=O)NC(C)C(F)(F)F,16,1,Sub,-
*C(C)(O)C(=O)CCC(C)(C)O,16,1,Sub,-
*CC(=O)NC(C#C)CC(=O)O,16,1,Sub,-
*OCCCCCN(C)C,16,1,Sub,-
*N(O)N=O,16,1,Sub,-
*NCCCC(F)(F)F,16,1,Sub,-
*C(C(=O)O)C(C)O,16,1,Sub,-
*NC(=O)C(O)C(C)C,16,1,Sub,-
*CC(O)C(O)CO,16,1,Sub,-
*NCCCNCC,16,1,Sub,-
*CNCCCCCCC(=O)NO,16,1,Sub,-
*CNC(=O)C=CC(=O)O,16,1,Sub,-
*C=C(C#N)C(=O)NC(C)C,16,1,Sub,-
*NC(=O)CCCOCC,16,1,Sub,-
*OC(=O)COCC(=O)O,16,1,Sub,-
*OC(=O)C(NC(=O)OC(C)(C)C)C(C)C,16,1,Sub,-
*C(=O)NC(CSCC=C(C)CCC=C(C)CCC=C(C)C)C(=O)O,16,1,Sub,-
*C(O)C(C)(O)CO,16,1,Sub,-
*C(=O)OC(C)C(C)O,16,1,Sub,-
*=COS(=O)(=O)O,16,1,Sub,=
*N(C)CC(O)CO,16,1,Sub,-
*C(=O)NNCCCCCC,16,1,Sub,-
*COC(=O)C(C)N,16,1,Sub,-
*NC(=S)N(CC)CC,16,1,Sub,-
*C=CCCC(=O)O,16,1,Sub,-
*OCC(NC(=O)C(CCCCCCCCCCCCCC)CCCCCCCCCCCCCC)C(=O)NC(CCC(=O)O)C(=O)NC,16,1,Sub,-
*CCCI,16,1,Sub,-
*SCCS(C)(=O)=O,16,1,Sub,-
*C(C(F)(F)F)(C(F)(F)F)C(F)(F)F,16,1,Sub,-
*OCCOC(=O)CCC(=O)O,16,1,Sub,-
*=C(C(Cl)=C(Cl)Cl)[N+](=O)[O-],16,1,Sub,=
*C(=O)NCCCOCCCC,16,1,Sub,-
*CNCCCCCO,16,1,Sub,-
*OC(=O)C=CC=CCCC,16,1,Sub,-
*CN(C)CCN(CC)CC,16,1,Sub,-
*NC(C)CC(C)C,16,1,Sub,-
*C(OC)(C(F)(F)F)C(F)(F)F,16,1,Sub,-
*C(=O)CN(C)S(C)(=O)=O,16,1,Sub,-
*C(=O)NC(CC(=O)O)C(=O)CF,16,1,Sub,-
*OC=CC(=O)OCC,16,1,Sub,-
*C(C)C(=C)C,16,1,Sub,-
*C(=O)NCCNC(N)=O,16,1,Sub,-
*COC(=O)CCCC(=O)O,16,1,Sub,-
*C(=O)N(C)CC(=O)N(C)C,16,1,Sub,-
*C(=O)C(C)=CC=C(C)CCCC,16,1,Sub,-
*CN(CC)CCC,16,1,Sub,-
*C(OP(=O)(OC)OC)P(=O)(OC)OC,16,1,Sub,-
*C(N)C(=O)OC,16,1,Sub,-
*C(O)C(N)C(=O)O,16,1,Sub,-
*C(=O)CCCCC(=O)OCC,16,1,Sub,-
*CC=C(Cl)Cl,16,1,Sub,-
*CC(=O)NC(C)C(=O)OC,16,1,Sub,-
*C=CC(C)=CC=CC(C)=CC(=O)OC,16,1,Sub,-
*OC(C)(C)C(N)=O,16,1,Sub,-
*OP(=O)(O)OP(=O)(O)OP(=O)(O)O,16,1,Sub,-
*NCCOC(C)=O,16,1,Sub,-
*C=CC(=O)NC(CC(C)C)C(=O)OC,16,1,Sub,-
*SCC(=O)NCC(=O)OC,16,1,Sub,-
*OCC[S+](C)[O-],16,1,Sub,-
*NC(C(N)=O)C(C)C,16,1,Sub,-
*C(=O)NC(CC(C)C)C(=O)NC(C(=O)NCC(=O)NC(CCCNC(=N)N)C(=O)NC(CC(C)C)C(=O)NC(C(N)=O)C(C)CC)C(C)CC,16,1,Sub,-
*NCP(=O)(O)O,16,1,Sub,-
*CCOP(=O)(O)OP(=O)(O)OP(=O)(O)O,16,1,Sub,-
*NC(N)=NCCCC,16,1,Sub,-
*C(=O)N(C)CCCOC,16,1,Sub,-
*NC(=O)OCC(=O)OCC,16,1,Sub,-
*CP(=O)(O)OCC,16,1,Sub,-
*C(=O)NCCSC(C)(C)C,16,1,Sub,-
*C(=O)C(CC)CCCC,16,1,Sub,-
*CCOC(=O)N(C)C,16,1,Sub,-
*C(=O)C(NC(=O)OC)C(C)O,16,1,Sub,-
*S(=O)(=O)N(CC)CCCC,16,1,Sub,-
*NC(=S)N(C)C,16,1,Sub,-
*NCCCCCCCCN,16,1,Sub,-
*N(C)CC(=O)NC,16,1,Sub,-
*C(=O)CCCCCO,16,1,Sub,-
*NC(=O)NC(CC)(C(F)(F)F)C(F)(F)F,16,1,Sub,-
*OC(C)C(C)=O,16,1,Sub,-
*OS(=O)(=O)CCC(F)(F)F,16,1,Sub,-
*C(C)=NNC(=S)NCCOC,16,1,Sub,-
*C(C)=CCC,16,1,Sub,-
*CC(=O)N(CC)CC(=C)C,16,1,Sub,-
*NC(=O)CS(=O)(=O)CC,16,1,Sub,-
*CCN(C)CCO,16,1,Sub,-
*NC(C)C(=O)NC(N)=O,16,1,Sub,-
*CNC(=O)CNC(C)=O,16,1,Sub,-
*C(=O)CC(O)C(=O)O,16,1,Sub,-
*S(=O)(=O)NCCCCCO,16,1,Sub,-
*NC(=NC(=O)OC(C)(C)C)NC(=O)OC(C)(C)C,16,1,Sub,-
*CCC(=O)NC(CC(=O)O)C(=O)O,16,1,Sub,-
*CC(NC(=O)CCCCCCCCCCCCCCC)C(=O)CP(=O)(O)O,16,1,Sub,-
*CNC(=O)C(C)=CC,16,1,Sub,-
*C(=O)C(C)(C)OC,16,1,Sub,-
*NC(CC(C)C)C(=O)OC,16,1,Sub,-
*C(C)=NNC(=S)NCC,16,1,Sub,-
*CNC(=O)C(C)NC(C)=O,16,1,Sub,-
*C(=O)NCCS(=O)(=O)CC,16,1,Sub,-
*NC(S)=NCC(C)C,16,1,Sub,-
*S(=O)(=O)CC=C,16,1,Sub,-
*CCNC(=O)C(=O)C(C)CC,16,1,Sub,-
*SC(C)C(=O)NC(N)=O,16,1,Sub,-
*C(=O)C(CCCNC(=N)N)NC(C)=O,16,1,Sub,-
*C(=O)OCC(=O)N(C)CCC#N,16,1,Sub,-
*NC(=O)CCSC,16,1,Sub,-
*NC(=O)C(C)=O,16,1,Sub,-
*C(C)NC(=O)CCCCCCCC=CCC=CCCCCC,16,1,Sub,-
*C(OC)C(=O)OC,16,1,Sub,-
*C(O)(CO)C(F)(F)F,16,1,Sub,-
*OC(=O)C(CC)CC,16,1,Sub,-
*OC(CCCCCC)CCCCCCCCCCC(=O)OC,16,1,Sub,-
*C(=O)OCCSC,16,1,Sub,-
*CCCCC#C,16,1,Sub,-
*C(=O)C(N)CCC,16,1,Sub,-
*C(=O)N(C)CC(O)CO,16,1,Sub,-
*CNC(=O)COCC,16,1,Sub,-
*CCCCCCCCNC(=N)NC(=O)NC,16,1,Sub,-
*CC(=O)N(CC)CCCC,16,1,Sub,-
*S(=O)(=O)NC(CCCN=C(N)N)C(=O)N(CCOC)CC(=O)O,16,1,Sub,-
*CCNC(=O)OCC,16,1,Sub,-
*C(=O)C=C(O)C(=O)OC,16,1,Sub,-
*CC=NNCC#C,16,1,Sub,-
*C(=O)OC(C)C(=O)NC(N)=O,16,1,Sub,-
*SCC=C(C)C,16,1,Sub,-
*CC=CC(=O)OCC,16,1,Sub,-
*C(=O)N(CC)CCOC,16,1,Sub,-
*C(=O)NCCC(=O)N(C)C,16,1,Sub,-
*CCCCI,16,1,Sub,-
*NC(=O)N(C)CCN(C)C,16,1,Sub,-
*NC(=O)NCCCCCCCCCCCC,16,1,Sub,-
*CC(N)C(=O)NC(CC(C)C)B(O)O,16,1,Sub,-
*C(O)C(O)C(C)O,16,1,Sub,-
*C(=O)CNC(=O)OC,16,1,Sub,-
*CNC(=O)C(C)S(C)(=O)=O,16,1,Sub,-
*OCCCNCCO,16,1,Sub,-
*N(C)S(=O)(=O)C(C)C,16,1,Sub,-
*C=NOC(C)C,16,1,Sub,-
*CC(=O)NCCCC(=O)O,16,1,Sub,-
*NS(=O)(=O)C(F)(F)C(F)(F)C(F)(F)C(F)(F)C(F)(F)C(F)(F)C(F)(F)C(F)(F)F,16,1,Sub,-
*NC(=O)CN(C)C(=N)N,16,1,Sub,-
*NC(=O)NC(C)C(=O)O,16,1,Sub,-
*CC(=O)N(C)C(C)C,16,1,Sub,-
*CCNC(=O)CCCC=CCC=CCC=CCC=CCCCCC,16,1,Sub,-
*C(=O)ON,16,1,Sub,-
*N(CC(C)C)C(=O)C(C)(C)C,16,1,Sub,-
*CCCC(C)C(=O)CC=C(C)C,16,1,Sub,-
*CCN(C(C)=O)C(C)=O,16,1,Sub,-
*OCC(O)CF,16,1,Sub,-
*S(=O)(=O)NCCNC(C)=O,16,1,Sub,-
*C(S)=NCCCC,16,1,Sub,-
*CC#CCN(C)C,16,1,Sub,-
*NC(NC(=O)CC)(C(=O)OCC)C(F)(F)F,16,1,Sub,-
*C(=O)CC([2H])([2H])[2H],16,1,Sub,-
*CC=NNCC#CCC#C,16,1,Sub,-
*NC(=O)CCCCC(S)CCS,16,1,Sub,-
*CN(C)C(=O)NCC,16,1,Sub,-
*C=NC(CC=CCCCCCCCC(=O)OC)CCCCCC,16,1,Sub,-
*N(C)CC(=O)OC,16,1,Sub,-
*C(N)NN,16,1,Sub,-
*CNC(N)=S,16,1,Sub,-
*N(CC(F)(F)F)CC(F)(F)F,16,1,Sub,-
*COC(=O)CC(C)(C)C,16,1,Sub,-
*C=NC(CO)C(=O)NCCCCCCCCCCCCCC,16,1,Sub,-
*C(C)=CCCC(C)(C)O,16,1,Sub,-
*CCC=C(C)CCC=C(C)CCC=C(C)C(=O)O,16,1,Sub,-
*OC(=O)C(N)CCC(=O)O,16,1,Sub,-
*NC(=O)CCCN=C(N)N,16,1,Sub,-
*CNCCCCN(CC)CC,16,1,Sub,-
*NCCNCC=C(C)CCC=C(C)C,16,1,Sub,-
*SC(C(C)=O)C(C)=O,16,1,Sub,-
*CN(C)CCC#N,16,1,Sub,-
*COC(C)(C)C(F)(F)F,16,1,Sub,-
*OCCCCC(=O)OC,16,1,Sub,-
*CC(N)C(=O)NC(C)C(=O)O,16,1,Sub,-
*CCNC(=O)C(C)=CC,16,1,Sub,-
*C(=O)NCCCNC,16,1,Sub,-
*C[N+](C)(C)CCCCCCCC,16,1,Sub,-
*=CNC(C)(C)C,16,1,Sub,=
*[N+]([O-])=NO,16,1,Sub,-
*NC(C(=O)O)C(C)CC,16,1,Sub,-
*NC(=O)C(C)(C)C#N,16,1,Sub,-
*C(=O)NNC(=O)OC(C)(C)C,16,1,Sub,-
*CNC(=O)NCC(=O)OCC,16,1,Sub,-
*C#CC(O)CCCCC,16,1,Sub,-
*C(N)=NOCC,16,1,Sub,-
*SCC(=O)N(CCC)CCC,16,1,Sub,-
*CC(CC)C(=O)OCC,16,1,Sub,-
*C(=O)NNC(=S)NCC,16,1,Sub,-
*C(=O)NNC(=O)CCCCCCC,16,1,Sub,-
*NC(=N)N(C)C,16,1,Sub,-
*C(C)(COC(C)=O)OC(C)=O,16,1,Sub,-
*C(CC)C(C)O,16,1,Sub,-
*CCCCCCC(=O)OCC,16,1,Sub,-
*NC(=O)NC(C)C(C)C,16,1,Sub,-
*C(=O)NC(C)C(=O)NC,16,1,Sub,-
*OCC(C)=NO,16,1,Sub,-
*COP(=O)(O)OCC(N)C(=O)O,16,1,Sub,-
*C(=CF)CN,16,1,Sub,-
*C(=O)NCCOC(C)C,16,1,Sub,-
*C=NCCC,16,1,Sub,-
*C(=O)CCC(C)=O,16,1,Sub,-
*NC(=O)C(NC(=O)C(C)NC)C(C)(C)C,16,1,Sub,-
*N(CC(O)C(=O)NO)S(C)(=O)=O,16,1,Sub,-
*N(CC(=O)O)C(C)=O,16,1,Sub,-
*NC(=O)NCCNC(C)=O,16,1,Sub,-
*C(N)C(C)O,16,1,Sub,-
*C=CC(=O)OCCN(C)C,16,1,Sub,-
*c1ccc2c(c1)ncc1c(*)cc(*)n12,15,3,Ring,---
*C1CC(*)C23CC(C(*)C(*)C2(*)C1*)C(*)(*)O3,15,8,Ring,--------
*c1cc2c([nH]1)CC(*)NC2=*,15,3,Ring,--=
*c1cccc2c3c(n(*)c12)C(*)CCC3,15,3,Ring,---
*C12CN3CC1C2C3,15,1,Ring,-
*c1ccc2c(c1)C(*)(*)C(*)CC2,15,4,Ring,----
*c1ccc2c(c1)C(=*)N1C(=N2)C(*)NC(=*)c2cccnc21,15,4,Ring,-=-=
*c1ccc2c(c1)OCC(*)N(*)S2(=*)=*,15,5,Ring,---==
*C1NC(=*)c2ccccc2N2C(=*)c3ccccc3N=C12,15,3,Ring,-==
*c1oc2c(=*)c3ncccc3c(=*)c2c1*,15,4,Ring,-==-
*c1cc2c(c(*)c1*)C(=*)CC1C(*)(*)CCCC21*,15,7,Ring,---=---
*c1ccc2c(*)c3c(*)nn(*)c3nc2c1,15,4,Ring,----
*c1nc(*)c2c(n1)N(*)CC(=*)N2*,15,5,Ring,---=-
*C1=CC(=*)Nc2cc(*)c(*)cc21,15,4,Ring,-=--
*C1=CN2C(=*)N(*)N=C2C(=*)N1,15,4,Ring,-=-=
*C1CC[Si](*)(*)C1,15,3,Ring,---
*c1ccc2c(c1)OC(*)C(*)C2,15,3,Ring,---
*c1ccc2ccc3nc(*)cn3c2c1,15,2,Ring,--
*c1ccc2c(c1)CCC1C2C(*)CC2(*)C(*)C(*)CC12,15,5,Ring,-----
*C1=NCCc2cc(*)c(*)cc2N1,15,3,Ring,---
*C1CC2OCCC2N1*,15,2,Ring,--
*c1ccc2c(c1)CCc1c-2nc2ccc(*)cc2c1*,15,3,Ring,---
*C1CC2(*)C3=C(CCC2C(*)(*)C1*)C1(*)CCC(*)C1(*)C(*)C3,15,9,Ring,---------
*C1=CCC(*)C2C1(*)C(*)C(*)C1(*)OC3(CCC21*)COC(=*)C3,15,8,Ring,-------=
*c1ccc(*)c2c(*)noc12,15,3,Ring,---
*c1ccc2c(c1)CNCC2*,15,2,Ring,--
*c1cc2c(=*)c3ccsc3c(=*)c2s1,15,3,Ring,-==
*C1(*)Sc2ccccc2N2C(=*)ON=C21,15,3,Ring,--=
*C1=CCC(*)OC1,15,2,Ring,--
*C1(*)COC(=*)N1,15,3,Ring,--=
*c1ccc2c(c1)C(=*)C(*)(*)C2=*,15,5,Ring,-=--=
*N1CCC2(CC1)NCCc1c2[nH]c2ccccc12,15,1,Ring,-
*C1CC2C(*)(CCC(*)C2(*)*)C2=C1C1(*)C(*)CC(*)C1(*)CC2,15,9,Ring,---------
*c1ccc2c(c1*)N(*)CCC2,15,3,Ring,---
*C1CCC2(*)C(CCC3(*)C2CC(=*)C2C4CC(*)(*)CCC4(*)CCC23*)C1(*)*,15,10,Ring,---=------
*C1=NN(*)C(=*)C2CC12,15,3,Ring,--=
*c1ccc2c(c1*)C(=*)N(*)C(=*)N2*,15,6,Ring,--=-=-
*C1CC2=CC(=*)C=CC2(*)C2CCC3(*)C(=*)CCC3C12,15,5,Ring,-=--=
*C1=c2cc3c(cc2Oc2cc4c(cc21)CCCN4)=NCCC3,15,1,Ring,-
*N1CCOCC12CCOC2,15,1,Ring,-
*c1ncn2ccccc12,15,1,Ring,-
*C1=NC(=*)c2cc(*)ccc2N1,15,3,Ring,-=-
*N1CCCc2c1c(=*)n(*)c2=*,15,4,Ring,-=-=
*C1=Nc2sc3ccccc3c2C(=*)N1*,15,3,Ring,-=-
*C1=CC(*)N2CC1N(*)C2=*,15,4,Ring,---=
*c1ccc2c(c1)C(*)CC(=*)N2,15,3,Ring,--=
*N1Cc2cc3ccccc3nc2C1=*,15,2,Ring,-=
*c1cc(*)c2[nH]c3ccccc3c2c1*,15,3,Ring,---
*c1c(*)c2cnccn2c1*,15,3,Ring,---
*c1ccc2c(c1)C1CC(*)(O2)N(*)C(=*)N1,15,4,Ring,---=
*N1CCCC2(CC1)CN(*)C(=*)O2,15,3,Ring,--=
*C1NC(=*)C(=*)O1,15,3,Ring,-==
*c1sc2c(c1*)C(=*)N1CCC(*)CCC1=N2,15,4,Ring,--=-
*C1=C(*)C2(*)C3C(=*)N(*)C(=*)C3C1(*)C2(*)*,15,9,Ring,---=-=---
*C1Nc2ccccc2C2OCCCC12,15,1,Ring,-
*c1cc2cc(*)c(*)c(*)c2c(*)c1*,15,6,Ring,------
*c1cn(*)cc2c(*)nnc1-2,15,3,Ring,---
*c1ccc2cc3cccc4c3c(c2c1)C(=*)N(*)C4=*,15,4,Ring,-=-=
*c1ccc2c(c1)NC(=*)c1c(*)nnn1-2,15,3,Ring,-=-
*C1C(*)(*)CCC2C(*)(*)C(=*)C(=*)CC12*,15,8,Ring,-----==-
*C1C(*)C(*)(*)C2CCC3(*)C(C(=*)C=C4C5CC(*)(*)CCC5(*)CCC43*)C2(*)C1*,15,12,Ring,-----=------
*c1ccc2cc3n(c2c1)C(*)(*)CNC3=*,15,4,Ring,---=
*c1cnc2c(n1)C(*)(*)CC2(*)*,15,5,Ring,-----
*C1CCCC12CCN(*)CC2,15,2,Ring,--
*c1ccc2c(c1)C(*)CCS2,15,2,Ring,--
*c1ccc2c(c1)sc1c(*)nc(*)nc12,15,3,Ring,---
*C1=Nc2c(*)nn(*)c2C2=NC(*)CN12,15,4,Ring,----
*c1ccc2sc3ccc(*)cc3c2c1,15,2,Ring,--
*c1c2n(c3ccccc13)CCC(*)C2,15,2,Ring,--
*=C1NCCC(=*)c2c1[nH]c1ccccc21,15,2,Ring,==
*C1=C(*)N2C(=NC(*)C2*)S1,15,4,Ring,----
*C1=NN(*)C2(C1)C(*)C(=*)N2*,15,5,Ring,---=-
*C12CCC(CC1)C2(*)*,15,3,Ring,---
*c1ccc2c(c1)C1(C(=*)N2)C(*)C(*)C2CCCN21,15,4,Ring,-=--
*c1ccc2c(c1*)C(=*)N(*)N=C2,15,4,Ring,--=-
*C1=C2C(CC1*)OC(*)CC1C2(*)C(*)C2OCC3(*)C(*)CC(*)C1(*)C23,15,9,Ring,---------
*N1C(=*)C2SSC1C(=*)N2*,15,4,Ring,-==-
*c1cccc2nncn12,15,1,Ring,-
*C1OC(*)C(*)C(*)C1=*,15,5,Ring,----=
*C1=CCC(*)C2C=C(CCC1*)C(=*)O2,15,4,Ring,---=
*C1=C(*)C2CCC1C2,15,2,Ring,--
*C1C2CCCOC2C1(*)*,15,3,Ring,---
*c1c(*)c(*)c2c(oc3c(*)c(*)c(*)c(*)c32)c1*,15,8,Ring,--------
*c1c2c(nc3cc4c(cc13)OCCO4)C1=Cc3ccccc3C(=*)N1C2,15,2,Ring,-=
*c1ccc2c(c1)c1c3c(=*)[nH]c(=*)c3ccc1n2*,15,4,Ring,-==-
*C1CCCN(*)CC(*)C(*)CC(*)C(*)C(*)C(*)CC(=*)O1,15,9,Ring,--------=
*c1nc(*)c2n[nH]c(*)c2n1,15,3,Ring,---
*N1N=CCC1(*)*,15,3,Ring,---
*c1ccc2c(c1)C(*)C(*)C2(*)*,15,5,Ring,-----
*c1ccc2ccc3cc(*)[nH]c3c2n1,15,2,Ring,--
*C1=CC(=*)CC(*)(*)O1,15,4,Ring,-=--
*c1cc(*)c2c(c1)CCc1cc(*)c(*)cc1-2,15,4,Ring,----
*c1ncnc2c1n(*)c[n+]2*,15,3,Ring,---
*c1cn2c3c(nc2c(*)n1)CCN(*)C3,15,3,Ring,---
*C1CC2(*)C(CCC2(*)*)C2CCC3=CC(=*)CCC3C12,15,5,Ring,----=
*N1CC2(C1)CC(*)(*)CO2,15,3,Ring,---
*c1ccc2[nH]c3c(c2c1)CC1(*)C(CCC2(*)C1CC=C1C4CC(*)(*)CCC4(*)CCC12*)C3(*)*,15,9,Ring,---------
*n1ncc2c1-c1ccccc1NC(=*)C2,15,2,Ring,-=
*N1C(=*)CSC12C(=*)Nc1ccccc12,15,3,Ring,-==
*c1c2c([nH]c1=*)=CSS2,15,2,Ring,-=
*C1=C(*)C(*)N(*)C(*)N1,15,5,Ring,-----
*N1CCc2cc3c(cc2C1)OCCCO3,15,1,Ring,-
*c1ncc2c(n1)N(*)C(=*)c1nnc(*)n1-2,15,4,Ring,--=-
*c1ccc2c(c1)NN(*)C2=*,15,3,Ring,--=
*c1ccc2c(c1)CCC1C2CCC2(*)C1CCC21CCC(*)(*)C(=*)O1,15,5,Ring,----=
*c1cn(*)c2cc3ccccc3nc12,15,2,Ring,--
*c1cc2[nH]cccc-2n1,15,1,Ring,-
*C1=Cc2c(*)cccc2NC1=*,15,3,Ring,--=
*C1=NC(*)(*)C(*)C(*)O1,15,5,Ring,-----
*C1CCC2(CCC2)CC1,15,1,Ring,-
*=C1CC2(CCCCC2)Oc2c1ccc1ccccc21,15,1,Ring,=
*C1CC2CCCC1N2,15,1,Ring,-
*N1CCC2(CC1)CC(=*)c1ccc3ccccc3c1O2,15,2,Ring,-=
*N1C(=*)C2C(C1=*)C2(*)*,15,5,Ring,-==--
*C1CC(=*)OC12CCCC2,15,2,Ring,-=
*=C1c2c(ccc3c2OCO3)C=C2c3cc4c(cc3CCN12)OCO4,15,1,Ring,=
*C1=NC=CC(=*)N1*,15,3,Ring,-=-
*C1CCCCNC(=*)C(*)NC(=*)C(*)NC(=*)C(*)NC(=*)C=CC(=*)N1,15,9,Ring,-=-=-=-==
*c1sc2c(c1*)CC[N+](*)(*)C2,15,4,Ring,----
*C1N(*)c2ccccc2C1(*)*,15,4,Ring,----
*c1cn2c(n1)SC(*)(*)C2,15,3,Ring,---
*N1CCC2(CCCCO2)CC1,15,1,Ring,-
*C1CC(*)(*)C(*)C(*)C(=*)C(*)C(=*)OC(*)C2(*)OC(=*)CC2C(*)C1=*,15,13,Ring,-----=-=--=-=
*c1ccc2c(c1)C1(Cn3nncc3CO1)C(=*)N2*,15,3,Ring,-=-
*C1=CC(=*)N(*)C2=C1C(=*)N(*)C=N2,15,5,Ring,-=-=-
*C1=CC(=*)Oc2c1c(*)nn2*,15,4,Ring,-=--
*C1=Nc2nc(*)sc2C(*)C1,15,3,Ring,---
*C1c2cccn2CC(=*)N1*,15,3,Ring,-=-
*C1CC(*)N(*)N1,15,3,Ring,---
*c1ccc2c(*)c3n(c2c1*)C(*)CN(*)C3=*,15,6,Ring,-----=
*c1nn2c3cccc(*)c3c(=*)c3c(*)ccc1c32,15,4,Ring,--=-
*c1ccc2c(c1)C1(CC(=*)NC1=*)C(=*)N(*)C2=*,15,6,Ring,-===-=
*c1cc2c(=*)c3ccccc3c(=*)c2c(*)n1,15,4,Ring,-==-
*C1C2CCC(N2)C1*,15,2,Ring,--
*c1cc(*)c2c(c1)OC(*)(*)c1cn(*)nc1-2,15,5,Ring,-----
*c1cc2c(cc1*)NC(*)C(=*)N(*)C2,15,5,Ring,---=-
*c1ccc2c(c1)NC(=*)C1CCCN21,15,2,Ring,-=
*N1C(=*)c2cnccc2N(*)C1=*,15,4,Ring,-=-=
*c1cc(*)c2c(*)nsc2c1,15,3,Ring,---
*N1CCC2(*)C(C1)C2(*)*,15,4,Ring,----
*c1cccc2c1N(*)Cc1c(*)ncn1-2,15,3,Ring,---
*c1nncc2c1cnn2*,15,2,Ring,--
*c1cccc2c1C1(OC(*)CC3=CCCC31)C(=*)N2*,15,4,Ring,--=-
*C1=CC2=C(C(=*)N1*)C1OC(*)(Cc3cc(*)c(*)cc31)O2,15,6,Ring,-=----
*C1=CNC(=*)O1,15,2,Ring,-=
*C1c2sccc2CCN1*,15,2,Ring,--
*c1ccc2c(*)nc(*)c(*)c2c1,15,4,Ring,----
*C1C(=*)N(*)CCC(=*)N1*,15,5,Ring,-=-=-
*c1sc2c(c1*)CCNC2*,15,3,Ring,---
*c1ccc2c(c1)CC1(*)c3ccc(*)cc3C(=*)N(*)C21,15,5,Ring,---=-
*c1ncnc2c1N=CN(*)C2=*,15,3,Ring,--=
*C1=CN2C(=*)NN=C2C=C1,15,2,Ring,-=
*c1cnc2cc3c(cc2c1)CC1(C3)C(=*)Nc2ncccc21,15,2,Ring,-=
*C1CCC2(O1)OC(*)CC(*)C2*,15,4,Ring,----
*C1=C(*)c2cc3c(cc2OC1=*)OC(*)(*)CC3,15,5,Ring,--=--
*C1=Nc2[nH]ncc2C(=*)N1,15,2,Ring,-=
*N1CCC2(CC1)OCCc1ccccc12,15,1,Ring,-
*C1OC2(*)CCCC1O2,15,2,Ring,--
*C1CC(=*)N(*)C2=C1C(=*)CC(*)(*)C2,15,6,Ring,-=-=--
*c1ccc2c(c[n+](*)c3c4cc5c(cc4ccc23)OCO5)c1*,15,3,Ring,---
*C1=Nc2ccccc2NC(*)C1,15,2,Ring,--
*=C1CCN2C1=NC(=*)c1ccccc12,15,2,Ring,==
*C1CC(=*)CC(*)C12C(=*)c1ccccc1C2=*,15,5,Ring,-=-==
*c1nc(*)c2ccc(*)n2n1,15,3,Ring,---
*c1ncnc2c1CN(*)C(=*)N2,15,3,Ring,--=
*c1ccc2c(c1)NC(=*)C(*)C2*,15,4,Ring,-=--
*C1=CCCN(*)CC1,15,2,Ring,--
*c1cncc2nccn12,15,1,Ring,-
*=c1[nH]c2c(ccc3ccccc32)c1=*,15,2,Ring,==
*C1CCCC12CCOCC2,15,1,Ring,-
*c1cc2c3c(ccn3C(=*)CC2)c1,15,2,Ring,-=
*C1Nc2ccccc2S1,15,1,Ring,-
*C1CCC2(*)C3CC4C5CC3(CCC2C1(*)*)CC45*,15,5,Ring,-----
*c1ccc2c(c1)OC(*)C2,15,2,Ring,--
*C1C=CC=CCC(*)CC(*)C=CC=CCCCC(*)OC(=*)C=CC=CC1,15,5,Ring,----=
*c1cc2c(*)cccc2nn1,15,2,Ring,--
*C1C2CSCC(=*)C2=NN1*,15,3,Ring,-=-
*C1=CC(*)=NC2=NN(*)C(=*)N12,15,4,Ring,---=
*c1ccc2c(c1)C1(C(=*)N2)C(*)ON(*)C1*,15,5,Ring,-=---
*C1CCC2(*)C(CCC3(*)C2CC(*)C24OC(=*)C5(CCC(*)(*)CC52)CCC34*)C1(*)*,15,10,Ring,----=-----
*c1ccc2c(c1)C1c3cc(*)ccc3C(C2)N(*)C1*,15,4,Ring,----
*C1=CCC(*)C(*)C(*)OC(=*)C(*)N(*)C(=*)C(*)NC(=*)CN(*)C(=*)C(*)N(*)C(=*)C(*)NC(=*)C(*)OC1=*,15,19,Ring,----=--=-=-=--=-=-=
*C1C2COc3ccccc3C2N2C(=*)CN(*)C(=*)C12*,15,5,Ring,-=-=-
*C1=CN2C(=*)N(*)C(=*)C(*)=C2S1,15,5,Ring,-=-=-
*c1ccc2c(c1)CCCc1nncn1-2,15,1,Ring,-
*N1CS(=*)(=*)c2ccccc21,15,3,Ring,-==
*C1CC(*)C(*)C(*)C(*)CC(=*)OC(*)C(*)C2OC2(*)C=CC1=*,15,10,Ring,-----=---=
*C1=CNC(=*)n2ccnc21,15,2,Ring,-=
*c1cc2c(*)nc3c4cc5c(cc4ccc3c2cc1*)OCO5,15,3,Ring,---
*N1C(=*)NC2(CSc3c2c(=*)c2ccccc2c3=*)C1=*,15,5,Ring,-====
*c1ccc2nc3c(c(*)c2c1)Cc1ccccc1-3,15,2,Ring,--
*C1CC(*)(*)NC1(*)*,15,5,Ring,-----
*C1=Cc2c(c(*)c3c(=*)c4c(*)cccc4c(=*)c3c2*)C(*)C1,15,7,Ring,--=-=--
*c1ccc2c(c1*)c1ccccc1n2*,15,3,Ring,---
*C1=C2C(*)C(CC1*)CC1C(=*)C(*)CC(*)C1(*)C(*)C2*,15,9,Ring,---=-----
*c1cc(*)c2cc3c(*)cc(*)nc3c(*)c2n1,15,5,Ring,-----
*c1ccc2c(c1)C(=*)n1nc(*)cc1N2*,15,4,Ring,-=--
*c1ncc2c(n1)N(*)C(*)c1nncn1-2,15,3,Ring,---
*C1CN(*)CCc2ccccc21,15,2,Ring,--
*c1ccc2nc3nc(*)n(*)c3cc2c1,15,3,Ring,---
*N1C(=*)Nc2c(ncn2*)C1=*,15,4,Ring,-=-=
*C1C(=*)N2C(CC3(*)c4ccccc4NC23)C(=*)N1*,15,5,Ring,-=-=-
*N1CCc2cnn(*)c2C1,15,2,Ring,--
*N1C=Nc2nccnc2C1=*,15,2,Ring,-=
*c1ccc2c(c1)C1c3cccc(*)c3N(*)CC1C2,15,3,Ring,---
*C1CC(*)C(=*)N(*)C1=*,15,5,Ring,--=-=
*c1nc2c3c(ncn2n1)Oc1ccc2ccccc2c1C3*,15,2,Ring,--
*c1cc(*)c2c(c1)S(=*)(=*)NC(*)N2,15,5,Ring,--==-
*c1cc2cc(*)c3c4cc5c(cc4ncc3c2cc1*)OCO5,15,3,Ring,---
*C1Cc2c(c(=*)c3ccccc3c2=*)C(*)O1,15,4,Ring,-==-
*C1=C(*)c2cccn2N(*)C1=*,15,4,Ring,---=
*c1ccc2c(c1)CCC1C2CCC2(*)c3n[nH]c(*)c3CC12,15,3,Ring,---
*C1=CC2C(CCC3(*)C2CC(=*)C3(*)*)C2(*)CCC(=*)C=C12,15,7,Ring,--=---=
*c1cc(*)c2c(c1*)CC(*)O2,15,4,Ring,----
*N1CCC2(CC1)CN(*)Cc1ccccc12,15,2,Ring,--
*C1=C(*)C2(C(=*)N(*)c3ccccc32)N(*)C1=*,15,6,Ring,--=--=
*c1cc(*)c2c(c1*)C(=*)OCC(=*)NCC(=*)NC(*)CSC2,15,7,Ring,---===-
*c1ccc2c(*)c3ccoc3nc2c1*,15,3,Ring,---
*N1C=Cc2nnn(*)c2C1=*,15,3,Ring,--=
*C1=CC=CCC1,15,1,Ring,-
*c1cccc2c1CC(*)N(*)C2*,15,4,Ring,----
*c1cc(*)c2c(n1)nn1c(*)c(*)c(*)nc21,15,5,Ring,-----
*C1CCC2(*)C3C(=*)OCC3CCC2C1(*)*,15,5,Ring,--=--
*N1C(=*)c2ccccc2-c2ccccc21,15,2,Ring,-=
*c1ccc2c(c1)CC1CNCC2C1,15,1,Ring,-
*c1cc2c(c(*)c1*)C(*)CCC2*,15,5,Ring,-----
*c1ccnc2c1ccc1c(*)ccnc12,15,2,Ring,--
*C1(*)CCCC2(*)C3=CCC4CC3(CCC12)CC4=*,15,4,Ring,---=
*c1cc2c(cc1*)C(*)C(*)CC2,15,4,Ring,----
*C1=NCCN(*)C=C1,15,2,Ring,--
*C1(*)COC(=*)C1,15,3,Ring,--=
*N1C(=*)c2ncccc2N(*)C1=*,15,4,Ring,-=-=
*c1cc(=*)c(=*)c2ncccc12,15,3,Ring,-==
*C1CCC(*)(*)C2OC(CC1=*)C1C(=*)CCC(*)C12,15,6,Ring,---==-
*C1=CCCC2(*)C(*)CCC2c2ccc(cc2*)CC(*)CC1,15,5,Ring,-----
*B1OC2CC3CC(C2O1)C3(*)*,15,3,Ring,---
*C1=Nc2nc3c(cc2C(=*)N1*)CCCC3,15,3,Ring,-=-
*C1(*)CC(=*)CN2CCCC21,15,3,Ring,--=
*c1c(*)c(=*)c2c(c1=*)C(*)C(*)C1C(*)(*)CCCC21*,15,9,Ring,--==-----
*C1C(=*)N2C=CSC2=[N+](*)C1=*,15,4,Ring,-=-=
*C1c2cc3c(cc2OC(*)(*)C1*)OCO3,15,4,Ring,----
*c1nc2[nH]nc(*)c2nc1*,15,3,Ring,---
*C1=NN(*)C(=*)c2cc(*)cn21,15,4,Ring,--=-
*c1cc(*)c2c(=*)c3cc4c(c(*)c3c(=*)c2c1)-c1c(cc(*)c(*)c1*)C(*)C4*,15,10,Ring,--=-=-----
*C1=NC(=*)c2ccccc2O1,15,2,Ring,-=
*c1cc2ccc1-c1c(ccc(*)c1*)CCc1ccc(cc1)Oc1cc(cc(*)c1*)CC2,15,5,Ring,-----
*N1CCC2(CNC(=*)C2)C1,15,2,Ring,-=
*C1=Nc2ccccc2OC1,15,1,Ring,-
*c1ccc2c(c1*)C(*)N(*)C(*)C2,15,5,Ring,-----
*C1=CN2C3=C(C=C(*)C2N=N1)C(=*)C(*)=CN3*,15,5,Ring,--=--
*c1cc2c(cc1*)C(=*)CC1(CCN(*)CC1)O2,15,4,Ring,--=-
*c1ccc2cc(*)n(*)c2n1,15,3,Ring,---
*c1ccc2c(c1)CCC1C(=*)N(*)C(=*)N21,15,4,Ring,-=-=
*C1C[S+](*)CC(=*)NC(*)C(=*)NC(*)C(=*)NC(*)C(=*)NC2(CCCCC2)C(=*)NC(*)C(=*)NCCCCC(=*)N1,15,13,Ring,--=-=-=-==-==
*C1CC2(C1)CC(*)(*)C2,15,3,Ring,---
*C1CCN(*)C(*)(*)C1,15,4,Ring,----
*C1CN(*)C2Nc3ccccc3C12*,15,3,Ring,---
*N1CC2(C=N1)CCCC2,15,1,Ring,-
*C1CC[S+](*)C1,15,2,Ring,--
*C1=C(*)C2=C(CCC2)N2CCN=C12,15,2,Ring,--
*C1CN(*)C(*)CS1,15,3,Ring,---
*c1nn2c(c1*)NC(=*)NC2=*,15,4,Ring,--==
*C1=Cc2cnn(*)c2N(*)C1=*,15,4,Ring,---=
*N1C(=*)NC2NC(=*)NC21,15,3,Ring,-==
*c1cc(*)c2c(c1*)OCC(*)C2=*,15,5,Ring,----=
*c1ccc2c(c1)CN(*)C(=*)CO2,15,3,Ring,--=
*c1cc(=*)c2ccncc2c1=*,15,3,Ring,-==
*N1CC2(CC(*)(*)Oc3ccccc32)OCC1=*,15,4,Ring,---=
*C1CC(=*)C(=*)N1*,15,4,Ring,-==-
*c1oc2c(ccc3ccccc32)c1*,15,2,Ring,--
*n1cnc2c1ncn1cnnc21,15,1,Ring,-
*C1=Nc2ccc(*)c3c(*)ccc1c23,15,3,Ring,---
*C1c2ccoc2CCN1*,15,2,Ring,--
*c1ccc2c(c1)-c1nc(*)nc(*)c1CC2,15,3,Ring,---
*C1CC2(CCN1*)CN(*)S(=*)(=*)N2*,15,6,Ring,---==-
*C1=C(*)C(=*)N2N=CSC2=N1,15,3,Ring,--=
*c1cc2c([nH]1)C(=*)NCCC2=*,15,3,Ring,-==
*c1cnc2sc(*)nc2c1,15,2,Ring,--
*C1=CC1=*,15,2,Ring,-=
*C1CN2C=CSC2=N1,15,1,Ring,-
*C1=Nc2nn(*)cc2C(=*)N1*,15,4,Ring,--=-
*C1Cc2ccccc2NC(*)C1,15,2,Ring,--
*c1ccc2c(c1)C(*)c1ccccc1CS2,15,2,Ring,--
*C1C=CC(*)(*)C(=*)C(*)C(*)C(=*)C(*)C2C(*)C(*)CC2(*)C1=*,15,12,Ring,---=--=----=
*C1=CC2CC(C1)CN(*)C2,15,2,Ring,--
*c1c(*)c2c3ccccc3c3ccccc3n2c1*,15,3,Ring,---
*c1cc(*)c2c(*)coc2c1*,15,4,Ring,----
*c1cnc2cc(*)c(*)nc2n1,15,3,Ring,---
*C1CSC2CN(*)C(=*)C(*)N2C1=*,15,5,Ring,--=-=
*C1CC(*)(*)C(*)C2(*)CCCC(*)(*)C12,15,7,Ring,-------
*C1=C2C(*)C(*)C3(*)C(*)CC(*)C(=*)C3CC(CC1*)C2(*)*,15,10,Ring,------=---
*c1ccc2c(c1)C(*)CC21CCN(*)CC1,15,3,Ring,---
*C1=CN(*)c2c(cc(*)c3c2nnn3*)C1=*,15,5,Ring,----=
*c1nc2ccc3c(c2o1)C(*)CC3,15,2,Ring,--
*c1cc2c(s1)CC1c3cc(*)c(*)cc3CCN1C2,15,3,Ring,---
*c1cccc2c1CNC(*)c1cccn1-2,15,2,Ring,--
*C1=C2CNC(*)(*)C=C2C(*)C1=*,15,5,Ring,----=
*c1cc(=*)c2c(*)c3c(c(*)c2c1=*)CC(*)(*)C(*)C3,15,8,Ring,-=--=---
*C1=CC(=*)N2N=C(*)N(*)C2=N1,15,4,Ring,-=--
*C1(*)CC(=*)N=C2C=CC=CN21,15,3,Ring,--=
*N1CCC[N+](*)(*)CC1,15,3,Ring,---
*c1cc2c(cc1*)C(*)C(*)C(*)(*)O2,15,6,Ring,------
*C1=Cc2ccc3occc3c2OC1=*,15,2,Ring,-=
*C1C(=*)c2ccccc2C1*,15,3,Ring,-=-
*c1cc2c(*)c(*)sc2c(*)c1*,15,5,Ring,-----
*c1cc2ncccc2s1,15,1,Ring,-
*c1[nH]nc2c1C(=*)CCC2,15,2,Ring,-=
*C1Cc2c([nH]c3ccccc23)C2N(*)c3ccccc3C(=*)N12,15,3,Ring,--=
*c1cc(*)c2[nH]c(*)nc2n1,15,3,Ring,---
*c1nc2c3c(ccc2[nH]1)C(*)(*)C(=*)NC3=*,15,5,Ring,---==
*c1cc2c(cn1)NC(=*)N2*,15,3,Ring,-=-
*c1ccc2c(c1*)C(=*)N(*)C=N2,15,4,Ring,--=-
*C1=CC[N+](*)(*)CC1,15,3,Ring,---
*c1cc2c3c(c1)NC(=*)N3CC(*)N(*)C2,15,4,Ring,-=--
*c1cccc2c1C=C1C(=*)NC(=*)N=C1N2*,15,4,Ring,-==-
*C1=Nc2ccncc2C(=*)N1*,15,3,Ring,-=-
*c1cc2c(cc1*)C1(C(=*)N2)C(*)C(*)N(*)C1*,15,7,Ring,--=----
*c1ccc2c(c1)nc1n2C(*)SC1,15,2,Ring,--
*C1=C2NCCN2C(=*)c2c(*)c(*)c(*)c(*)c21,15,6,Ring,-=----
*c1cc(*)c2c(c1*)C(*)CC(*)(*)N2,15,6,Ring,------
*C1CC(=*)CC(*)C12C(=*)N(*)C(=*)N(*)C2=*,15,8,Ring,-=-=-=-=
*C1CCCCC12OOC1(CCCCC1*)OO2,15,2,Ring,--
*c1ccc2c(c1)C1(NC(=*)NC1=*)N(*)C(=*)N2,15,5,Ring,-==-=
*C1CC2C(CCC3(*)C(=*)OC4(*)C5CC6(*)C(COC27OC34C6C7=*)C(=*)O5)C2(*)C(=*)C=CCC12*,15,10,Ring,--=--==-=-
*C1=C(*)c2cccc(*)c2NC1=*,15,4,Ring,---=
*C1=Cn2nc(*)cc2C(=*)N1*,15,4,Ring,--=-
*C1CCC2(CCN(*)CC2)CO1,15,2,Ring,--
*C1=CC2CC(*)C=CC2(*)C(*)C1,15,4,Ring,----
*C1CCCc2cncn21,15,1,Ring,-
*c1cc2c(nc1*)-c1ccccc1CCC2,15,2,Ring,--
*c1cc2c(c(*)c1*)C(=*)C(*)(*)C2=*,15,7,Ring,---=--=
*N1C(=*)C2CCC(C2)C1=*,15,3,Ring,-==
*C1CCc2c(n(*)c3ccccc23)C1=*,15,3,Ring,--=
*c1cc(*)c2c(c1)OC13C(=CC4CC1C(*)(*)OC3(*)C4=*)C2=*,15,7,Ring,-----==
*C1=CCC(*)c2cc(*)c(*)cc21,15,4,Ring,----
*c1cc2cc[nH]cc-2n1,15,1,Ring,-
*c1ccc2c3c(ccc2n1)OCC(*)O3,15,2,Ring,--
*C1CC2=CCC3C4CCC(*)C4(*)CCC3C2(*)C(*)C1,15,5,Ring,-----
*C1CC2SCC(*)N2C1=*,15,3,Ring,--=
*n1c2c(c3ccccc31)CCNCC2,15,1,Ring,-
*c1nc2c(*)c(*)c(*)cc2s1,15,4,Ring,----
*c1ccc2c(c1*)CCC(*)C2*,15,4,Ring,----
*c1cc(*)c2c(c1)CC1(O2)C(*)CCC(*)C1(*)*,15,6,Ring,------
*c1nc2ccccc2c2cc3ccccc3n12,15,1,Ring,-
*c1nc(*)c2sc3nc(*)c4c(c3c2n1)CCC4,15,3,Ring,---
*N1CC(=*)NC2CCCCC21,15,2,Ring,-=
*C1=NCC(*)C1,15,2,Ring,--
*c1cc2c(s1)c1sc(*)cc1n2*,15,3,Ring,---
*N1C=Nc2sc3c(c2C1=*)CCCCC3,15,2,Ring,-=
*C1SC(*)C1*,15,3,Ring,---
*c1csc2c1CCN(*)C2=*,15,3,Ring,--=
*C1COC2(CCCCC2)C1,15,1,Ring,-
*c1cc2c(cc1*)-c1nc(*)c(*)cc1CCC2,15,4,Ring,----
*C1(*)Cc2ccccc2C(=*)N1,15,3,Ring,--=
*C1=CCCc2c1ccc(*)c2*,15,3,Ring,---
*c1cc2c(cn1)N=CN(*)C2=*,15,3,Ring,--=
*C1=Nc2nc(*)[nH]c2C(=*)N1,15,3,Ring,--=
*C1CSC2=Nc3ccccc3C(=*)N21,15,2,Ring,-=
*C1=Nc2sc3c(c2C(=*)O1)CCN(*)C3,15,3,Ring,-=-
*c1cn2c(cc(*)c3ccccc32)n1,15,2,Ring,--
*C1CC2C(C(*)CC3(*)C2CCC3(*)*)C2(*)CCC(=*)C=C12,15,7,Ring,------=
*c1c[n+]2ccccc2s1,15,1,Ring,-
*c1cc(*)c2c(c1)Oc1c(*)ccc(*)c1C2=*,15,5,Ring,----=
*[n+]1ccc2c(c1)CCCC2,15,1,Ring,-
*c1ccc2cc1CN(*)CC=CCCOc1cccc(c1)-c1ccnc(n1)N2,15,2,Ring,--
*C1(*)CS(=*)(=*)C2(CC2)C(=*)N1,15,5,Ring,--===
*C1CC(*)(*)CO1,15,3,Ring,---
*C1CCC2(*)CCC(*)C(*)C2C1*,15,5,Ring,-----
*C1=C(*)C(=*)N(*)S1,15,4,Ring,--=-
*c1ccc(*)c2c1CCC(*)(*)O2,15,4,Ring,----
*C1=CC(=*)Oc2c(*)cc(*)cc21,15,4,Ring,-=--
*N1CCOCC2(CC2)C1,15,1,Ring,-
*C1=CC(=*)Oc2c1c(*)cc1oc(*)cc21,15,4,Ring,-=--
*C1=C2CN(*)C(*)CC2N(*)C(*)C1,15,5,Ring,-----
*c1cc2c(nc1*)NC1(CC2)CCN(*)C1,15,3,Ring,---
*C1CC2C(*)(*)C(*)CC(*)C2(*)C2(CO2)C1*,15,7,Ring,-------
*c1nc2ccccc2c2c1CCCC2,15,1,Ring,-
*C1=Cc2n[nH]c(*)c2C(*)C1,15,3,Ring,---
*c1cc2occc2[nH]1,15,1,Ring,-
*c1cnc2ncc(*)n2c1,15,2,Ring,--
*c1ccc2c(c1)C1C(=*)CC2C(*)C1*,15,4,Ring,-=--
*c1ccc2oc3nccc(*)c3c2c1,15,2,Ring,--
*C1=C(*)C(*)=[N+]2C1=Nc1c(*)c3c(n1[B-]2(*)*)-c1ccc(*)cc1CC3,15,7,Ring,-------
*N1N=C2c3ccccc3CCC2CC1=*,15,2,Ring,-=
*C1C2CCCCN2C2(C(=*)Nc3ccccc32)C12CNCC(=*)C2=*,15,4,Ring,-===
*c1ncc2c(n1)CCN(*)C2=*,15,3,Ring,--=
*N1CCSC2(CCCCC2)C1,15,1,Ring,-
*c1ccc2c(c1)CCc1cc(*)ccc1C2=*,15,3,Ring,--=
*c1cc(*)c2c(c1)C(=*)c1ccccc1N2*,15,4,Ring,--=-
*c1ccc2c(c1)OC(*)C1=C2COc2cc(*)ccc21,15,3,Ring,---
*c1cn2c3nc(ncc13)NCCCCCCCC(*)CCCC2,15,2,Ring,--
*C12CCCC1OCC2,15,1,Ring,-
*c1ccc2c(c1)Sc1cc(*)ccc1N2,15,2,Ring,--
*C1=C(*)c2cc(*)cc(*)c2OC1=*,15,5,Ring,----=
*c1ccc2c(c1)SCC(*)(*)C2*,15,4,Ring,----
*C1=C(*)C(=*)c2ccc3ccccc3c2O1,15,3,Ring,--=
*C1=NC2=C(Cc3cccc(*)c3O2)C(=*)N1,15,3,Ring,--=
*c1cccc2c1OCC(*)C(=*)N2*,15,4,Ring,--=-
*C1Nc2ccccc2-c2nc3ccccc3n21,15,1,Ring,-
*c1cc2ccc(*)c(*)c2cc1*,15,4,Ring,----
*C1NCc2ccccc2-n2cccc21,15,1,Ring,-
*C1=Nc2ccccc2NC(*)(*)C1,15,3,Ring,---
*C1=NC(=*)c2cc(*)c3ccccc3c2O1,15,3,Ring,-=-
*C1CC(=*)CCN1*,15,3,Ring,-=-
*C1(*)OOC2(CCCCC2)OO1,15,2,Ring,--
*c1ccc2c3c1OC1(*)C(=*)CCC4(*)C(C2)N(*)CCC314,15,5,Ring,--=--
*c1cccc2c1C(=*)C(=*)NC2=*,15,4,Ring,-===
*c1c(*)n(*)c2cc3c(cc12)OCO3,15,3,Ring,---
*c1ccc2c(c1)C(=*)N(*)C(*)N2*,15,5,Ring,-=---
*c1nc2nncn2c(*)c1*,15,3,Ring,---
*c1cc2c(c(*)c1*)C1(*)CCCC(*)(*)C1CC2=*,15,7,Ring,------=
*c1cc2c(c(*)n1)[n+](*)c1ccccn21,15,3,Ring,---
*c1cc2c(s1)C(=*)c1c(c3ccccc3n1*)C2(*)*,15,5,Ring,-=---
*C1CCC2(*)C(C1)C(*)C(*)C1C3CCC(*)C3C(*)CC12,15,6,Ring,------
*C1CCC2(CC1)CCN(*)C2,15,2,Ring,--
*c1cnc2oc(*)nc2c1,15,2,Ring,--
*C1c2ccccc2CN(*)c2ccccc21,15,2,Ring,--
*[B-]1(*)[NH2+]CCO1,15,2,Ring,--
*c1nc2oc3c(*)ncnc3c2c2c1CCC2,15,2,Ring,--
*C1CC2(CCN(*)CC2)Oc2c1ccc1ccccc21,15,2,Ring,--
*C1CC(*)N(*)N1*,15,4,Ring,----
*=c1ccc(=*)c2ncccc12,15,2,Ring,==
*C1CCCCCCCCNC(=*)C2CCCN2C(=*)C(*)NC(=*)C2(CCC2)NC(=*)C2CCCN2C(=*)C(*)NC1=*,15,9,Ring,-==-===-=
*C1=CN(*)C(*)C1,15,3,Ring,---
*c1nc(*)c2cc3c(cc2n1)ncn3*,15,3,Ring,---
*C1=NS(=*)(=*)c2cc(*)cnc2N1,15,4,Ring,-==-
*c1ccc(*)c2c1c(*)cn2*,15,4,Ring,----
*c1oc2nccc(*)c2c1*,15,3,Ring,---
*C1=NC(=*)N(*)c2sc3c(c21)CCC(*)C3,15,4,Ring,-=--
*N1CC2(C1)CS(=*)(=*)C2,15,3,Ring,-==
*C1Cn2cccc2C(=*)N1*,15,3,Ring,-=-
*c1ccc2[nH]c3c(c2c1)CN(*)CCC3,15,2,Ring,--
*N1CCN2C(=*)C(=*)NN=C12,15,3,Ring,-==
*c1ccn2cc(*)[n+](*)c2c1,15,3,Ring,---
*N1CCC(*)(*)c2c(cnn2*)C1=*,15,5,Ring,----=
*C1=CCC(*)NC1,15,2,Ring,--
*C1Cc2c(ccc3c2OC(=*)C=C3)OC1(*)*,15,4,Ring,-=--
*C1OC2(*)CC(=*)C3CC2(*)C13*,15,5,Ring,--=--
*C1=NS(=*)(=*)Nc2nc(*)[nH]c21,15,4,Ring,-==-
*c1nc2n(n1)C(=*)CC(*)S2,15,3,Ring,-=-
*C1=C2c3cc(*)c(*)cc3CCN2C(=*)c2c1ccc(*)c2*,15,6,Ring,---=--
*N1CCC2(CC1)OCCc1c2[nH]c2ccccc12,15,1,Ring,-
*c1nc2cc3c(cc2[nH]1)C(*)(*)C(=*)N3,15,4,Ring,---=
*c1cc2cc3c(cc2nc1*)CCC3,15,2,Ring,--
*C1=CC=C(*)CC1,15,2,Ring,--
*c1cc2c(cc1*)C(=*)c1ccccc1O2,15,3,Ring,--=
*c1cc(*)c2cc(*)cc(*)c2c1,15,4,Ring,----
*c1ncc2c(n1)CCNCC2,15,1,Ring,-
*C1=NOC(=*)C1,15,2,Ring,-=
*C1C(=*)N2c3ccccc3Cc3cccc1c32,15,2,Ring,-=
*c1nc2cc(*)c3c(*)c(*)sc3n2n1,15,4,Ring,----
*c1cc(*)c2c(c1)C(=*)CC2*,15,4,Ring,--=-
*N1NC(=*)CC1=*,15,3,Ring,-==
*C1C2=C(CCCC2=*)NC2=C1C(=*)CCC2,15,3,Ring,-==
*N1C(=*)NC2(*)COCC2S1(=*)=*,15,5,Ring,-=-==
*C1NC(=*)NC2=C1C(=*)Oc1ccccc12,15,3,Ring,-==
*N1CCCC2(CCCNC2)C1,15,1,Ring,-
*C1=Cc2ccccc2C(=*)c2cc(*)ccc21,15,3,Ring,-=-
*c1ccc2c(c1*)COC2*,15,3,Ring,---
*C1CCC2(*)C1CCC1C2CCC2C(*)(*)C(*)CCC12*,15,6,Ring,------
*C1=CC(*)C2CC3C(*)C4C=CC1C2C43,15,3,Ring,---
*c1cc(*)c2c(c1)C(*)(*)CC2,15,4,Ring,----
*C1=NC(=*)C2=C(CC(*)(*)OC2)N1*,15,5,Ring,-=---
*c1cc2cnc(*)cc2cn1,15,2,Ring,--
*c1ccc2c(c1)C1(C(=*)N2)N(*)CC(*)C1(*)*,15,6,Ring,-=----
*C1=CC23CCC4C(*)(*)CCCC4(*)C2CC1C1C(=*)N(*)C(=*)C13,15,7,Ring,----=-=
*N1C=Nc2ccncc2C1=*,15,2,Ring,-=
*c1cc2c(*)c3c(nc2cn1)C1=CC2=C(COC(=*)C2(*)*)C(=*)N1C3,15,6,Ring,--=--=
*c1ccc2cc1Oc1ccc(cc1)CCc1ccc(*)c(*)c1-c1ccc(cc1*)CC2,15,4,Ring,----
*C1C2C3CC4C5CC(C42)C1(*)C53,15,2,Ring,--
*c1cc2ccncc2n1*,15,2,Ring,--
*c1cc2nc(*)c(*)c(*)c2c(*)c1*,15,6,Ring,------
*C1CS(=*)(=*)CN1*,15,4,Ring,-==-
*c1cccc2c1CCNC2*,15,2,Ring,--
*C1C[S+](*)CC(=*)NC(*)C(=*)NC(*)C(=*)NCC(=*)NC(*)C(=*)N1,15,10,Ring,--=-=-==-=
*C1=NC(*)CCS1,15,2,Ring,--
*c1ccnc2c1CCC1CNCCN21,15,1,Ring,-
*c1ccnc2nccn12,15,1,Ring,-
*C1=CC2C(*)C(*)CC2(*)C(*)C(*)C=CC(*)(*)C(=*)CC1*,15,10,Ring,--------=-
*C1=C(*)n2nccc2N(*)C1=*,15,4,Ring,---=
*c1ccn2ccnc2n1,15,1,Ring,-
*N1C(=*)CCC12C(=*)NC(=*)NC2=*,15,5,Ring,-====
*c1ccc2c(c1)c1c3c[n+](*)ccc3ccc1n2*,15,3,Ring,---
*C1=C(*)N2C(=*)C(*)C2[S+](*)C1,15,5,Ring,--=--
*c1ccc2c(c1)CN(*)C(=*)C2,15,3,Ring,--=
*C1=CC=CN2C(=*)NN=C12,15,2,Ring,-=
*C1=CN2CCSc3c(*)c(*)cc(c32)C1=*,15,4,Ring,---=
*c1cnc2c(c1)nnn2*,15,2,Ring,--
*c1ccc2c(c1*)OCC2*,15,3,Ring,---
*=C1c2ccccc2CSc2ccccc21,15,1,Ring,=
*N1C=CC2=C(C(=*)OC23CCCCC3)C1=*,15,3,Ring,-==
*c1cc2c([nH]c3c(*)cccc32)c(*)n1,15,3,Ring,---
*c1ccc2c(c1)C1(*)NC(C2)c2ccccc21,15,2,Ring,--
*c1ccc2c(c1)CN(*)C(=*)C(*)C2,15,4,Ring,--=-
*c1ccc2c(c1)c1c(n2*)C(*)CCC1,15,3,Ring,---
*c1c(*)c(=*)c2[nH]ncc2c1=*,15,4,Ring,--==
*C1=CC=C(*)C(*)C1*,15,4,Ring,----
*N1CCc2ccncc2C1,15,1,Ring,-
*N1C(=*)NC2(*)CC1c1ccccc1O2,15,3,Ring,-=-
*C1CCC2(*)CCCC(=*)C2C1*,15,4,Ring,--=-
*c1ccc2c(c1)NCC21C(*)NC(*)C1*,15,4,Ring,----
*=C1NS(=*)(=*)c2ccccc2C1=*,15,4,Ring,====
*C1=NC1(*)*,15,3,Ring,---
*n1cnc2c1NC(=*)NC2=*,15,3,Ring,-==
*c1ccc2nc3c(c(*)c2c1)CC(*)CC3,15,3,Ring,---
*N1C(=*)Nc2cscc2C1=*,15,3,Ring,-==
*c1ccc2c(c1)CN(*)C(=*)CCN2*,15,4,Ring,--=-
*C1CC2CCC3OC(=*)C(C1*)C23*,15,4,Ring,-=--
*c1ccc2c(c1)C(=*)c1cc(*)c(*)cc1O2,15,4,Ring,-=--
*C1=CC(=*)C=CC12C(=*)N(*)N=C2*,15,5,Ring,-==--
*C1CC2(*)OCCC(=*)COC(C(*)C(=*)OC(*)C3(*)OC(=*)NC3C(*)C1=*)C(*)C2*,15,12,Ring,--=-=--=-=--
*C1NCN(*)C1=*,15,3,Ring,--=
*c1cc2c(cn1)C(*)CN(*)C2,15,3,Ring,---
*C1=CN2C(=CC1=*)c1cc(*)c(*)cc1C1CCC(*)(*)N12,15,6,Ring,-=----
*C1=Cc2cc(*)c(*)cc2OC1,15,3,Ring,---
*C1CCCC(*)N(*)C1,15,3,Ring,---
*c1cc2c([nH]1)CCN(*)C2,15,2,Ring,--
*C1=CC2C(CCC3(*)C2CCC3(*)*)C2(*)CCC(=*)C=C12,15,6,Ring,-----=
*c1cc(=*)c2ncnc(*)c2c1=*,15,4,Ring,-=-=
*C1CCC2(*)C3CCC4(*)C(*)CCC4C3CC(*)(*)C2C1,15,6,Ring,------
*C1C=C2OC(=*)C(*)(*)C2(*)C2C(*)C3C4C(*)C(=*)C5CC6OC6C(*)C5(*)C4C(*)C(*)C3(*)C12,15,13,Ring,-=-----=-----
*N1CCC2(CCOCC2)CC1,15,1,Ring,-
*c1cccc2c1NC(=*)CO2,15,2,Ring,-=
*C1c2c(c(=*)c3ccccc3c2=*)OC1(*)*,15,5,Ring,-==--
*c1cc2c(cc1*)C1C(=*)c3cc4c(cc3C1N(*)C2=*)OCO4,15,5,Ring,--=-=
*c1cc(*)c2c(c1)C(*)c1cc(*)c(*)c(*)c1C2=*,15,7,Ring,------=
*[N+]1(*)CC1,15,2,Ring,--
*C1SC(*)C(=*)N(*)C1=*,15,5,Ring,--=-=
*C1c2cc3ccccc3nc2C2=Nc3ccccc3C(=*)N21,15,2,Ring,-=
*c1ccc2c(c1)C(*)C(*)CCC2,15,3,Ring,---
*C1=NNC(=*)c2c1c(*)nn2*,15,4,Ring,-=--
*C1CC2C(=*)CC3C4CCC(*)C4(*)CCC3C2(*)CC1*,15,6,Ring,-=----
*c1cc(*)c2oc3c(c2c1)CN(*)CC3,15,3,Ring,---
*N1CCc2c(sc3c2CC(*)(*)C3)C1=*,15,4,Ring,---=
*N1C=Nc2[nH]ncc2C1=*,15,2,Ring,-=
*c1cc2c(nnn2*)c(*)n1,15,3,Ring,---
*C1=CCC2C(=*)C(=*)OC2CC1*,15,4,Ring,-==-
*c1ccc2oc3c(c2c1*)CCCC3,15,2,Ring,--
*N1c2c(sc3ccccc23)C(=*)NS1(=*)=*,15,4,Ring,-===
*c1ccc2c(c1)c(*)cc(*)[n+]2*,15,4,Ring,----
*C1CCOC2(CCOC2)C1,15,1,Ring,-
*c1cccc2c1S(=*)(=*)C=C2,15,3,Ring,-==
*C1OCCc2sccc21,15,1,Ring,-
*C1=C(*)C(*)c2ccc(*)c(*)c2O1,15,5,Ring,-----
*C1C=CC(*)CC1,15,2,Ring,--
*C1=CCN(*)C=C1,15,2,Ring,--
*n1c(=*)c2cc3ccccc3nc2c1=*,15,3,Ring,-==
*c1cc(*)c2c(c1)Nc1ccccc1C2=*,15,3,Ring,--=
*C(=O)NNC(=O)CC(*)CC(=O)O,15,2,Linker,--
*C(O)CN(*)C,15,2,Linker,--
*COP(=O)(O)OP(=O)(O)OP(=O)(OC*)OC*,15,3,Linker,---
*C(=O)N(C)C(*)CC,15,2,Linker,--
*CN(CC(F)(F)F)S(=O)(=O)C*,15,2,Linker,--
*OCCC[P+](*)(*)*,15,4,Linker,----
*OCCCCOC(=O)CCC(=O)O*,15,2,Linker,--
*CC(NC(*)=O)C(=O)NC(CC(C)C)C(O)CC(C)C(=O)NCC(C)C,15,2,Linker,--
*CC(=O)NC(CN(C*)CC(=O)NC(CCSC)C(=O)O)C(C)CC,15,2,Linker,--
*CNCC(O)C(*)O,15,2,Linker,--
*CNC(=O)CCCCCCCCCCO*,15,2,Linker,--
*CC(C(=O)O)N(C*)S(*)(=O)=O,15,3,Linker,---
*CNNC(=O)N*,15,2,Linker,--
*C=C(S*)C(=O)O,15,2,Linker,--
*CS(=O)(=O)C=CS(*)(=O)=O,15,2,Linker,--
*C(C)NC(=O)C(=O)NN=*,15,2,Linker,-=
*C(*)(O)CCCN(C)C,15,2,Linker,--
*CC(NC(=O)C(CS)NC(*)=O)C(N)=O,15,2,Linker,--
*C=CC=C(C)C=C*,15,2,Linker,--
*C(=O)NCC=C(*)*,15,3,Linker,---
*N=NC(=O)CN(*)S(*)(=O)=O,15,3,Linker,---
*NC(=O)CN(*)OC,15,2,Linker,--
*NC(=O)C(*)NCC(*)C,15,3,Linker,---
*CON(*)C(*)=O,15,3,Linker,---
*CNC(=O)C(*)CCN,15,2,Linker,--
*CC(O)C(C*)NC(=O)C(*)NC(*)=O,15,4,Linker,----
*NC(=O)C(=O)NN=*,15,2,Linker,-=
*OC(*)CCCCCC(=O)CC,15,2,Linker,--
*CCNCC(O)C(C*)NC(*)=O,15,3,Linker,---
*CC(=O)CC(=O)N*,15,2,Linker,--
*CN(CCC(N)C(=O)O)S(*)(=O)=O,15,2,Linker,--
*CCCC(CCC*)OC(*)=O,15,3,Linker,---
*CC(N)C(=O)NC(C*)C(=O)NC(CC(C)C)C(=O)NC(CCCCN)C(*)=O,15,3,Linker,---
*C=C(C#N)C(=O)OCC(=O)N*,15,2,Linker,--
*N=NC(=O)N*,15,2,Linker,--
*COCC(N)C*,15,2,Linker,--
*CC(=N)NOC(=O)CO*,15,2,Linker,--
*CNCC(*)C(*)=O,15,3,Linker,---
*NC(=O)NCC(*)NC(*)=O,15,3,Linker,---
*COC(=O)N(C*)CC,15,2,Linker,--
*OCCCCCCNC(*)=O,15,2,Linker,--
*C(=O)NCC(=O)NC(*)CC(C)C,15,2,Linker,--
*CCCCC(=O)NC(CSC(*)CC=C(C)C)C(=O)OC,15,2,Linker,--
*CSCCC(C(=O)NO)N(CC(C)C)S(*)(=O)=O,15,2,Linker,--
*CCC(=O)NC(C(*)=O)C(C)C,15,2,Linker,--
*CCN=C(*)C,15,2,Linker,--
*CCN(*)S(=O)(=O)CC,15,2,Linker,--
*SCC(=O)N(*)C(C)C,15,2,Linker,--
*CC(O)C(CC(C)C)C(=O)NC(C(=O)NC(C(*)=O)C(C)C)C(C)CC,15,2,Linker,--
*CNC(*)CC(C)C,15,2,Linker,--
*CCCCCNC(=O)N*,15,2,Linker,--
*CN(CC)CCCCCC(*)=O,15,2,Linker,--
*CNCCCNCCCCCCCNCCCNC*,15,2,Linker,--
*CC(=O)N(*)C(*)C,15,3,Linker,---
*CN(CCCNC(*)=O)C(C)C,15,2,Linker,--
*CCCCN(C)CC*,15,2,Linker,--
*CCNC(=O)C(C*)NS(*)(=O)=O,15,3,Linker,---
*C(=O)NC(C)C(*)O,15,2,Linker,--
*NC(=O)CCC(NC(*)=O)C(=O)O,15,2,Linker,--
*NC(C(*)=O)C(C)C,15,2,Linker,--
*NCCCNC(=S)N*,15,2,Linker,--
*CCCCCCCCCCOC*,15,2,Linker,--
*CNC(=O)C(CCO)N(C)CCC=*,15,2,Linker,-=
*COC(=O)NC(C)C(=O)NCC(=O)NC(CCC(=O)O)C(=O)NC(CO)C(=O)NC(C*)C(=O)NC(C*)C(=O)NC(CCC(=O)O)C(N)=O,15,3,Linker,---
*CCN(CC*)CCCC,15,2,Linker,--
*C=CC(=O)NC(CC(*)=O)C(=O)N*,15,3,Linker,---
*C(=O)C(*)NC(=O)NC(C)(C)C,15,2,Linker,--
*CC(O*)C(=O)NC(*)C(=O)NC(C(=O)C(F)(F)C(=O)NCC(F)(F)F)C(C)C,15,3,Linker,---
*C(C)NC(=O)CN(*)S(C)(=O)=O,15,2,Linker,--
*CNCCC(*)=O,15,2,Linker,--
*OC(=O)N(*)S(*)(=O)=O,15,3,Linker,---
*NC(=O)C(*)N(*)C(=O)C#C,15,3,Linker,---
*CC(CC(=O)O)NC(=O)C(C)(C*)NC(=O)O*,15,3,Linker,---
*NC(=O)C(*)C(C)C(F)(F)F,15,2,Linker,--
*CC(=O)NN(C*)C(*)=O,15,3,Linker,---
*CCOCCNC(*)=O,15,2,Linker,--
*C(=O)CN(CCC)C(*)=O,15,2,Linker,--
*OCC(O)CN(C)CCC(*)O*,15,3,Linker,---
*CNC(=O)NCC(*)*,15,3,Linker,---
*COC(=O)C(C*)NC(=O)OC(C)(C)C,15,2,Linker,--
*C(=O)NN=C(*)CCC(=O)O,15,2,Linker,--
*CNC(=O)C(C*)NC(=O)C(CC(=O)NO)CC(C)C,15,2,Linker,--
*OCCCCCCCCCO*,15,2,Linker,--
*CC(C)NC(=O)N(C)C*,15,2,Linker,--
*C(CS(*)(=O)=O)S(*)(=O)=O,15,3,Linker,---
*CN(CC(N)=O)S(*)(=O)=O,15,2,Linker,--
*CS(=O)(=O)C(C)(C)C(N)C(*)=O,15,2,Linker,--
*CCCN(C*)CCC,15,2,Linker,--
*CSCCC(=O)N*,15,2,Linker,--
*CCN(CC=C(*)*)C(*)C,15,4,Linker,----
*CC(NC(*)=O)C(=O)NCC(=O)CF,15,2,Linker,--
*C(=O)N(CCCCCC)C(*)CC,15,2,Linker,--
*CN(C*)C(=O)C(C)(C)C,15,2,Linker,--
*CC(C)NC(=O)OC(C*)C(*)=O,15,3,Linker,---
*CCCNC(=O)C(=O)C(CC)NC(=O)C(CC(C)C)NC(=O)OC*,15,2,Linker,--
*NC(=O)NC(C)CC(*)O,15,2,Linker,--
*C=CC(=O)NC(CCCCCC(=O)NO)C(=O)N*,15,2,Linker,--
*COCC(NC(=O)C*)C(=O)N*,15,3,Linker,---
*CCC(=O)NCCS(*)(=O)=O,15,2,Linker,--
*CCNC(*)C(=O)NC*,15,3,Linker,---
*NC(=O)C(C#N)C(*)=O,15,2,Linker,--
*C=C(NC(*)=O)C(=O)NCC(=O)O,15,2,Linker,--
*CC(=O)N(*)CC(F)(F)F,15,2,Linker,--
*N(*)NC(=O)OC(C)(C)C,15,2,Linker,--
*CC(CNC(*)=O)N(C)C,15,2,Linker,--
*C=C(C)C=NN*,15,2,Linker,--
*C=NC(CO*)=NNC(*)=O,15,3,Linker,---
*CNC(=O)C(CCSC)NS(*)(=O)=O,15,2,Linker,--
*CC(*)=C(*)CC,15,3,Linker,---
*CCCCCCCCCCCO*,15,2,Linker,--
*OC(=O)C(*)CC,15,2,Linker,--
*CC#CC(=O)N*,15,2,Linker,--
*OCC(O)CS(*)(=O)=O,15,2,Linker,--
*COC(=O)NC(C*)C(=O)NC(C*)C(=O)NC(C*)C(N)=O,15,4,Linker,----
*CNC(C*)C(*)=O,15,3,Linker,---
*CCOC(=O)C(*)(*)O,15,3,Linker,---
*NC(=O)CCCC(=O)O*,15,2,Linker,--
*CC(C)COC(*)=O,15,2,Linker,--
*CNC(=O)CNC(=O)C(CO)NS(=O)(=O)C*,15,2,Linker,--
*CC(=O)N(C)C(*)*,15,3,Linker,---
*CCCC(=O)N(*)C,15,2,Linker,--
*CNC(=O)C(N)CCSC*,15,2,Linker,--
*CN(*)CCF,15,2,Linker,--
*COC(=O)C(*)(O)CC,15,2,Linker,--
*CCC(*)CNS(*)(=O)=O,15,3,Linker,---
*CCCCCCCCS*,15,2,Linker,--
*CC(CCC=C)O*,15,2,Linker,--
*CC(NC(C)=O)C(=O)NC(C*)C(=O)NCC(N)=O,15,2,Linker,--
*CNC(=O)CN(C)C(=O)C*,15,2,Linker,--
*C#CC(=O)O*,15,2,Linker,--
*NCCCN(*)C,15,2,Linker,--
*CCCCCCN(C)C*,15,2,Linker,--
*C(O)P(*)(=O)OCC,15,2,Linker,--
*NC(=O)C(C(=O)N*)C(*)CC(*)=O,15,4,Linker,----
*CCN(C)CCNC(*)=O,15,2,Linker,--
*CCOC(=O)CCC(=O)O*,15,2,Linker,--
*NCCCCCNS(*)(=O)=O,15,2,Linker,--
*COC(C)C(C#N)NC(=O)C(C*)NC(*)=O,15,3,Linker,---
*C(C)C=C(C)C=CC(=*)O,15,2,Linker,-=
*CNC(*)C(C)CC,15,2,Linker,--
*NC(NC(*)=O)(C(=O)OC)C(F)(F)F,15,2,Linker,--
*C(=O)CN(C)CC(*)=O,15,2,Linker,--
*CC(*)C(=O)NC(=O)NC,15,2,Linker,--
*NN=C(*)C(*)=O,15,3,Linker,---
*C(CC)C(=O)NCC=CC=C(C)C(OC)C(*)C,15,2,Linker,--
*CNCC(O)COC*,15,2,Linker,--
*CNC(=O)CCCNC(*)=O,15,2,Linker,--
*CC(=O)NC(CC(=O)O)C(=O)COC(*)=O,15,2,Linker,--
*C=CCCC(O)CC*,15,2,Linker,--
*NS(=O)(=O)CS*,15,2,Linker,--
*C=NNC(=N)NC*,15,2,Linker,--
*NCC(*)(C)N,15,2,Linker,--
*CCN(C)CC(O)CO*,15,2,Linker,--
*C(=O)NNC(=O)CCNS(*)(=O)=O,15,2,Linker,--
*CC(C)(C)NCC(O)COC(*)*,15,3,Linker,---
*C=CC(=O)OCC(=O)NC(=O)N*,15,2,Linker,--
*CCCC(=O)C(=O)NCC*,15,2,Linker,--
*CCN(*)C(=O)CO*,15,3,Linker,---
*C(=O)CCNC(CSSCC(NCCC(*)=O)C(=O)OC)C(=O)OC,15,2,Linker,--
*C(=O)CCNCCSSCCNCCC(*)=O,15,2,Linker,--
*COC(=O)NCCCCC(NC(*)=O)C(=O)O,15,2,Linker,--
*CC(CS)NC(*)=O,15,2,Linker,--
*C(=O)NCC(=O)OCC(=O)N(*)C,15,2,Linker,--
*CSCC(=O)C(CC(=O)O)NC(=O)C(NC(=O)C*)C(C)C,15,2,Linker,--
*CC(NC(=O)NC(*)C(*)=O)C(C)(C)C,15,3,Linker,---
*NC(=O)CS(=O)(=O)N*,15,2,Linker,--
*CN(C)C(=O)CC(*)*,15,3,Linker,---
*C=C(C#N)C(=O)NCCC*,15,2,Linker,--
*C(CN(*)S(C)(=O)=O)C(=O)NO,15,2,Linker,--
*NCCC(=O)OCC(=O)N*,15,2,Linker,--
*CC(C*)COC(*)=O,15,3,Linker,---
*CCC(=O)C(*)=O,15,2,Linker,--
*CCCCNC(=O)CO*,15,2,Linker,--
*CCC(C)=CC(*)O,15,2,Linker,--
*NC(=O)CN(C)C(=O)CCC(*)=O,15,2,Linker,--
*C(C)=NNC(=O)CN(*)S(*)(=O)=O,15,3,Linker,---
*CCC(*)OC,15,2,Linker,--
*CC(*)CC(*)=O,15,3,Linker,---
*C=C(S*)C(=O)OC,15,2,Linker,--
*CC(*)P(=O)(O)O,15,2,Linker,--
*C(=O)NC(*)NC(*)=O,15,3,Linker,---
*NC(=O)NCC(=O)O*,15,2,Linker,--
*CNCCCC(*)(C)O,15,2,Linker,--
*CN(C*)C(C)CC,15,2,Linker,--
*CC(=O)S*,15,2,Linker,--
*CN(C)C(S)=N*,15,2,Linker,--
*CCS(=O)(=O)CC*,15,2,Linker,--
*C(*)=NC,15,2,Linker,--
*NCCNCC(=O)N*,15,2,Linker,--
*COP(=O)(NC(C*)C(=O)OCC)O*,15,3,Linker,---
*CC(O)C(C*)NC(=O)C(CS(*)(=O)=O)NS(C)(=O)=O,15,3,Linker,---
*CC(CN(O)C=O)C(=O)NCNC(*)=O,15,2,Linker,--
*C[Se][Se]C*,15,2,Linker,--
*CN(*)C(=O)C=C,15,2,Linker,--
*OP(=O)(NC(C)C(=O)OC)O*,15,2,Linker,--
*C(*)=C(*)CCCl,15,3,Linker,---
*C(=O)CNC(=O)C(CC(C)C)NC(*)=O,15,2,Linker,--
*OC(=O)N(CC(=O)O)C(*)C,15,2,Linker,--
*CSCCCNC(=O)N*,15,2,Linker,--
*CCCSC(=N)NC*,15,2,Linker,--
*C(C)=CC=CC(C)C(*)O,15,2,Linker,--
*C(=O)C(C)NC(*)C(=O)O,15,2,Linker,--
*C=NN(*)CCO,15,2,Linker,--
*NC(=O)C(=O)NNC(=O)CO*,15,2,Linker,--
*CCCNC(=*)C,15,2,Linker,-=
*C(=O)CC(=O)C(*)=O,15,2,Linker,--
*C(*)(C)CCC(=O)O,15,2,Linker,--
*CCN(C*)C(=O)CS(C)(=O)=O,15,2,Linker,--
*OCCOCCNC(=O)O*,15,2,Linker,--
*CCC(C)=NOC(C)C*,15,2,Linker,--
*C(O)COC(=O)CCCCCCCCCCCCCCC,15,1,Sub,-
*S(=O)(=O)NCC(O)CO,15,1,Sub,-
*C=CC(OC)=C(C)C(=COC)C(=O)OC,15,1,Sub,-
*C(=O)NCC[N+](C)(C)C,15,1,Sub,-
*CNCCC(N)=O,15,1,Sub,-
*C(C)CCC(=O)OCC,15,1,Sub,-
*NCCCNC(=O)OC(C)(C)C,15,1,Sub,-
*CNS(=O)(=O)CCCC,15,1,Sub,-
*N(C)CCCl,15,1,Sub,-
*CCCCC(C)=O,15,1,Sub,-
*CC(CCC(C)(C)O)C(=C)C,15,1,Sub,-
*NCCCNCCCN,15,1,Sub,-
*N(C)CCN(CC)CC,15,1,Sub,-
*NS(=O)(=O)OCC(Cl)(Cl)Cl,15,1,Sub,-
*NC(N)=NCC,15,1,Sub,-
*NC(=O)COC(=O)C=CC,15,1,Sub,-
*C=CC=CC=CC,15,1,Sub,-
*CN=O,15,1,Sub,-
*CCCCNC(=S)NCCC(=O)O,15,1,Sub,-
*NC(=O)NCCCCCC(=O)NO,15,1,Sub,-
*SSCC,15,1,Sub,-
*OS(=O)(=O)NC,15,1,Sub,-
*COC(=O)C(N)CC(C)C,15,1,Sub,-
*C(O)(CC)C(=O)O,15,1,Sub,-
*S(=O)(=O)N(C)OC,15,1,Sub,-
*NCC(=O)NC(C)(C)C,15,1,Sub,-
*OC(C)CF,15,1,Sub,-
*NC(=NC(C)(C)CC)NC#N,15,1,Sub,-
*NC(=O)C(F)(F)Br,15,1,Sub,-
*C(C)=NNC(=O)CC#N,15,1,Sub,-
*C(=O)NC(CCC(=O)O)C(=O)N(CCCCC)CCCCC,15,1,Sub,-
*C=CS(N)(=O)=O,15,1,Sub,-
*CC(NC(=O)C(NC(=O)C(N)CS)C(C)C)C(=O)OC,15,1,Sub,-
*CSCCOC(C)=O,15,1,Sub,-
*CCOC(=O)NC,15,1,Sub,-
*C(=O)S,15,1,Sub,-
*C(=C)COC,15,1,Sub,-
*C(=O)OCC(Cl)(Cl)Cl,15,1,Sub,-
*OC(=O)NCCO,15,1,Sub,-
*CCCNCCCN,15,1,Sub,-
*C=CCCC(C)C,15,1,Sub,-
*NC(=O)CNC(=O)C(C)(C)C,15,1,Sub,-
*C(=O)CSC#N,15,1,Sub,-
*C=CC(O)=CC(C)=O,15,1,Sub,-
*C(C)(C)C(=O)N(C)C,15,1,Sub,-
*CN(O)C(C)=O,15,1,Sub,-
*CNNC(C)=O,15,1,Sub,-
*C(O)C(O)C=CCC,15,1,Sub,-
*CCOCCOCCOC,15,1,Sub,-
*CC(=O)N(C)CC(F)(F)F,15,1,Sub,-
*C=CC(=O)NCCC,15,1,Sub,-
*NCCCCC(=O)NO,15,1,Sub,-
*NCC[N+](C)(C)[O-],15,1,Sub,-
*C#CC[N+](C)(C)C,15,1,Sub,-
*C=C(C)C=C(C)C(=O)OCC,15,1,Sub,-
*C(=O)N(C)CCC(=O)O,15,1,Sub,-
*C#CCCN(O)C(N)=O,15,1,Sub,-
*CC(C)SCC,15,1,Sub,-
*OC(=O)CC(=O)OC,15,1,Sub,-
*C=CC=CCCC,15,1,Sub,-
*C=C(C(C)=O)C(=O)OCC,15,1,Sub,-
*CNC(=O)C(N)CO,15,1,Sub,-
*N(OC)C(=O)OC,15,1,Sub,-
*C(N)CC(=O)OCC,15,1,Sub,-
*CCNC(=O)CCC(=O)O,15,1,Sub,-
*CCN(CCO)CCO,15,1,Sub,-
*NS(=O)(=O)N(CC)CC,15,1,Sub,-
*CNC(=O)N(C)N=O,15,1,Sub,-
*NC(=O)NC(C)(C)CO,15,1,Sub,-
*CC(=O)OCC(F)(F)F,15,1,Sub,-
*OC(=O)C(=CCO)CO,15,1,Sub,-
*C#CC(C)(C)N,15,1,Sub,-
*OCCCCCCN(C)C,15,1,Sub,-
*CNS(=O)(=O)N(CC)CC,15,1,Sub,-
*CC(=O)NCCCN,15,1,Sub,-
*C(=O)OCCCF,15,1,Sub,-
*CC(CO)OC,15,1,Sub,-
*CC(C)C(F)(F)F,15,1,Sub,-
*CC=CC(=O)O,15,1,Sub,-
*C(C#N)=NO,15,1,Sub,-
*C(=O)N(C)CC(C)O,15,1,Sub,-
*NCCCNCCO,15,1,Sub,-
*CN(CCOC)C(C)C,15,1,Sub,-
*OC(=O)CCCCCCCCCC,15,1,Sub,-
*CC(CCCC)C(=O)O,15,1,Sub,-
*C(=O)NCC(=O)N(CC)CC,15,1,Sub,-
*C=C(C#N)C(=O)NCCCOC,15,1,Sub,-
*NC(=O)SCCC(=O)O,15,1,Sub,-
*CC(N)P(=O)(O)O,15,1,Sub,-
*CNC(=O)C(C)(C)O,15,1,Sub,-
*=NC(=O)CC,15,1,Sub,=
*C(=O)C(CCCC)C(F)C(=O)NO,15,1,Sub,-
*=C(C)CC,15,1,Sub,=
*C(=O)NC(C(=O)NC(C)C(N)=O)C(C)CC,15,1,Sub,-
*C(=C)OCC,15,1,Sub,-
*NC(=O)CCC(=O)NO,15,1,Sub,-
*C(=S)SCCCC,15,1,Sub,-
*CCCN(CCO)CCO,15,1,Sub,-
*C(=O)NNC(=O)OC,15,1,Sub,-
*CCCOP(=O)(O)O,15,1,Sub,-
*=NCCCCC,15,1,Sub,=
*C(O)CC=C(C)C,15,1,Sub,-
*OCC=C(C)CCC(=O)O,15,1,Sub,-
*CCCNC(=O)C(C)(C)C,15,1,Sub,-
*SCCC(F)=C(F)F,15,1,Sub,-
*C=C(CC)C(=O)O,15,1,Sub,-
*S(=O)(=O)CC#N,15,1,Sub,-
*C(F)(F)P(=O)(OCOC(=O)C(C)(C)C)OCOC(=O)C(C)(C)C,15,1,Sub,-
*NN=C(N)S,15,1,Sub,-
*OCCC(C)CCCC(C)C,15,1,Sub,-
*C=CCCC=CC=C(C)CCC(CC=C)OC,15,1,Sub,-
*OCC(N)CC,15,1,Sub,-
*C(=O)OCCOC(C)C,15,1,Sub,-
*C=CC=CC(=O)OCC,15,1,Sub,-
*C(=O)OC(C)C(=O)NC(=O)NCC,15,1,Sub,-
*C=CC(C)=CC(=O)OC,15,1,Sub,-
*CC([2H])([2H])C(=O)O,15,1,Sub,-
*CC(CCCCCCCCCCC)OC(=O)C(CC(C)C)NC=O,15,1,Sub,-
*C(C)NC(=O)CCC,15,1,Sub,-
*C(=O)C(C)=CCC,15,1,Sub,-
*CCC(=O)NS(=O)(=O)CCCCC,15,1,Sub,-
*CCC(=O)CC(C)=O,15,1,Sub,-
*OCC(C)(C)CO,15,1,Sub,-
*C[N+](C)(C)CCCCCCCCCC,15,1,Sub,-
*CCCCCC(O)CC(O)(CC(=O)O)C(=O)O,15,1,Sub,-
*NN=C(C)CCC,15,1,Sub,-
*CCNCC(=O)N(C)C,15,1,Sub,-
*C(=O)NNC(S)=NCC(C)C,15,1,Sub,-
*C(CO)C(=O)O,15,1,Sub,-
*OC(=O)N(C(C)C)C(C)C,15,1,Sub,-
*NC(=O)CCNS(C)(=O)=O,15,1,Sub,-
*CN(CCC)CCO,15,1,Sub,-
*NC(C)CCO,15,1,Sub,-
*[N+](C)(C)CC=C,15,1,Sub,-
*C(=O)NC(C)C(=O)NCC,15,1,Sub,-
*C(=O)N(C)CC(=O)OC,15,1,Sub,-
*CCCNC(=N)CCl,15,1,Sub,-
*S(=O)(=O)NCCC#N,15,1,Sub,-
*CNC(CC)CC,15,1,Sub,-
*C#CCCCC(=O)O,15,1,Sub,-
*CN(C)C(=O)CN(C)C,15,1,Sub,-
*N=NO,15,1,Sub,-
*C(C)C(=O)NCCOC,15,1,Sub,-
*NC(=O)CNCCO,15,1,Sub,-
*CCNCCOC,15,1,Sub,-
*C(=O)CNS(C)(=O)=O,15,1,Sub,-
*C(=O)C=C(O)C(F)(F)C(F)(F)F,15,1,Sub,-
*NC(C(=O)O)C(C)O,15,1,Sub,-
*CC(=O)NCC(NC(=O)OCCCC)C(=O)O,15,1,Sub,-
*C(=O)NC(CC)COC,15,1,Sub,-
*CCCCC(C)(C)O,15,1,Sub,-
*CN(CCO)C(C)C,15,1,Sub,-
*C(=O)NCCCSCCCC,15,1,Sub,-
*=CNCCCC,15,1,Sub,=
*CSCCCCCC,15,1,Sub,-
*CCC#CCN(CC)CC,15,1,Sub,-
*CCCCOCC,15,1,Sub,-
*CC=C(C)CCCC(C)(C)O,15,1,Sub,-
*N(C)C(=O)CCC,15,1,Sub,-
*C(=O)N=S(C)(=O)CCCCC(=O)OC,15,1,Sub,-
*OP(=O)(OCCCC)OCCCC,15,1,Sub,-
*C(CC(C)C)C(=O)NC(CCSC)C(N)=O,15,1,Sub,-
*C(C#N)=NOC,15,1,Sub,-
*CC(C)(C(=O)NO)S(C)(=O)=O,15,1,Sub,-
*CC(=O)N(C)O,15,1,Sub,-
*NCC(=O)NCC,15,1,Sub,-
*NC(=O)C(CC(C)C)NC,15,1,Sub,-
*OC(=S)S,15,1,Sub,-
*CCCC(C)O,15,1,Sub,-
*C(=O)NC(C)C(=O)N(C)C,15,1,Sub,-
*C(=O)NCC(O)CC,15,1,Sub,-
*NC(=O)C(=O)OCCOCC,15,1,Sub,-
*CC#CCO,15,1,Sub,-
*CCP(=O)(O)CC(O)CC(=O)O,15,1,Sub,-
*C(=O)NC(C)(C)C#N,15,1,Sub,-
*OCO,15,1,Sub,-
*NC(=O)CP(=O)(OCC)OCC,15,1,Sub,-
*SCCCSCC(=O)O,15,1,Sub,-
*CC(=O)NC(C)(C#N)C(C)C,15,1,Sub,-
*=NC(=O)C(C)C,15,1,Sub,=
*NC(=O)N(C)CCOC,15,1,Sub,-
*NNC(=O)CCC(N)C(=O)O,15,1,Sub,-
*NC(N)=NO,15,1,Sub,-
*OCC(=O)C(CC(=O)O)NC(=O)OCC=C,15,1,Sub,-
*OCC(=O)NC(C)C(C)C,15,1,Sub,-
*N(C)C(C)(C)C,15,1,Sub,-
*N=S,15,1,Sub,-
*OCC(O)CN(CCO)CCO,15,1,Sub,-
*OCCOCCOCCN=[N+]=[N-],15,1,Sub,-
*C(CC)OC,15,1,Sub,-
*COP(B)(=O)OP(=O)(O)C(F)(F)P(=O)(O)O,15,1,Sub,-
*OC(=O)C(C)C(C)O,15,1,Sub,-
*CC(=O)OCC(C)C,15,1,Sub,-
*CCC=CC,15,1,Sub,-
*C1c2nccn2CCCN1*,14,2,Ring,--
*C1=Nc2cc(*)ccc2Oc2ncccc21,14,2,Ring,--
*C1OC(*)c2c1ccc1c2OCO1,14,2,Ring,--
*C1CCN(*)CCO1,14,2,Ring,--
*N1CCC(*)(*)C(=*)C1,14,4,Ring,---=
*c1ccc2c(c1)C(=*)NC1(CCN(*)CC1)O2,14,3,Ring,-=-
*C1C(=*)N2c3ccccc3C(*)(*)C2N1*,14,5,Ring,-=---
*c1cc(*)c2c(n1)NC(=*)NC2=*,14,4,Ring,--==
*c1ccc2c[n+](*)c3ccc(*)cc3c2c1,14,3,Ring,---
*C1CN(*)S(=*)(=*)N(*)C1,14,5,Ring,--==-
*N1CCOC2(C1)CC(*)(*)Oc1ccccc12,14,3,Ring,---
*C1C2COc3ccccc3C2=NN1*,14,2,Ring,--
*c1ccc2c(c1)C(*)C(*)S2,14,3,Ring,---
*C1=C(*)c2c(*)nn(*)c2N(*)C1=*,14,6,Ring,-----=
*C1CCCCNC(=*)CC(*)C(=*)NC(*)C(=*)NC(*)C(=*)NC(*)C(=*)NC(*)C(=*)N1,14,12,Ring,-=-=-=-=-=-=
*C1=Cc2cc(*)ccc2CC1=*,14,3,Ring,--=
*c1ccc2[nH]c3c(c2c1)CCCCCC3,14,1,Ring,-
*C1=Nc2c(n(*)c3ccc(*)cc23)C(=*)N1*,14,5,Ring,---=-
*N1C(=*)c2ccccc2Nc2ccccc21,14,2,Ring,-=
*c1c2cnccc2c(*)c2c1c1ccccc1n2*,14,3,Ring,---
*C1=CC(=*)n2ncnc2N1,14,2,Ring,-=
*N1CCOCCOCCOCCOCCOCC1,14,1,Ring,-
*c1cc2cc(*)c(*)c(*)c2s1,14,4,Ring,----
*N1c2ccccc2N=c2c1cc(=*)c1ccccc21,14,2,Ring,-=
*N1CC2CCC(C1)C(=*)N2,14,2,Ring,-=
*c1cc2nc(*)[nH]c(*)c-2n1,14,3,Ring,---
*N1CCC2CC2(*)C1,14,2,Ring,--
*N1Cc2ccccc2N(*)C1=*,14,3,Ring,--=
*c1cc2c(*)c(*)c(=*)c(=*)c2cc1*,14,6,Ring,---==-
*c1ccc2nc3c(*)c(*)cc(*)c3nc2c1,14,4,Ring,----
*C1CC(=*)OC(*)CC2CC(=*)C(*)C(*)(O2)C(*)(*)C=CC2CC(=*)CC(CC3(*)OC(C1)CC(*)C3(*)*)O2,14,13,Ring,-=-=----=----
*c1nc(*)n2c1-c1[nH]c3ccccc3c1CC2,14,2,Ring,--
*C1=C2C(*)CC3(*)CCC(*)C(=*)C3C(*)C(CC1)C2(*)*,14,8,Ring,----=---
*c1cn2c3c(cccc13)C(=*)NCC2,14,2,Ring,-=
*N1CCC2(CC1)CN(*)CCCN2*,14,3,Ring,---
*c1ccc2c3c(nn2c1)CCC(*)(*)C3,14,3,Ring,---
*c1nncn2c1cc1occc12,14,1,Ring,-
*C1CCC2=Cc3c(cnn3*)CC21*,14,3,Ring,---
*c1cc2c(c3c1C(=*)c1ccccc1N3*)CC(*)O2,14,4,Ring,-=--
*N1C(=*)C2CN(*)C3(C(=*)c4ccccc4C3=*)C2C1=*,14,6,Ring,-=-===
*c1ccc2c(c1)OCC1(*)CN(*)CC21,14,3,Ring,---
*C1CC2CCC(C1)O2,14,1,Ring,-
*C1CCC(*)(*)CO1,14,3,Ring,---
*C1OCC2=CCC3C4(*)CCC5C(*)(*)CCCC5(*)C4CC(*)C3(*)C21,14,7,Ring,-------
*C1NC2(CCCC2)C(=*)N1*,14,3,Ring,-=-
*C1C(*)C2C1CN(*)C2*,14,4,Ring,----
*C1=C(*)c2cccn2-c2cc(*)ccc2S1,14,3,Ring,---
*c1ccc2c(c1*)C(=*)CC(*)O2,14,4,Ring,--=-
*N1CCC2(CNC2)C1,14,1,Ring,-
*C1=C2C(*)C(*)C3(*)C(*)CC4OCC4(*)C3C(*)C2(*)CC1*,14,9,Ring,---------
*C1CCN2C(=*)c3ccccc3N=C12,14,2,Ring,-=
*c1ccc2c(c1)OCc1c-2nc2ccc(*)cc2c1*,14,3,Ring,---
*c1ccc2c(c1)OC(*)(*)C=C2,14,3,Ring,---
*c1cc(=*)c2c(cc(*)n2*)c1=*,14,5,Ring,-=--=
*N1CCCC2(*)CCC1C2,14,2,Ring,--
*c1ccc2ncc3c(c2n1)N(*)C(=*)N(*)C3,14,4,Ring,--=-
*c1cc2c(cn1)-c1nc(*)cn1CCO2,14,2,Ring,--
*N1C(=*)c2c(nc3ccccn23)N(*)C1=*,14,4,Ring,-=-=
*c1ccc2nc(*)nn2n1,14,2,Ring,--
*c1cc2c(cn1)C1(CCN(*)CC1)OC2,14,2,Ring,--
*c1cccc2c1ccc[n+]2*,14,2,Ring,--
*C1CC2=CCC3(*)C(CC(*)C4(*)C3C=CC35CC34CCC5*)C2(*)CO1,14,6,Ring,------
*C1=NC(=*)C(*)=N1,14,3,Ring,-=-
*C1=CCC2(*)C(*)CCC2C1,14,3,Ring,---
*C1CC2(*)C(=*)C(*)(*)C3C4C(CC(*)C3(*)C(*)C2C1*)C4(*)*,14,11,Ring,--=--------
*c1ccc2c(c1)nc(*)c1cncn12,14,2,Ring,--
*c1ccc(*)c2c1CC(*)C(*)C2,14,4,Ring,----
*C1=C2C(=CC(*)(*)C2*)C(=*)C(*)(*)C12CC2,14,7,Ring,----=--
*C1=Nc2ccc(*)nc2C(=*)N1*,14,4,Ring,--=-
*N1CCNC(=*)C12CCCC2,14,2,Ring,-=
*c1cccc2c1C1(SCC3CC(=*)N(*)CC3C1*)C(=*)N2,14,5,Ring,-=--=
*N1C(=*)C2(CC2)c2ccccc21,14,2,Ring,-=
*c1c[nH]c2c1ccc1ccccc12,14,1,Ring,-
*C1C=Cc2ccccc2C1*,14,2,Ring,--
*c1nc2c(s1)CSc1ccccc1-2,14,1,Ring,-
*C1=C(*)c2ccccc2CC1=*,14,3,Ring,--=
*C1CC2(*)CC(*)C1CN(*)C2,14,4,Ring,----
*c1cc2nnnc(*)c2[se]1,14,2,Ring,--
*c1cc2c3ccccc3n(*)c2s1,14,2,Ring,--
*N1C2Cc3ccccc3C1CNC2=*,14,2,Ring,-=
*C1=CC(=*)c2ccc(*)c(*)c2N1,14,4,Ring,-=--
*C1=Cc2[nH]nc(*)c2C(=*)N1,14,3,Ring,--=
*C1CN(*)c2ccccc2N(*)C1,14,3,Ring,---
*C1OC(*)C(*)C(*)O1,14,4,Ring,----
*C1=NC(*)(*)c2ccccc2CN1*,14,4,Ring,----
*c1nc(*)c2c(n1)CC(*)NC2=*,14,4,Ring,---=
*C1C2CS(=*)(=*)CC12,14,3,Ring,-==
*c1cccc2c1OC(=*)N(*)C2=*,14,4,Ring,-=-=
*C1CC2CC(*)OC2O1,14,2,Ring,--
*=C1Cc2cc3c(cc2C1=*)OCO3,14,2,Ring,==
*C1=CN(*)c2ccsc2C1=*,14,3,Ring,--=
*C1=CSC2=NC3=C(CSc4ccccc43)C(*)N12,14,2,Ring,--
*C1CCCC(*)CN(*)C(=*)C1,14,4,Ring,---=
*C1CC2CC(*)CC2(*)C1,14,3,Ring,---
*C1=CS(=*)(=*)Nc2ccc(*)cc21,14,4,Ring,-==-
*c1cc2c([nH]1)C1(CCN(*)CC1)CNC2=*,14,3,Ring,--=
*C1Oc2ccccc2C(=*)C1(*)*,14,4,Ring,-=--
*c1nc2cccnc2c2c1Cc1ccccc1-2,14,1,Ring,-
*c1nn2c(c1*)COCC2,14,2,Ring,--
*c1noc2c1CNCC2,14,1,Ring,-
*C1N(*)C(=*)CC1(*)*,14,5,Ring,--=--
*c1ccc2cc3c(nc2c1)C1=CC2=C(COC(=*)C2(*)*)C(=*)N1C3,14,5,Ring,-=--=
*C1=CN2CC(*)Oc3ccc(*)c(c32)C1=*,14,4,Ring,---=
*C1CC2CC1C1CCCCN1C2=*,14,2,Ring,-=
*c1cc(=*)c2c3c(nc(*)c2c1=*)N(*)C(=*)N(*)C3=*,14,8,Ring,-=-=-=-=
*c1nc2c(n1*)NC(=*)N(*)C2=*,14,5,Ring,--=-=
*C1CC2CC1c1ccccc12,14,1,Ring,-
*N1CC2OCCOC2C1,14,1,Ring,-
*c1cc(*)c2c(c1)C(*)(*)CN2,14,4,Ring,----
*c1cccc2c1CN(*)C(=*)N2,14,3,Ring,--=
*c1ccc2c(c1)N(*)C(*)(*)NC2=*,14,5,Ring,----=
*c1ccc2c(c1)NC=CC2=*,14,2,Ring,-=
*C1=Cc2ccccc2C2=NCCCN12,14,1,Ring,-
*c1ccc2c(c1)CC(*)C(=*)N(*)C2,14,4,Ring,--=-
*C12CC3CC(CC(C1)c1ccccc13)O2,14,1,Ring,-
*C1CN(*)C(*)CC1=*,14,4,Ring,---=
*c1ccc2c(c1*)C[N+]1(*)CCc3cc4c(cc3C1C2)OCO4,14,3,Ring,---
*c1ccc2c(n1)CCN2*,14,2,Ring,--
*c1cc2c(cc1*)C1CCC3(*)CCCC3C1CC2,14,3,Ring,---
*N1C(=*)NC(=*)c2[nH]cnc21,14,3,Ring,-==
*c1ccc2c(c1*)OC(*)(*)C2,14,4,Ring,----
*C1CS(=*)(=*)C(*)S(=*)(=*)C1,14,6,Ring,-==-==
*C1CCCc2ccccc2C1,14,1,Ring,-
*C1C2C3CCC(C3)C12,14,1,Ring,-
*c1ccc2c(c1)C(=*)c1cc(*)cc(*)c1O2,14,4,Ring,-=--
*C1=C(*)C(=*)N2Cc3cc4ccccc4nc3C2=C1,14,3,Ring,--=
*c1nc2c(=*)c(*)cc(=*)c2[nH]1,14,4,Ring,-=-=
*C1CCC[N+]2(*)CCCCC12,14,2,Ring,--
*C1(*)c2ccccc2CSc2ccccc21,14,2,Ring,--
*c1ccc(*)c2c1OCC1C3CC(*)S(=*)(=*)NC3CCC21*,14,6,Ring,---==-
*C1=C(*)C(*)c2ccc(*)cc2N1,14,4,Ring,----
*C1(*)C=C2CCC3C(*)(*)CCCC3(*)C2CC1,14,5,Ring,-----
*c1nccc2c1c(*)c1n2CCC1*,14,3,Ring,---
*N1C(=*)NC2CCCCCC21,14,2,Ring,-=
*C1=NOC2CC(*)(*)CC12,14,3,Ring,---
*c1cc2c3ccccc3n(*)c2nn1,14,2,Ring,--
*c1nc(*)c2c(n1)C=CNC2=*,14,3,Ring,--=
*c1ccc2c(c1)C(*)CCCO2,14,2,Ring,--
*c1ccc2c(c1)C1NCCC1C(*)N2,14,2,Ring,--
*C1CC23CCC(*)C(*)(C(*)CC(*)C2*)C3(*)C1=*,14,8,Ring,-------=
*c1cc(*)c2cccn2n1,14,2,Ring,--
*C1=C(*)C(=*)N2C(=N1)Sc1cc(*)ccc12,14,4,Ring,--=-
*c1cc2c(c(*)c1*)C(=*)CC(*)(*)O2,14,6,Ring,---=--
*c1ccc2c(c1)C(=*)NC(=*)C2,14,3,Ring,-==
*C1=CC(*)C2OC2C1=*,14,3,Ring,--=
*c1cc2c(cc1*)C1c3cccc(*)c3N(*)CC1C2,14,4,Ring,----
*C1OC2(*)CC(*)(*)OC1(*)C2*,14,6,Ring,------
*C1=NC(=*)N=C(*)C1*,14,4,Ring,-=--
*N1CCC2NCCCC2(*)C1,14,2,Ring,--
*c1cc(*)c2c(c1)CCNC2=*,14,3,Ring,--=
*=C1OC(=*)N2CCCC12,14,2,Ring,==
*c1cc2c(cc1*)CC1(C2)C(=*)N(*)C(=*)N1*,14,6,Ring,--=-=-
*c1ccc2c(c1)[nH]c1cc(*)c(*)cc12,14,3,Ring,---
*c1cn(*)c2c(=*)c3cnccc3c(=*)c12,14,4,Ring,--==
*C1=C(*)C(=*)N(*)NC1=*,14,5,Ring,--=-=
*c1nc2n(n1)CCCN2,14,1,Ring,-
*N1CCOC2CNCC21,14,1,Ring,-
*C1CCC(=*)C(=*)C1=*,14,4,Ring,-===
*C1CCC2(*)C(CCC3C(=*)C(*)(*)CCC32)C1,14,5,Ring,--=--
*C1=CCC(=*)OC(*)CC=CC=CC(*)C(*)CC2CC(*)OC12,14,6,Ring,-=----
*c1snc2c1NC(=*)N(*)C2=*,14,4,Ring,-=-=
*C1C[Se]C(*)O1,14,2,Ring,--
*c1ccc2c(c1)CN1C(=N2)NC(=*)C1*,14,3,Ring,-=-
*c1nc2oc3c(*)ncnc3c2c2c1CCCC2,14,2,Ring,--
*C1=NC(=*)c2ccccc2S1,14,2,Ring,-=
*c1nc2ccccc2c2c(=*)n(*)c(=*)c12,14,4,Ring,-=-=
*C1=C(*)C(*)N2C(=*)CSC2=N1,14,4,Ring,---=
*C1=NC(*)=C(*)C2=NCCN12,14,3,Ring,---
*C1CCC2(*)C(CC(=*)C3C4CCC(*)C4(*)CCC32)C1,14,5,Ring,--=--
*N1C(=*)CC2(CCCCC2)C1=*,14,3,Ring,-==
*c1ccc2c(c1)C1(C(=*)N2)C(*)CC(*)N1*,14,5,Ring,-=---
*=c1ccc(=*)c2ccccc12,14,2,Ring,==
*c1ccc2c(c1)C(=*)CCN2*,14,3,Ring,-=-
*c1c(*)c2c(c3c1CC1C(*)COC1(*)O3)CC1C(*)COC1(*)O2,14,6,Ring,------
*c1ccc2[nH]c3c(c2c1)CC(*)NC31CCN(*)CC1,14,3,Ring,---
*N1C(=*)C2=C(NC(=*)C2(*)*)N(*)C1=*,14,7,Ring,-==---=
*B1OCc2c(*)cccc21,14,2,Ring,--
*c1nc(*)c2c(ccc3[nH]ccc32)n1,14,2,Ring,--
*c1n(*)c2nc3ccccc3nc2[n+]1*,14,3,Ring,---
*c1ccc2nc3c(c(*)c2c1)c1ccccc1n3*,14,3,Ring,---
*C1CCc2nc3c(cc2C1)C(=*)N(*)C=N3,14,3,Ring,-=-
*c1ccc2c(c1)C1(C(=*)N2*)C(*)C(*)C2CSCN21,14,5,Ring,-=---
*c1ccc2c(n1)C(=*)N(*)CO2,14,3,Ring,-=-
*c1cc2oc3c(*)c(*)cc(*)c3c2cc1*,14,5,Ring,-----
*c1ccc(*)c2c1CC(*)CC2=*,14,4,Ring,---=
*c1ccc2c(c1)-c1c(cnn1*)CC2(*)*,14,4,Ring,----
*C1CNC(=*)CCC(=*)NC(*)C(=*)NC(*)C(=*)N1,14,7,Ring,-==-=-=
*c1nc(*)c2c(n1)-c1ccccc1C2,14,2,Ring,--
*C1=CC(=*)C(*)CC1,14,3,Ring,-=-
*C1CNC(*)C(*)C(*)C1*,14,5,Ring,-----
*c1nc2sccc2n2cccc12,14,1,Ring,-
*c1noc2c1CCNCC2,14,1,Ring,-
*c1ccn2cnnc2c1,14,1,Ring,-
*c1cc2c(*)noc2cn1,14,2,Ring,--
*C1CCC2(CC1)CN(*)Cc1ccccc1O2,14,2,Ring,--
*N1CCCN2C(=*)C=C3NN(*)C(=*)C3=C2C1,14,4,Ring,-=-=
*c1ccc2c(*)c(*)nnc2c1*,14,4,Ring,----
*C1=NC(*)(*)NN1*,14,4,Ring,----
*c1csc2c1-c1c(c(*)nn1*)C2,14,3,Ring,---
*C1NC(=*)CCNC(=*)C(*)NC(=*)C(*)NC(=*)C(*)NC(=*)C(*)NC1=*,14,11,Ring,-==-=-=-=-=
*c1ncnc2cc3c(cc12)OCCOCCOCCO3,14,1,Ring,-
*C1(*)CC12CCCC2,14,2,Ring,--
*N1C(=*)CC2(CCCc3ccccc32)C1=*,14,3,Ring,-==
*C1Cc2cccnc2N1*,14,2,Ring,--
*N1CCC2(CC1)CSc1ccccc12,14,1,Ring,-
*C1C(=*)CC(*)(*)C(*)C1=*,14,6,Ring,-=---=
*N1CCC2(CC1)Nc1ccccc1NC2=*,14,2,Ring,-=
*C1(*)SC(=*)c2ccccc21,14,3,Ring,--=
*C1=CC(=*)N(*)[S+]1*,14,4,Ring,-=--
*C1=NN=Cc2cc3cccc(*)c3nc2S1,14,2,Ring,--
*C1NC(=*)CNC(=*)C(*)NC(=*)C(*)NC(=*)C(*)NC(=*)C(*)NC(=*)C(*)NC(=*)C(*)NC1=*,14,15,Ring,-==-=-=-=-=-=-=
*c1ccc2c(c1)CCCNC2=*,14,2,Ring,-=
*C1=CC2(C=CC3C(*)=COC(*)C32)OC1=*,14,4,Ring,---=
*C1=C(*)C(=*)c2c(cc3c(c2*)C=CC(*)(*)O3)O1,14,6,Ring,--=---
*C1COCC(=*)N1,14,2,Ring,-=
*C1C2CSCN2C2(C(=*)Nc3ccccc32)C12CCCC(=*)C2=*,14,4,Ring,-===
*c1ccc2cnc(*)n2c1,14,2,Ring,--
*c1nc2c(*)c(*)c(*)c(*)n2n1,14,5,Ring,-----
*C1Oc2ccccc2C2=NN(*)C(*)C21,14,3,Ring,---
*C1CC2(*)C(CCC2(*)*)C2CCC3=CC(=*)C=CC3(*)C12*,14,7,Ring,----=--
*C1CCc2ncccc2C(=*)OCC2(*)OC34C(*)C2C(*)C(*)C3(*)C(*)C(*)C(OC1=*)C4(*)*,14,12,Ring,-=-------=--
*C1=CC2c3cccc4[nH]c(*)c(c34)CC2N(*)C1,14,3,Ring,---
*c1cc2c(cc1*)C1CNCC1C2*,14,3,Ring,---
*c1ccc2c3c1OC1(*)c4[nH]c5ccccc5c4CC4(*)C(C2)N(*)CCC314,14,4,Ring,----
*c1ccc2c3c1OC1C(=*)C(*)(*)CC4C(C2)N(*)CCC314,14,5,Ring,-=---
*C1c2cc3c(cc2CCN1*)OCCO3,14,2,Ring,--
*c1cnn2c(*)cnc2n1,14,2,Ring,--
*c1cc2c(cc1*)C1=CC(=*)N(*)C(=*)N1CC2,14,5,Ring,--=-=
*c1cc(*)c2c(c1*)OC(*)CC2,14,4,Ring,----
*c1[nH]c(*)c2c1CCCC2=*,14,3,Ring,--=
*C1=NC2(*)C(=*)N(*)Cc3ccccc3C2O1,14,4,Ring,--=-
*N1C(=*)CSC12CCCCC2,14,2,Ring,-=
*c1ccc2c(c1)nc(*)c1nnc(*)n12,14,3,Ring,---
*N1CC23COCC2(C1)CN(*)C3,14,2,Ring,--
*C1=CC(=*)N(*)c2nn(*)cc21,14,4,Ring,-=--
*c1ccc2sc(*)nc2n1,14,2,Ring,--
*C1N(*)CC12CCOCC2,14,2,Ring,--
*C1CSC(*)C(*)C1,14,3,Ring,---
*c1ccc2c(c1)c(*)c1ccccc1[n+]2*,14,3,Ring,---
*C1=CC(=*)C(*)C2(*)C1CC1OC(=*)C(*)C3C4(*)OCC13C2C(*)C4*,14,9,Ring,-=--=----
*c1cc2nccc(*)c2nc1*,14,3,Ring,---
*N1C(=*)C2C(C1=*)C1(*)CCC2(*)O1,14,5,Ring,-==--
*C1Cc2ccccc2OC1=*,14,2,Ring,-=
*C1=CC23CCC(CC2C(*)(*)C1=*)C(=*)C3,14,5,Ring,---==
*c1cc(*)c2c(c1)C(=*)c1cc(*)cc(*)c1-2,14,5,Ring,--=--
*C1CC2(*)C(*)C(*)CC2C2CCC3=CC(=*)CCC3=C12,14,5,Ring,----=
*c1ccc2c(c1)CCN1CCc3ccccc3C21,14,1,Ring,-
*C1=NN(*)C(*)N1*,14,4,Ring,----
*c1ccc2c(n1)N(*)C(=*)C=N2,14,3,Ring,--=
*c1ccc2c(c1)-c1ccccc1OC2*,14,2,Ring,--
*c1ccc2c(c1)C(*)Cn1cccc1S2,14,2,Ring,--
*C1=NC(=*)N(*)c2cc(*)ccc21,14,4,Ring,-=--
*C1=C(*)C(*)Sc2ccccc2N1,14,3,Ring,---
*N1COc2ccccc2C1=*,14,2,Ring,-=
*c1cc2[nH]c3ccnc(*)c3c2cc1*,14,3,Ring,---
*C1=Nc2ccccc2N(*)c2ccc(*)cc21,14,3,Ring,---
*C1=COC2=NC(=*)N(*)CCN12,14,3,Ring,-=-
*c1ccc2cc1Oc1cccc(c1)COC1CCN(*)CC1NC(=*)CC2,14,3,Ring,--=
*c1ccc2c(n1)C(*)CCC2*,14,3,Ring,---
*C1CCC2(CC1)OCC(*)N2*,14,3,Ring,---
*c1cc2c(*)c3c(c(*)c2c(*)n1)C1(CC3)C(=*)c2c(c(*)c3c(=*)c(*)cc(=*)c3c2*)C1=*,14,11,Ring,----=-=-=-=
*N1CC(*)(*)Oc2ccccc21,14,3,Ring,---
*c1ccnc2nnnn12,14,1,Ring,-
*c1ccc2[nH]c3c(c2c1)C1CCC(C3)N1*,14,2,Ring,--
*c1ccc2c(c1)-c1nc(*)c(*)n1CO2,14,3,Ring,---
*c1ccc2nc3c(nc2c1)OC1CN(C(=*)C(*)NC(=*)OC2CC2CCCCC3)C(*)C1*,14,6,Ring,-=-=--
*c1c(*)c(*)c2c(c1*)CC1CC3CC(C3(*)*)C1(*)O2,14,7,Ring,-------
*C1(*)CCC2C(C3C1CCC3(*)*)C2(*)*,14,6,Ring,------
*c1nc2nc3c(c(*)c2c(*)c1*)CCCC3,14,4,Ring,----
*c1cc2c(o1)CC1CCC3C4CCC(*)C4(*)CCC3C1(*)C2,14,4,Ring,----
*c1cc(*)c2c(c1)CN1CN2Cc2cc(*)cc(*)c21,14,4,Ring,----
*c1cc(*)c2c(c1)N(*)CCC2,14,3,Ring,---
*C1NC(=*)c2ccccc2N1*,14,3,Ring,-=-
*C1=NC(*)C2=C(c3ccc(*)cc31)N(*)C(=*)S2,14,5,Ring,----=
*c1ccc2c(c1)C(*)C(*)C(*)N2*,14,5,Ring,-----
*c1ccc2c(c1)c(*)c1n2CC(*)CC1,14,3,Ring,---
*C1CC2CN(*)C1CN2*,14,3,Ring,---
*c1n[nH]c2c1C(*)SCC(=*)N2,14,3,Ring,--=
*c1ccc2c(c1)[nH]c1cccc(*)c12,14,2,Ring,--
*c1nc2c([nH]1)C(=*)N(*)C1=NC3CCCC3N12,14,3,Ring,-=-
*C1CCC(*)C1=*,14,3,Ring,--=
*c1noc2c1C(*)CCC2,14,2,Ring,--
*C1=C(*)c2cc3c(c(*)c2OC1=*)OCN(*)C3,14,5,Ring,---=-
*c1ccc2c3c1OC1c4[nH]c5ccccc5c4C(*)C4C(C2)N(*)CCC314,14,3,Ring,---
*c1onc2c1C(=*)CC(*)(*)C2,14,4,Ring,-=--
*C1CCC2C1C1C(*)CC(*)C21*,14,4,Ring,----
*c1cc2c3c(cn(*)c3c1)CCS(=*)(=*)N2*,14,5,Ring,--==-
*c1c2c(cc3c1C(=*)NC1C(*)C(*)C(*)C(*)C31)OCO2,14,6,Ring,-=----
*C1=C(*)C(=*)C(=*)NC1=*,14,5,Ring,--===
*C1=C(*)C(*)c2c(nc3c(c2*)CCCCC3)O1,14,4,Ring,----
*c1ccc2c(c1)C(=*)N1CCCCC1c1cc3nc(*)cc(n3n1)N(*)CCNC(=*)CO2,14,5,Ring,-=--=
*C1=NC(*)C(*)=Nc2ccc(*)cc21,14,4,Ring,----
*C1=CNc2ncc(*)cc2C1=*,14,3,Ring,--=
*c1cc2c(*)ccc(*)c2cc1*,14,4,Ring,----
*C1CC2C=CC1CC2,14,1,Ring,-
*c1cc2cccc3c2n1CCNC3=*,14,2,Ring,-=
*c1ccc2c(*)c(*)[se]c2c1,14,3,Ring,---
*C1=Cc2cccc(*)c2OC1*,14,3,Ring,---
*c1ccc2c(c1)C1(CCS(=*)(=*)CC1)C(*)N2*,14,5,Ring,-==--
*c1cc2ncnc(*)c2nc1*,14,3,Ring,---
*c1nccn2nnnc12,14,1,Ring,-
*C1CCN2C(=*)CN(*)C(=*)C2C1,14,4,Ring,-=-=
*C1=CC=[N+](*)CC1,14,2,Ring,--
*C1CCC2(*)CC3OC(=*)C(=*)C3CC2C12CO2,14,4,Ring,--==
*N1C(=*)c2ccccc2-c2c1c(=*)c1ccccc1c2=*,14,4,Ring,-===
*N1CC2(CCCC2)CC1=*,14,2,Ring,-=
*C1=C(*)C2(*)C(*)=C3C(=*)c4c(*)cccc4C(*)C3C(*)C2C(*)C1=*,14,10,Ring,----=----=
*C1CCCCN(*)C(=*)OCCCC(*)C(*)C(=*)N1,14,6,Ring,--=--=
*C1SCC(=*)Nc2cc3c(cc21)OCO3,14,2,Ring,-=
*C1=C(*)N2c3ccccc3C(=*)N2c2ccccc21,14,3,Ring,--=
*N1C(=*)c2nncn2-c2ccccc21,14,2,Ring,-=
*c1cc(*)c2c(n1)CN(*)CC2,14,3,Ring,---
*C1OC(*)C2OC(=*)OC12,14,3,Ring,--=
*c1ccc2c(n1)Nc1ccc(*)c(*)c1N(*)C2,14,4,Ring,----
*N1CCC23C(=*)N(Cc4cn(nn4)CCCOc4cccc(c4)C12)c1ccccc13,14,2,Ring,-=
*c1ccc2c(c1)C1(CCO2)NC(=*)NC1=*,14,3,Ring,-==
*c1ccc2c(*)c3ccc(*)c(*)c3nc2c1,14,4,Ring,----
*c1cc(*)c2nncn2c1*,14,3,Ring,---
*n1cc2[nH]n(*)c3cccc(c3-2)c1=*,14,3,Ring,--=
*c1ccc2c(c1)C(*)C2,14,2,Ring,--
*c1ccc2c(c1)C(*)CNCC2,14,2,Ring,--
*C1CCC2(*)C(C1)CC(*)C1C2C(*)C(=*)C2(*)C(*)CCC12,14,7,Ring,----=--
*c1nc2oc3c(*)ncnc3c2c2c1CCC(*)(*)C2,14,4,Ring,----
*C1NC(=*)OC12CCN(*)CC2,14,3,Ring,-=-
*c1cc(*)c2cccnc2n1,14,2,Ring,--
*c1c(*)n2c3c(nc2n1*)N(*)C(=*)N(*)C3=*,14,7,Ring,----=-=
*N1CCCCSC1=*,14,2,Ring,-=
*N1C(=*)C2C(C1=*)C1(*)C=CC2(*)CC1,14,5,Ring,-==--
*C1CC=CCc2ccccc2C(*)OC1=*,14,3,Ring,--=
*C1CC2=C(O1)C1(*)C(=*)C(*)(CC(*)C1(*)*)C2=*,14,8,Ring,--=----=
*c1c2c(n(*)c1*)CCCC2,14,3,Ring,---
*c1cc2c(cc1*)N(*)C(=*)C(*)O2,14,5,Ring,---=-
*C1CC(*)OC(*)(*)O1,14,4,Ring,----
*c1nc2c(*)c(*)cc(*)c2[nH]1,14,4,Ring,----
*C1CN2C(*)C(*)C(*)C2C1*,14,5,Ring,-----
*C1OC2(CCN(*)CC2)NC1=*,14,3,Ring,--=
*N1CCSc2sccc2C1=*,14,2,Ring,-=
*c1ccc2c(*)cc3cc(*)c(*)cc3c2c1,14,4,Ring,----
*C1CNCC(*)(*)C1,14,3,Ring,---
*C1=CC(*)n2c(nc3ccccc32)N1,14,2,Ring,--
*c1nc2cc3nc4ccccc4nc3cc2[nH]1,14,1,Ring,-
*C1C=CC=C1,14,1,Ring,-
*c1ccc2nc3ccc(*)cc3nc2c1,14,2,Ring,--
*c1cccc2c1CCC1CNCCN21,14,1,Ring,-
*N1CCc2ncn(*)c2C(=*)C1=*,14,4,Ring,--==
*C1CCOC2(CCN(*)C2)C1,14,2,Ring,--
*c1ccc2c(c1)C(=*)N(*)S2(=*)=*,14,5,Ring,-=-==
*c1cc2ccc(*)c(*)c2s1,14,3,Ring,---
*c1cc(*)n2nc3nc(*)c(*)cc3c2n1,14,4,Ring,----
*C1CN(*)CC12CCCO2,14,2,Ring,--
*C1CC(=*)NC2=C1C(=*)N(*)C(=*)N2*,14,6,Ring,-==-=-
*c1nnc2n1-c1sc3c(c1C(=*)N2*)CC(*)OC3,14,4,Ring,-=--
*c1c2c(nc3c(*)cccc13)CN(*)C2=*,14,4,Ring,---=
*C1=NN(*)C2(C(=*)Nc3ccc(*)cc32)N1*,14,5,Ring,--=--
*c1cc(*)c2c(c1)N(*)CCc1ccccc1O2,14,3,Ring,---
*c1cc2c(s1)CCN1Cc3ccccc3CC21,14,1,Ring,-
*c1ccc2c(c1)CNC(=*)N2*,14,3,Ring,-=-
*C1=C2C(*)CC3(*)CCC(*)C(=*)C3C(*)C(CC1=*)C2(*)*,14,9,Ring,----=-=--
*c1nc2c(c3c1C(*)OC31CCCC1)C(*)CC(*)(*)C2,14,5,Ring,-----
*c1ccc2cc3n(c2c1)CC(*)NC3=*,14,3,Ring,--=
*C1C2C3CCC(C3)C2CN(*)C1*,14,3,Ring,---
*c1ccc2c(c1*)C(*)C13CC(*)(CCC21)C(=*)C3=*,14,6,Ring,----==
*c1ccc(*)c2c3c([nH]c12)CC(*)CC3,14,3,Ring,---
*c1nc(*)c2c(n1)Sc1ccccc1N2,14,2,Ring,--
*C1=CC(=*)Oc2cc3c(cc21)CCC3,14,2,Ring,-=
*c1nnc2n1CCSC(*)(*)C2,14,3,Ring,---
*c1ccc2c(c1)CC(*)(*)C2=*,14,4,Ring,---=
*N1C2COCC1C2,14,1,Ring,-
*C1CCn2nccc2C1,14,1,Ring,-
*C1CCC2(*)C(C1)CC(*)C1C2CC(=*)C2(*)C(*)CCC12,14,6,Ring,---=--
*c1ccc2c(c1)C1(C(=*)N2)N2CSCC2C(*)C12Cc1cc(*)c(*)cc1C2=*,14,6,Ring,-=---=
*C1=CC(=*)Nc2cc3c(cc21)OCO3,14,2,Ring,-=
*N1CCC2OCc3cccc(c3)Oc3cccc(c3)CCC(=*)N(*)CC(=*)NC2C1,14,4,Ring,-=-=
*C1=CCCc2c(*)cccc21,14,2,Ring,--
*C1=NC(=*)c2ccc(*)cc2N1*,14,4,Ring,-=--
*N1C(=*)NC(=*)c2[nH]ccc21,14,3,Ring,-==
*C1=C(*)C(*)c2c(nc3c(c2*)CCC3)O1,14,4,Ring,----
*C1CCC2(*)C3=CCC4(*)C(*)CC(*)C4(*)C3=CCC2C1(*)*,14,8,Ring,--------
*C1CN(*)C2(C(=*)c3cccc4cccc2c34)C12Cc1ccccc1C2=*,14,4,Ring,--==
*C12CC3CC(CC(C3)C1(*)*)C2,14,3,Ring,---
*C1NC(=*)C2CCCN2C(=*)C(*)NN(*)C(=*)C(*)NC1=*,14,8,Ring,-==--=-=
*C1=C(*)Oc2cc(*)ccc2O1,14,3,Ring,---
*[n+]1ccncc1,14,1,Ring,-
*c1cc(*)c2c(c1)C(*)c1c(*)c(*)cc(*)c1C2=*,14,7,Ring,------=
*C1c2nn(*)cc2CN1*,14,3,Ring,---
*c1cc2c(=*)c(*)c(*)c(=*)c2cc1*,14,6,Ring,-=--=-
*C1(*)CC2(CCC2)C1,14,2,Ring,--
*C1=Nc2ncccc2N2C(=*)N(*)N=C12,14,3,Ring,-=-
*C1=NC(*)c2[nH]cnc2N1,14,2,Ring,--
*C1=NC(*)NC(*)C1,14,3,Ring,---
*c1cc2c(c(*)c1*)-c1c(*)c(*)c(*)c(*)c1CC(*)C(*)C2,14,9,Ring,---------
*c1ccc2c(c1)CN(*)CC21CC1,14,2,Ring,--
*c1ccc2c(*)c3c(*)coc3nc2c1,14,3,Ring,---
*c1nc2sc3c(*)ncnc3c2c2c1CCC(*)(*)C2,14,4,Ring,----
*=C1c2ccccc2Nc2ccccc21,14,1,Ring,=
*C1=Cc2c(*)cc3c(=*)c4cccc(*)c4c(=*)c3c2OC1=*,14,6,Ring,--=-==
*C1=CC2=CC(=*)CCC2(*)C2CCC3(*)C(=*)CCC3C12,14,5,Ring,-=--=
*C1=CC2(CCN(*)CC2)C1,14,2,Ring,--
*C1C(=*)Nc2ccccc2S1(=*)=*,14,4,Ring,-===
*C1CCN(*)CC(=*)N(*)c2ccccc21,14,4,Ring,--=-
*c1c2ccccc2nc2ncccc12,14,1,Ring,-
*N1C(=*)C(*)(*)Cc2ccccc21,14,4,Ring,-=--
*c1ncc2c(n1)N(*)C(*)c1c(*)ncn1-2,14,4,Ring,----
*c1ccc2c(c1)N(*)C1(CCN(*)CC1)C2,14,3,Ring,---
*c1cc(*)c2c(c1)OCC(*)(*)C2=*,14,5,Ring,----=
*c1ccc2c3c([nH]c2c1)CCC(*)C3,14,2,Ring,--
*C1CNC(=*)CN1*,14,3,Ring,-=-
*C1CC2C(CC1(*)*)C2(*)*,14,5,Ring,-----
*c1ccnc2c3c(ccc12)-c1ccccc1S(=*)(=*)N3,14,3,Ring,-==
*c1ccc2c(c1)C(=*)CSC2*,14,3,Ring,-=-
*c1ccc2cc3n(c2c1)CC(*)CNC3=*,14,3,Ring,--=
*c1cc2cc(*)sc2o1,14,2,Ring,--
*N1CCC2OCCN(*)C2CC1,14,2,Ring,--
*N1CC2(CCCCC2)C1,14,1,Ring,-
*C1=CC(=*)Oc2nn(*)c(*)c21,14,4,Ring,-=--
*N1CC2CCC2(*)C1,14,2,Ring,--
*C1CC(=*)OC(*)(*)C(*)C1(*)*,14,7,Ring,-=-----
*c1ccc2c(c1)N1C(=*)N(*)N=C1N(*)C2=*,14,5,Ring,-=--=
*c1cc2c(cc1*)C(*)(*)CC(*)O2,14,5,Ring,-----
*C1=CC2C(CC(*)C(=*)C(*)C3C(*)C(*)CC3(*)C1=*)C2(*)*,14,10,Ring,--=----=--
*c1nc2ccnc(*)c2nc1*,14,3,Ring,---
*C1CC2(*)C(CC(*)C2(*)*)C2CCC3=Cc4c(cnn4*)CC3(*)C12,14,7,Ring,-------
*C1CCCCNC(=*)C(*)NC(=*)C(*)NC1=*,14,6,Ring,-=-=-=
*N1CC2COCCN2Cc2ccccc21,14,1,Ring,-
*c1ccnc2c1NC(=*)N2*,14,3,Ring,-=-
*c1cn(*)c2c1CCc1cc3c(cc1-2)C(*)(*)CCC3(*)*,14,6,Ring,------
*C1CC12CCCC2,14,1,Ring,-
*C1CCC(*)C(=*)C1,14,3,Ring,--=
*C1=CC2C(*)CC1C1C(=*)N(*)C(=*)C21,14,5,Ring,--=-=
*c1cc2c(c3ncccc13)OCN(*)C2,14,2,Ring,--
*C1NCCNC1*,14,2,Ring,--
*c1ccc2cc(*)c3sccc3c2c1,14,2,Ring,--
*C1OC2(*)CN(*)C(=*)C1O2,14,4,Ring,---=
*N1CCCC2(*)c3ccccc3N(*)C12,14,3,Ring,---
*n1nnn[n+]1*,14,2,Ring,--
*c1ccc2nc(*)c3c(*)nc(*)n3c2c1,14,4,Ring,----
*c1ncc2c(n1)N(*)C(=*)c1nnnn1-2,14,3,Ring,--=
*C1=CCC2C3CCC4=CC(=*)NCCC4(*)C3CCC12*,14,4,Ring,-=--
*C1=CC2OC(=*)C(=*)C2C(*)CC2(*)OC2CC1*,14,6,Ring,-==---
*c1cc2nc(*)c(*)nc2c2c1CCN(*)C2,14,4,Ring,----
*C1=Nc2c(c(*)nc3sc4c(c23)CCCC4)C(=*)N1*,14,4,Ring,--=-
*C1=NNN(*)N1,14,2,Ring,--
*N1CN(*)C(=*)N(*)C1,14,4,Ring,--=-
*c1ccc2c(c1)N1CCCC(*)C1c1ccccc1O2,14,2,Ring,--
*N1C(=*)NC2(CSc3c2c(=*)c2ncccc2c3=*)C1=*,14,5,Ring,-====
*C1CC2C=CC1C21CC1,14,1,Ring,-
*C1C2C(=*)N(*)CC23C=CC1(*)O3,14,4,Ring,-=--
*c1ccc2c(c1)-c1ccc3cccnc3c1NS2(=*)=*,14,3,Ring,-==
*N1CC(=*)N(*)C1(*)*,14,5,Ring,-=---
*C1=Nc2cc(*)n(*)c2C(=*)N1,14,4,Ring,---=
*C1=NC(=*)c2sc(*)nc2N1*,14,4,Ring,-=--
*c1cc2c(nc1*)c(*)cn2*,14,4,Ring,----
*c1nc2c(*)ncc(*)c2[nH]1,14,3,Ring,---
*C1=Nc2c(c(*)cn2*)C(=*)N1,14,4,Ring,---=
*N1CC2CCS(=*)(=*)C2C1,14,3,Ring,-==
*C1=C(*)C(*)(*)C(*)(*)NC1=*,14,7,Ring,------=
*c1cc2c3c(c1)nc(*)n3-c1ccccc1O2,14,2,Ring,--
*c1cc2c(c(*)c1*)OCC1CN(*)CCN1C2,14,4,Ring,----
*c1ccc2c(c1)C1CC(N2)C(*)CO1,14,2,Ring,--
*C1NC(=*)CNC(=*)C(*)NC(=*)C(*)NC(=*)C2CCCN2C(=*)C(*)NC1=*,14,10,Ring,-==-=-==-=
*c1[nH]c(*)c2c1CCCCC2=*,14,3,Ring,--=
*c1cc2c3c(cccc3n1)C(=*)N(*)C2=*,14,4,Ring,-=-=
*C1=NN=Cc2cc3ccc(*)c(*)c3nc2S1,14,3,Ring,---
*N1CCSC(*)(*)C1,14,3,Ring,---
*C1=NN(*)C(=*)Cc2cc3c(cc21)OCO3,14,3,Ring,--=
*c1cc(*)c2[nH]c3cnccc3c2c1,14,2,Ring,--
*C1C2C(=*)N(*)C(=*)C2C2C(=*)Nc3ccccc3C(=*)N12,14,6,Ring,-=-===
*c1ccc2c(c1)sc1ccc(*)cc12,14,2,Ring,--
*C1CCN2C(=*)N(*)C(=*)C2C1,14,4,Ring,-=-=
*c1c2c(c3n1CCOC3*)N(*)C(=*)N(*)C2=*,14,6,Ring,---=-=
*c1cc2c(o1)CC1CCC3C(CCC4(*)C3CCC4(*)*)C1(*)C2,14,5,Ring,-----
*C1CC2C(CN1)CON2*,14,2,Ring,--
*C1=Cc2cc(*)ccc2N(*)C1,14,3,Ring,---
*C1=CC(*)(*)OOC1*,14,4,Ring,----
*c1ccc2c(c1)C1CCN(*)C1C2,14,2,Ring,--
*c1cccc2c1CCCN2,14,1,Ring,-
*N1C(=*)NC2CCCCC21,14,2,Ring,-=
*c1[nH]cc2c1CCOC2=*,14,2,Ring,-=
*c1nc2c3ccccc3ccc2c2nc3c(ccc4ccccc43)c(*)c12,14,2,Ring,--
*C1CC(*)C23CC(CC(*)C2(*)C1*)C(*)(*)O3,14,7,Ring,-------
*C1=CCCc2ccccc21,14,1,Ring,-
*C1(*)Oc2ccccc2NC1=*,14,3,Ring,--=
*c1ccc2c(c1)CCc1ccccc1-2,14,1,Ring,-
*c1ccc2c(c1)CC(*)N(*)C2*,14,4,Ring,----
*c1c(*)c2n(c1*)C(=*)N(*)N=N2,14,5,Ring,---=-
*C1COC(=*)O1,14,2,Ring,-=
*c1ccc2c(c1)c1c(n2*)CCCC1=*,14,3,Ring,--=
*C1=C(*)C(=*)N2CC(*)CC2C1,14,4,Ring,--=-
*C1=C(*)C(*)(*)Oc2ccccc21,14,4,Ring,----
*c1nnc2n1-c1sc3c(c1C(=*)N2*)CC(*)(*)OC3,14,5,Ring,-=---
*c1ccc2sc(*)cc2n1,14,2,Ring,--
*C1(*)CS(=*)(=*)C(*)(*)C(=*)N1,14,7,Ring,--==--=
*N1Cc2cccc3cccc(c23)C1,14,1,Ring,-
*C1=NC(*)(*)C(=*)N(*)c2cc(*)ccc21,14,6,Ring,---=--
*c1cccc2c1NCC2,14,1,Ring,-
*c1cn2c(*)cc(*)c(*)c2n1,14,4,Ring,----
*c1cc2c(cc1*)C(*)(*)CCC2,14,4,Ring,----
*c1cc2c(cc1*)C(*)(*)C(=*)CC2,14,5,Ring,----=
*N1C(=*)NC2=C(SC(=*)N2*)C1=*,14,5,Ring,-==-=
*C1CC2(*)CCN1C2,14,2,Ring,--
*C1CC(=*)C(*)C(*)O1,14,4,Ring,-=--
*C1=Cc2ccccc2Sc2ccccc21,14,1,Ring,-
*c1cc2c(cc1*)-c1nc3ccccc3c(*)c1CC2,14,3,Ring,---
*C1C2=C(CC(*)(*)CC2=*)N2C(=*)c3ccccc3C(=*)N12,14,6,Ring,---===
*C1CC2C3CCC4=CC(=*)CCC4(*)C3CCC2(*)C1*,14,5,Ring,-=---
*c1cc2c3ccccc3n(*)c2cc1*,14,3,Ring,---
*C1=Cc2c(sc(*)c2*)C(*)(*)C1,14,5,Ring,-----
*c1ccc2c(c1*)ONC2=*,14,3,Ring,--=
*c1nc2c(c(*)c1*)CCCCC2,14,3,Ring,---
*c1cc(*)c2c(n1)N(*)NC2=*,14,4,Ring,---=
*C1=NC2C(C(=*)N(*)C(=*)N2*)N1*,14,6,Ring,-=-=--
*c1cc2cnsc2cc1*,14,2,Ring,--
*C1=C(*)C2(CCCCC2)C(*)=C(*)N1,14,4,Ring,----
*C1C(=*)NC(=*)C2=Nc3ccccc3C(=*)N21,14,4,Ring,-===
*C1=NC(=*)SC1,14,2,Ring,-=
*C1=c2nc(*)ccc2=NN(*)C1=*,14,4,Ring,---=
*c1c2c(cc3ccc4c(c13)OCO4)C(=*)OC2,14,2,Ring,-=
*=C1CCCCCCCCCCC1,14,1,Ring,=
*C1=NC(*)C(*)C1,14,3,Ring,---
*c1cccc2c1C1CCCN(*)C1CC2,14,2,Ring,--
*N1CCN2C(=*)NN=C2C1,14,2,Ring,-=
*N1C(=*)CCOc2ccccc21,14,2,Ring,-=
*c1cc2c(cc1*)S(=*)(=*)N=C1CCCCCN12,14,4,Ring,--==
*C1=NS(=*)(=*)N=C1*,14,4,Ring,-==-
*c1ccc2[nH]c3c(c2c1)CCC(=*)C3=*,14,3,Ring,-==
*c1ccc2c(c1)C(=*)N(*)c1c(*)ncn1-2,14,4,Ring,-=--
*c1cccc2c1OC1(*)CC2NC(=*)N1*,14,4,Ring,--=-
*C1NCC=CCC(*)N(*)C1=*,14,4,Ring,---=
*[n+]1cc2ccccc2c2ccccc21,14,1,Ring,-
*C1(*)OC1(*)*,14,4,Ring,----
*c1nc2c(o1)C(*)(*)C1CCc3cc(*)c(*)cc3C1(*)C2,14,6,Ring,------
*c1ccc2c(c1)N(*)C(*)c1c[nH]nc1-2,14,3,Ring,---
*C1=CC(*)C2OC(*)(*)C(*)(*)OC2C1=*,14,7,Ring,------=
*c1ccnc2c1c(*)c1n2CCCC1*,14,3,Ring,---
*N1CCNc2ccccc21,14,1,Ring,-
*C1CN(*)C2(C(=*)c3ccccc3C2=*)C12CSc1ccccc1C2=*,14,5,Ring,--===
*C1=CC2OC(=*)C(=*)C2C(*)CC2(*)OC2C=C1,14,5,Ring,-==--
*c1cc2cc3c(cc2o1)C(*)CCc1cc(*)c(*)c(*)c1-3,14,5,Ring,-----
*C1=NC(=*)c2c(*)cc(*)nc2N1*,14,5,Ring,-=---
*c1c[nH]c2c1NC=NC2*,14,2,Ring,--
*c1cccc2nc[nH]c12,14,1,Ring,-
*c1cc2nccnc2cc1*,14,2,Ring,--
*C1c2cc3c(cc2C(*)C2COCC12)OCO3,14,2,Ring,--
*c1cc(*)c2c(c1)Oc1ncccc1C(=*)N2*,14,4,Ring,--=-
*c1cc2c(cc1*)N(*)Cc1c(*)[nH]c3nccc-2c13,14,4,Ring,----
*C1C=CC(*)(*)O1,14,3,Ring,---
*C1=Nc2nc(*)nc(*)c2C(*)C1=*,14,5,Ring,----=
*c1cc2c(nc1*)[nH]c1c(*)cccc12,14,3,Ring,---
*C12CCC3(C=C1CCC(=*)C2=*)SCCS3,14,3,Ring,-==
*c1nc(*)c2c(n1)C1(CCCC1)CCC2,14,2,Ring,--
*C1OC(=*)C2C=C3C(*)(*)CCCC3(*)C12,14,5,Ring,-=---
*c1ccc2c(c1)-c1nc(*)ncc1CC2,14,2,Ring,--
*c1cn(*)c2c(=*)c3ccccc3c(=*)c12,14,4,Ring,--==
*C1CC2c3ccccc3C1(*)c1ccccc12,14,2,Ring,--
*C1CCC2(*)C(=CC(*)C3C2C(*)CC2(*)C(*)CCC32)C1,14,6,Ring,------
*c1ccc2ccc3c(c2c1)C(*)CC3,14,2,Ring,--
*c1ccc2c(c1)-c1nncn1Cc1c(*)ncn1-2,14,2,Ring,--
*c1cc(*)c2c(n1)CNC2=*,14,3,Ring,--=
*c1ccc2c(c1)C(=*)OC(*)C2,14,3,Ring,-=-
*c1cc2c3c(c1)OCc1cc(*)cc(c1-3)OC2,14,2,Ring,--
*C1=CC=CN2C(=*)c3ccc4ccccc4c3N=C12,14,2,Ring,-=
*C1=NC(=*)NN=C1,14,2,Ring,-=
*c1ccc2nc3n(c2c1)CCN(*)C3*,14,3,Ring,---
*c1ccc2c(c1)CCc1c(*)cccc1C2=*,14,3,Ring,--=
*C1N(*)C(=*)CCC1(*)*,14,5,Ring,--=--
*C1CC2(CCCC2)Oc2ccccc21,14,1,Ring,-
*C1=NN2C(=*)c3c(sc(*)c3*)N=C2SC1,14,4,Ring,-=--
*C1=Cc2nnc(*)n2N(*)C1=*,14,4,Ring,---=
*C1SC(*)(*)SC1*,14,4,Ring,----
*c1ccc2c(n1)OCCO2,14,1,Ring,-
*c1cnc2c(c1)C(=*)N(*)C(=*)N2,14,4,Ring,-=-=
*N1CCOc2ncccc21,14,1,Ring,-
*N1C(=*)CC2(CCSC2)C1=*,14,3,Ring,-==
*C1CC2(*)CC(=*)CC2C1*,14,4,Ring,--=-
*c1cc2c(nc1*)Oc1ccccc1C2=*,14,3,Ring,--=
*c1cc(*)c2c(c1)CCC(*)O2,14,3,Ring,---
*C1=C(*)c2c(*)cc(*)c(*)c2OC1=*,14,6,Ring,-----=
*C1CCC2(*)C(CCC3(*)C2CCC2C4CC(*)(*)CCC4(*)CCC23*)C1(*)*,14,9,Ring,---------
*C1C2CSCN2C2(C(=*)c3ccccc3C2=*)C12CSc1ccccc1C2=*,14,4,Ring,-===
*CCN(C)C(=O)NC*,14,2,Linker,--
*CCC(C)(C=C)O*,14,2,Linker,--
*C=CC=C(C#N)C(=O)N*,14,2,Linker,--
*CNC(=O)C(CCCNC(=N)N)NC(=O)C(*)*,14,3,Linker,---
*CN(C)C(=O)CCS(*)(=O)=O,14,2,Linker,--
*COC(=O)NC(CCCCNS(N)(=O)=O)C(=O)N*,14,2,Linker,--
*NC(=O)C(CCC)N*,14,2,Linker,--
*CCCCCCCCCOC(*)=O,14,2,Linker,--
*C=CC(=O)NNC*,14,2,Linker,--
*SCC(*)OC,14,2,Linker,--
*OCC(*)C(O)C(O)CCCCCCCCCCCCCC,14,2,Linker,--
*C=C(NC(*)=O)C(=O)NC(C)(C)C,14,2,Linker,--
*S(=O)(=O)CCC(=O)N=*,14,2,Linker,-=
*OC(=O)CCNC(*)=O,14,2,Linker,--
*NC(=S)NCCNC(*)=O,14,2,Linker,--
*C(*)=NNC(=S)NCC,14,2,Linker,--
*CNC(CC(=O)N*)C(=O)O,14,2,Linker,--
*CN(CCCC)CC(*)(O)C*,14,3,Linker,---
*CC(NC(=O)O*)C(O)CN(C*)S(*)(=O)=O,14,4,Linker,----
*CN(CCC)CC(*)(O)C*,14,3,Linker,---
*N=C(N)NS(*)(=O)=O,14,2,Linker,--
*CCCCCCCCNC*,14,2,Linker,--
*C(*)(C)OC,14,2,Linker,--
*C(=O)C(NC(=O)OC(C)(C)C)C(*)*,14,3,Linker,---
*CC(=O)NNC(=S)NC(*)=O,14,2,Linker,--
*CC(=O)NC(C*)CS,14,2,Linker,--
*NC(=O)NNC(=O)NCCCC(C)N*,14,2,Linker,--
*CCCNCC(=O)N*,14,2,Linker,--
*CN(C)C(=O)C(*)CC,14,2,Linker,--
*N=C(*)NC,14,2,Linker,--
*CNC(=O)C(C*)NC(=O)C(C)NC(=O)C*,14,3,Linker,---
*CNCCN(*)CC,14,2,Linker,--
*SCC(=O)NC(*)*,14,3,Linker,---
*CNC(=O)N(*)CCCO,14,2,Linker,--
*CC(NC(=O)C(CC(C)C)NC(*)=O)C(=O)NC(CCCC)C(=O)O,14,2,Linker,--
*C=CC(C)=CC=CC(C)=CC(=O)O*,14,2,Linker,--
*C=CC(=O)OC(*)*,14,3,Linker,---
*CN(C)C(=O)CS(=O)(=O)C*,14,2,Linker,--
*OCC(O)CNCCNS(*)(=O)=O,14,2,Linker,--
*COC(=O)CSCC(=O)N*,14,2,Linker,--
*OC(*)CCC(=O)OC,14,2,Linker,--
*CCCC(CC(=O)NO)C(=O)NC(C*)C(=O)NCC*,14,3,Linker,---
*NC(=O)NCCC(*)=O,14,2,Linker,--
*CCCN(C*)CC,14,2,Linker,--
*CCCNC(=N)NC(=O)CC(*)C,14,2,Linker,--
*CCC(C(=O)O)S(*)(=O)=O,14,2,Linker,--
*CCOCCNC(=O)N*,14,2,Linker,--
*C(=O)OC(C(=O)O)C(OC(*)=O)C(=O)O,14,2,Linker,--
*CCN(*)C(=O)C*,14,3,Linker,---
*CC(C(*)=O)C(*)=O,14,3,Linker,---
*NCC(=O)NC(*)*,14,3,Linker,---
*CNC(=O)CN(C(*)=O)C(*)C(=O)NC(C)(C)C,14,3,Linker,---
*NOC(*)=O,14,2,Linker,--
*CCCNCCNCCC*,14,2,Linker,--
*CNC(=O)COC(=O)CCC(*)=O,14,2,Linker,--
*NCC(O)(CN(CC)C(*)=O)C(F)(F)F,14,2,Linker,--
*CCCN(*)S(C)(=O)=O,14,2,Linker,--
*NC(=O)CCCCCCCO*,14,2,Linker,--
*CN(*)C(=O)C(C)(C)C,14,2,Linker,--
*OCCCNC(=NCCNC(*)=O)NC#N,14,2,Linker,--
*OCC(O)CN(*)*,14,3,Linker,---
*C(=O)NC(*)C(C)(C)C(*)=O,14,3,Linker,---
*CC(=NO)C(=O)NCC[Se][Se]CCNC(=O)C(C*)=NO,14,2,Linker,--
*CCC(*)CCCC,14,2,Linker,--
*CCCCCCCCCCCCO*,14,2,Linker,--
*CCC(=O)CC(O)C*,14,2,Linker,--
*CC(NC(=O)C(NC(*)=O)C(C)C)C(*)=O,14,3,Linker,---
*CCC(=O)N(C)CCO*,14,2,Linker,--
*N(C)NS(*)(=O)=O,14,2,Linker,--
*NC(=O)CCC(=O)N(*)C(*)C(=O)NC(C)(C)CC,14,3,Linker,---
*CN(*)CCC(=O)N*,14,3,Linker,---
*NC(=O)CCN(CCCCCCCC)CCC(=O)N*,14,2,Linker,--
*SCC(=O)NCC(*)N(C)C,14,2,Linker,--
*CCN(CC)C(=O)CNC(=O)C(CCCN=C(N)N)NC(=O)C(C*)N=C(N)N,14,2,Linker,--
*COC(=O)NC(C*)C(=O)NC(C*)COC(C)=O,14,3,Linker,---
*NC([S-])=C(*)C(*)=O,14,3,Linker,---
*C(C)NC(=O)C(=*)CCC=C(C)C,14,2,Linker,-=
*CC(NC(*)=O)C(=O)NC(CC(C)C)C(=O)O,14,2,Linker,--
*CCN(CC(=O)N*)S(*)(=O)=O,14,3,Linker,---
*NSC(*)=S,14,2,Linker,--
*CN(*)N=O,14,2,Linker,--
*C(=O)N(CCO)C(*)(C)C,14,2,Linker,--
*OCCOC(=O)CCC(=O)O*,14,2,Linker,--
*CC(NC(C)=O)C(=O)NC(CCCCN)C(*)=O,14,2,Linker,--
*CC(NC(=O)CNS(*)(=O)=O)C(*)=O,14,3,Linker,---
*COCC(C#C)NC(=O)C(C*)NC(*)=O,14,3,Linker,---
*CCCC(C*)C(*)O,14,3,Linker,---
*CC(NC(=O)C(CCCNC(=N)N)NC(=O)C(C*)NC(C)=O)C(*)=O,14,3,Linker,---
*OCC(O)CNCCS*,14,2,Linker,--
*CC(=O)NNC(=O)C*,14,2,Linker,--
*CCCC(=O)NCCCCC(NC(*)=O)C(=O)O,14,2,Linker,--
*C(CO)NS(*)(=O)=O,14,2,Linker,--
*CC(NC(=O)C(NC(=S)N*)C(C)CC)C(=O)N*,14,3,Linker,---
*COC(=O)C=CC(CCC(N)=O)NC(=O)C(C*)NC(=O)C(NC(*)=O)C(C)C,14,3,Linker,---
*NCCNCCN*,14,2,Linker,--
*COC(=O)CCC(=O)N(*)CCCCC,14,2,Linker,--
*CC(NC(=O)C(NC(*)=O)C(C)CC)C(=O)OC,14,2,Linker,--
*CC(*)(O)CN(C)CC(=O)N*,14,3,Linker,---
*C(=O)NCCSSCCNC(*)=O,14,2,Linker,--
*CC(C*)C(=O)N(C)C,14,2,Linker,--
*CC(N=C(N*)N*)C(=O)N*,14,4,Linker,----
*CCC(NC(CC(C)C)C(=O)NC(C*)C(=O)NC)C(=O)O,14,2,Linker,--
*C(*)(C)C(C)C,14,2,Linker,--
*SCCCCCCCC(*)=O,14,2,Linker,--
*CN(C#N)C(*)=O,14,2,Linker,--
*OCC(=O)NCC(*)=O,14,2,Linker,--
*CC(*)(*)NC(*)=O,14,4,Linker,----
*CNC(=O)CC(*)NC(C)=O,14,2,Linker,--
*NN=C(C#N)C(=O)N*,14,2,Linker,--
*CN(C(*)=O)C(*)C(=O)NC(C)(C)CC,14,3,Linker,---
*CCCCC(CC*)O*,14,3,Linker,---
*SC(*)(C)C,14,2,Linker,--
*CC(CO)NC(=O)CC(CC=C)C(*)=O,14,2,Linker,--
*CC(=O)NCCCN(*)CC,14,2,Linker,--
*C(=O)NC(C)(C)C(*)=O,14,2,Linker,--
*C(=O)N(*)CC(=O)OC,14,2,Linker,--
*NC(=O)CCCNC(=O)C(*)C,14,2,Linker,--
*C(*)NO,14,2,Linker,--
*CN(CCO)CCC(*)=O,14,2,Linker,--
*CC(=O)NC(CC(C)C)C(=O)NC(C*)C(=O)N(C)CCCC,14,2,Linker,--
*CCCNC(=NC#N)N*,14,2,Linker,--
*C(=O)C(NS(C)(=O)=O)C(*)*,14,3,Linker,---
*CNC(*)C(=O)O*,14,3,Linker,---
*COC(=O)NS(*)(=O)=O,14,2,Linker,--
*CN(CCCC(C)N*)C(*)=O,14,3,Linker,---
*NC(=O)C(*)C(C)CC,14,2,Linker,--
*CN(*)C(=O)CCO*,14,3,Linker,---
*CCC(=O)N(C*)C(C)C,14,2,Linker,--
*CC(NC(*)=O)C(=O)NC(C*)C(O)CC(O)C(C)C,14,3,Linker,---
*C(O)CNC(*)C,14,2,Linker,--
*CC(CC(*)=O)C(C)C,14,2,Linker,--
*CC(N)C(=O)N(C)C(C)C(=O)NC(C*)C(=O)NC(*)C(=C)C(N)=O,14,3,Linker,---
*C(*)CNS(=O)(=O)CC,14,2,Linker,--
*CC(NC(=O)C(CC(C)C)N(C)C*)C(=O)NC(C)(C)C,14,2,Linker,--
*CNC(=S)N=*,14,2,Linker,-=
*COC(=O)NC(CC(C)C)C(=O)NC(CC)C(=O)C(=O)NCC(*)O,14,2,Linker,--
*CC(C*)OC,14,2,Linker,--
*C(=O)CC(*)NN=C(*)N,14,3,Linker,---
*CC(*)NCP(=O)(O)O,14,2,Linker,--
*CC(N)C(=O)NC(C*)C(=O)NC(CCCC)C(=O)NC(CCCNC(=N)N)C(N)=O,14,2,Linker,--
*CN(C)C(*)CC,14,2,Linker,--
*CCC(C)N(C)S(*)(=O)=O,14,2,Linker,--
*C(=N)NOC(=O)CN(C)S(*)(=O)=O,14,2,Linker,--
*NC(=O)OCC#CCO*,14,2,Linker,--
*OC(=O)C(C)(C)O*,14,2,Linker,--
*CCC(=O)NCCCCN*,14,2,Linker,--
*CNCC(NC(=O)CC(=O)N*)C(O)CCC,14,2,Linker,--
*CCNC(=O)C(*)N(C)C,14,2,Linker,--
*C#CC(*)(OC*)C(F)(F)F,14,3,Linker,---
*NC(*)O,14,2,Linker,--
*C=CC(=O)NCC(=O)NN=C(*)C,14,2,Linker,--
*C(*)=CCCN(C)C,14,2,Linker,--
*CNC(=O)CN(CC)CC(=O)N*,14,2,Linker,--
*CC(C)(NC(=O)O*)C(=O)NCC(*)NC(=O)CCC(=O)O,14,3,Linker,---
*C(=O)NCC(=O)N(*)C(*)C(=O)NC(C)(C)C,14,3,Linker,---
*C(=O)NCCC(=O)NC(*)CC(=O)O,14,2,Linker,--
*CC(NC(*)=O)C(O)C(O)C(C(=O)N*)C(C)C,14,3,Linker,---
*CNC(*)(*)C,14,3,Linker,---
*C(C)=NOCCCCON=C(*)CCC(=O)O,14,2,Linker,--
*C=CC(=O)COC(=O)C=C*,14,2,Linker,--
*CCC(*)CNC(=O)N*,14,3,Linker,---
*CC(NC(*)=O)C(=O)NC(C*)C(=O)NC(CC(C)C)C(*)=O,14,4,Linker,----
*CC(C)NCC(=O)N*,14,2,Linker,--
*C(=O)CNC(*)C,14,2,Linker,--
*C(*)C(=O)NCCCCCCCCCCCC,14,2,Linker,--
*C(=O)[C-](*)C=C(C#N)C(=O)OCC,14,2,Linker,--
*NC(*)P(=O)(OCCCC)OCCCC,14,2,Linker,--
*NC(=O)CCC(=O)N(*)C(*)C(=O)NCCOC,14,3,Linker,---
*C(=O)C(*)CCCN=C(N)N,14,2,Linker,--
*C=CC(=O)NC(CCC(*)=O)C(=O)N*,14,3,Linker,---
*S(=O)(=O)NC(=O)NCC=*,14,2,Linker,-=
*CNC(=O)NCC(*)C,14,2,Linker,--
*CCNS(=O)(=O)NS(=O)(=O)NCC*,14,2,Linker,--
*CC(NC(*)=O)C(=O)NC(CCCNC(=N)N)C(N)=O,14,2,Linker,--
*CCCC(CC*)COS(=O)(=O)O,14,2,Linker,--
*C#CC(*)*,14,3,Linker,---
*CC(NC(=O)C(C)C(*)OC)C(=O)O,14,2,Linker,--
*COCC(O)CN(C)C*,14,2,Linker,--
*CCCCNC(=O)CC*,14,2,Linker,--
*CCC(N)P(=O)(O)CC(C*)C(=O)NC(C*)C(N)=O,14,3,Linker,---
*COC(=O)NC(C(=O)NC(C*)C(=O)NO)C(C)CC,14,2,Linker,--
*CCNC(=O)CN(*)CC(=O)N(*)C,14,3,Linker,---
*OCC(*)(C)O,14,2,Linker,--
*N=C(S)OCCNC(*)=O,14,2,Linker,--
*CC(C)=NNS(*)(=O)=O,14,2,Linker,--
*CCCCCCCCCCOC(*)=O,14,2,Linker,--
*C(*)=NOCCCC(=O)O,14,2,Linker,--
*CC(=O)OCC(=O)NC(*)C,14,2,Linker,--
*CC(C(=O)O)N(C)C(*)=O,14,2,Linker,--
*CC(N)C(=O)NC(CCCNC(=N)N)C(=O)NC(C*)C(=O)NCC(N)=O,14,2,Linker,--
*CCN(CC(*)=O)S(C)(=O)=O,14,2,Linker,--
*CCCCC(=O)NCCOCCOCCOCC*,14,2,Linker,--
*CCCC(=O)ONC(*)=N,14,2,Linker,--
*CCOCC(=O)NC(C(*)=O)C(C)(C)C,14,2,Linker,--
*CC(=O)NC(*)CC(=O)OCC,14,2,Linker,--
*B(*)OCCN,14,2,Linker,--
*CC(O)CNC(=O)N*,14,2,Linker,--
*C(*)(CC)OC,14,2,Linker,--
*CSC(=O)C(*)(C)O,14,2,Linker,--
*OS(=O)(=O)O*,14,2,Linker,--
*CCCCP(=O)(O)CC(*)=O,14,2,Linker,--
*N(C(=O)CCC)S(*)(=O)=O,14,2,Linker,--
*CC(NC(*)=O)C(=O)NC(C)C(=O)N*,14,3,Linker,---
*CC(=O)NC(C*)C(=O)NC(C*)C(N)=O,14,3,Linker,---
*COP(=O)(NC(C(=O)OCC)C(C)C)O*,14,2,Linker,--
*CC(*)(O)CNC(*)=O,14,3,Linker,---
*CC(N)C(=O)NC(CCCCN)C(=O)N*,14,2,Linker,--
*CC(NC(C)=O)C(=O)O*,14,2,Linker,--
*NC(=O)CCN(*)S(*)(=O)=O,14,3,Linker,---
*CNC(=O)NC(*)CC,14,2,Linker,--
*NC(=S)NC(=O)C(*)*,14,3,Linker,---
*CCC(=O)N(*)CC=C(C)C,14,2,Linker,--
*C=CCCCCO*,14,2,Linker,--
*COC(=O)C(NP(=O)(O*)OC*)C(C)C,14,3,Linker,---
*OC(=O)C(O)C(C=C(C)C)NC(*)=O,14,2,Linker,--
*CNCCCCC(N*)C(=O)NO,14,2,Linker,--
*C#CCN(C)C*,14,2,Linker,--
*CC(=O)OCCCCO*,14,2,Linker,--
*C(=O)C(*)P(=O)(O)O,14,2,Linker,--
*OC(=O)CC(*)*,14,3,Linker,---
*CC(O)CNC(*)C*,14,3,Linker,---
*C=CC(*)*,14,3,Linker,---
*NC(=O)C(N*)C(C)C,14,2,Linker,--
*CC(NC(=O)C(C*)NC(*)=O)OC(C)=O,14,3,Linker,---
*C(C=*)(CC)CC,14,2,Linker,-=
*NC(=O)C(*)(O)CC,14,2,Linker,--
*C=C(CCCCC*)C(=O)O,14,2,Linker,--
*SC(=N)N,14,1,Sub,-
*CNC(C(=O)O)C(C)C,14,1,Sub,-
*C=C(Cl)C(F)(F)F,14,1,Sub,-
*S(=O)(=O)CCCCCCCCCC,14,1,Sub,-
*NC(CS)C(=O)O,14,1,Sub,-
*NC(NC(C)=O)(C(=O)OC)C(F)(F)F,14,1,Sub,-
*C(COC(C)=O)OC(C)=O,14,1,Sub,-
*OCCNC(=O)CN(C)C,14,1,Sub,-
*=CCOC(C)=O,14,1,Sub,=
*C(O)=CC(=N)C(=O)OC,14,1,Sub,-
*CCCCCCCC=CCC(O)CCCCCC,14,1,Sub,-
*CCC(O)C(C)(C)O,14,1,Sub,-
*NCCCCCCN(CC)CC,14,1,Sub,-
*=CCOCC(=O)O,14,1,Sub,=
*C(C)=C(C)C,14,1,Sub,-
*C(=O)C(CCCCN)NC(C)=O,14,1,Sub,-
*C(=O)NC(CO)CCSC,14,1,Sub,-
*C(O)C(C)NC,14,1,Sub,-
*CNCC(C)(C)O,14,1,Sub,-
*NCC(O)C(O)C(O)CO,14,1,Sub,-
*C(=O)NCCCCCCCCCCCCCCC,14,1,Sub,-
*C(=O)C(CC(C)(C)C)N(C)C,14,1,Sub,-
*C(C)=C(C)C(=O)NCC=C,14,1,Sub,-
*CCCCCCCCC(=O)NO,14,1,Sub,-
*CC(=O)NC(CCCNC(=N)N)C(=O)O,14,1,Sub,-
*C(=O)OCC(CC)CC,14,1,Sub,-
*CNC(=O)CCCCCC,14,1,Sub,-
*C(=O)NNCCO,14,1,Sub,-
*NC=CC(=C(C#N)C#N)N(C)C,14,1,Sub,-
*OCCC(F)F,14,1,Sub,-
*CNC(CCSC)C(=O)O,14,1,Sub,-
*=NOCCO,14,1,Sub,=
*S(=O)(=O)N(C)CCN(C)C,14,1,Sub,-
*NC(=O)CCCCCCC(=O)C(=O)NC,14,1,Sub,-
*C(=O)CNC(=O)C=C,14,1,Sub,-
*C(=O)C(=O)NC(C)C(=O)OCC,14,1,Sub,-
*C(=O)NC(C(=O)O)C(C)(C)C,14,1,Sub,-
*C(=O)NC(CCC(=O)O)C(N)=O,14,1,Sub,-
*CNC(=O)NCCOC,14,1,Sub,-
*CN(CC#N)S(=O)(=O)N(C)C,14,1,Sub,-
*S(=O)(=O)CCN(CC)CC,14,1,Sub,-
*C(C)NS(N)(=O)=O,14,1,Sub,-
*C([2H])([2H])O,14,1,Sub,-
*C(=O)C(C)(C)C#N,14,1,Sub,-
*CCNC(=O)CBr,14,1,Sub,-
*OCCCCOC,14,1,Sub,-
*NC(=O)NC(C)COC,14,1,Sub,-
*NCC(C)=O,14,1,Sub,-
*C(=O)NCC(C)CO,14,1,Sub,-
*NC(=O)NCCOCC,14,1,Sub,-
*C[S+](C)C,14,1,Sub,-
*C(=O)C(=O)NC(C)C(=O)O,14,1,Sub,-
*NCCCC(=O)NO,14,1,Sub,-
*C(=O)NCCOCC(F)(F)F,14,1,Sub,-
*C(=O)NC(CC(C)C)C(=O)NC(CCSC)C(N)=O,14,1,Sub,-
*C=CC(=O)CC(C)=O,14,1,Sub,-
*C(S)=NC(C)C,14,1,Sub,-
*NC(=O)OCCN(C)C,14,1,Sub,-
*C(C)(C)NC(=O)OC(C)(C)C,14,1,Sub,-
*NC(C)(C)CCO,14,1,Sub,-
*C(=O)NN(CC(N)=O)C(=O)C=CC(=O)OCC,14,1,Sub,-
*NC(=O)CNS(C)(=O)=O,14,1,Sub,-
*COCCOCC,14,1,Sub,-
*C(C)C(=O)CCC(C)CO,14,1,Sub,-
*CCS(=O)(=O)N(C)C,14,1,Sub,-
*OCC(O)CN(CCCC)CCCC,14,1,Sub,-
*CC(=O)NCCNC(C)=O,14,1,Sub,-
*OCN(C)C,14,1,Sub,-
*C(C)C=CC=C,14,1,Sub,-
*COP(O)(O)=S,14,1,Sub,-
*OCC(C)NC(=O)C(C#N)C(C)(C)C,14,1,Sub,-
*C(N)=NN,14,1,Sub,-
*[124I],14,1,Sub,-
*N(CCN)CCN,14,1,Sub,-
*C(C)CCC(CC)C(=C)C,14,1,Sub,-
*C(=O)NCCN=C(N)N,14,1,Sub,-
*NC(=O)NN(C)C,14,1,Sub,-
*CCOC(C)(C)C,14,1,Sub,-
*S(=O)(=O)NC(C(=O)OC)C(C)C,14,1,Sub,-
*OCCCCN(CCC)CCC,14,1,Sub,-
*CCCCCCCCCCCCO,14,1,Sub,-
*OC(=O)C(NC(=O)OC(C)(C)C)C(C)CC,14,1,Sub,-
*C=NNC,14,1,Sub,-
*CC(=O)OCC=C,14,1,Sub,-
*NC(=O)CNC(=N)NC(=O)NC,14,1,Sub,-
*C(=O)N(CC)CC(=C)C,14,1,Sub,-
*C(=O)NCC(F)CO,14,1,Sub,-
*NC(=O)NC(C)CCl,14,1,Sub,-
*CC(NCCN)C(=O)O,14,1,Sub,-
*C=NOC(C)=O,14,1,Sub,-
*NC(=O)COCCC,14,1,Sub,-
*C(C)CC(C=C(C)C)OC,14,1,Sub,-
*C(=O)NC(C(=O)NC(C(N)=O)C(C)C)C(C)CC,14,1,Sub,-
*COP(=O)(NC(C)C(=O)OCC(C)(C)C)NC(C)C(=O)OCC(C)(C)C,14,1,Sub,-
*C(NC(=O)OC(C)(C)C)C(C)CC,14,1,Sub,-
*=CF,14,1,Sub,=
*CC(NC(=O)C(N)CCCCN)C(=O)OC,14,1,Sub,-
*CC(=O)NC(C)COC,14,1,Sub,-
*NNC,14,1,Sub,-
*C=CC=CS(=O)(=O)F,14,1,Sub,-
*C[N+](C)(C)CCCCCCCCCCCCCCCCCC,14,1,Sub,-
*NCCNCCN,14,1,Sub,-
*CC(=O)NCC(C)(C)N,14,1,Sub,-
*NC(=O)C(C#N)=CN(C)C,14,1,Sub,-
*COC(=O)C(N)CCSC,14,1,Sub,-
*N(CCN(C(C)C)C(C)C)C(=O)N(C)C,14,1,Sub,-
*NC(=O)C(C)N(C)C,14,1,Sub,-
*OC(=O)CCCCCCCC=CCC=CCC=CCC,14,1,Sub,-
*CCCCNC(=O)C(C)(C)C,14,1,Sub,-
*CC(=O)N(CC=C)CC=C,14,1,Sub,-
*C(=O)NC(C)C(=O)NC(CCCNC(=N)N)C(=O)O,14,1,Sub,-
*C(=O)NCC(=O)C(C)(C)C,14,1,Sub,-
*CC(O)CCO,14,1,Sub,-
*NC(=O)NCCC(=O)OCC,14,1,Sub,-
*CCCCCCCCC=CCCCCCCCC,14,1,Sub,-
*NCCN(CCO)CCO,14,1,Sub,-
*C(C)CC(O)C=C(C)C(=O)O,14,1,Sub,-
*=NOCCCNC,14,1,Sub,=
*C(C)CCCN(CC)CC,14,1,Sub,-
*C(=O)CSCCC,14,1,Sub,-
*C(=O)OCOC,14,1,Sub,-
*N(C)C(=O)CN,14,1,Sub,-
*CC(=C)C(=O)O,14,1,Sub,-
*C(=O)OCCCCCCCCCCCCCCCCCC,14,1,Sub,-
*C(C)=C(C#N)C#N,14,1,Sub,-
*C=NOCCC(=O)O,14,1,Sub,-
*C(=O)NCCCS(C)(=O)=O,14,1,Sub,-
*CC=CC=CCC(=O)OC,14,1,Sub,-
*S(=O)(=O)NC(=O)CCCC,14,1,Sub,-
*CCOC(N)=O,14,1,Sub,-
*CCCCCCCCCCC(=O)N(C)CCCC,14,1,Sub,-
*CNS(=O)(=O)CCCCCCCC,14,1,Sub,-
*C(=O)OCCC#N,14,1,Sub,-
*NC(=O)CNCCOC,14,1,Sub,-
*CCC(C)C(=O)O,14,1,Sub,-
*C=C(CSC#N)C(=O)OC,14,1,Sub,-
*=CNCCN(C)C,14,1,Sub,=
*NC(S)=NCCO,14,1,Sub,-
*C(=O)COC(=O)C(C)(C)C,14,1,Sub,-
*CC(NC(=O)C(CCCNC(=N)N)NC(=O)C(N)CCC(N)=O)C(=O)NC(CO)C(=O)NC(CCCNC(=N)N)C(=O)O,14,1,Sub,-
*C(=O)NC(C(=O)NC(C=O)CC(C)C)C(C)C,14,1,Sub,-
*NCC=C(C)CCC=C(C)C,14,1,Sub,-
*NC(=O)C(C)=CCC,14,1,Sub,-
*NN=C(C(C)=O)C(=O)OCC,14,1,Sub,-
*NC(=O)C=CC(C)=CC(C)CCCCCC,14,1,Sub,-
*CN(C)CCC(=O)O,14,1,Sub,-
*C(CCC(N)=O)C(=O)O,14,1,Sub,-
*C(=O)NCC(F)(F)C(F)(F)F,14,1,Sub,-
*C(=O)CC[N+](=O)[O-],14,1,Sub,-
*C(=O)OCCCC[N+](C)(C)C,14,1,Sub,-
*CC(=O)N(C)CCN(C)C,14,1,Sub,-
*C(C#N)CC,14,1,Sub,-
*C(=O)C(C(C)C)N(C)C(=O)C(NC(=O)C(CC(C)C)N(C)C(=O)C(C)CC(C)CCCC)C(C)OC(C)=O,14,1,Sub,-
*OCCCCCO[N+](=O)[O-],14,1,Sub,-
*C(C)NC(=O)CO,14,1,Sub,-
*OC(=O)C(C)(O)CC,14,1,Sub,-
*CC(=O)ON,14,1,Sub,-
*C(C)(C)N(C)C,14,1,Sub,-
*C(=O)NNC(S)=NCCCOC,14,1,Sub,-
*CCCCC(=O)C(F)(F)C(F)(F)F,14,1,Sub,-
*OCCOCCOCC#C,14,1,Sub,-
*C(C)C(O)CC,14,1,Sub,-
*C(CS)C(=O)O,14,1,Sub,-
*C(=O)N(C)CCCCCC,14,1,Sub,-
*NC(=O)CCCCCCCN,14,1,Sub,-
*CNC(=O)N(CC)CC,14,1,Sub,-
*N(C)CCC(F)(F)F,14,1,Sub,-
*CSCCCCCCCCCCCC,14,1,Sub,-
*C(C)CCCC(C)(C)OC,14,1,Sub,-
*C(CCSC)C(=O)O,14,1,Sub,-
*C=CC(=O)OCCN(CC)CC,14,1,Sub,-
*CC(N)C(=O)NC(CCCNC(=N)N)C(=O)OC,14,1,Sub,-
*S(=O)(=O)CCCC#N,14,1,Sub,-
*CCNC(=O)CC(C)(C)C,14,1,Sub,-
*[As](O)O,14,1,Sub,-
*NC(=O)ON=C(C)C,14,1,Sub,-
*NS(=O)(=O)CCCF,14,1,Sub,-
*OCC(=O)NCCCN(CC)CC,14,1,Sub,-
*C(=O)NC(CO)C(=O)OCC,14,1,Sub,-
*OCC(=C)C(=O)OC,14,1,Sub,-
*C(C(=O)NCCS(N)(=O)=O)S(=O)(=O)CCOC,14,1,Sub,-
*C(=O)OCCOCCOC,14,1,Sub,-
*C(=O)NCC(=O)NCC(=O)O,14,1,Sub,-
*CC(N)CC(C)C,14,1,Sub,-
*S(=O)(=O)NCCCCCC,14,1,Sub,-
*CCN(CCCC)CCCC,14,1,Sub,-
*C(=O)CCCCCCCC(=O)NO,14,1,Sub,-
*SC(=O)N(CC)CC,14,1,Sub,-
*NC(=O)C(=O)N(C)C,14,1,Sub,-
*CCCCCCCC=C,14,1,Sub,-
*CCCCC(=O)C(F)(F)F,14,1,Sub,-
*SCSC,14,1,Sub,-
*C(=O)OCCC(C)N(C)C,14,1,Sub,-
*CNC(=O)CCCCCC(=O)NO,14,1,Sub,-
*C(=O)N(CCO)C(C)C,14,1,Sub,-
*C(=O)NC(CCCNC(=N)N[N+](=O)[O-])C(=O)OC,14,1,Sub,-
*N=C(S)NCC=C,14,1,Sub,-
*OC(C)OCC,14,1,Sub,-
*CNC(=O)OC(C)C,14,1,Sub,-
*S(=O)(=O)N(CC(=O)NO)OC(C)C,14,1,Sub,-
*C(=O)NCCCl,14,1,Sub,-
*C(=O)OCCCBr,14,1,Sub,-
*CCCC(=O)CC,14,1,Sub,-
*NC(C)CF,14,1,Sub,-
*NCC(=O)NN,14,1,Sub,-
*CCC=CC(C)C(O)C(C)C=C(C)CC(C)C(O)C(C)C(OC(N)=O)C(C)C=CC=C,14,1,Sub,-
*C(=O)C(CCCC)C(O)C(=O)NO,14,1,Sub,-
*COCCOC(C)C,14,1,Sub,-
*N(C)C(=O)C(F)(F)F,14,1,Sub,-
*C(=O)NC(CCCN=C(N)N)C(=O)CCl,14,1,Sub,-
*S(=O)(=O)N=[N+]=[N-],14,1,Sub,-
*CNC(=O)CCNC(=O)C(O)C(C)(C)CO,14,1,Sub,-
*OC(=O)NCC(=O)OCC,14,1,Sub,-
*SCCCCO,14,1,Sub,-
*OCC(O)CC,14,1,Sub,-
*CCCS(=O)(=O)NC,14,1,Sub,-
*=NC(=O)C(F)(F)F,14,1,Sub,=
*CC(=O)NC(CC(C)C)C(=O)OC,14,1,Sub,-
*C(=O)NNC(=O)CC,14,1,Sub,-
*C(=O)CCCCCCCCCC,14,1,Sub,-
*CS(=O)(=O)C(C)C,14,1,Sub,-
*S(=O)(=O)CCC(=O)OC,14,1,Sub,-
*CNC(=O)CNC,14,1,Sub,-
*COC(=O)C=CC(=O)O,14,1,Sub,-
*S(=O)(=O)CCCOC,14,1,Sub,-
*C=CP(=O)(O)CC(O)CC(=O)O,14,1,Sub,-
*CC(C)=NNC(N)=S,14,1,Sub,-
*NC(=O)CC[N+](C)(C)C,14,1,Sub,-
*COCCC(C)C,14,1,Sub,-
*OC(=O)CN(CC)CC,14,1,Sub,-
*CNCC(C)(C)CN(C)C,14,1,Sub,-
*CC(C)(C)OC,14,1,Sub,-
*NCC(=O)NC(N)=O,14,1,Sub,-
*OCCCN(CCCCCCCC)C(=O)C(N)CCCCN,14,1,Sub,-
*c1ccc2c(c1)NCC(=*)N2,13,2,Ring,-=
*c1c2c(n(*)c1*)N=CNC2=*,13,4,Ring,---=
*c1oc2c(c1*)C1=NCCN1C=N2,13,2,Ring,--
*c1ccc2[nH]c3c4c(c5c(c3c2c1)CNC5=*)-c1cn(*)nc1CC4,13,3,Ring,-=-
*c1cc(*)c2c(c1)C(=*)NC(*)(*)C(=*)N2,13,6,Ring,--=--=
*C1Cc2cc3c(cc2C(=*)C(*)S1)OCO3,13,3,Ring,-=-
*C1CCC2C(CCC3(*)C(*)CCC23)C1,13,3,Ring,---
*C1NC(=*)CC=CC(*)C(*)COC(=*)CC=CC(*)C(*)COC1=*,13,8,Ring,-=--=--=
*C1=CCC2(*)C(=*)CCCC2(*)CC1,13,4,Ring,--=-
*C1CC2N(CCC23C(=*)Nc2ccccc23)CC1*,13,3,Ring,-=-
*N1C(=*)N(*)C2C1N(*)C(=*)N2*,13,6,Ring,-=--=-
*c1cccc2c[n+](*)ccc12,13,2,Ring,--
*c1c2c(c(*)c3c1OC14C(C3=*)C(*)C3CC1C(*)(*)OC4(*)C3=*)C=CC(*)(*)O2,13,10,Ring,--=----=--
*c1nn[n-]n1,13,1,Ring,-
*C1=C(*)C(*)Oc2cc(*)ccc21,13,4,Ring,----
*c1ccc2nc(*)c3ccccc3c2c1,13,2,Ring,--
*c1noc2c(*)ncnc12,13,2,Ring,--
*c1ccc(*)c2c1OCC1(*)CC(*)CCC21*,13,5,Ring,-----
*C1C=CC23c4cc5c(cc4C(*)N(CC2*)C3C1)OCO5,13,3,Ring,---
*c1cc2ccccc2n2c(*)nnc12,13,2,Ring,--
*c1cc2c(*)nnc(*)c2cn1,13,3,Ring,---
*C1CC2(OC1=*)c1ccccc1N1C(=*)C(*)(*)N(*)C12,13,6,Ring,-==---
*c1cc(*)c2c(c1)CN(*)CO2,13,3,Ring,---
*c1nc(*)c2onc(*)c2n1,13,3,Ring,---
*c1nc2cc3nc(*)n(*)c3cc2nc1*,13,4,Ring,----
*C1COC2(COC(*)(*)O2)C(*)(*)C1*,13,6,Ring,------
*C1=CC(*)C(*)CC1=*,13,4,Ring,---=
*C1=CC2(*)C(CCC3(*)C2CC=C2C4C(*)C(*)CCC4(*)CCC23*)C(*)(*)C1=*,13,10,Ring,---------=
*C1(*)Cc2ccccc2O1,13,2,Ring,--
*C1=C(*)N2C(=*)C(*)C2OC1,13,4,Ring,--=-
*C1=NC2CC=C3CC4C(=*)CC5(*)C(*)C(*)CC5(*)C4CCC3C2(*)CO1,13,7,Ring,-=-----
*c1ncc2c(*)csc2n1,13,2,Ring,--
*c1ccc2c(c1)CCC1C2CCC(=*)N1*,13,3,Ring,-=-
*C1CCC2(C1)CN(*)C2,13,2,Ring,--
*c1ccc2nc3c(c(*)c2c1)CN(*)CC3,13,3,Ring,---
*c1cccc2scc(*)c12,13,2,Ring,--
*C1CCC2C(*)OC(=*)N2C1,13,3,Ring,--=
*C1CC(*)C2(*)C(*)C(*)C3(*)C4(*)OCC3(*)C(CC4=*)C(*)C2C1=*,13,11,Ring,--------=-=
*c1sc2nc3c(cc2c1*)CC(*)CC3,13,3,Ring,---
*c1cc2c[n+](*)c3c4cc(*)c(*)cc4ccc3c2cc1*,13,5,Ring,-----
*C1=C(*)C2(*)C(*)C(*)C1(*)C2(*)*,13,8,Ring,--------
*C1=Cc2cc(*)ccc2OCC1,13,2,Ring,--
*c1cc2c([nH]1)CCN(*)C2=*,13,3,Ring,--=
*C1CSSC(*)(*)C(*)NC(=*)C(*)NC(=*)CNC(=*)C(*)N(*)C1=*,13,11,Ring,----=-==--=
*C1=CC2OC(CC=CC=CC(=*)OC3CC(C=CCC=C1)OC(*)C3(*)*)CC(*)C2*,13,7,Ring,-=-----
*c1ccc2cc3c(nc2c1)N(*)CC3,13,2,Ring,--
*C1=C(*)CSC1,13,2,Ring,--
*c1cc(*)c2c(c1)SSSSS2,13,2,Ring,--
*C12CCC(c3ccccc31)c1ccccc12,13,1,Ring,-
*c1cc2c(cc1*)C1CCC3(*)C(*)CCC3C1CC2=*,13,5,Ring,----=
*c1ccc2nc(*)c3c(c2c1)NCCC3,13,2,Ring,--
*C1=CC(*)C(*)OC(=*)C(*)C(*)NC(=*)C(*)N(*)C(=*)C(*)NC(=*)C(*)C1,13,13,Ring,---=--=--=-=-
*C1(*)Oc2cc3c(cc2C1=*)C=CC(=*)O3,13,4,Ring,--==
*c1nnc(*)c2c1cc(*)n2*,13,4,Ring,----
*c1ccc2sc3c(*)ncnc3c2c1,13,2,Ring,--
*C1=CC(=*)C2(*)OC2C1*,13,4,Ring,-=--
*c1ccc2c(c1)SC(*)CN2*,13,3,Ring,---
*C1=Nc2c(cc(*)c(*)c2*)C(=*)N1*,13,6,Ring,----=-
*C1=CN(*)CC2C1CC(*)C2(*)*,13,5,Ring,-----
*N1C(=*)c2ccccc2N2C(=*)c3ccccc3C12,13,3,Ring,-==
*c1cc2c(cc1*)OC1C(*)OC(=*)N1C2,13,4,Ring,---=
*N1CC2(*)CN(*)CC(*)(C1)C2,13,4,Ring,----
*c1cccc2nnsc12,13,1,Ring,-
*C1=CNC(=*)S1,13,2,Ring,-=
*N1C(=*)Nc2[nH]ncc2C1=*,13,3,Ring,-==
*C1CSCCS(=*)(=*)N1,13,3,Ring,-==
*c1cccc2c(=*)c3c(*)ccc(*)c3c(=*)c12,13,5,Ring,-=--=
*C1CCC2(*)C(CCC3C4Cc5snnc5C4(*)CCC32)C1,13,3,Ring,---
*C1(*)CC2OCC3=CCCCC32O1,13,2,Ring,--
*c1cc(*)c2c(*)c(*)sc2c1,13,4,Ring,----
*c1cnc2ncccc2c1*,13,2,Ring,--
*c1nnc2c3cnn(*)c3ncn12,13,2,Ring,--
*c1cccc2c1N(*)CCO2,13,2,Ring,--
*C1=C(*)C(=*)c2cc(*)c3c(*)ccc(*)c3c2O1,13,6,Ring,--=---
*c1oc2c3ccccc3n(*)c2c1*,13,3,Ring,---
*N1C(=*)NC2(CCCc3sccc32)C1=*,13,3,Ring,-==
*C1CC(=*)NC2CCc3ccccc3N(CC(=*)NC(*)CC(=*)N(*)CCCN1)C2=*,13,7,Ring,-==-=-=
*C1C2OC(*)(*)OC2C(*)N(*)C(=*)N1*,13,7,Ring,-----=-
*C1=C(*)NC(=*)N=C1,13,3,Ring,--=
*c1ccc2cnnc(*)c2c1,13,2,Ring,--
*C1CN2C(=*)OC(C2*)C(*)(*)C(*)OC(=*)C(*)C(*)C(*)C(*)C(*)(*)C1,13,13,Ring,-=----=------
*C1CC(*)n2ncnc2N1*,13,3,Ring,---
*c1cccc2c1SCC(=*)N2,13,2,Ring,-=
*C1C=CCOC1*,13,2,Ring,--
*C1CC2(CC2)C1,13,1,Ring,-
*C1C(*)C2C=CC1C1CC21,13,2,Ring,--
*C1=NC(=*)c2nc(*)cnc2N1,13,3,Ring,-=-
*c1ccc2c(c1)C(=*)c1cc(*)c(*)cc1-2,13,4,Ring,-=--
*c1cccc2c1N(*)Cc1cc3c(cc1-2)OCO3,13,2,Ring,--
*N1CCC2(*)CC1Cc1[nH]c3ccccc3c12,13,2,Ring,--
*c1coc2c1c(=*)c(=*)c1c3c(ccc12)C(*)(*)C(*)CC3,13,6,Ring,-==---
*c1cc2c(c3ccccc13)N=c1ccc(=*)cc1O2,13,2,Ring,-=
*c1ccc(*)n2nc3c(c12)CC(*)(*)CC3,13,4,Ring,----
*c1ccc2c(c1)C(=*)N1CCn3c(cc4cc(*)ccc43)C1N2*,13,4,Ring,-=--
*c1ncn2c1COC(*)C2,13,2,Ring,--
*c1nc2ccncc2c2c1C=CNC2=*,13,2,Ring,-=
*c1cc2c(c3c1C(=*)c1ccccc1O3)CC(*)C(*)(*)O2,13,5,Ring,-=---
*C1CC(*)(*)C2CCC3=CC(*)(*)CCC3C2(*)C1,13,6,Ring,------
*c1nc2c(ccc3onc(*)c32)s1,13,2,Ring,--
*c1ccc2c(c1)CNCCO2,13,1,Ring,-
*C1=CC(=*)c2ccccc2S1(=*)=*,13,4,Ring,-===
*C1=C(*)C23C(=CC1=*)CC(*)C2(*)Cc1cc(*)c(*)c(*)c13,13,8,Ring,--=-----
*c1ccc2cc1Oc1cccc(c1)COC1CN(*)CC1NC(=*)CN(*)C(=*)CC2,13,5,Ring,--=-=
*c1nc(*)c2c(n1)CCS2,13,2,Ring,--
*c1cc(*)c2c(c1*)Oc1c(*)ccc(*)c1C2=*,13,6,Ring,-----=
*C1=CC(*)C2(C(=*)Nc3cc(*)ccc32)C1*,13,5,Ring,--=--
*C1CC2C(*)(*)CCC(*)C2(*)C(=*)CCC2C=C1C(=*)C2=*,13,8,Ring,-----===
*=[N+]1CCCCC1,13,1,Ring,=
*c1nn(*)c2c(*)nccc12,13,3,Ring,---
*c1cc2ccsc2s1,13,1,Ring,-
*C1Nc2cccc3cccc(c23)NC1=*,13,2,Ring,-=
*C1C2C3(*)C(=*)C=CC2(OC3=*)C2CCC3(*)CC12C(=*)C3=*,13,7,Ring,--==-==
*c1cc(*)c2c(c1)C1(*)C(=*)CCCC1N2,13,4,Ring,---=
*c1ccc2c(c1)C(=*)c1c(c(*)nc3ccccc13)S2,13,3,Ring,-=-
*C1=C2CC3C(CCC4CC(*)CCC43*)C2CCC2(C1)OC1CC(*)CNC1C2*,13,5,Ring,-----
*c1cc2nc(*)c(*)cc2[nH]1,13,3,Ring,---
*c1scc2c1C(=*)N(*)C(=*)N2,13,4,Ring,-=-=
*c1ccc2c(c1)C(*)c1ccccc1S2,13,2,Ring,--
*N1CN(*)CN(*)C1,13,3,Ring,---
*C1COC(*)(*)C(=*)N1*,13,5,Ring,---=-
*C1=CC(*)(*)C=C(*)C1=*,13,5,Ring,----=
*c1cc(*)c2c(c1)C1C(*)c3c(*)cc(*)cc3C1C2*,13,6,Ring,------
*c1cc2c(c(*)c1*)CC1c3c(c(*)c(*)c(*)c3-2)CCN1*,13,7,Ring,-------
*C1CN2CCOCC2CO1,13,1,Ring,-
*N1CC2(CCNCC2)c2ccccc21,13,1,Ring,-
*c1cccc2c1C1CC(*)CCN1C2=*,13,3,Ring,--=
*c1cccc2c1NC1=C(CCCC1)C2=*,13,2,Ring,-=
*=C1c2ccccc2Oc2ccccc21,13,1,Ring,=
*c1cc2c(c(*)c1*)C(=*)C(*)(*)C2*,13,7,Ring,---=---
*c1ccc2c(=*)c3cccc4ccnc(c2c1)c43,13,2,Ring,-=
*C1(*)CCC2(*)C3CC4OC45CC=CC(=*)C5(*)C3CCC12*,13,6,Ring,---=--
*C1=CC(=*)N(*)C2=C1C(=*)CC2,13,4,Ring,-=-=
*c1ccc2c(c1)c1c(*)ncc(*)c1n2*,13,4,Ring,----
*C1C2C3N(*)CC4(*)C(*)CC(*)C3(C3CC5(*)C(*)CC2(*)C3C5*)C14,13,9,Ring,---------
*c1ccc2c(c1)C1C(CO2)C(*)C2(*)C(=*)Nc3cc(*)c(*)cc3C(=*)N12,13,7,Ring,---=--=
*C1=Cc2ccc3c(c2OC1=*)C(*)C(*)C(*)(*)O3,13,6,Ring,-=----
*C1NC(=*)CNC(=*)C2CCCN2C(=*)C(*)NC(=*)C(*)NC(=*)C(*)NC1=*,13,10,Ring,-===-=-=-=
*c1cc2c(c(*)c1*)C(*)N(*)CC2,13,5,Ring,-----
*C1=CC(*)OC(*)=N1,13,3,Ring,---
*c1cncc2[nH]nc(*)c12,13,2,Ring,--
*C1=C2Sc3cc(*)ccc3N=C2CC(*)C1,13,3,Ring,---
*c1ccc2[nH]c3c(c2c1)CCOC31CCN(*)CC1,13,2,Ring,--
*c1cc(*)c2c(n1)NC(*)NC2=*,13,4,Ring,---=
*N1CCCCCNC(=*)C2CCCC21,13,2,Ring,-=
*C1=C(*)C(*)CCC1,13,3,Ring,---
*c1snc2ccccc12,13,1,Ring,-
*C1=CC(*)C2C(*)(*)CCCC2(*)C1(*)*,13,7,Ring,-------
*c1cccc2c1SN(*)C2=*,13,3,Ring,--=
*c1ccc2c(c1)-c1c(c(*)nn1*)C(=*)O2,13,4,Ring,---=
*c1nc2c([nH]1)N1C(=NC3CCCC31)N(*)C2=*,13,3,Ring,--=
*C1(*)OCc2ccccc21,13,2,Ring,--
*C1=CCCC2C(*)(*)C(*)CC(*)C12*,13,6,Ring,------
*C1=C(*)N(*)c2ncccc2C1=*,13,4,Ring,---=
*c1ccc2c(c1)c(=*)c1c(*)ccc3nc(*)n2c31,13,4,Ring,-=--
*N1CCC2(CC1)NC(=*)Cc1ccccc12,13,2,Ring,-=
*c1cc2n(n1)C(=*)C=CN2*,13,3,Ring,-=-
*C1CC(*)C(*)(*)C(*)(*)C1,13,6,Ring,------
*C1=CC2C3OCOC3(*)CC(*)C2(*)C2C=C(*)C(=*)C2(*)C1,13,7,Ring,-----=-
*=c1ccccc1=*,13,2,Ring,==
*C1CC2c3ccccc3Cc3ccccc3C2O1,13,1,Ring,-
*c1cc(*)c2c(c1*)C(=*)N(*)CCN2*,13,6,Ring,---=--
*c1sc2c(c1*)CC(*)NC2,13,3,Ring,---
*C1CC(*)C2(N1)C(=*)Nc1ccccc12,13,3,Ring,--=
*c1ccc2c(c1)CN1CCC2(*)C1,13,2,Ring,--
*C1CC=CC2CN(*)C(=*)C12,13,3,Ring,--=
*c1ccc2c(c1)c1c(c3[nH]c(*)nc32)C=CNC1=*,13,3,Ring,--=
*C1c2sc3c(c2CCN1*)CCCC3,13,2,Ring,--
*c1cc2c(cc1*)CN1CCc3cc(*)c(*)cc3C1C2,13,4,Ring,----
*c1cccc2c1C(=*)CC(*)O2,13,3,Ring,-=-
*c1nnc2n1NC(=*)S2,13,2,Ring,-=
*C1=NC(=*)NC(=*)S1,13,3,Ring,-==
*c1ccc2[nH]c3c(c2c1)SC(*)C3,13,2,Ring,--
*[n+]1cccc2c3ccccc3ccc21,13,1,Ring,-
*c1ccc2nc3n(c2c1)C(*)SC3,13,2,Ring,--
*c1cccc2c1SCC(*)C(=*)N2*,13,4,Ring,--=-
*c1cc(*)c2c(c1)C(=*)N(*)O2,13,4,Ring,--=-
*c1ccc2c(c1)CCc1cc(*)ccc1N2,13,2,Ring,--
*N1N=Nc2sc3c(c2C1=*)CC(*)(*)OC3,13,4,Ring,-=--
*c1ccc2c(c1)OCC1c3cc(*)c(*)cc3OC21,13,3,Ring,---
*c1ccc2c(c1)C(*)Cc1ccccc1O2,13,2,Ring,--
*C1=C(*)N2C=CC=CC2=NC1=*,13,3,Ring,--=
*n1c2ccccc2[n+]2nc3c(cc12)-c1cccc2cccc-3c12,13,1,Ring,-
*c1ccc2c(c1)-c1ccc(*)cc1-2,13,2,Ring,--
*c1cnc2c(c1)CC1C3Cc4ccc(*)c5c4C1(CCN3*)C2O5,13,3,Ring,---
*c1cc2c(c(*)c1*)C(=*)c1c(*)cc(*)c(*)c1O2,13,7,Ring,---=---
*C1Cc2cccc3c2N(C1)C(=*)N3,13,2,Ring,-=
*c1nc2nc3c(c(*)c2s1)CCCC3,13,2,Ring,--
*B1OCc2cc(*)cc(*)c21,13,3,Ring,---
*c1[nH]c2cc3c(cc2c1*)OCO3,13,2,Ring,--
*c1ccc2c(c1)nc1nc(*)ccn12,13,2,Ring,--
*C1(*)c2ccccc2C=Cc2ccccc21,13,2,Ring,--
*c1cc2ccc3c(*)cc(*)c(*)c3c2cc1*,13,5,Ring,-----
*c1c2c(cc3c1OCO3)OC(=*)C=C2,13,2,Ring,-=
*c1c(*)n(*)c2sccc12,13,3,Ring,---
*C1CC2C(*)(CCC(*)C2(*)*)C2=C1C1(*)C(=*)CC(*)C1(*)CC2=*,13,10,Ring,------=--=
*C1=CCC2C(CC1*)OC(=*)C2*,13,4,Ring,--=-
*C1CC2CCC1CC2*,13,2,Ring,--
*C1=NC(=*)CC(=*)N1,13,3,Ring,-==
*C1=CCC2(CC1)OCCO2,13,1,Ring,-
*c1ccc2c(*)c3nnnc-3oc2c1*,13,3,Ring,---
*C1CC(*)C(*)CCN1,13,3,Ring,---
*c1cc2c(*)cc3cc4c(cc3c2cc1*)OCO4,13,3,Ring,---
*C1SCC(=*)C1*,13,3,Ring,-=-
*c1nc(*)c2c(nc(*)n2*)c1*,13,5,Ring,-----
*c1cc2n(n1)C(*)CNC2=*,13,3,Ring,--=
*c1cc2c(nc1*)[nH]c1ccccc12,13,2,Ring,--
*C1=NN=C2N(*)N=C(*)N2C1=*,13,4,Ring,---=
*c1cc2c(c3c1C(=*)c1cc4ccccc4nc1N3*)C(*)C(*)C(*)(*)O2,13,7,Ring,-=-----
*c1ncnc2c1c1ccccc1n2*,13,2,Ring,--
*[N+]1=C2CCCCCN2C(*)(*)C1,13,3,Ring,---
*c1ccc2oc3ccccc3c2c1*,13,2,Ring,--
*c1ncc2c(n1)C(*)(*)C1CCC3(*)C(CC(*)C4C(*)CCC43*)C1(*)C2,13,8,Ring,--------
*C1=CN2C(=C(*)C1=*)C(=*)N(*)CC2*,13,6,Ring,--==--
*C1CC2C3(*)CCC4C(*)(*)CCCC4(*)C3CC(*)C2(*)C(*)C1*,13,9,Ring,---------
*N1C(=*)N2CCC(*)(*)c3cccc1c32,13,4,Ring,-=--
*c1cnc2c(c1)NC(=*)CN2*,13,3,Ring,-=-
*c1ccc2c(c1)OC(*)C2*,13,3,Ring,---
*c1cc2c(cc1*)C(=*)N(*)N=C2,13,4,Ring,--=-
*c1ccc2c(c1*)OC(*)C(*)C2,13,4,Ring,----
*C1CC(=*)c2cc3c(cc2N1)OCO3,13,2,Ring,-=
*C1CN(*)c2cnccc2C(*)N1*,13,4,Ring,----
*C1=NN(*)C(=*)c2cccnc21,13,3,Ring,--=
*C1COC2(*)CC1OC(=*)C2=*,13,4,Ring,--==
*C1Cc2cn(*)nc2N(*)C1=*,13,4,Ring,---=
*C1=NN(*)C2(S1)C1CCCC2C(*)NC1*,13,4,Ring,----
*C1=CC(=*)Oc2c1ccc1oc(*)cc21,13,3,Ring,-=-
*c1ncn2c1C(*)(*)N(*)c1ccccc1-2,13,4,Ring,----
*C1CC(=*)Nc2ccccc2S1,13,2,Ring,-=
*C1=CC(*)(*)Oc2cc(*)cc(*)c21,13,5,Ring,-----
*C1SCC(=*)N(*)C1=*,13,4,Ring,-=-=
*c1cnn2c1NCCC2,13,1,Ring,-
*c1ccc2c(n1)CCNC2=*,13,2,Ring,-=
*C1=NN(*)C(=*)n2c(*)nc(*)c21,13,5,Ring,--=--
*c1cc2c(n1*)CCCCC2,13,2,Ring,--
*c1cc2c(*)ncn2c2ccccc12,13,2,Ring,--
*c1[nH]nc2c1CCc1ccccc1-2,13,1,Ring,-
*c1cc2c(cc1*)C(=*)N1c3ccccc3CC1C=N2,13,3,Ring,--=
*C1NC(=*)CNC(=*)C(*)NC(=*)CNC(=*)C2CCCN2C(=*)C(*)NC(=*)CNC1=*,13,10,Ring,-==-===-==
*C1=c2nc(*)ncc2=CN(*)C1=*,13,4,Ring,---=
*C1CCC2C(C=CC(*)C2(*)*)C1,13,4,Ring,----
*c1cccc2c1NC(=*)C2,13,2,Ring,-=
*C1Cc2cc3ccoc3cc2C2(*)CCCC(*)(*)C12,13,4,Ring,----
*c1cnc2[nH]ncc2c1*,13,2,Ring,--
*N1CCC2(CC1)C(=*)NC(*)(*)CS2(=*)=*,13,6,Ring,-=--==
*c1cccc2c1OC(=*)CN2*,13,3,Ring,-=-
*c1ccc2c3c(n(*)c2c1)CCCN(*)C3,13,3,Ring,---
*c1ccc2c(ccc3sc4c(c32)NCC(*)NC4=*)n1,13,3,Ring,--=
*c1cccc2c1C(*)C13CC(=*)C(*)(CCC21)C3,13,4,Ring,--=-
*C1N(*)c2ccccc2-c2nc3ccccc3n21,13,2,Ring,--
*c1ccc2c(c1)NC1=C(C(=*)CCC1)C(*)N2*,13,4,Ring,-=--
*C1SCCc2sccc21,13,1,Ring,-
*C1=Nc2cccc(*)c2S(=*)(=*)N1*,13,5,Ring,--==-
*c1c[nH]c2c(*)c3c(=*)c4ccccc4c(=*)c3c(*)c12,13,5,Ring,--==-
*N1c2ccccc2NS1(=*)=*,13,3,Ring,-==
*C1CN(*)CCS(=*)(=*)C1,13,4,Ring,--==
*C1CCC2(*)C(CCC3C2CCC2(*)C(*)CC(*)C32)C1,13,5,Ring,-----
*C1=NC(*)(*)CS2(=*)=NCCCCN12,13,4,Ring,---=
*c1cc(*)c2c(*)c(*)[nH]c2c1*,13,5,Ring,-----
*C1CCC(*)(*)C23OC(*)(*)C(CC(*)C12*)C3*,13,8,Ring,--------
*c1cc2c(*)c(*)n(*)c2c(*)n1,13,5,Ring,-----
*N1CCNCCN(*)CCNCC1,13,2,Ring,--
*c1cc2nnc3c(*)nn(*)c3c2cc1*,13,4,Ring,----
*C1=C(*)C(=*)N2CCCCC2=N1,13,3,Ring,--=
*N1CC23C=CC(CC2S1(=*)=*)O3,13,3,Ring,-==
*N1C(=*)N2CCCCN2C1=*,13,3,Ring,-==
*c1cc2c(*)c(*)c3cc(*)c(*)cc3c2cc1*,13,6,Ring,------
*c1cc(*)c2c(c1)Oc1c(*)c(*)cc(*)c1C2=*,13,6,Ring,-----=
*c1ccc2c(c1)CCc1c-2c2c(c3c4ccccc4n(*)c13)CNC2=*,13,3,Ring,--=
*C1=CC2(*)CC(*)C1C1C(=*)N(*)C(=*)C12,13,6,Ring,---=-=
*C1CC(=*)c2ccccc2N1*,13,3,Ring,-=-
*C1CC2(*)C(CC=C3C4CC(*)(*)CCC4(*)CCC32*)C2(*)CCC(*)C(*)(*)C12,13,10,Ring,----------
*C1C2C=C3C4CC(=*)OC(*)C4(*)CCC3C(*)(C2=*)C(*)C1(*)*,13,9,Ring,-=---=---
*c1cccc2c1C(=*)c1ccccc1O2,13,2,Ring,-=
*C1=CNC(=*)c2c1cc(*)c1ccc(*)cc21,13,4,Ring,-=--
*N1CCCCCc2ccccc21,13,1,Ring,-
*c1nc(*)c2ccc3c(c2n1)CCC3,13,2,Ring,--
*N1N=CSC1=*,13,2,Ring,-=
*c1ccc2c(c1)CC1OC=C3C1C2(*)CCC31OCCO1,13,2,Ring,--
*c1c[se]cc1*,13,2,Ring,--
*c1sc2c(c1*)C(=*)NC(=*)N2*,13,5,Ring,--==-
*N1CCC2(CC1)CCC(*)(*)CC2,13,3,Ring,---
*C1=CC(*)(*)OCC1=*,13,4,Ring,---=
*C1NC(=*)C(*)NC(=*)C(*)NC(=*)C(*)NC(=*)C(*)NC(=*)C(*)NC(=*)C(*)NC1=*,13,14,Ring,-=-=-=-=-=-=-=
*c1ccc2c(c1)NCCCC2,13,1,Ring,-
*c1c(*)c(=*)c2c(c1=*)NCCS2(=*)=*,13,6,Ring,--====
*C1C2=C(CCCC2=*)Oc2ccc3ccccc3c21,13,2,Ring,-=
*n1c2ccccc2c2cc3ccccc3nc21,13,1,Ring,-
*C1=CC(=*)N2C(=N1)NC(*)=NC2*,13,4,Ring,-=--
*c1ccc2c(c1)CC[N+]1(*)CCc3ccccc3C21,13,2,Ring,--
*c1cc2c(=*)c(=*)oc2c(*)c1*,13,5,Ring,-==--
*N1CCCSc2ccccc21,13,1,Ring,-
*C1CC=CC(*)N(*)C1=*,13,4,Ring,---=
*c1ncc(*)c2c(*)n[nH]c12,13,3,Ring,---
*C1=C(*)c2nccnc2N(*)C1=*,13,4,Ring,---=
*c1ccc2cc3n(c2c1)CC(*)(*)CNC3=*,13,4,Ring,---=
*C1=CC(*)(*)N=C(*)N1*,13,5,Ring,-----
*c1nc2nc3c(cnn13)CCCCC(=*)Nc1cccc(c1)N2,13,2,Ring,-=
*c1ccc2c(c1)CCc1ccccc1N2,13,1,Ring,-
*C1=CC(=*)NC2=C1C(=*)NC(=*)N2,13,4,Ring,-===
*c1ccc(=*)c(=*)c1,13,3,Ring,-==
*c1nc(*)c2c(ccc3c(*)cccc32)n1,13,3,Ring,---
*C1CNC(*)c2[nH]c3ccccc3c21,13,2,Ring,--
*C1c2ccccc2CCC1(*)*,13,3,Ring,---
*C1=NN2c3cc(*)ccc3OCC2C1(*)*,13,4,Ring,----
*c1cc2c(c(*)c1*)CN(*)CC2,13,4,Ring,----
*N1C(=*)NC2(*)CCCC2S1(=*)=*,13,5,Ring,-=-==
*C1=Cc2ccc(*)cc2C1,13,2,Ring,--
*c1ccc2cc[n+](*)cc2c1,13,2,Ring,--
*C1NC=CN1,13,1,Ring,-
*C1CCC2(*)C(=CCC3C4CCC(*)C4CCC32)C1,13,3,Ring,---
*C1C=CC(*)N(*)C1,13,3,Ring,---
*c1ccc(*)c2c1C(=*)CCC2*,13,4,Ring,--=-
*c1[nH]nc2c1C(*)C(*)C(*)(*)C2,13,5,Ring,-----
*=C1SC2=NCCN2C1=*,13,2,Ring,==
*N1C(=*)c2ccccc2-c2nc3ccccn3c21,13,2,Ring,-=
*C1=Nc2ncc(*)nc2C(=*)N1*,13,4,Ring,--=-
*c1ccc(*)c2c1CCCC2=*,13,3,Ring,--=
*N1C(=*)Nc2c(oc3ccccc23)C1=*,13,3,Ring,-==
*N1N=C2CCNCCC2=CC1=*,13,2,Ring,-=
*C1CN(*)CC2(CCOC2)O1,13,2,Ring,--
*c1nc2c(ccc3ccccc32)[nH]1,13,1,Ring,-
*n1cnc2c1-c1ccccc1OC2=*,13,2,Ring,-=
*N1CCCC12COC2,13,1,Ring,-
*c1ccc2[nH]nnc2c1*,13,2,Ring,--
*c1ncc2c(n1)N(*)CC(*)(*)C(=*)N2*,13,6,Ring,----=-
*C1=CCC(*)(*)c2cc(*)ccc21,13,4,Ring,----
*c1ccc2c(c1)CCOC2,13,1,Ring,-
*c1c(*)c(*)c2c(c1*)OCC(*)C2=*,13,6,Ring,-----=
*N1CC2(CCOC2)CCC1=*,13,2,Ring,-=
*c1cn(*)c2c1cnc1c(*)cccc12,13,3,Ring,---
*c1cc2c(c(*)n1)C(=*)NC=N2,13,3,Ring,--=
*c1cc2nc(*)c(*)n2nc1*,13,4,Ring,----
*N1CC2C(=*)N(*)c3ccncc3C2C1,13,3,Ring,-=-
*c1nc2c(s1)CC(*)(*)C1C(*)C3(*)OCC21C1CCC2C(=*)C(=*)C13C2*,13,8,Ring,-----==-
*c1cc(*)c2c(c1*)Oc1ccccc1C2=*,13,4,Ring,---=
*C1CC(=*)OC12CCOC(*)(*)C2,13,4,Ring,-=--
*C1C(*)C(*)N(*)C(*)C1*,13,6,Ring,------
*C1CC2(*)C3CC=C4C(CC(=*)C(*)C4(*)*)C3(*)C(=*)CC2(*)C1*,13,10,Ring,--=----=--
*c1cc2c(n1*)C=CN(*)C2=*,13,4,Ring,---=
*C1CCC2(CC1)OOC1(CCC3(*)C(CC(*)C4C5CCC(*)C5(*)CCC43)C1)OO2,13,5,Ring,-----
*C1OCCc2ccsc21,13,1,Ring,-
*C1=CNc2cc(*)cc(*)c2C1=*,13,4,Ring,---=
*n1cc2c(c1)-c1oncc1CC2,13,1,Ring,-
*C1CC2OP(*)(=*)OCC2O1,13,3,Ring,--=
*c1ccc2cc1Oc1cccc(c1)COC1CN(*)CC1NC(=*)CN(*)C2=*,13,5,Ring,--=-=
*C1OP(*)(=*)N(*)C1*,13,5,Ring,--=--
*c1cccc2c1OC(*)CC2=*,13,3,Ring,--=
*C1=CC(*)C2C3=C(C(=*)C2(*)*)C(*)N2C(=*)N(*)C(=*)N2C3C1,13,9,Ring,--=---=-=
*c1ccc2c(c1)N(*)C(=*)Cc1c-2[nH]c2ccc(*)cc12,13,4,Ring,--=-
*N1Cc2cccnc2Nc2ccccc21,13,1,Ring,-
*C1CCC2(OCC1*)C(*)CC(*)C(*)C2*,13,6,Ring,------
*c1ccc2nc3c[nH]c(*)c(*)c-3c2c1,13,3,Ring,---
*c1cnc2c(*)ccnc2n1,13,2,Ring,--
*c1ncc2c(n1)-c1c(c(*)nn1*)CCC2,13,3,Ring,---
*C1CCC2N(C1)CC1C3(*)CC45OC6(*)C(*)CCC4(*)C6CCC5C3(*)CC(*)C1(*)C2(*)*,13,10,Ring,----------
*c1cc(=*)c2c(*)c3c(c(*)c2c1=*)CC(*)(*)CC3*,13,8,Ring,-=--=---
*c1cc(*)c2c(*)ccnc2n1,13,3,Ring,---
*C1=C(*)C(=*)c2c(ccc3ccccc23)O1,13,3,Ring,--=
*c1cc(*)c2c(c1*)-c1ccccc1C(=*)N2,13,4,Ring,---=
*C1CCC2(*)CN(*)CC2C1,13,3,Ring,---
*c1ccc2c(c1)N(*)C(*)(*)C(=*)N2,13,5,Ring,----=
*c1cc(*)c2c(=*)c(=*)c(*)cc2c1*,13,6,Ring,--==--
*C1=NNC(=*)Cc2cc3c(cc21)OCO3,13,2,Ring,-=
*N1CCN2c3ccccc3CCC2C1,13,1,Ring,-
*C1CC(*)(*)C23OC(*)(*)C(C(=*)C(*)C2(*)C1*)C3*,13,10,Ring,-----=----
*c1ccc2c(c1)C(*)CCCN2*,13,3,Ring,---
*C1=CC(=*)Nc2c1ccc1ccccc21,13,2,Ring,-=
*C1=Nc2c(n[nH]c2*)Nc2ccc(*)cc21,13,3,Ring,---
*C1=C(*)C23C(=CC1=*)C(*)C(*)C2(*)Cc1cc(*)c(*)c(*)c13,13,9,Ring,--=------
*c1ccc2[nH]c3c(c2c1)CC(=*)Nc1ncccc1-3,13,2,Ring,-=
*C1CNCC(*)C(*)C1*,13,4,Ring,----
*C1=C(*)C2CCCN2C1=*,13,3,Ring,--=
*C1=C(*)C2(*)CCC3C(CCC4CC(*)CCC43*)C2C1=*,13,6,Ring,-----=
*C1=NC(=*)N(*)N1,13,3,Ring,-=-
*C1CC2OC(*)(*)OCC23C2C(*)CC4(*)C(*)CCC4(*)C2CCC3(*)C1,13,8,Ring,--------
*C1CC2CC(=*)C3(*)CCC2(C3)C2(*)CCCC(*)(*)C12,13,6,Ring,-=----
*c1cc(*)c2c(cnn2*)c1*,13,4,Ring,----
*C1NC(=*)C2CCCN2C(=*)C(*)NC(=*)C2CCCCN2C(=*)C2CCCCN2C(=*)C(*)NC1=*,13,9,Ring,-==-===-=
*C1=NC2(Cc3ccc(*)cc3C2)C(=*)N1,13,3,Ring,--=
*C1(*)CCC2(*)CCC3(*)C(=CCC4C5(*)Cc6nc7ccccc7nc6C(*)(*)C5CCC43*)C2C1,13,8,Ring,--------
*c1ccc2oc(=*)c3c(*)c4cccc(*)c4c4oc(=*)c1c2-c34,13,5,Ring,-=--=
*C1CCC2(CC1)SC(*)C(=*)N2*,13,4,Ring,--=-
*C1=CC(=*)N(*)C2=C1C(=*)N(*)C(=*)N2*,13,7,Ring,-=-=-=-
*C1NC(=*)CS1,13,2,Ring,-=
*c1nc(*)c2c(n1)Cc1ccccc1-2,13,2,Ring,--
*c1c2c(nn1*)C(*)N(*)CC2,13,4,Ring,----
*N1CCCC2(CC1)CCN(*)CC2,13,2,Ring,--
*C1=NC2=C(C(=*)c3ccccc3S2)C(=*)N1*,13,4,Ring,-==-
*C1=COC(=*)C(*)=C1*,13,4,Ring,-=--
*c1cc(=*)c2cccc3cccc1c32,13,2,Ring,-=
*c1cnc2ncnc(*)c2c1,13,2,Ring,--
*c1ccc2c(c1)C(=*)c1ccccc1C1C(*)C(*)C21,13,4,Ring,-=--
*c1cc2cccc3c2n1CC(*)S3,13,2,Ring,--
*c1ccc2cc(*)c(=*)c(=*)c2c1*,13,5,Ring,--==-
*c1ccc2c(c1)N(*)C(*)C(=*)NC(*)C2,13,5,Ring,---=-
*c1cc2c(cc1*)C(*)CNC2,13,3,Ring,---
*C1=C(*)N(*)C(=*)c2ncccc21,13,4,Ring,---=
*C1=NNC2(S1)C(=*)Nc1ccc(*)cc12,13,3,Ring,-=-
*c1c2c(nn1*)C(=*)CC1(CCN(*)CC1)O2,13,4,Ring,--=-
*N1C(=*)C(=*)N2CCCC2C1=*,13,4,Ring,-===
*c1ccc2c(c1)OCCC1CCC(*)C(CNC(=*)C3CN(*)CCN3C2=*)O1,13,5,Ring,--=-=
*C1C2CSCN2C2(C(=*)Nc3ccccc32)C12CN(*)CC(=*)C2=*,13,5,Ring,-=-==
*c1cnc2n1CCC21CCN(*)CC1,13,2,Ring,--
*C1=NN(*)C2(O1)C(=*)Nc1ccc(*)cc12,13,4,Ring,--=-
*C1=CC2C(*)C(*)CC2(*)C(*)C(*)C=CC(*)(*)C(*)C(*)C1*,13,11,Ring,-----------
*c1cc2nc(*)c(*)nc2c2c1CN(*)CC2,13,4,Ring,----
*C1CCC2c3[nH]c4ccccc4c3CCN2C1,13,1,Ring,-
*N1CCC2(CC1)Oc1ccccc1C(=*)N2*,13,3,Ring,-=-
*C1CCC2(*)CCC3(*)C(=CCC4C5(*)CC(*)C(*)C(*)(*)C5C(*)CC43*)C2C1*,13,11,Ring,-----------
*c1cc2c(cc1*)-c1ccnc(c1)C(*)CCCC(*)C(=*)N2,13,5,Ring,----=
*c1cnn2c1CC(*)CC2,13,2,Ring,--
*c1ccc2c(c1)C(=*)N(*)N2,13,3,Ring,-=-
*c1ccc2c(c1)c1c(*)c3ccccc3nc1n2*,13,3,Ring,---
*C1=CCC(*)(*)C=CC(=*)N(*)C(*)=CCC1,13,6,Ring,---=--
*C1C(*)(*)N=C2c3ncn(*)c3N=CN2C1(*)*,13,6,Ring,------
*c1ccc2sc3c(c2c1)N(*)CCNC3=*,13,3,Ring,--=
*C1=C2C(=Nc3ccnn3C2*)CCC1,13,2,Ring,--
*C1=CC(=*)c2c(cc3c(c2*)C2(C(=*)N(*)c4ccc(*)cc42)C(*)=C(*)O3)O1,13,8,Ring,-=-=----
*C1=NNC(=*)c2c1nnn2*,13,3,Ring,-=-
*C1=CC(=*)Oc2c1c1c(c3oc(*)cc23)C=CC(*)(*)O1,13,5,Ring,-=---
*C1CC2(CCCCC2)CN1*,13,2,Ring,--
*N1CCN(*)c2ccccc2C1=*,13,3,Ring,--=
*C1OC(=*)C=C2C3=CC4(*)OC5CC(*)(C4*)C(*)C5(*)C3CCC21*,13,8,Ring,-=------
*C1=C(*)N(*)C(=*)N2CCCC12,13,4,Ring,---=
*N1CC2(CCNCC2)CCC1=*,13,2,Ring,-=
*C1=CC2=C(CO1)C(=*)C(*)(*)C(*)C2,13,5,Ring,-=---
*c1cc[n+](*)c2c(*)cccc12,13,3,Ring,---
*c1ccn2c(*)nnc2n1,13,2,Ring,--
*C1C(=*)c2ccccc2C(=*)C1*,13,4,Ring,-==-
*c1ccc2c(c1)-c1ccccc1S(=*)(=*)N2*,13,4,Ring,-==-
*C1Oc2ccc3ccccc3c2C1*,13,2,Ring,--
*C1=C(*)C(*)(*)C(*)N1*,13,6,Ring,------
*C1CCc2c([nH]c3ccccc23)C1,13,1,Ring,-
*C1=CC2=C(*)C(=*)C3(*)OC(=*)C(*)=C3C2=CN1*,13,7,Ring,--=-=--
*N1C=Nc2cccc3nc4c(c1c23)CN1C(=*)C2=C(C=C41)C(*)(*)C(=*)OC2,13,5,Ring,-=--=
*C1=NC2(C(=*)N1*)c1cc(*)ccc1CC21CCC(*)C(*)C1,13,6,Ring,-=----
*c1ccc2c(c1)C(=*)N(*)c1c-2cnc2cc3c(cc12)OCO3,13,3,Ring,-=-
*c1c2c(nc3c1C(=*)Oc1ccccc1-3)CCCC2=*,13,3,Ring,-==
*N1CCCCCCC1=*,13,2,Ring,-=
*c1ccc2c(c1)OCC1C2=NOC1*,13,2,Ring,--
*C1=NC(*)[14C](=*)Nc2ccc(*)cc21,13,4,Ring,--=-
*C1=C(*)C(*)C2=C(*)c3ccccc3C2=N1,13,4,Ring,----
*C1=Nc2[nH]ccc2C(=*)N1,13,2,Ring,-=
*c1c(*)c(*)c2c(c1*)Oc1c(*)c(*)c(*)c(*)c1C2=*,13,9,Ring,--------=
*c1nc2c(s1)C(*)COc1cc(*)c(*)cc1-2,13,4,Ring,----
*N1C2CCC1c1cncnc1C2,13,1,Ring,-
*c1nc2n(n1)CCN(*)C2*,13,3,Ring,---
*C1c2c[nH]nc2-c2ccccc2N1*,13,2,Ring,--
*c1nnn2c1CCCC2,13,1,Ring,-
*c1cc2nc(c1)CCN(*)CC(=*)CN(*)CC2,13,4,Ring,--=-
*c1ccc2nc(*)c(*)[n+](*)c2c1,13,4,Ring,----
*c1c(*)c(=*)c2c(c1=*)C(*)C1C(*)(*)CCCC21*,13,8,Ring,--==----
*C1NCc2ccccc2NC1=*,13,2,Ring,-=
*N1CC2CCCC(*)(C1)C2=*,13,3,Ring,--=
*N1CCN2C(=*)CNC(=*)C2C1,13,3,Ring,-==
*C1N(*)CC(=*)N1*,13,4,Ring,--=-
*c1cn2c(n1)C(*)OCC2,13,2,Ring,--
*C1CC(*)(*)ON1*,13,4,Ring,----
*C1=CNNC1=*,13,2,Ring,-=
*C1=CC2C(=*)OC3CC(CC=C(*)C(*)C(*)C=CC=C4COC(C1=*)C42*)OC1(CCC(*)C(*)O1)C3,13,9,Ring,-=---=---
*C1=Nc2c(c(*)nc3ccccc23)C(=*)N1*,13,4,Ring,--=-
*C12COC(*)(OC1)OC2,13,2,Ring,--
*C1C=CC(*)N2C(=*)N(*)C(=*)N12,13,5,Ring,--=-=
*C1CC2(CNC2)C1,13,1,Ring,-
*N1C=Nc2cc3c(cc2C1=*)OC1CCCN1C3=*,13,3,Ring,-==
*c1nc2nc3c(c(*)n2n1)CCCC3,13,2,Ring,--
*c1cnn2c1CC(*)C2,13,2,Ring,--
*c1ccc2c(c1)[nH]c1nc(*)nc(*)c12,13,3,Ring,---
*N1C(=*)C2(Nc3ccccc3C(=*)N2*)c2ccccc21,13,4,Ring,-==-
*C1SC2(CCN(*)CC2)c2ccccc21,13,2,Ring,--
*c1ccc2c3n(*)c(=*)c4ccccc4c=3c(=*)c2c1,13,4,Ring,--==
*c1nc2c(*)c(*)ccn2n1,13,3,Ring,---
*C1=C(*)C(=*)C=CN1,13,3,Ring,--=
*C1=CC2=C(CCCC2)N(*)C1=*,13,3,Ring,--=
*N1N=Cc2ccsc2C1=*,13,2,Ring,-=
*c1ccc2cc(*)cn2c1,13,2,Ring,--
*C1(*)CCC2C3CCC4=CC(=*)CCC4=C3CCC21*,13,4,Ring,--=-
*C1CNCCS1,13,1,Ring,-
*C1=C(*)N(*)c2nc(*)ncc2C1=*,13,5,Ring,----=
*C1=CCCC2C(*)C(*)(*)CCC12*,13,5,Ring,-----
*C12CCC3(*)C(*)(OOC3(*)O1)O2,13,4,Ring,----
*C1NCC2CCCN3CCCC1C23,13,1,Ring,-
*C1=CC(=*)C=C2CCC3C4CC(*)C(*)(*)C4(*)CC(*)C3(*)C12*,13,9,Ring,-=-------
*C1OCC2C(*)c3cc4c(cc3C(*)C12)OCO4,13,3,Ring,---
*N1CCC2OCc3cccc(c3)Oc3cccc(c3)CC(=*)N(*)CC(=*)NC2C1,13,4,Ring,-=-=
*c1cccc2c3c([nH]c12)C(*)CCC3,13,2,Ring,--
*C1NC(*)C(*)C(*)(*)C1*,13,6,Ring,------
*c1cc(*)c2nnc3c(c(*)nn3*)c2c1,13,4,Ring,----
*c1ccc2c(c1)C1(C(=*)N2)N2CSCC2C(*)C12C(=*)Oc1ccccc12,13,4,Ring,-=-=
*c1ccc2c(c1)-c1ccnc3[nH]c(*)c(c13)C(*)N2*,13,4,Ring,----
*c1n[nH]c2c1CN(*)C(*)C2,13,3,Ring,---
*C1C(=*)CC2C3CCC4N(*)C(=*)C=CC4(*)C3CCC12*,13,6,Ring,-=-=--
*C1CCCCCCCCCCC(=*)OCCC1,13,2,Ring,-=
*N1CCCOC2=C1C=NN(*)C2=*,13,3,Ring,--=
*N1C=Nc2c(nc3n2CCCCC3)C1=*,13,2,Ring,-=
*C1=NC2(CCN(*)CC2)C(=*)N1*,13,4,Ring,--=-
*C1CC2CCCC(*)C23OOC1(*)OC3*,13,4,Ring,----
*C1=NCC(=*)N(*)c2cc(*)c(*)cc21,13,5,Ring,-=---
*c1oc2c(c1*)c(*)c(*)c1ccccc12,13,4,Ring,----
*C1Cc2nc[nH]c2CN1*,13,2,Ring,--
*C1OC(=*)C(*)C(*)OC(=*)CC(*)C(*)N(*)C1=*,13,9,Ring,-=--=---=
*c1cc2nncn2cn1,13,1,Ring,-
*C1CC(*)C2CCC34CC(CCC3C2(*)C1)C(=*)C4*,13,5,Ring,---=-
*c1ccc2c(c1)C(=*)c1ccccc1C(=*)N2*,13,4,Ring,-==-
*C12NC(=*)C(*)(NC1=*)C(=*)CCO2,13,5,Ring,-=-==
*c1cnc2c(c1)COCC2,13,1,Ring,-
*c1ccc2c(c1)ON(*)C2=*,13,3,Ring,--=
*c1ccc2c(c1)nc(*)c1ncc(*)cc12,13,3,Ring,---
*c1cc2nc(*)sc2s1,13,2,Ring,--
*c1cc(*)c2[nH]c3c(c2c1*)CCC(*)C3,13,4,Ring,----
*C1C2=C(NC3=C1C(=*)N(*)C(=*)N3*)c1ccccc1C2=*,13,6,Ring,-=-=-=
*c1cc2c(s1)S(=*)(=*)CCC2*,13,4,Ring,-==-
*N1C(=*)c2ccccc2C12CC(=*)NC2=*,13,4,Ring,-===
*N1C(=*)NC2(C1=*)c1ccccc1-c1ccccc12,13,3,Ring,-==
*C1CC2OP(*)(=*)OCC3OC(*)C(OP(*)(=*)OCC2O1)C3*,13,7,Ring,--=--=-
*c1ncc(*)c2c(*)cccc12,13,3,Ring,---
*c1cc2c(nc1*)CCCC2=*,13,3,Ring,--=
*N1CCC2CC21*,13,2,Ring,--
*c1cc(*)c2c(c1)C=CCC(*)C(*)C(=*)C=CCC(*)OC2=*,13,7,Ring,----=-=
*=C1C(=*)N2c3ccccc3C34CCN5CC6=CCOC1C(C6CC53)C24,13,2,Ring,==
*n1c(=*)n(*)c2ccccc2n(*)c1=*,13,5,Ring,-=--=
*c1ncc2c(n1)N(*)CC2,13,2,Ring,--
*c1cc2c(cc1*)S(=*)(=*)NC(*)S2,13,5,Ring,--==-
*c1cc2c(cc3c(*)nnc(*)n32)o1,13,3,Ring,---
*C1CCCc2ncccc21,13,1,Ring,-
*C1CCC2C3CCC4Cc5nn(*)cc5CC4(*)C3CCC12*,13,4,Ring,----
*C1CSC(*)(*)S1,13,3,Ring,---
*N1C(=*)c2sccc2N(*)S1(=*)=*,13,5,Ring,-=-==
*c1ccc2c(c1)NC(=*)c1cccn1-2,13,2,Ring,-=
*C1=CC(*)C2CC1C2(*)*,13,4,Ring,----
*C1=CC(=*)OC(*)(*)O1,13,4,Ring,-=--
*C1Cc2ncn(*)c2CN1*,13,3,Ring,---
*C1C2CCCCC2C(=*)N1*,13,3,Ring,-=-
*c1cc2c(c3cn[nH]c13)CN(*)C(=*)C(*)C2,13,4,Ring,--=-
*C1CNC(=*)c2ccccc2N1,13,2,Ring,-=
*C1(*)CC2C(=*)CCC3OC3(*)CCC21,13,4,Ring,--=-
*c1cc(*)c2c(c1*)OC1c3c(*)cc(*)c(*)c3OC(*)C1C2*,13,8,Ring,--------
*c1ccc2c(c1*)COC(=*)C2=*,13,4,Ring,--==
*C1=C(*)C(*)C(*)C(*)(*)C1,13,6,Ring,------
*N1CCC(*)(*)c2ccccc21,13,3,Ring,---
*c1nc2ccccc2c2cc3ccccn3c12,13,1,Ring,-
*c1cc2c(=*)[nH]c(=*)c2c2c1[nH]c1ccccc12,13,3,Ring,-==
*C1CCN(*)N1*,13,3,Ring,---
*c1cc2c(c(*)c1*)CC(=*)C2=*,13,5,Ring,---==
*C1=CC=NN2C(=*)N(*)N=C12,13,3,Ring,-=-
*N1C(=*)CC2(CCc3ccccc3C2)C1=*,13,3,Ring,-==
*C1=Cc2cccc(*)c2C(=*)O1,13,3,Ring,--=
*C1CCCC(*)C1(*)*,13,4,Ring,----
*c1ccc2c(c1)OCC(*)(*)C2*,13,4,Ring,----
*c1cc2c(c3c1CC1(O3)C(*)CCC3C(*)(*)C(*)CCC31*)CN(*)C2=*,13,8,Ring,-------=
*C1C(=*)N2CCCN2Cc2ccccc21,13,2,Ring,-=
*c1ccc2c(c1)C(=*)N1CCc3c([nH]c4ccccc34)C1O2,13,2,Ring,-=
*=C1CCN2Cc3ccccc3N=C12,13,1,Ring,=
*c1csc2c1NC(=*)CC2*,13,3,Ring,-=-
*C1=NC(=*)N(*)c2c1oc1ccccc21,13,3,Ring,-=-
*c1ccc2c(c1)[n+](*)c1n2CCCCC1,13,2,Ring,--
*c1ccc2nc(*)n3c2c1CN(*)C(*)C3,13,4,Ring,----
*c1ccc2c(c1)-c1nc(*)nn1C(=*)O2,13,3,Ring,--=
*N1CC2(C1)CN(*)C(=*)O2,13,3,Ring,--=
*C1CC(=*)OC2=C1C(=*)N(*)c1ccccc12,13,4,Ring,-==-
*c1sc2c3ccccc3ccc2[n+]1*,13,2,Ring,--
*c1ccc2nc3cc(*)nn3c(*)c2c1,13,3,Ring,---
*c1cnc[n+](*)c1,13,2,Ring,--
*C1=NN(*)Cc2cc(*)ccc21,13,3,Ring,---
*c1cccc2c1nc(*)c1cncn12,13,2,Ring,--
*c1ccc2c(*)noc2n1,13,2,Ring,--
*C1CCC2(CC1)OOC1(CCC3(*)C(CCC4C3CC(*)C3(*)C(*)CCC43)C1)OO2,13,5,Ring,-----
*N1C2CCC1CNC2,13,1,Ring,-
*c1cccc2c1OC1(CCN(*)CC1)CC2*,13,3,Ring,---
*c1ncnc2c1ccc1nn(*)c(*)c12,13,3,Ring,---
*C1=CC=CN2C(=*)N(*)C(=*)C=C12,13,4,Ring,-=-=
*=C1OC2c3ccccc3CC2C1=*,13,2,Ring,==
*c1cc2c(nc1*)nc(*)n2*,13,4,Ring,----
*C1CCCC2(C1)CN(*)C(=*)O2,13,3,Ring,--=
*C1=C(*)C(*)N2C(=*)C(=*)OC2=N1,13,5,Ring,---==
*C1=Nc2cnccc2N(*)C1=*,13,3,Ring,--=
*C1CC2(CC(*)C1*)OC(*)(*)OC2=*,13,6,Ring,-----=
*C1CCc2cncn2C1,13,1,Ring,-
*C1CC2CC1C1OC21,13,1,Ring,-
*C1SC2(CCNCC2)c2ccccc21,13,1,Ring,-
*c1ccc2c(c1)NC(=*)C21NC(*)C(*)C1*,13,5,Ring,-=---
*C1=C(*)C(*)(*)C(*)C1=*,13,6,Ring,-----=
*c1cc(*)c2c(ccc3c[nH]nc32)n1,13,2,Ring,--
*c1[nH]ccc2ncnc1-2,13,1,Ring,-
*n1cc2cccnc2c1,13,1,Ring,-
*C1CCSCCC(=*)NC(*)C(=*)NC(*)C(=*)NC(*)C(=*)NC(*)C(=*)N1,13,10,Ring,-=-=-=-=-=
*c1coc2c1C(=*)CCC2,13,2,Ring,-=
*C1CN(*)C(*)C1=*,13,4,Ring,---=
*c1cc2[nH]nnc2cn1,13,1,Ring,-
*c1ccc2c(c1*)C(*)C(*)(*)S2(=*)=*,13,7,Ring,-----==
*c1c2c(n3c(nc4ccccc43)c1*)N(*)CC2,13,3,Ring,---
*c1cc2c(c(*)c1*)-c1c(cc(*)c(*)c1*)CC(*)C(*)C2,13,8,Ring,--------
*C1=CS(=*)(=*)c2cc3c(*)ncnc3cc21,13,4,Ring,-==-
*C1CC2CN(*)CC12,13,2,Ring,--
*C1CCC2(*)C3C1C1CN(*)CC3(CN2*)O1,13,4,Ring,----
*N1C(=*)C2(*)SSC1(*)C(=*)N2*,13,6,Ring,-=--=-
*C1=NC(*)C(*)=Nc2ncccc21,13,3,Ring,---
*N1C(=*)C2CC2(*)C1=*,13,4,Ring,-=-=
*c1cccc2c1ccc1c(*)cc(*)n12,13,3,Ring,---
*c1ccc2ccoc2c1*,13,2,Ring,--
*c1nc(*)c2c(n1)N(*)CC2(*)*,13,5,Ring,-----
*C1=CCC2C3CCC4CC(*)(*)CCC4(*)C3CCC12*,13,5,Ring,-----
*c1nnc2nc3ccccc3n2c1*,13,2,Ring,--
*c1cnc2c(c1)C(*)CC1(CC(*)C1)O2,13,3,Ring,---
*C1=CC2(*)C(*)C(*)C(C1=*)C2*,13,6,Ring,----=-
*c1ccc2c(c1)Nc1ccccc1C2,13,1,Ring,-
*c1ccc(*)c2c1CCCC2*,13,3,Ring,---
*c1cnc2cc(*)[nH]c2c1,13,2,Ring,--
*c1ccc2c(c1)C(*)C(*)C(*)(*)N(*)S2(=*)=*,13,8,Ring,------==
*C1CCC23CC24CCC2(*)C(*)CCC2(*)C4CCC3C1*,13,5,Ring,-----
*c1sc2c(*)csc2c1*,13,3,Ring,---
*C1=CC(*)(*)CCC1=*,13,4,Ring,---=
*=C1CC2CC=CC12,13,1,Ring,=
*c1ccc2c(c1)N(*)CCC2(*)*,13,4,Ring,----
*C1=CC=CC(*)C(*)C(*)=CC(*)C(*)C(*)CC(*)Cc2c(*)c(=*)cc(c2=*)N(*)C1=*,13,13,Ring,---------==-=
*N1C(=*)N(*)C2(CCCC2)C1=*,13,4,Ring,-=-=
*c1ccnc2nncn12,13,1,Ring,-
*C1CCN(*)CCS1,13,2,Ring,--
*C1=C2Nc3ccccc3N2C(=*)c2ccccc21,13,2,Ring,-=
*c1ccc2c3c1OC1C4(*)C=CC5(CC4(*)*)C(C2)N(*)CCC315,13,5,Ring,-----
*c1c2c(nc3ncnn13)CCCC2,13,1,Ring,-
*C1CC2(*)C(=*)OC(*)C2C(*)C1*,13,6,Ring,--=---
*C1COc2ccccc2NC1=*,13,2,Ring,-=
*c1cn2c(*)c(*)nc(*)c2n1,13,4,Ring,----
*c1ccc2c(n1)CCCC2=*,13,2,Ring,-=
*N1N=Cc2cccn2C1=*,13,2,Ring,-=
*C1(*)OC(=*)c2cccc3cccc1c23,13,3,Ring,--=
*c1ccc2c(c1)nc1n2CCSC1,13,1,Ring,-
*C1=CC(*)N2N=C(*)NC2=N1,13,3,Ring,---
*N1C(=*)CCC2(*)CCC=C12,13,3,Ring,-=-
*C1CC(=*)CC(*)S1,13,3,Ring,-=-
*C1NS(=*)(=*)c2ccccc21,13,3,Ring,-==
*n1cc2c3c(cccc31)N1CCNCC1C2,13,1,Ring,-
*c1nc2c(c(*)c1*)CCc1ccccc1-2,13,3,Ring,---
*c1[nH]c(*)c2c1CCCC2,13,2,Ring,--
*C1CC2(*)C3CCC4(*)C(*)CCC4C3CCC23OC3C1=*,13,5,Ring,----=
*C1=Cc2cc3c(cc2N(*)C1=*)OCCO3,13,3,Ring,--=
*c1ccc2cc1Oc1ccc(cc1)CC1C(=*)N(*)C(C2)C(=*)NC(*)C(=*)N(*)C(*)C(=*)N(*)C(*)C(=*)NC(*)C(=*)N1*,13,15,Ring,-=-=-=--=--=-=-
*c1cc(*)c2nnc(*)c(*)c2c1,13,4,Ring,----
*c1ccc2c(c(*)cn2*)c1*,13,4,Ring,----
*c1c(*)c(*)c2c(c1*)OC(=*)c1c(*)c(*)c(*)c(*)c1O2,13,9,Ring,----=----
*c1cc2c(s1)=NC(=*)N(*)C=2,13,3,Ring,-=-
*C1C=CC=CC=CC=CC=CC=CC=CC(*)C(*)C(*)C(*)OC(=*)CC(*)CC(*)CCC(*)C(*)CC(*)CC2(*)CC(*)C(*)C(C1)O2,13,14,Ring,-----=--------
*C1=NN=C(*)NN1,13,2,Ring,--
*C1=Nc2c(*)cc(*)cc2C1(*)*,13,5,Ring,-----
*c1c(*)c(=*)c2c(c(*)cn2*)c1=*,13,6,Ring,--=--=
*c1cc(*)c2ccc3c(ccc4c(*)cc(*)nc43)c2n1,13,4,Ring,----
*C1=Nc2ccc(*)cc2C(*)(*)C1,13,4,Ring,----
*C1CC2C(=*)OC(*)C2C(*)C1*,13,5,Ring,-=---
*C12CCC(=*)N1C1c3ccccc3CC1O2,13,2,Ring,-=
*C1=Nc2ccccc2Oc2ccccc21,13,1,Ring,-
*N1CCC2=Nc3ccsc3C(=*)N2CC1,13,2,Ring,-=
*c1cc(*)c2nnn(*)c2n1,13,3,Ring,---
*c1sc2[nH]nc(*)c2c1*,13,3,Ring,---
*c1c2n(c3ccccc13)CC(*)C2,13,2,Ring,--
*C1N=C2CC3CC(C2(*)OC1=*)C3(*)*,13,5,Ring,--=--
*C1=CNc2c(*)c(*)c(*)c3ccnc1c23,13,4,Ring,----
*c1ccc2c(c1)Cc1c-2cc(*)c(*)c1*,13,4,Ring,----
*C1=NC(*)=C(*)C(=*)O1,13,4,Ring,---=
*c1ccc2c(c1)C13CCN4CC(=*)C5CC4C1(OCC53*)N2*,13,4,Ring,-=--
*C1=Nn2c(*)ccc2C(=*)N1,13,3,Ring,--=
*C1=C(*)C(*)c2ccc3[nH]ccc3c2O1,13,3,Ring,---
*C1NC(=*)C(*)NC(=*)C(*)C(*)(*)SSC(*)(*)C(*)NC1=*,13,11,Ring,-=-=------=
*c1cn2c([n+]1*)CCCCC2,13,2,Ring,--
*c1cc(*)c2c(c1)OCC(*)C2,13,3,Ring,---
*c1ccc2c(c1)C(=*)NC(=*)N2*,13,4,Ring,-==-
*c1cc2c3c(ccc(*)c3c1=*)C(=*)N(*)C=2,13,5,Ring,--==-
*N1CCC2OCc3cccc(c3)Oc3ccc(cc3)CCC(=*)N(*)CC(=*)NC2C1,13,4,Ring,-=-=
*c1cc(*)c2c(c1)N(*)C(=*)N2,13,4,Ring,---=
*CNC(=O)C(CCO)N(C)CCC=C(*)*,13,3,Linker,---
*C(=O)NCC(*)N(CC)CC,13,2,Linker,--
*CC(N*)C(O)CN(CC(C)C)S(*)(=O)=O,13,3,Linker,---
*C(*)S(*)(=O)=O,13,3,Linker,---
*CCC(=O)NCC(*)O,13,2,Linker,--
*CC(NC(=O)C(CC(N)=O)NC(*)=O)C(O)CO*,13,3,Linker,---
*C=CC(=O)NC(C*)C(=O)NC(C*)C(=O)NC(CCCNC(=N)N)C(N)=O,13,3,Linker,---
*C=CC(=O)NCCNC(=O)O*,13,2,Linker,--
*C#CCS(*)(=O)=O,13,2,Linker,--
*CC(*)(O)C(*)(C)O,13,3,Linker,---
*CCC=C(C)CCC=C(C)CCCC(C)C=*,13,2,Linker,-=
*CNC(C*)C(=O)OC(C)(C)C,13,2,Linker,--
*NCCNC(*)*,13,3,Linker,---
*CCCCCCCCNC(=*)N*,13,3,Linker,-=-
*C=NNC(=O)CCCC(=O)NN=C*,13,2,Linker,--
*COC(=O)NC(C*)C(=O)NC(CCCCN)C(N)=O,13,2,Linker,--
*NC(=S)NC(*)*,13,3,Linker,---
*C(*)=NOC(C)=O,13,2,Linker,--
*COP(=O)(C*)OC*,13,3,Linker,---
*CC(C=CC(=O)OCC)NC(=O)C(*)C*,13,3,Linker,---
*CC(NC(=O)C(NC(=O)OC)C(C)C)C(O)CN(C*)NC(=O)C(NC(=O)OC)C(C)C,13,2,Linker,--
*NC(S)=NCCS*,13,2,Linker,--
*C=C(C#N)C(=O)NCCNC(=O)C(C#N)=C*,13,2,Linker,--
*NC(=O)C(NC(=O)OC)C(*)*,13,3,Linker,---
*CCCCC(=O)NCCC*,13,2,Linker,--
*NCCS(=O)(=O)N*,13,2,Linker,--
*CC(=O)NC(C*)C(C)C,13,2,Linker,--
*CC(CO)NC(=O)N*,13,2,Linker,--
*COC(=O)NC(C*)C(=O)NC(C)C(=O)COC(*)=O,13,3,Linker,---
*NC(=O)C(O)=CC(*)=O,13,2,Linker,--
*NC(=O)CNC(=O)C(*)C#N,13,2,Linker,--
*NC(=O)C(*)C(=O)N*,13,3,Linker,---
*NC(=O)CCC(=O)OCCCCCCS*,13,2,Linker,--
*CC(=O)OCC(=O)N(*)CC(C)C,13,2,Linker,--
*C=CC(O)C(*)C,13,2,Linker,--
*CNC(=O)C(CCCNC(=N)N)NC(=O)C(N)C*,13,2,Linker,--
*NC(=N)NC(=N)NCCCCCCNC(=N)NC(=N)N*,13,2,Linker,--
*NC(=O)CC(=C)C(=O)N*,13,2,Linker,--
*CON=C(*)CCC,13,2,Linker,--
*CC(NC(=O)C(CC=C)NC(=O)CNS(*)(=O)=O)C(O)C(O)CC(C)C,13,2,Linker,--
*C(=N)NCCCCCCCCCCCCNC(*)=N,13,2,Linker,--
*CC(NC(=O)O*)C(O)CN(O*)S(*)(=O)=O,13,4,Linker,----
*NC(=O)CCCCCCCCCCC(=O)N*,13,2,Linker,--
*OP(=O)(O*)C(*)NC(*)=O,13,4,Linker,----
*CC(=O)NC(CSC)C(=O)NC(C*)C(O)C(*)=O,13,3,Linker,---
*CC(*)C(=O)NC(C=CC(=O)OCC)CCC(N)=O,13,2,Linker,--
*CNC(=O)COC(=O)CNS(*)(=O)=O,13,2,Linker,--
*CC(=O)NN(*)CC(C)C,13,2,Linker,--
*CCC(C=CC(C)=O)NC(=O)C(C*)NC(*)=O,13,3,Linker,---
*CCN(CC)S(*)(=O)=O,13,2,Linker,--
*CC(OC(CCCC)C(=O)NC(C*)C(O)C(O)CC(C)C)C(*)=O,13,3,Linker,---
*CNC(*)=N*,13,3,Linker,---
*CNC(=N*)NC#N,13,2,Linker,--
*NC(=O)CCC(=O)NNS(*)(=O)=O,13,2,Linker,--
*C(=O)C(=O)N(*)C,13,2,Linker,--
*CCN(CC)C(=O)C*,13,2,Linker,--
*SCC(=O)NNC(*)P(=O)(OCC)OCC,13,2,Linker,--
*CNC(=O)CN(CC)C(=O)C*,13,2,Linker,--
*CNCCCCCCCCNC*,13,2,Linker,--
*COC(=O)C(C)(C)NP(=O)(O*)OC*,13,3,Linker,---
*CNC(=S)NN*,13,2,Linker,--
*NC(CC(*)=O)C(*)=O,13,3,Linker,---
*NC(*)=C(C(Cl)=C(Cl)Cl)[N+](=O)[O-],13,2,Linker,--
*OC(=O)CC(*)N(C)C,13,2,Linker,--
*C(=O)C(NC(=O)CC(*)NC(=O)C=CC=CC)C(C)C,13,2,Linker,--
*OCCCCCCOC(*)=O,13,2,Linker,--
*OCC(O)CNS(*)(=O)=O,13,2,Linker,--
*CCN(C*)C(S)=NCC,13,2,Linker,--
*CCCCC(=N)CCC(=N)NC(=O)C*,13,2,Linker,--
*COC(=O)CCCC(=O)O*,13,2,Linker,--
*CCCCNC(=O)C=CC=C(*)*,13,3,Linker,---
*C=CC(=O)NC(NC(=S)N*)C(Cl)(Cl)Cl,13,2,Linker,--
*NC(=O)N(*)CC(*)O,13,3,Linker,---
*CCNC(=O)C(CCCCN)NC(=O)C(CO)NC(=O)C*,13,2,Linker,--
*CNC(=O)C(CCCN=C(N)N)NC(=O)C(C*)NC(=O)N*,13,3,Linker,---
*C=NNC(=O)CNC(=O)C*,13,2,Linker,--
*C=CCCC=CC=C(C)CCC(*)O,13,2,Linker,--
*C=C(C#N)C(=O)NCCCCCNC(=O)C(C#N)=C*,13,2,Linker,--
*CCCCCCCCCCCCC*,13,2,Linker,--
*NC(=O)C(*)N(CCOC)C(=O)CNC(*)=O,13,3,Linker,---
*CN(CC(N)=O)C(*)=O,13,2,Linker,--
*N(*)C(=O)C(C)OC,13,2,Linker,--
*CNCCCCCCCCCN*,13,2,Linker,--
*NC(=O)C(CCCCCB(O)O)NC(*)=O,13,2,Linker,--
*COC(=O)NC(C*)C(N)=O,13,2,Linker,--
*CC(N)C(=O)NNC(*)=O,13,2,Linker,--
*C=CC(=O)NCC(=O)N=N*,13,2,Linker,--
*CCCNC(=S)NCCCN(*)C*,13,3,Linker,---
*C(=O)CC(NC(*)=O)C(=O)O,13,2,Linker,--
*NC(=O)N(*)C(C)C,13,2,Linker,--
*SC(C)C(=O)NNC(*)=O,13,2,Linker,--
*C=CC(=O)OCC(=O)N(C)CC(=O)N*,13,2,Linker,--
*CCCC(=O)OC(*)C,13,2,Linker,--
*NC(=O)C(*)C(=O)OC,13,2,Linker,--
*CCNC(S)=NN*,13,2,Linker,--
*C#CC(*)C=CCO*,13,3,Linker,---
*SC(*)C(=O)OC,13,2,Linker,--
*CNC(=O)OC(*)P(=O)(O)O,13,2,Linker,--
*NC(=O)COC(=O)C(*)C,13,2,Linker,--
*C(*)(O)C(=O)CCC#CCN(C)C,13,2,Linker,--
*C=CC(=O)C(*)(C)O,13,2,Linker,--
*C(=O)OCC(*)OC(*)=O,13,3,Linker,---
*CC(=O)NC(CC(=O)O)C(=O)NC(*)C(=O)O,13,2,Linker,--
*C(=O)NN=C(*)CS(*)(=O)=O,13,3,Linker,---
*CC(NC(*)=O)C(=O)NC(C(N)=O)C(C)O,13,2,Linker,--
*C(*)=NNC(=S)NC,13,2,Linker,--
*CNC(=O)CSCC(=O)N*,13,2,Linker,--
*CNCC(*)O*,13,3,Linker,---
*NCCCCNC(=O)CO*,13,2,Linker,--
*NC(=O)NP(*)(*)=O,13,3,Linker,---
*CCS(=O)(=O)NC(*)=O,13,2,Linker,--
*CC(NC(=O)CS*)C(=O)OC,13,2,Linker,--
*C(=O)CCCCCNC(*)=O,13,2,Linker,--
*CN(C)C(C)C(*)=O,13,2,Linker,--
*CC(NC(=O)C(C*)N(*)C(C)=O)C(=O)NC(CC(C)C)C(=O)NC(CCCN=C(N)N)C(N)=O,13,3,Linker,---
*CN(C)CC(=O)NC(*)C,13,2,Linker,--
*CC(NC(=O)C(C*)NCP(=O)(O)O)C(=O)O,13,2,Linker,--
*CCCNCC(*)C,13,2,Linker,--
*CC(=N)NC(=S)N*,13,2,Linker,--
*CN(C*)C(=O)COC,13,2,Linker,--
*CC(N)C(=O)NNS(*)(=O)=O,13,2,Linker,--
*CN(*)CCCCCC,13,2,Linker,--
*C=C(C#N)C(=O)NCCCCCCNC(=O)C(C#N)=C*,13,2,Linker,--
*CC(CSC(*)=O)SSC(C*)CSC(*)=O,13,4,Linker,----
*CCCN(*)C(=O)C(C)C,13,2,Linker,--
*CCNNC(*)=O,13,2,Linker,--
*CNC(=O)CC(=O)N*,13,2,Linker,--
*SCC(C)(C)NS(*)(=O)=O,13,2,Linker,--
*C=CC(=O)NC(C*)CO,13,2,Linker,--
*NC(=O)NCCCC(C)N*,13,2,Linker,--
*CC(NC(=O)C(NC(*)=O)C(C)CC)C(=O)O,13,2,Linker,--
*COC(=O)NC(*)C(=O)O,13,2,Linker,--
*OC(=O)CSC(C)(C)CNC(*)=O,13,2,Linker,--
*S(=O)(=O)NCC(NS(*)(=O)=O)C(=O)NO,13,2,Linker,--
*CCOC(=O)N(*)*,13,3,Linker,---
*C=CC(=O)OCC(=O)NC(=O)NC*,13,2,Linker,--
*NCC(*)OC,13,2,Linker,--
*OCCOC(=S)N(*)C(*)=O,13,3,Linker,---
*OC(=O)CCCC[P+](*)(*)*,13,4,Linker,----
*C=CC(=O)ONC(*)=N,13,2,Linker,--
*CC(O)CN(*)*,13,3,Linker,---
*CN(CC)C(*)*,13,3,Linker,---
*C(=O)C(*)C(*)=O,13,3,Linker,---
*CC=CC(=O)CC*,13,2,Linker,--
*CCC[N+](C)(C)CCCCCC[N+](C)(C)CC(C)(C)C*,13,2,Linker,--
*CC(NC(=O)CCCN)C(=O)NC(C*)C(=O)NC(CCCCNC(=N)N)C(N)=O,13,2,Linker,--
*NC(=O)CN(CCN(CCN(CC(=O)O)CC(=O)N*)CC(=O)O)CC(=O)O,13,2,Linker,--
*CC(NC(=N)N)C(*)=O,13,2,Linker,--
*CN(C*)C(=O)N(C)C,13,2,Linker,--
*CC(C=O)NC(=O)C(NS(*)(=O)=O)C(C)C,13,2,Linker,--
*C(=O)OC(*)=O,13,2,Linker,--
*COP(=O)(O)OC(*)P(=O)(O)O,13,2,Linker,--
*CNC=CC(*)=O,13,2,Linker,--
*C=NOCC(O)C*,13,2,Linker,--
*CCN(C*)NC(=O)C(NC(=O)OC)C(C)(C)C,13,2,Linker,--
*CN(*)CCCN,13,2,Linker,--
*CC(=O)NC(CC(C)C)C(*)=O,13,2,Linker,--
*COC(=O)C(C)O*,13,2,Linker,--
*NC(=O)NC(C)(C)C(*)=O,13,2,Linker,--
*CCCCN(*)C(*)=O,13,3,Linker,---
*C=CC(=O)NC(CC(C)C)C(=O)NC(CC*)C(=O)N*,13,3,Linker,---
*COCCOCCCCCCNCC(*)O,13,2,Linker,--
*C(=*)CCC,13,2,Linker,-=
*CC(*)CN(C)C,13,2,Linker,--
*CC(O)C(C*)NS(*)(=O)=O,13,3,Linker,---
*=NNC(=O)NN=*,13,2,Linker,==
*CC(NC(=O)CCNC(*)=O)C(=O)O,13,2,Linker,--
*CCCCCCNC(=O)CO*,13,2,Linker,--
*COC(=O)NC(C*)C(=O)NC(C*)COC(*)=O,13,4,Linker,----
*CCN(C*)CCCC,13,2,Linker,--
*C(=O)OCC(=O)NC(*)*,13,3,Linker,---
*CCC(=O)NC(=N)N*,13,2,Linker,--
*CN(C*)CC(O)CS*,13,3,Linker,---
*NNC(=O)C(*)(*)O,13,3,Linker,---
*C=CC=C(OC)C(=O)N*,13,2,Linker,--
*CCNC(=O)C(C)C*,13,2,Linker,--
*NN=C(C(*)=O)C(=O)C(F)(F)F,13,2,Linker,--
*NC(=O)CC(*)CC(=O)NO,13,2,Linker,--
*CNC(=O)CC(C)=NNC(*)=O,13,2,Linker,--
*CC(NC(=O)C(CC(C)C)NC(=O)O*)C(=O)C(O)S(=O)(=O)O,13,2,Linker,--
*C(*)=NNC(=S)N(C)C,13,2,Linker,--
*NC=C(C(*)=O)C(=O)OCC,13,2,Linker,--
*C=CC(C)=CC=CC(C)=CCOC(*)=O,13,2,Linker,--
*C=NNC(=O)C(*)NC(*)=O,13,3,Linker,---
*CCNC(=O)C(C*)N*,13,3,Linker,---
*CC(O)C(*)*,13,3,Linker,---
*COC(=O)CCC(C)=NOC(*)C,13,2,Linker,--
*C(*)(*)CCC(N)C(=O)O,13,3,Linker,---
*C(O)CNC(*)*,13,3,Linker,---
*CC(NC(=O)C(NC(=O)C(C*)NC(=O)C(NC(=O)C(CCCN=C(N)N)NC(=O)CNC)C(C)C)C(C)C)C(*)=O,13,3,Linker,---
*CCNC(=O)C(CC(=O)O)NS(*)(=O)=O,13,2,Linker,--
*NCC(C)N*,13,2,Linker,--
*CC(=O)NC(C*)CC,13,2,Linker,--
*NC(S)=NC(NC(*)=O)C(Cl)(Cl)Cl,13,2,Linker,--
*NC(=O)CCC(=O)N(*)CC(=O)NC(C)(C)CC,13,2,Linker,--
*C(=O)CN(*)CC,13,2,Linker,--
*CC(=O)NC(CCS)C(=O)NC(C*)C(=O)O,13,2,Linker,--
*NC(=O)C[S+]([O-])CC(=O)N(*)CC(=O)NC(C)(C)C,13,2,Linker,--
*NC(=O)C(CC(=O)O)NC(*)=O,13,2,Linker,--
*CN(CCCC)CCCNC(*)=O,13,2,Linker,--
*N=C(N)NC(*)=O,13,2,Linker,--
*CCCCC(*)O,13,2,Linker,--
*CNCCCCCCCN*,13,2,Linker,--
*CN(*)CCC(C)C,13,2,Linker,--
*NC(=O)CC(=O)CS*,13,2,Linker,--
*CC(NC(=O)C(NC(=O)C(C*)NC(=O)C(NC(=O)C(N)CCCN=C(N)N)C(C)C)C(C)CC)C(*)=O,13,3,Linker,---
*C(=O)C(*)NC(=O)NC(COC(=O)NCC)C(C)(C)C,13,2,Linker,--
*CCNC(=O)C(C)OC(*)=O,13,2,Linker,--
*CC(*)(*)SCCN,13,3,Linker,---
*CC(O)CN(C)C*,13,2,Linker,--
*CN(C*)C(=O)CC,13,2,Linker,--
*SCC(=O)NCC(*)*,13,3,Linker,---
*CC(*)(O)CN(C)CCCO*,13,3,Linker,---
*C(=O)SCC(*)=S,13,2,Linker,--
*CC(NC(*)=O)C(=O)NC(C*)C(=O)NC(CCCN=C(N)N)C(=O)O,13,3,Linker,---
*NC=C(*)C=O,13,2,Linker,--
*C=NCCN=C*,13,2,Linker,--
*SCNC(*)=O,13,2,Linker,--
*CCC(=O)NC(CC(C)C)C(=O)NC(C*)C(=O)NC(CCCNC(=N)N)C(*)=O,13,3,Linker,---
*CC(NC(=O)OC(C)(C)C)C(=O)NC(C*)C(=O)NC(CC(C)C)C(O)CC(=O)NC(C)C(=O)NC(CC(C)C)C(O)CC(=O)OC,13,2,Linker,--
*C(=O)NCCC(=O)NCC(*)*,13,3,Linker,---
*CC(N)C(=O)NC(C)C(=O)NCC(=O)NC(C*)C(*)=O,13,3,Linker,---
*CCN(C)C(*)C,13,2,Linker,--
*NC(=O)C(NC(*)=O)C(*)*,13,4,Linker,----
*SCCN(*)*,13,3,Linker,---
*CNC(=O)CN(C*)C*,13,3,Linker,---
*OC(C)C(=O)NCC(*)O,13,2,Linker,--
*CCC(C)NC(=O)CS*,13,2,Linker,--
*C(=O)N(C)C(*)COC,13,2,Linker,--
*CC(O*)C(=O)N*,13,3,Linker,---
*CCC(=O)N(*)C(C)C,13,2,Linker,--
*C(=O)CCCOC(*)=O,13,2,Linker,--
*CN(C*)CCOC(*)=O,13,3,Linker,---
*OCC(=C)CS*,13,2,Linker,--
*C(=*)CC,13,2,Linker,-=
*CCC(=O)NNC(=O)C*,13,2,Linker,--
*N(C)C(=O)CS(*)(=O)=O,13,2,Linker,--
*C#CCCC(=O)N*,13,2,Linker,--
*COC(=O)C(C*)CC=C,13,2,Linker,--
*COP(=O)(OC*)C(*)O,13,3,Linker,---
*C(=O)NCC(=O)OCC(=O)N(*)CC,13,2,Linker,--
*COC(=O)N(*)CCC,13,2,Linker,--
*COC(=O)NC(CC(=O)O)C(=O)COC(=O)C*,13,2,Linker,--
*C(=O)OCCCCOC(*)=O,13,2,Linker,--
*C=CCCNC(*)=O,13,2,Linker,--
*CCCC(CCCCNS(*)(=O)=O)CCC(=O)O,13,2,Linker,--
*C#CC[S+](*)[O-],13,2,Linker,--
*OCC(*)(*)O,13,3,Linker,---
*CNC(=O)C(CCCNC(=N)N)NC(=O)C(C*)NC(=O)N*,13,3,Linker,---
*NC(=S)NN=C(*)CC,13,2,Linker,--
*CCNCC(=O)NC*,13,2,Linker,--
*NC(=O)NCCN(CCNS(*)(=O)=O)CCNS(*)(=O)=O,13,3,Linker,---
*CC(=O)N(C*)CCCOC,13,2,Linker,--
*CC(=O)NC(C*)C(=O)NC(C*)C(=O)NC(CCCNC(=N)N)C(*)=O,13,4,Linker,----
*CC(NS(*)(=O)=O)C(=O)NC(C(=O)NO)C(C)CC,13,2,Linker,--
*C(CC)CS(*)(=O)=O,13,2,Linker,--
*CC(*)=NNC(N)=O,13,2,Linker,--
*C(=N)NNC(*)=O,13,2,Linker,--
*CCN(C*)C(S)=NCCOC,13,2,Linker,--
*C(=O)C(*)N(CC)CC,13,2,Linker,--
*C=CC=NNC(=O)CO*,13,2,Linker,--
*CNC(=O)CCCCCO*,13,2,Linker,--
*CN(CCC)CCCCN*,13,2,Linker,--
*CC(C(=O)N*)C(=O)OCC,13,2,Linker,--
*CCCCCC(=O)NCCC*,13,2,Linker,--
*NC(=O)NNC(=O)C(C)O*,13,2,Linker,--
*NC(=O)CC(*)C(=O)O,13,2,Linker,--
*CC(=O)NC(C*)C(=O)NC(C*)C(=O)NCCCCC,13,3,Linker,---
*C=CC(=O)OCC(=O)N(*)CCOC,13,2,Linker,--
*CC(C*)C(=O)OC,13,2,Linker,--
*NS(=O)(=O)CC(*)=O,13,2,Linker,--
*CCC(C)=NO*,13,2,Linker,--
*C(=O)NC(*)(C)CC,13,2,Linker,--
*C(=O)NCCOCCOCCNC(*)=O,13,2,Linker,--
*OC(*)CCN,13,2,Linker,--
*OCCCNC(=O)N(*)*,13,3,Linker,---
*C(*)[S+]([O-])CC(N)=O,13,2,Linker,--
*C(=O)NCCCCCCCCCCCCNC(*)=O,13,2,Linker,--
*C=CC(=O)NN*,13,2,Linker,--
*CN(*)NC(*)=O,13,3,Linker,---
*CNC(=O)C(C)C=C(*)C(*)NC(=O)OC*,13,4,Linker,----
*NC(=S)SCCO*,13,2,Linker,--
*NC(NC(=O)CC)(C(F)(F)F)C(F)(F)F,13,1,Sub,-
*OCCC(C)O,13,1,Sub,-
*COP(B)(=O)OP(=O)(O)O,13,1,Sub,-
*C#CC(C)(O)CO,13,1,Sub,-
*C=C(C)CCC=C(C)C=C,13,1,Sub,-
*CCNC(=O)CCCCCCCC=CCCCCCCCC,13,1,Sub,-
*CNCC(=O)OC,13,1,Sub,-
*C(CCCCOC)=NOCCN,13,1,Sub,-
*NC(=O)C(NC(N)=O)C(C)C,13,1,Sub,-
*OC(=O)OC(C)C,13,1,Sub,-
*OC(=O)CCCCCC(=O)O,13,1,Sub,-
*C(=O)NCCCCCO,13,1,Sub,-
*CCNC(=O)CCOC,13,1,Sub,-
*CCOCP(=O)(OC(C)C)OC(C)C,13,1,Sub,-
*CCC#CC,13,1,Sub,-
*CCC(O)(CC(=O)O)C(=O)O,13,1,Sub,-
*C(=O)CNCC(C)CC,13,1,Sub,-
*SC(CC)C(=O)OC,13,1,Sub,-
*NC(=O)NCC(=O)NC,13,1,Sub,-
*OC(=O)C=C(C)C(C)(C)OC(C)=O,13,1,Sub,-
*C(=O)C(Br)Br,13,1,Sub,-
*C#CCCCCCCC,13,1,Sub,-
*NC(=O)C(C#N)=NO,13,1,Sub,-
*C(O)CN(C(C)CC)C(C)CC,13,1,Sub,-
*CC(C)F,13,1,Sub,-
*OC(=O)C(CCSC)NC(=O)OC(C)(C)C,13,1,Sub,-
*C(=O)CC(OC)C(C(C)CC)N(C)C(=O)C(NC(=O)C(C(C)C)N(C)C)C(C)N=[N+]=[N-],13,1,Sub,-
*OCC(C)(C)OC,13,1,Sub,-
*N(C)C(=O)CO,13,1,Sub,-
*OC(=O)NC(COC(C)(C)C)C(=O)OC,13,1,Sub,-
*CSCCNC(=NC#N)NC,13,1,Sub,-
*C(C)C(OC(C)=O)C(=O)C(=C)C(C)CO,13,1,Sub,-
*NC(=O)C(NC(N)=O)C(C)CC,13,1,Sub,-
*C(C#N)C(=O)OC,13,1,Sub,-
*CCCC(=O)NCCCOC,13,1,Sub,-
*CNN,13,1,Sub,-
*C(=O)NCC[S+](C)[O-],13,1,Sub,-
*CSC(N)=NC(=N)N,13,1,Sub,-
*CC(=O)N(C)CC,13,1,Sub,-
*C(N)C(F)(F)F,13,1,Sub,-
*C(=CC(=O)OC)C(=O)OC,13,1,Sub,-
*NC(=O)C#CCC,13,1,Sub,-
*C(O)CF,13,1,Sub,-
*CNC(C)C(C)C,13,1,Sub,-
*CSCCC(=N)NC#N,13,1,Sub,-
*OC(=O)COCCOCCOC,13,1,Sub,-
*NC(=O)CCCCCCCC=CCC=CCCCCC,13,1,Sub,-
*OCC(=O)NC(C)C(=O)O,13,1,Sub,-
*N(C)CC(=O)N(C)C,13,1,Sub,-
*COC(=O)CN(C)NC(=O)CC(N)CCN,13,1,Sub,-
*=NCCCO,13,1,Sub,=
*CCNC(=O)C=CC(=O)O,13,1,Sub,-
*CSCC(N)=O,13,1,Sub,-
*C(C)C(=O)NCCC,13,1,Sub,-
*OCCI,13,1,Sub,-
*C(O)C=CCCCCCCCCCCCCC,13,1,Sub,-
*OCC(N)C(C)C,13,1,Sub,-
*C(=O)NC(CCCNC(=N)N)C(=O)OC,13,1,Sub,-
*=C(SC)SC,13,1,Sub,=
*C(CCC)OC(C)=O,13,1,Sub,-
*CCCCCCC(=O)C(F)(F)F,13,1,Sub,-
*CCC=C(C)C(=O)O,13,1,Sub,-
*CC(CC)NC,13,1,Sub,-
*C(=O)NC(CO)C(=O)NO,13,1,Sub,-
*C(=O)CNC(=O)N(C)C,13,1,Sub,-
*NCC(=O)NC(C)C,13,1,Sub,-
*S(=O)(=O)CCC(C)C,13,1,Sub,-
*CCC=CC=CCCC,13,1,Sub,-
*OCCCCCCCCN(CC)CC,13,1,Sub,-
*C(CC)C(=O)OC(C)(C)C,13,1,Sub,-
*CCNC(=O)C(CC)CC,13,1,Sub,-
*C(=O)NC(CCCC(=O)O)C(=O)O,13,1,Sub,-
*N(C)CCCOC,13,1,Sub,-
*C(O)CNC(=O)CCCCCCCCCCCCC,13,1,Sub,-
*C(=O)NC(C)C(=O)NCCC,13,1,Sub,-
*N[N+](=O)[O-],13,1,Sub,-
*CCNC=O,13,1,Sub,-
*C(=O)C(C)(C)C(F)(F)F,13,1,Sub,-
*CNC(=O)CCCCCCC(=O)NO,13,1,Sub,-
*C(=O)NCCC(=O)NC,13,1,Sub,-
*OC(C)C(=O)NN,13,1,Sub,-
*NC(=O)NC(C)(C)CC(C)(C)C,13,1,Sub,-
*NC(=O)CC(C)=NNC(N)=S,13,1,Sub,-
*C(=O)NCC(=O)NC(C)C(=O)NC(CCC(=O)OCC)C(=O)OCC,13,1,Sub,-
*NCC(=O)NCCC,13,1,Sub,-
*C(CC(C)C)NC(=O)CCN(C)C,13,1,Sub,-
*C(C)C(O)CC=C(C)C,13,1,Sub,-
*CN(C)CC(OC)OC,13,1,Sub,-
*S(=O)(=O)CCCCl,13,1,Sub,-
*COC(=O)NC(C(=O)NC(CC(=O)O)C(=O)CF)C(C)C,13,1,Sub,-
*COCCCCCCCCCC,13,1,Sub,-
*CCC(N)(CCCCB(O)O)C(=O)O,13,1,Sub,-
*CC(=O)CCNC(=O)C(O)C(C)(C)CO,13,1,Sub,-
*C(=O)NCC(C)(C)OC,13,1,Sub,-
*N(C)CCCCCC,13,1,Sub,-
*C(=O)CC=NOC,13,1,Sub,-
*CN(C)CC(O)CO,13,1,Sub,-
*CCOCCOCCN,13,1,Sub,-
*CC(=NC)NC,13,1,Sub,-
*C(=O)CCCCCCCCCCCCCC,13,1,Sub,-
*NC(=S)NNC(=O)CC#N,13,1,Sub,-
*N(C)CC(C)C(=O)O,13,1,Sub,-
*CCCN=C=S,13,1,Sub,-
*CSCC(NC(C)=O)C(=O)O,13,1,Sub,-
*C(=S)N(CC)CC,13,1,Sub,-
*CCNC(=O)C(CS)NC(=O)C(CC(C)C)NC(=O)C(CCC(=O)O)NC(=O)OCC(C)C,13,1,Sub,-
*CCCCCCCCCCC(=O)O,13,1,Sub,-
*C(=O)N(C)CCCO,13,1,Sub,-
*C(C)(C)CNC(C)=O,13,1,Sub,-
*OCCNC(C)(C)C,13,1,Sub,-
*C(C)CF,13,1,Sub,-
*=CC(CC)CCCC,13,1,Sub,=
*C=CS(C)(=O)=O,13,1,Sub,-
*C(=O)C=CCC,13,1,Sub,-
*CC=CC(C)C(C)O,13,1,Sub,-
*NC(=O)C(NC(=O)NC(C(=O)OC)C(C)C)C(C)C,13,1,Sub,-
*C(F)(F)P(=O)(OCC)OCC,13,1,Sub,-
*CN(CC)CC(F)(F)F,13,1,Sub,-
*NCCCSC,13,1,Sub,-
*C(C)=NNC(=O)OCC,13,1,Sub,-
*C(=O)NC(CCC(=O)O)C(=O)NC(CCC(N)=O)C(=O)O,13,1,Sub,-
*NC(=S)C#N,13,1,Sub,-
*CC(=O)OCCCCCCCCCC,13,1,Sub,-
*OCC(C)(C)CN,13,1,Sub,-
*OCP(=O)(O)OP(=O)(O)OP(=O)(O)O,13,1,Sub,-
*C(=O)N(CC(=O)NCCCCCCCCCC)C(C)(C)C,13,1,Sub,-
*C(=O)OCC(=O)NCC(F)(F)F,13,1,Sub,-
*OC(CC)C(=O)OCC,13,1,Sub,-
*C(=NO)NCCC,13,1,Sub,-
*NCCCCCCCC(F)(F)F,13,1,Sub,-
*C(=O)NCC=C(C)CCC=C(C)C,13,1,Sub,-
*NC(=NC#N)NC(C)(C)C,13,1,Sub,-
*SCC=CC,13,1,Sub,-
*CCCCCCCCCCCCN,13,1,Sub,-
*S(=O)O,13,1,Sub,-
*C(O)CN(CCCCC)CCCCC,13,1,Sub,-
*CCNCCN(C)C,13,1,Sub,-
*N(CCO)S(C)(=O)=O,13,1,Sub,-
*CC=CCl,13,1,Sub,-
*C[PH](CCCC)(CCCC)CCCC,13,1,Sub,-
*NC(=O)COCC(F)(F)F,13,1,Sub,-
*NC(=O)NC(CCSC)C(=O)O,13,1,Sub,-
*OP(=O)([O-])OCC(COCCCCCCCCCCCCCCCC)OC,13,1,Sub,-
*CSCC(C)C,13,1,Sub,-
*OCCOCCNC(C)CC,13,1,Sub,-
*NC(S)=NCCC(C)C,13,1,Sub,-
*NC(=O)C(C)OCC,13,1,Sub,-
*=CC=C(C#N)C#N,13,1,Sub,=
*COC(=O)NC(CCCCNC(=O)C=C)C(=O)O,13,1,Sub,-
*=NNC(=S)NCCCC,13,1,Sub,=
*C(=O)[Se]C,13,1,Sub,-
*=NC(N)=S,13,1,Sub,=
*C(=O)NC(CC(C)C)B(O)O,13,1,Sub,-
*CC(NC(=O)CCC)C(=O)O,13,1,Sub,-
*=CC=CCCCC(=O)OC,13,1,Sub,=
*OCCNS(=O)(=O)CC,13,1,Sub,-
*C(CC)CCC,13,1,Sub,-
*C(C)CCC(=C)C(C)C(=O)OC,13,1,Sub,-
*C(C)=NNC(C)=O,13,1,Sub,-
*NC(=O)C(C)(O)CBr,13,1,Sub,-
*NC(S)=NC(C)C,13,1,Sub,-
*C(CN)C(=O)OC,13,1,Sub,-
*CCC(C)(N)CO,13,1,Sub,-
*OC(CCC)C(=O)O,13,1,Sub,-
*C=NOCC#C,13,1,Sub,-
*COC(=O)C(O)(C(C)C)C(C)O,13,1,Sub,-
*OC(=O)NC(C(N)=O)C(C)C,13,1,Sub,-
*CC(C)OC(C)=O,13,1,Sub,-
*CC(O)COC(C)(C)C,13,1,Sub,-
*CN(CCC#N)S(C)(=O)=O,13,1,Sub,-
*S(=O)(=O)CCOC(C)C,13,1,Sub,-
*N(CCCl)CCOS(C)(=O)=O,13,1,Sub,-
*SSCC=C,13,1,Sub,-
*S(=O)(=O)NN=C(N)N,13,1,Sub,-
*CN(C)CC(F)(F)F,13,1,Sub,-
*CCNC(=O)COCC,13,1,Sub,-
*NC(=O)C(F)=CCN(C)C,13,1,Sub,-
*NC(=O)NCC(C)(C)C,13,1,Sub,-
*C(=O)OCCI,13,1,Sub,-
*CC(C(=O)O)C(N)C(=O)O,13,1,Sub,-
*C(=O)NC(C)B(O)O,13,1,Sub,-
*OP(=O)(CCC(N)C(=O)O)OC,13,1,Sub,-
*C(=O)NNC=O,13,1,Sub,-
*C#CCNC,13,1,Sub,-
*=CC#CC#CC,13,1,Sub,=
*OCCNCCC,13,1,Sub,-
*OCCCCC(CC(=O)NO)C(=O)NC(C(=O)NC)C(C)(C)C,13,1,Sub,-
*CC(=O)NCC(N)=O,13,1,Sub,-
*NC(=O)CCNC(=N)N,13,1,Sub,-
*OC(C)C#C,13,1,Sub,-
*CN(C)C(C)C(N)=O,13,1,Sub,-
*C(=O)C(F)(F)P(=O)(O)O,13,1,Sub,-
*=NC(=O)C(C)(C)C,13,1,Sub,=
*C(=O)N(C)CC(=O)NC,13,1,Sub,-
*NCCS(=O)(=O)N(C)C,13,1,Sub,-
*NC(=O)C(CC(=O)O)NC(C)=O,13,1,Sub,-
*N(O)C(C)C(=C)C,13,1,Sub,-
*CCCCCCCCCCBr,13,1,Sub,-
*CC(C)NC(=O)C(N)CC(=O)O,13,1,Sub,-
*S(=O)(=O)NC(CO)C(C)C,13,1,Sub,-
*CCCCCCN(C)C,13,1,Sub,-
*C(=O)C(N)CCN,13,1,Sub,-
*NC(=O)CCNCC,13,1,Sub,-
*CNCCC#N,13,1,Sub,-
*C(CC(C)C)OC(=O)NC,13,1,Sub,-
*NC(=S)NCC(C)(C)C,13,1,Sub,-
*N(C(C)=O)S(C)(=O)=O,13,1,Sub,-
*N=C(C)C,13,1,Sub,-
*C=C(C)C=CC(=O)NO,13,1,Sub,-
*CNCCNCC(C)O,13,1,Sub,-
*CC(=O)NCCCN(C)CCCC,13,1,Sub,-
*NCCP(=O)(O)O,13,1,Sub,-
*C(N)CCSC,13,1,Sub,-
*C(=O)NCCCNC(=O)OC(C)(C)C,13,1,Sub,-
*N(C)CC(=O)OCC,13,1,Sub,-
*CCN(C)N,13,1,Sub,-
*CCCCCC(N)=O,13,1,Sub,-
*C(=O)C(C)CCC,13,1,Sub,-
*C(C)=NNC(=S)NC(C)C,13,1,Sub,-
*C=CC(=O)NCC#C,13,1,Sub,-
*C(=O)C(C)NC(=O)CN=[N+]=[N-],13,1,Sub,-
*SC(CC)CC,13,1,Sub,-
*NC(=O)CC[N+](C)(CC)CC,13,1,Sub,-
*N(CCCC)C(=O)C(C)C,13,1,Sub,-
*CCNC(=O)CCl,13,1,Sub,-
*C=CCCCCCCCCC,13,1,Sub,-
*C#CCC(C)O,13,1,Sub,-
*NC(=O)CNCC(=O)O,13,1,Sub,-
*NC(CO)CCCC,13,1,Sub,-
*CC(=O)NCC(C)O,13,1,Sub,-
*C(C=C)OC(C)=O,13,1,Sub,-
*NC(=S)NC(=O)OCC,13,1,Sub,-
*C(CCCC(C)C)COS(=O)(=O)O,13,1,Sub,-
*CCCC(=O)NC(C)C,13,1,Sub,-
*NC(C)(C)C(=O)O,13,1,Sub,-
*S(=O)(=O)NC(=O)CCC,13,1,Sub,-
*C(=O)NC(CO)C(C)CC,13,1,Sub,-
*NC(=O)CP(=O)(O)O,13,1,Sub,-
*S(=O)(=O)CCOCC,13,1,Sub,-
*=CNCCOC,13,1,Sub,=
*CCCCCCCCCCCCCCCCCCCC,13,1,Sub,-
*OCCCCCNCCO,13,1,Sub,-
*C(=O)C(C)NC,13,1,Sub,-
*N(C)C(=O)CN(C)C,13,1,Sub,-
*[S+]([O-])CC(=O)OC,13,1,Sub,-
*OCC(=O)NC(CCCNC(=N)N)C(N)=O,13,1,Sub,-
*OC(=O)OCC=C,13,1,Sub,-
*COCC=C(C)CCC=C(C)CCC=C(C)C,13,1,Sub,-
*C(=N)NCCC,13,1,Sub,-
*OC(=O)C(N)CCC,13,1,Sub,-
*OCCCCC(C)C(=O)O,13,1,Sub,-
*C(C)CCC(C)C,13,1,Sub,-
*OCCC=NN=C(N)N,13,1,Sub,-
*SCCCCl,13,1,Sub,-
*SCC(=O)NC(=O)NCCC,13,1,Sub,-
*SCC(=O)NC(=O)NCC,13,1,Sub,-
*C(=O)C(NC(=O)OC(C)(C)C)C(C)CC,13,1,Sub,-
*CN(CC)S(C)(=O)=O,13,1,Sub,-
*C(=O)CN(C)CCOC,13,1,Sub,-
*CC(=O)N(C)CCO,13,1,Sub,-
*CCC(=O)CC,13,1,Sub,-
*CC[N+](C)(C)[O-],13,1,Sub,-
*NCCCCCCCCCCCCCCC,13,1,Sub,-
*=C(C(=O)OCC)C(=O)OCC,13,1,Sub,=
*OC(F)(F)C(=O)O,13,1,Sub,-
*CNC(=O)C(C)=CCC,13,1,Sub,-
*NC(N)=NC(C)C,13,1,Sub,-
*C(=O)NN=C(S)NCC=C,13,1,Sub,-
*NC(=O)C=CCN(CC)CC,13,1,Sub,-
*C=NNC(=S)NCCCC,13,1,Sub,-
*CNCCCCNCC,13,1,Sub,-
*SCC(=O)OC(C)(C)C,13,1,Sub,-
*SCCCCCCCCC,13,1,Sub,-
*NCCC(C)(C)O,13,1,Sub,-
*CCCN(O)C(=O)C=C(C)CCO,13,1,Sub,-
*C(C)CCC(=O)NC,13,1,Sub,-
*OCC[N+](C)(CC)CC,13,1,Sub,-
*N(CCC)CCCC,13,1,Sub,-
*C(=O)NCCCC(=O)NCC(=O)O,13,1,Sub,-
*CCCCCOC,13,1,Sub,-
*N1C(=*)OC(=*)c2ccccc21,12,3,Ring,-==
*c1n[nH]c2c1CC1CC1(*)C2,12,2,Ring,--
*C1=C(*)C2(CCN(*)CC2)c2c(*)n[nH]c2O1,12,4,Ring,----
*c1cccc2c1C1C(*)N(*)C2CC1(*)*,12,5,Ring,-----
*C1=CC2c3cccc4c3c(cn4*)CC2N(*)C1,12,3,Ring,---
*C1CCC2(*)C(CCC3C4CC5C(=NN(*)C5*)C4(*)CCC32)C1,12,5,Ring,-----
*C1C2CNC1C2,12,1,Ring,-
*C1CC12CCCc1ccccc12,12,1,Ring,-
*C1CCC2(*)C(CCC3(*)C2C(=*)C=C2C4CC(*)(*)CC(*)C4(*)CCC23*)C1(*)*,12,11,Ring,---=-------
*C1=Cc2cc(*)c(*)c(*)c2N(*)C1=*,12,6,Ring,-----=
*c1cc(*)c2c(c1)CCCN2,12,2,Ring,--
*C1C=CS(=*)(=*)CC1,12,3,Ring,-==
*N1C(=*)C(*)(*)C(=*)N(*)c2ccccc21,12,6,Ring,-=--=-
*c1cc2c(*)cc(*)nc2cn1,12,3,Ring,---
*c1nc2nc3c(c(*)c2c(*)c1*)CCCCC3,12,4,Ring,----
*C1C(=*)CCC(*)(*)C1(*)*,12,6,Ring,-=----
*N1CCCCC2CCCCC21,12,1,Ring,-
*C1CCc2nnnn2CC1,12,1,Ring,-
*c1nc2c3c(ncn2n1)N(*)C(=*)S3,12,3,Ring,--=
*c1cccc2c3c(n(*)c12)CCCCC3,12,2,Ring,--
*C1CC2C3CCC(*)C3(*)CCC2C2(*)CCC(=*)CC12,12,5,Ring,----=
*C1COc2c(c(=*)c3ccccc3c2=*)C1*,12,4,Ring,-==-
*C1=CC2C(CC=C(*)C(*)C3C(*)C(*)CC3(*)C1=*)C2(*)*,12,9,Ring,------=--
*N1C=Nc2cccnc2C1=*,12,2,Ring,-=
*C1OCC2(*)N1C(=*)C(*)(*)C2(*)*,12,7,Ring,--=----
*C1CN(*)CC(*)C1=*,12,4,Ring,---=
*C1=CC2=C(C(=*)O1)c1cc(*)c(*)cc1C(=*)O2,12,5,Ring,-=--=
*C1=CC23CCC4C(*)(*)CCCC4(*)C2CCC1C3,12,4,Ring,----
*N1Cc2ccccc2N(*)CCC1=*,12,3,Ring,--=
*c1c2c(nc3ccccc13)-c1ccccc1C2,12,1,Ring,-
*c1cc(*)c2cnccc2n1,12,2,Ring,--
*C1CCCc2cn[nH]c21,12,1,Ring,-
*=C1CCNC1=*,12,2,Ring,==
*n1nnc2c1CCCC2,12,1,Ring,-
*c1nc(*)c2c(*)nc(*)n2n1,12,4,Ring,----
*c1cc(=*)c2c3c(ncc2c1=*)N(*)C(=*)N(*)C3=*,12,7,Ring,-==-=-=
*C1=C(*)c2cc3[nH]c4c(c5nc(cc6[nH]c(cc1n2)c(*)c6*)C(*)C5*)C(=*)N(*)C(=*)c4c3*,12,10,Ring,------=-=-
*c1cc(*)c(*)[n+](*)c1,12,4,Ring,----
*C1CCCC2(CCC(*)O2)O1,12,2,Ring,--
*c1c(*)n(*)c2ccc3ccoc3c12,12,3,Ring,---
*c1cc2c(cc1*)NC(=*)N2,12,3,Ring,--=
*N1CSC(*)(*)C1=*,12,4,Ring,---=
*c1cccc2c1CC(*)(*)CC2,12,3,Ring,---
*C1=NN1*,12,2,Ring,--
*c1cc2c(nc1*)NCCC2,12,2,Ring,--
*C1=CC(=*)C=CO1,12,2,Ring,-=
*c1nc(*)c2c(n1)CSC2,12,2,Ring,--
*C1CC2OC1C1C(=*)OC(=*)C21,12,3,Ring,-==
*C1CC(*)C2(*)C(=*)CCCC2C1(*)*,12,6,Ring,---=--
*C1CCC2C3C4OC4C4(*)CC=CC(=*)C4(*)C3CCC12*,12,5,Ring,--=--
*c1cc2cc3c(c(*)c2c(*)c1*)C(=*)CC(*)(*)C3,12,7,Ring,----=--
*c1cc2cccccc-2c1,12,1,Ring,-
*c1ccc2c(c1*)OC(=*)CC2,12,3,Ring,--=
*c1cc2c(c(*)n1)CCCN2,12,2,Ring,--
*C1CN2C(=*)NC(*)C3NC(=*)CC32C1*,12,5,Ring,-=-=-
*C1=Cc2ccccc2Sc2ccc(*)cc21,12,2,Ring,--
*C1=C(*)N(*)C(*)O1,12,4,Ring,----
*C1=NC(*)(*)C(*)(*)CC1,12,5,Ring,-----
*c1cc2c(=*)c3c(*)c4c(c(*)c3c(=*)c2c(*)c1*)CCc1cc2c(c(*)c1-4)C(=*)N(*)N=C2,12,10,Ring,-=--=---=-
*C1CCS(=*)(=*)CCN1*,12,4,Ring,-==-
*c1nc2c(=*)c(=*)c3ccccc3c2o1,12,3,Ring,-==
*C1=NC2(C(=*)N1*)c1cc(*)ccc1OC21CCC(*)CC1,12,5,Ring,-=---
*C1CC2Cn3c(nc4cc5ccccc5cc43)C2N1*,12,2,Ring,--
*c1nc(*)c2c(n1)-c1c(*)cccc1C2=*,12,4,Ring,---=
*c1ccc2c3c(cccc13)C(=*)OC2,12,2,Ring,-=
*N1CC2CSCCN2Cc2ccccc21,12,1,Ring,-
*C1(*)CC2(*)CCOC2OO1,12,3,Ring,---
*C1CCc2cccnc2C(*)C1,12,2,Ring,--
*c1cc2c(cc1*)N(*)C(=*)C=N2,12,4,Ring,---=
*c1nc2c(*)c3nc(*)sc3c(*)c2s1,12,4,Ring,----
*N1CCCC12CCC2,12,1,Ring,-
*c1ccc2c(c1)C(=*)N1CC3(CC1C(=*)N2*)OC(*)C(*)C3*,12,7,Ring,-==----
*N1CCC2(CC1)COc1ccccc1S(=*)(=*)N(*)C2,12,4,Ring,-==-
*C1=C(*)N(*)c2nnnn2C1*,12,4,Ring,----
*C1COCCCCOCC(*)(*)C(=*)NCC(=*)N2CCCC2C(=*)N1,12,6,Ring,---===
*C1c2cc3ccccc3nc2C2=NC(=*)c3ccccc3N21,12,2,Ring,-=
*C1COC(*)(*)OO1,12,3,Ring,---
*c1cn2ccc(*)c2cn1,12,2,Ring,--
*n1nnc2c1-c1ccccc1OC2=*,12,2,Ring,-=
*c1ccc2c(c1)SC1(*)C(=*)c3ccccc3C1=N2,12,3,Ring,--=
*c1cc2c3c(c1)NC(=*)C(=*)N3C(*)C(*)C2,12,5,Ring,-==--
*C1CCC2(*)CCC3(*)C(CCC4C5(*)CCC(=*)C(*)(*)C5CC(*)C43*)C12,12,9,Ring,----=----
*c1ccc2c(=*)c3nc4ccccc4c(=*)n3c2c1,12,3,Ring,-==
*C1=C2C(=Nc3cc4c(cc3C2*)OCO4)CO1,12,2,Ring,--
*c1ccc2nsnc2n1,12,1,Ring,-
*C1=CC(=*)Oc2cc3occ(*)c3cc21,12,3,Ring,-=-
*c1cc2cnc3c4cc(*)c(*)cc4ccc3c2cc1*,12,4,Ring,----
*c1cn2ncnc2c(*)c1*,12,3,Ring,---
*C1CCC2(NC1)OC1CC3C4CCC5CC(*)CCC5(*)C4CCC3(*)C1C2*,12,5,Ring,-----
*c1cnc2c(c1)CCC(*)O2,12,2,Ring,--
*c1ccc2c(=*)c(*)cc(=*)c2c1*,12,5,Ring,-=-=-
*P1(*)=NP(*)(*)=NP(*)(*)=NP(*)(*)=N1,12,8,Ring,--------
*N1CC2COc3ccccc3CC2(*)C1,12,2,Ring,--
*N1CCc2oncc2C1,12,1,Ring,-
*C1=Cc2cc3c(c(*)c2C(=*)O1)OC1(Cc2c(c(=*)c4c(*)c(*)cc(*)c4c2=*)O1)CC3*,12,9,Ring,--==---=-
*C1Cc2n[nH]cc2CN1*,12,2,Ring,--
*c1nc2cc3c4c(cccc4c2s1)C(=*)N(*)C3=*,12,4,Ring,-=-=
*C1CCCCN(*)CC#CCN(*)C(=*)NC(*)C(=*)NC(*)C(=*)NC(*)C(=*)NC(*)C(=*)N1,12,12,Ring,---=-=-=-=-=
*c1ncnc2c1CCN(*)C2*,12,3,Ring,---
*N1CCC2(CC1)CN(*)CC(=*)N2,12,3,Ring,--=
*c1cc2c(cc1*)C(=*)C(*)C(*)O2,12,5,Ring,--=--
*C1CN(*)CC12CCCC2,12,2,Ring,--
*c1ccc2c(c1)C1C(CO2)C(*)C2(*)C(=*)NC(*)C(=*)N12,12,6,Ring,---=-=
*C1NC(=*)C(*)C(*)OC(=*)C(*)N(*)C(=*)C2CCCN2C(=*)C(*)OC(=*)C(*)N(*)C1=*,12,14,Ring,-=--=--==-=--=
*C1CCC23CCC4(*)C5(*)CCC(*)C(*)(*)C5CC(*)C4(OC2=*)C3C1*,12,9,Ring,-------=-
*c1ccc2c(c1)-c1nnc(*)n1CCO2,12,2,Ring,--
*C1(*)C(=*)Nc2ccccc2C1=*,12,4,Ring,--==
*N1CC2COCC(C1)N2*,12,2,Ring,--
*c1ccnc2cc3c(cc12)C(*)(*)C(=*)N3,12,4,Ring,---=
*C1=Nc2ccccc2[S+](*)C(*)C1,12,3,Ring,---
*N1C(=*)CN2C(=*)CCC12,12,3,Ring,-==
*c1ncnc2c1[n+](*)cn2*,12,3,Ring,---
*C1=Nc2cccnc2C(=*)N1*,12,3,Ring,-=-
*c1nc2scc(*)c2c(*)c1*,12,4,Ring,----
*c1cc2c(cc1*)C(*)(*)CN2*,12,5,Ring,-----
*c1cccc2c1NC(*)C(*)C2*,12,4,Ring,----
*c1sc(*)c2c1C=CCC2,12,2,Ring,--
*c1cc(*)c2c(c1)OC1COc3cc(*)c(*)cc3C1(*)C2=*,12,6,Ring,-----=
*n1ncc2c1C(*)(*)C1CCC3(*)C(CC=C4C5CC(*)(*)CCC5(*)CCC43*)C1(*)C2,12,9,Ring,---------
*N1OC2C=CC1CC2,12,1,Ring,-
*c1ccc2c3c4c(=*)[nH]c(=*)c4c4c(ccc5ccn(*)c54)c3n(*)c2c1,12,5,Ring,-==--
*c1cc(*)c2c(c1)C(*)(*)c1cccc(*)c1C2=*,12,6,Ring,-----=
*c1ccc2n1C(=*)N(*)N=C2,12,3,Ring,-=-
*c1c(*)c2n(c1*)CS(=*)(=*)C2,12,5,Ring,---==
*C1=NS(=*)(=*)c2ccc(*)cc21,12,4,Ring,-==-
*c1cc2c(c(*)n1)C(=*)OC2,12,3,Ring,--=
*c1cc2c(c3c1CCC3)NC(*)(*)C(=*)C2(*)*,12,6,Ring,---=--
*c1nc2c(s1)C(=*)NC=N2,12,2,Ring,-=
*c1c(*)n(*)c2ccsc12,12,3,Ring,---
*c1cccc2c1OCCC2(*)*,12,3,Ring,---
*C1=COC(*)C2C1CC(*)C2(*)*,12,5,Ring,-----
*c1ncc2n1CCCC2,12,1,Ring,-
*c1ccc2c(c1)CCN1C(=*)C3CCCC(C21)N3*,12,3,Ring,-=-
*c1ccc2c(c1)N(*)C(=*)c1cccnc1N2*,12,4,Ring,--=-
*N1CCc2ncsc2CC1,12,1,Ring,-
*c1c[nH]c2c1NC(=*)N(*)C2=*,12,4,Ring,-=-=
*C1CCC2(*)CCC3(*)C(CCC4C5(*)Cc6cnoc6C(*)(*)C5CCC43*)C12,12,7,Ring,-------
*n1c2c(c3c1-c1ccccc1C3=*)C(=*)CCC2,12,3,Ring,-==
*C1=C(*)c2cccc(*)c2OC1=*,12,4,Ring,---=
*c1cccc2c1C(=*)NN(*)C2=*,12,4,Ring,-=-=
*C1=CC2C(CCC3(*)C2CCC3(*)*)C2(*)C1=CC(=*)C1CC12,12,6,Ring,-----=
*c1ccc2c(c1)N(*)C1N(*)CCC21*,12,4,Ring,----
*c1cc(*)c2c(c1*)N(*)CC2,12,4,Ring,----
*C1CCC2(*)C(CCC3C4CCCC4(*)CCC32)C1,12,3,Ring,---
*c1ccc2c(=*)c3c(*)ccc(*)c3c(=*)c2c1,12,5,Ring,-=--=
*[N+]1=CC(=*)O[N-]1,12,2,Ring,-=
*c1sc2c(c1*)OCc1nnc(*)n1C2,12,3,Ring,---
*C1CCC(*)C(*)(*)O1,12,4,Ring,----
*C1=C(*)C2CNCC(C1)N2,12,2,Ring,--
*c1cc2c(o1)c(*)nn2*,12,3,Ring,---
*N1c2cnccc2Sc2cccnc21,12,1,Ring,-
*C1CCC2(*)C(CCC3C4=CCC(*)C4(*)CCC32)C1,12,4,Ring,----
*c1ccc2c3c(cccc13)C(=*)NC2=*,12,3,Ring,-==
*N1CC2CCC(C1)C2(*)*,12,3,Ring,---
*C1=CC(=*)Oc2c3c(c(*)c(*)c21)OC(*)C3,12,5,Ring,-=---
*N1CCC2(CC1)CCC2(*)*,12,3,Ring,---
*C1CCN2C(=*)N(*)C(*)C12,12,4,Ring,-=--
*C1(*)C(*)(*)C(*)(*)C(*)(*)C(*)(*)C1(*)*,12,12,Ring,------------
*C1=CNc2nc(*)ccc2C1=*,12,3,Ring,--=
*C1C=CC(*)C23COC(*)(C(*)C4(*)CC(*)C(*)C4C2*)C13,12,8,Ring,--------
*C1=NC2(C(=*)N1*)c1cc(*)ccc1OC1CCOCC12,12,4,Ring,-=--
*c1nnc2n1CC(*)S2,12,2,Ring,--
*C1=NN2C(=CSC2*)S1,12,2,Ring,--
*C1CCC2(CC1)OCCC(*)OO2,12,2,Ring,--
*c1ccc2c(c1)C(*)OC2=*,12,3,Ring,--=
*C1CCC2(*)C3CCC4(*)C(=C3C(*)C(*)C2C1)CC(*)C4*,12,7,Ring,-------
*C1CCCCCCCC1,12,1,Ring,-
*c1c2c([n+](*)c3ccccc13)CCC(=*)C2=*,12,4,Ring,--==
*c1nc(*)c2c(n1)CCCCC2,12,2,Ring,--
*N1C=NC(=*)c2ccccc21,12,2,Ring,-=
*C1CCC2(*)C(=CCC3C4CCC(=*)NC4(*)CCC32)C1,12,4,Ring,--=-
*N1CCC(=*)C2CCCCC21,12,2,Ring,-=
*c1cc2[nH]c3c(c2cc1*)C(=*)CC(*)(*)C3,12,5,Ring,--=--
*c1ccc2c(c1)NC(=*)Nc1cnc(*)c(n1)OCCCCCO2,12,3,Ring,-=-
*c1cc2c(c(*)c1*)C(=*)C1(*)C=CC2N(*)O1,12,6,Ring,---=--
*C1=CC(*)C(*)=C(*)O1,12,4,Ring,----
*c1cn2c(n1)COc1ccccc1-2,12,1,Ring,-
*N1C(=*)Nc2ccccc2S1(=*)=*,12,4,Ring,-===
*c1cc2c(*)cc(*)c(*)c2cc1*,12,5,Ring,-----
*c1ccc2c(c1*)-c1c(*)c(*)cc3c1C(C2)N(*)CC3,12,5,Ring,-----
*c1cc(*)c2c(c1)C1c3c(cc(*)c4c3C(C2*)C(*)C4*)OC1*,12,7,Ring,-------
*N1N=C2C(=*)Nc3ccccc3N2C1=*,12,3,Ring,-==
*C1=CC=C2C3CCC4=CC(=*)CCC4(*)C3CCC12*,12,4,Ring,-=--
*c1ccc2c(c1*)OCC1c3cc4c(cc3OC21)OCO4,12,2,Ring,--
*N1CC2COCCC2(*)C2COCCC21,12,2,Ring,--
*C1=C(*)C(*)c2c(cc(*)nc2*)O1,12,5,Ring,-----
*N1C(=*)C2C3C=CC(C3)C2(*)C1=*,12,4,Ring,-=-=
*c1nc2c(ccc3nc(*)sc32)s1,12,2,Ring,--
*C1N(*)CCCSC1(*)*,12,4,Ring,----
*C1CN2CCCC(=*)C2=NO1,12,2,Ring,-=
*c1cc2c(cc1*)-c1nnc3cc4c(cc3c1N(*)C2=*)OCO4,12,4,Ring,---=
*C1CCC2C3CC(*)C45CC4CCC5(*)C3CCC12*,12,4,Ring,----
*c1cnc2c(*)n[nH]c2c1,12,2,Ring,--
*C1=CCC2C3CCc4cc(*)c(*)cc4C3CCC12*,12,4,Ring,----
*N1CCc2ccccc2C1(*)*,12,3,Ring,---
*N1CCCC2(CC=CCC2)C1,12,1,Ring,-
*C1=NC(*)c2ccccc2C1,12,2,Ring,--
*c1nn(*)c2nc3ccccc3nc12,12,2,Ring,--
*c1ccc2c(c1)N=C1C(=CC=CN1*)N(*)S2(=*)=*,12,5,Ring,---==
*C1=NC2(CCCCC2)N(*)C1=*,12,3,Ring,--=
*c1ccc2c(c1)OC1c3ccc(*)cc3OCC21,12,2,Ring,--
*c1cc(*)c2c(c1)OC1=C(C2=*)C(*)N(*)C1=*,12,6,Ring,--=--=
*C1=NN2C(=*)N(*)N=C2C(*)=C1*,12,5,Ring,-=---
*c1ccc2c(c1)C1(CCNCC1)CC2*,12,2,Ring,--
*C1=NNC(=*)C2CCCCC12,12,2,Ring,-=
*N1CCC2=C(C1)N=CNC2=*,12,2,Ring,-=
*N1CCN2c3cccc4[nH]cc(c34)CC2C1,12,1,Ring,-
*C1CCC2(*)C(CCC(*)C23CCC(*)(*)O3)C1(*)*,12,7,Ring,-------
*c1ccc2c(c1*)C1(CCCN(*)C1)OC(=*)N2,12,4,Ring,---=
*=C1N=C2SC=NN2C(=*)C1=*,12,3,Ring,===
*C1=NN2C(=*)c3c(sc4c3CCCC4)N=C2S1,12,2,Ring,-=
*C1C(=*)OC2CCCC21,12,2,Ring,-=
*c1cc2c(*)nccc2nc1*,12,3,Ring,---
*C1=NC2=C(C(=*)N1)C(*)c1c(c3ccccc3n1*)O2,12,4,Ring,-=--
*C1CC12CCOC2,12,1,Ring,-
*C1NCCC2(*)CCCCC12,12,2,Ring,--
*N1CCN(*)CC2(CNC(=*)C2)C1,12,3,Ring,--=
*c1ccc2c(*)cc3nc(*)cn3c2c1,12,3,Ring,---
*c1cc2c(*)nc3c(*)nnn3c2cc1*,12,4,Ring,----
*c1cc(*)c2c(c1)CCC(*)N2,12,3,Ring,---
*c1nc2c([nH]1)c1c3c(ccc1c1occ(*)c21)C(*)(*)CCC3,12,4,Ring,----
*c1c[nH]c2c1Cc1ccccc1-2,12,1,Ring,-
*c1ccc2c(c1)-c1s[c+](*)sc1C(*)O2,12,3,Ring,---
*C1=CN2C(=CC1=*)c1cc(*)c(*)cc1CN2*,12,5,Ring,-=---
*c1cc2c(c(*)c1*)NC(=*)N2,12,4,Ring,---=
*C1CCN(*)O1,12,2,Ring,--
*C1CCC2(*)C3CCC4C(*)(*)C(=*)C=CC45CC35CCC12*,12,6,Ring,----=-
*c1cc(=*)c2nccc3c4ccccc4nc1c23,12,2,Ring,-=
*C1=Nc2c(*)nc(*)nc2NC(*)C1,12,4,Ring,----
*c1ccc2c3cccc4c3c([n+](*)c2c1)-c1ccccc1N4*,12,3,Ring,---
*c1cc2c(=*)c(=*)c3c(c2o1)N(*)C(=*)c1ccccc1-3,12,5,Ring,-==-=
*C1(*)CSC1,12,2,Ring,--
*C1=Cn2nc(*)cc2C(=*)N1,12,3,Ring,--=
*C1C2CC3C4N(*)c5ccccc5C45CC(C2C5*)N3C1*,12,4,Ring,----
*C1=NC2(N=C1*)c1cc(*)ccc1CCC21CCC(*)CC1,12,4,Ring,----
*C1=Nc2c(c(*)nn2*)C(*)N1,12,4,Ring,----
*C1CN2CCN(*)CC2c2ccccc21,12,2,Ring,--
*c1ccc2c(c1*)C(*)(*)C2,12,4,Ring,----
*c1nc(*)n2c1C(=*)N(*)c1ccccc1-2,12,4,Ring,--=-
*c1cccc2c1OC(=*)C=C2,12,2,Ring,-=
*C1CCC2(CC1)OC(=*)c1ncccc12,12,2,Ring,-=
*C1Oc2ccccc2C(*)C1*,12,3,Ring,---
*c1cccc2c1OC1(CN(*)C1)CN(*)C2=*,12,4,Ring,---=
*N1C(=*)c2cccnc2N(*)c2ncccc21,12,3,Ring,-=-
*c1ccc2c(c1*)C1(*)CCN(*)C(C2)C1*,12,5,Ring,-----
*c1ccc2c(c1)CC(=*)N(*)C2*,12,4,Ring,-=--
*c1ccc2c(c1)Cc1c-2nc(*)c2ccccc12,12,2,Ring,--
*c1cnc2c(*)cc(*)nc2c1,12,3,Ring,---
*c1cccc2c3c4c(cccc4cc12)C(=*)N(*)C3=*,12,4,Ring,-=-=
*c1ccc2c(c1)NC(=*)CCCCC(*)c1nc-2c[nH]1,12,3,Ring,-=-
*C1CCC(=*)NC(*)C(=*)NC(*)C(=*)NC(*)C(=*)NC(*)C(=*)NCC(=*)NC(*)C(=*)NC(*)C(=*)N1,12,15,Ring,-=-=-=-=-==-=-=
*C1=Nc2cc(*)ccc2Sc2c(*)ccc(*)c21,12,4,Ring,----
*C1=NC(=*)c2ccc(*)cc2O1,12,3,Ring,-=-
*C1CCC2(*)C3=CC(=*)C4CC5OC(*)(*)OC5CC4(*)C3CCC12*,12,7,Ring,--=----
*c1cccc2c1CCC2(*)*,12,3,Ring,---
*c1cc2cc3c(cc2o1)OC(=*)C=C3,12,2,Ring,-=
*c1cc(=*)c2c(*)c3c(c(*)c2c1=*)CC(*)(*)C(*)C3*,12,9,Ring,-=--=----
*c1ccc2c(c1)COC(=*)N2,12,2,Ring,-=
*C1C=CC(*)(*)OO1,12,3,Ring,---
*c1ccc2c(c1)C(*)N(*)C(*)CO2,12,4,Ring,----
*C1CN(*)C2(C(=*)c3ccccc3C2=*)C12Cc1ccccc1C2=*,12,5,Ring,--===
*C1=C2CCCN2CCC1,12,1,Ring,-
*N1CC2CCOC2C1,12,1,Ring,-
*c1ccc2[nH]c3c(c2c1)CC(*)NC3*,12,3,Ring,---
*c1ncnc2c1sc1cccc(*)c12,12,2,Ring,--
*C1NC(=*)N(*)c2cc3c(cc21)OCO3,12,3,Ring,-=-
*c1c2c(nc3ccccc13)CCCC2=*,12,2,Ring,-=
*N1C(=*)C=Cc2c1nc1ccccc1[n+]2*,12,3,Ring,-=-
*c1ccc2c(c1)NC(*)N(*)C2=*,12,4,Ring,---=
*n1c2ccccc2c2c3c(c4c5ccccc5n(*)c4c21)C(=*)NC3,12,3,Ring,--=
*C1CN(*)c2ccccc2NC1=*,12,3,Ring,--=
*C1=NC2=C(CCN(*)C2)C(=*)N1*,12,4,Ring,--=-
*c1ccc2c(c1)[nH]c1c(*)ncnc12,12,2,Ring,--
*C1CC2C(*)(*)C(=*)CCC2(*)C2=C1C1(*)C(*)CC(*)C1(*)CC2=*,12,10,Ring,---=-----=
*c1cc(=*)c2c(*)n[nH]c2c1=*,12,4,Ring,-=-=
*N1Cc2n[nH]c(=*)c3cccc4[nH]c(c2c43)C1,12,2,Ring,-=
*C1C(*)C(*)(*)C2(*)C(*)CC34CC(*)(*)C(CCC3C(*)(*)C12)C4*,12,11,Ring,-----------
*C1=Nc2c(*)nc(*)nc2OC1,12,3,Ring,---
*C1=CN2C(=*)C(*)=C(*)C=C2C=C1,12,4,Ring,-=--
*n1c2c(c3ccccc31)C(=*)NCCC2,12,2,Ring,-=
*C1CC=C2C(=CCC3(*)C(*)CCC23*)C1(*)*,12,6,Ring,------
*C1CN(*)S(=*)(=*)c2ccccc2O1,12,4,Ring,--==
*C1=CC(=*)n2ncnc2N1*,12,3,Ring,-=-
*c1ccc2c(c1)-n1nc(*)c(*)c1C(*)CO2,12,4,Ring,----
*c1c(*)[n+](*)c2c([n+]1*)CCCCC2,12,4,Ring,----
*C1=CC(=*)C2(Oc3c(*)c(*)cc(*)c3C2=*)C(*)C1,12,7,Ring,-=---=-
*C1OC=C2C(=*)OCCC2C1*,12,3,Ring,-=-
*c1ccc2c(c1)OC1(CCCC1)CC2=*,12,2,Ring,-=
*c1ccc2c(c1)CCC1C2CCC2(*)C(=*)CC(*)C12,12,4,Ring,--=-
*c1nc(*)c2c3c(n(*)c2n1)CCCC3,12,3,Ring,---
*c1ccc2c(=*)c3c(c(=*)c2n1)NCCS3(=*)=*,12,5,Ring,-====
*c1ccc2c3c(c(*)nc2c1)C(=*)c1ccccc1-3,12,3,Ring,--=
*C1=C(*)C2(*)C(=*)C1(*)C(*)C2*,12,7,Ring,---=---
*c1ccc2c(c1)C(=*)OC(=*)N2,12,3,Ring,-==
*P1(=*)COc2ccccc2OC1,12,2,Ring,-=
*N1CCNc2ccccc2C1,12,1,Ring,-
*C1=NC2(CC(*)OC3OC4CC5CCC6C(CCC7(*)C(*)CCC67*)C5(*)CC4OC32*)SC1,12,7,Ring,-------
*C1CCCC2(C1)OOC1(OO2)C2CC3CC(C2)CC1C3,12,1,Ring,-
*C1C2c3ccccc3CC(c3ccccc32)N1*,12,2,Ring,--
*c1ccc2c(c1)CCc1c(*)ncn1-2,12,2,Ring,--
*c1ccc2c(c1)C(=*)CN(*)C2,12,3,Ring,-=-
*C1Cn2nncc2CO1,12,1,Ring,-
*N1CC(=*)Oc2ccccc21,12,2,Ring,-=
*c1ccc2c(*)c(*)c3cc(*)c(*)cc3c2c1,12,5,Ring,-----
*C1=Nc2nc3ccccc3n2C(*)C1=*,12,3,Ring,--=
*c1ccc2cc3n(c2n1)C(*)CCNC3=*,12,3,Ring,--=
*c1cccc2c1OCCCC2*,12,2,Ring,--
*N1CCc2cn(*)nc2C1=*,12,3,Ring,--=
*C1=NN2C(=*)c3cc4c(cc3N=C2S1)OCO4,12,2,Ring,-=
*c1ccc2nc3n(*)c4ccc(*)cc4c(*)c-3c2c1,12,4,Ring,----
*C1=CN2C(=*)c3ccccc3N=C2C=C1,12,2,Ring,-=
*C12CCCC(*)(CCC1)C2,12,2,Ring,--
*c1onc2c1C(=*)c1ccccc1-2,12,2,Ring,-=
*C1C(*)C2C(*)(*)CCC(*)C2(*)C2(*)C(=*)CC(*)(*)OC12,12,10,Ring,-------=--
*c1cc(*)c2c(c1*)Oc1ccc(*)c(*)c1C2=*,12,6,Ring,-----=
*N1C=Cc2c(ccn2*)C1=*,12,3,Ring,--=
*c1nc(*)c2c(ccc3c2cnn3*)n1,12,3,Ring,---
*C1=C(*)C2(C(=*)N(*)c3ccccc32)C2=C(CCCC2=*)O1,12,5,Ring,--=-=
*C1=C2C(*)C(*)C3(*)CCC(*)C(=*)C3C(*)C(CC1*)C2(*)*,12,10,Ring,-----=----
*=c1c(=*)c2ccccc2c2ccccc12,12,2,Ring,==
*c1cc2ccc3cccc4ccc(c1)c2c34,12,1,Ring,-
*c1cc2c(cc1*)C1CC(*)(*)CC(*)N1CC2,12,5,Ring,-----
*C1CCCN2C(=*)C(*)(*)CC12,12,4,Ring,-=--
*c1ccc2c(*)c3ccccn3c2c1,12,2,Ring,--
*C1(*)c2ccccc2Sc2ccccc21,12,2,Ring,--
*c1ccc2c(c1)COc1c3ccccc3nn1-2,12,1,Ring,-
*c1cc(*)c2nc3c[nH]ccc-3c2c1,12,2,Ring,--
*C1=NC2(N=C1*)c1cc(*)c(*)cc1CC21CCC(*)CC1,12,5,Ring,-----
*c1c2c(nc3c1C(*)NC(=*)N3)CCCC2,12,3,Ring,--=
*C1=NC(*)(*)C(*)(*)S1,12,5,Ring,-----
*c1cc2c(c3c1OCO3)-c1c(cc(*)c3c1OCO3)C(=*)N(*)C2,12,4,Ring,--=-
*c1cc2c(n1*)-c1ccccc1C(=*)N2,12,3,Ring,--=
*C1CC(*)C2(*)C(CCCC2(*)*)C1(*)*,12,7,Ring,-------
*c1nc2c(c3ncccc13)NC(=*)N2*,12,3,Ring,-=-
*c1ccc2c(c1)N1C(=*)N(*)C(=*)C1C2,12,4,Ring,-=-=
*C1CCS(=*)(=*)C(*)(*)C1,12,5,Ring,-==--
*C1CNC(*)C(=*)NC(*)C(=*)NC(*)C(=*)NC(*)C(=*)NCCC(=*)N1,12,10,Ring,--=-=-=-==
*c1c(*)n2c3c(cccc13)CN(*)CC2,12,3,Ring,---
*c1cc(*)c2c(ccc3[nH]ccc32)n1,12,2,Ring,--
*c1c2ccccc2nc2oc3ccccc3c12,12,1,Ring,-
*c1ccc2c(c1)N(*)c1ccccc1C=C2,12,2,Ring,--
*c1ccc2c(c1)C1C(CO2)CC(*)N1*,12,3,Ring,---
*n1ncc2c1CC(*)(*)CC2=*,12,4,Ring,---=
*c1cc2c3c(c1)CCCC3CCC2,12,1,Ring,-
*N1CCC2(CC1)CNc1ccccc12,12,1,Ring,-
*c1cc(*)c2c(c1)C(*)(*)OC(=*)N2,12,5,Ring,----=
*c1nn(*)c2c1C(=*)CCC2,12,3,Ring,--=
*c1cc2c(nc1*)C1CCN2CC1,12,2,Ring,--
*C1=CC(=*)c2c(*)cc3c(=*)c4cccc(*)c4c(=*)c3c2O1,12,6,Ring,-=-=-=
*c1ccc2c(c1)-c1nc(*)nn1Cc1c(*)ncn1-2,12,3,Ring,---
*C1CC2COC3OC1CC23,12,1,Ring,-
*N1CCC2CCCC21,12,1,Ring,-
*C1CCc2ccsc2CC1,12,1,Ring,-
*c1nc2cc3c4c(cccc4c2[nH]1)C(=*)N(*)C3=*,12,4,Ring,-=-=
*c1ccc2c(c1)COC(*)C2,12,2,Ring,--
*C1=NOC(*)N1,12,2,Ring,--
*N1CCC2(CC1)OOC1(OO2)C2CC3CC(C2)CC1C3,12,1,Ring,-
*c1ncc2n1CCC(*)C2,12,2,Ring,--
*c1cc2c(*)c(*)cnc2c(*)c1*,12,5,Ring,-----
*c1nn(*)c2c1CS(=*)(=*)CC2,12,4,Ring,--==
*[N+]12CCC34c5ccccc5N5C=C6C7CC8C9(CC[N+]8(*)CC7=*)c7ccccc7N(C=C(C(CC31)C(=*)C2)C54)C69,12,4,Ring,--==
*N1CCCC2(CC2)C1,12,1,Ring,-
*N1C(=*)N(*)C2CS(=*)(=*)CC21,12,5,Ring,-=-==
*C1=c2c(nc(*)nc2=*)N(*)c2ccccc21,12,4,Ring,--=-
*C1COCc2ccccc21,12,1,Ring,-
*N1CCN(*)C(=*)NC1=*,12,4,Ring,--==
*C1(*)CCc2c(c3ccccc3c(=*)c2=*)O1,12,4,Ring,--==
*C12OC1(*)C(=*)c1ccccc1C2=*,12,4,Ring,--==
*c1ccc2c(c1)NC(=*)C(*)CCCC(*)c1nc-2c[nH]1,12,4,Ring,-=--
*c1cc(*)c2c(c1)C(=*)N(*)CCO2,12,4,Ring,--=-
*C1CC(*)C2(*)C3=CCC4C(*)(*)C(=*)CCC4(*)C3=CCC12*,12,8,Ring,-----=--
*c1nc2ccccc2c2c1[nH]c1ccccc12,12,1,Ring,-
*c1ccc2nc3c(c(*)c2c1)Cc1cc(*)c(*)cc1-3,12,4,Ring,----
*c1c2c(c3n1CC(*)OC3*)N(*)C(=*)N(*)C2=*,12,7,Ring,----=-=
*C1=CC2(*)C=C(*)C(*)CC23OC(=*)C(=C3*)C(=*)C2(*)C(C(*)=CCC1)C(*)=CC1C(*)CCC(*)C12,12,12,Ring,----=-=-----
*C1=NC2N=CN=C(*)C2=C1*,12,3,Ring,---
*C1=C(*)S(=*)(=*)N(*)c2ccccc21,12,5,Ring,--==-
*C1=C(*)C(=*)OC2(CCCCC2)O1,12,3,Ring,--=
*C1CCS(=*)(=*)c2ccccc21,12,3,Ring,-==
*C1C2OCOC2COC12COC(*)(*)O2,12,3,Ring,---
*C1C=CC(=*)C2(*)C3CCC4(*)C(*)(*)CCC4(*)C3CC3OC132,12,7,Ring,-=-----
*c1ccc2c(c1)CC(*)CN2,12,2,Ring,--
*C1CCC2CN(*)CC(=*)N2C1,12,3,Ring,--=
*C1=NC(=*)N(*)c2cc(*)c(*)cc21,12,5,Ring,-=---
*C1C2C3N(*)CC4(*)CCC(*)C3(C3CC5(*)C(*)C(*)C2(*)C3C5*)C14,12,9,Ring,---------
*c1ccc2nc3c([nH]c4ccccc43)c(*)c2c1,12,2,Ring,--
*c1ccc2c(c1)C(=*)C1(CCN(*)CC1)c1ccccc1O2,12,3,Ring,-=-
*c1cc2n(c1*)C1CC3(*)C(NC(=*)N3*)C1NC2=*,12,6,Ring,---=-=
*C1=C2C(*)C(*)C(*)C3CCC(*)C3=CC2(*)CC1,12,6,Ring,------
*c1cc2c(ccc3ccccc32)nc1*,12,2,Ring,--
*N1CCC(*)(*)S(=*)(=*)CC1,12,5,Ring,---==
*c1ccc2c(c1)C=CC2=*,12,2,Ring,-=
*N1CCc2cccnc2C1,12,1,Ring,-
*c1ccc2c(c1)C1(*)CCCCC1C=C2,12,2,Ring,--
*c1c(*)c(=*)c2c(nc(*)n2*)c1=*,12,6,Ring,--=--=
*N1C(=*)C2(SCCC(=*)N2*)c2ccccc21,12,4,Ring,-==-
*C1CN2CCN1CC2,12,1,Ring,-
*C1(*)C(=*)CCC2(*)C1CCC1(*)C(=*)C(=*)CC12,12,7,Ring,--=--==
*c1nc2c(*)c(*)c(*)c(*)c2o1,12,5,Ring,-----
*C1CC2C(*)CN(*)CC2C1*,12,4,Ring,----
*c1ccnc2cn(*)nc12,12,2,Ring,--
*c1cccc2c(=*)c3cc4c(c(*)c3c(=*)c12)C(*)CC(*)(*)C4*,12,8,Ring,-=-=----
*c1cc2c(s1)C(*)NCC2,12,2,Ring,--
*c1cccc2c1OCC(*)N(*)S2(=*)=*,12,5,Ring,---==
*c1ccc2c(c1)nc1c(*)c(*)c(*)c(*)n12,12,5,Ring,-----
*C1CC2(*)C(=*)C=C3C(CCC4(*)C(*)CCC34*)C2(*)CC1*,12,8,Ring,--=-----
*c1ccc2c(c1)N(*)CCCO2,12,2,Ring,--
*C1=CCC(*)C2(S1)C(=*)Nc1cccc(*)c12,12,4,Ring,--=-
*C1=C(*)N(*)N(*)N1,12,4,Ring,----
*C1=NC2(CCO1)c1cc(*)ccc1Oc1c(*)cc(*)cc12,12,4,Ring,----
*c1ccc2c3c(cccc13)-c1ccccc1-2,12,1,Ring,-
*c1c2c(nc3c1C(*)c1ccc4cccnc4c1O3)CCCC2,12,2,Ring,--
*c1ccc2c(c1)[nH]c1cnc(*)cc12,12,2,Ring,--
*C1CC2C(=*)OC(*)C(*)C(=*)N3CCCC3C(=*)N3CCCCC3C(=*)NC(*)C(=*)N2C1,12,9,Ring,-=--===-=
*c1ccc2c(*)nc3c(nnn3*)c2n1,12,3,Ring,---
*c1csc2c(*)c3c(=*)c4ccccc4c(=*)c3c(*)c12,12,5,Ring,--==-
*c1ccnc2ncccc12,12,1,Ring,-
*c1ccc2c(c1)SC(*)C1C(=N2)c2ccccc2C1*,12,3,Ring,---
*c1nc2cccnc2n2cccc12,12,1,Ring,-
*C1=CC(=*)c2c(cc3c(*)c(*)cc(*)c3c2*)O1,12,6,Ring,-=----
*c1c2c(=*)c3ncccc3c(=*)c2n2ccccc12,12,3,Ring,-==
*c1cc(*)c2c(*)c(*)n(*)c2c1,12,5,Ring,-----
*c1ccc2c(c1)OCCOCCOCCOCCOCCO2,12,1,Ring,-
*C1=Nc2c(n(*)c3ccccc23)C(=*)N1*,12,4,Ring,--=-
*C1CC(*)C2(C(=*)Nc3ccccc32)N1*,12,4,Ring,--=-
*C1=NC2=C(C(=*)N1)C(*)C1=C(CC(*)(*)CC1=*)N2*,12,7,Ring,-=---=-
*C1=C2NCCCN2C(=*)c2c(*)c(*)c(*)c(*)c21,12,6,Ring,-=----
*C1=Nc2c(*)nn(*)c2N(*)C(=*)C1,12,5,Ring,----=
*c1cccc2c1NC(=*)CC2,12,2,Ring,-=
*c1ccc2c(c1)nn1cc(*)cnc21,12,2,Ring,--
*c1nc2n(n1)CCC(=*)N2*,12,3,Ring,-=-
*N1CCC2(CC1)OC(=*)Nc1ccccc12,12,2,Ring,-=
*C1=NC2(*)COCCC2CS1,12,2,Ring,--
*c1cc2c[n+](*)c3c4cc(*)c(*)cc4c(*)cc3c2cc1*,12,6,Ring,------
*=S1(=*)CCCCC1,12,2,Ring,==
*C1C2SC(*)N(*)C2=NN1*,12,4,Ring,----
*C1c2cccn2S(=*)(=*)c2ccccc2N1*,12,4,Ring,-==-
*c1nc2cc3cccnc3c(*)c2[nH]1,12,2,Ring,--
*c1noc2c1CCCC2*,12,2,Ring,--
*c1ccc2c(c1)OCC1c3cc4c(cc3OC21)OCO4,12,1,Ring,-
*C1c2ccccc2-c2c3c(c4c([nH]c5ccccc54)c21)CNC3=*,12,2,Ring,-=
*C1=NS(=*)(=*)c2cccnc2N1,12,3,Ring,-==
*C1CN(*)CC12CCNC2=*,12,3,Ring,--=
*C1=C2C(*)CCC(*)C2CC1,12,3,Ring,---
*C1OCC2(*)C(CCC2(*)*)C2CCC3=CC(=*)CCC3=C12,12,5,Ring,----=
*c1ccc2c(c1)C(=*)Oc1c-2ccc(*)c1*,12,4,Ring,-=--
*C1=NC(=*)SC1*,12,3,Ring,-=-
*c1nn(*)c2cccnc12,12,2,Ring,--
*C1Nc2nc3c(cc2C2=C1C(=*)NC(=*)N2)C1=C(C(=*)NC(=*)N1)C(*)N3,12,6,Ring,-====-
*N1CCC2(CC1)C1C(=*)N(*)C(=*)C1CN2*,12,5,Ring,-=-=-
*c1cc2c(cc1*)C1CCC3(*)C(=*)C(=*)CC3C1CC2,12,5,Ring,---==
*c1ccc2c(c1)CCc1c-2ccc2c1CCC2(*)*,12,3,Ring,---
*c1cc2c(c(*)c1*)C(=*)CC(*)(*)N2,12,6,Ring,---=--
*C1C(=*)N=NN1*,12,3,Ring,-=-
*C1CCC2(CC1)CC2*,12,2,Ring,--
*c1nnc2ccccc2n1,12,1,Ring,-
*C1=NN(*)C(*)C1(*)*,12,5,Ring,-----
*c1ccc2[nH]c3c(c2c1)C(*)CN(*)C3,12,3,Ring,---
*c1cc2[nH]c3c(c2cc1*)CCN1CC2CC(*)C1C3C2,12,3,Ring,---
*N1CC2(COC(*)(*)OC2)C1,12,3,Ring,---
*n1c2ccccc2c2nc3nonc3nc21,12,1,Ring,-
*c1nc2c(*)c3c4c(c2o1)C(*)CCC4C(*)CC3*,12,5,Ring,-----
*c1ccc2c(c1)CC(*)N2,12,2,Ring,--
*C1COC2(*)Oc3c(c4c(c5c3CC3C(*)COC3(*)O5)CN(*)CO4)CC12,12,5,Ring,-----
*C1CCC2(*)C3=CCC4(*)C(*)CCC4C3CC(*)C2C1,12,5,Ring,-----
*c1cnc2c(*)cc(*)c3c2c1CCC3*,12,4,Ring,----
*C1CCC2(*)C(C1)CC(*)C1C3CCC(*)C3C(*)CC12,12,5,Ring,-----
*C1=CC2=C(C(=*)O1)C(*)=[O+][B-](*)(*)O2,12,5,Ring,-=---
*C1N(*)C(=*)C2CC(=*)C(=*)N21,12,5,Ring,--===
*C1=Nc2ccccc2N(*)C(*)C1,12,3,Ring,---
*C1=CC=C2C3CCC4CC(*)CCC4(*)C3CCC12*,12,4,Ring,----
*C1=C(*)C(*)=C2NC(=*)c3c(*)csc3N2C1=*,12,6,Ring,---=-=
*C1CC2OC(=*)N(*)C2C1,12,3,Ring,-=-
*C1=C(*)c2ccc(*)c(*)c2CCC1,12,4,Ring,----
*C1=NC2(CCSCC2)N(*)C(*)=N1,12,3,Ring,---
*c1cn(*)c2cc3c(cc12)OCO3,12,2,Ring,--
*N1CCC2(CC1)OC(=*)Nc1ncccc12,12,2,Ring,-=
*c1nc2c3ccccc3nc-2c(*)s1,12,2,Ring,--
*C1CC23CCC4C(*)(*)CCC(*)C4(*)C2CCC1C3,12,5,Ring,-----
*C1COc2ccc3c(c2C1)C(=*)NC3,12,2,Ring,-=
*N1C(=*)CSC1(*)*,12,4,Ring,-=--
*C1CC(=*)Nc2ccsc21,12,2,Ring,-=
*c1ccc2c(c1)NC(=*)CCC=CCC(*)c1nc-2c(*)[nH]1,12,4,Ring,-=--
*C1=C(*)N2C(=*)CSC2=C(*)C1*,12,5,Ring,--=--
*c1c[n+](*)c2ccccc2c1*,12,3,Ring,---
*n1c2c(c3ccccc31)CCSc1ccccc1-2,12,1,Ring,-
*N1CCC2(CCCOC2)C1,12,1,Ring,-
*C1CCC2(*)C3CCC4(*)C(=CCC5(*)CCC(*)(*)CC54)C3(*)CCC2C1(*)*,12,9,Ring,---------
*c1cc(*)c2c(c1*)CC(*)N(*)C2*,12,6,Ring,------
*c1nc2c3c(cnn3*)nc(*)n2n1,12,3,Ring,---
*c1ccc2c(c1)OC(=*)c1c(*)cc(*)nc1-2,12,4,Ring,-=--
*=C1C=CNc2ccccc21,12,1,Ring,=
*n1cn[n+](*)c1,12,2,Ring,--
*N1CCC2(C=Cc3ccccc3O2)CC1,12,1,Ring,-
*c1ccc2c(c1)COC1(CCNCC1)O2,12,1,Ring,-
*C1CC2CC1C1C=CCC21,12,1,Ring,-
*c1cccc2[nH]c3c(c12)CC(*)CC3,12,2,Ring,--
*C1CCCCCCCCCCC(=*)OC(*)CC1,12,3,Ring,-=-
*c1cc2c(*)c(*)c(*)c(*)c2s1,12,5,Ring,-----
*c1ccc2c(*)[nH]nc2n1,12,2,Ring,--
*C1CC2(CCN1*)CC2,12,2,Ring,--
*C1NC(=*)C2C(*)CCN2C(=*)C(*)OC(=*)CCNC(=*)C(*)N(*)C(=*)C(*)N(*)C1=*,12,13,Ring,-=-=-==--=--=
*c1ccc2c(n1)-c1cc3c(*)cccc3n1C(*)C2,12,3,Ring,---
*C1CC(=*)CCC1=*,12,3,Ring,-==
*c1ccc2nc3ccccc3nc2c1*,12,2,Ring,--
*c1[nH]c(*)c2ccccc12,12,2,Ring,--
*C1=Cc2c(c(*)nn2*)C(=*)N1,12,4,Ring,---=
*C1c2[nH]c3ccccc3c2CC2C(=*)N3C(Cc4c([nH]c5ccccc45)C3*)C(=*)N21,12,4,Ring,-=-=
*C1=CCC2C(*)(CCC23OC(*)CC3*)CC2C1C(=*)CC2(*)*,12,7,Ring,----=--
*C1C2=C(CCCC2)C(=*)N1*,12,3,Ring,-=-
*C1CCC2C(CCC3C2CCC2(*)C3CCC2(*)*)C1,12,4,Ring,----
*C1ONC2=C1C(*)N(*)C1CCCCC21,12,3,Ring,---
*c1ccc2c(c1)N(*)CCC2*,12,3,Ring,---
*C1=C2C(=*)N(*)C(=*)CC2c2cc(*)ccc2O1,12,5,Ring,-=-=-
*c1nnc2n1C(*)CN(*)C2*,12,4,Ring,----
*C1CCCCCCCCCCC(=*)NCCC1,12,2,Ring,-=
*C1=C(*)C(*)=C2OC(*)CC2(*)C1=*,12,6,Ring,-----=
*C1=NN(*)C(=*)CCC1,12,3,Ring,--=
*C1=CC2C(*)CCC(*)C2CC1,12,3,Ring,---
*C1CCC2CC(=*)CC12,12,2,Ring,-=
*c1nnc(*)c2sccc12,12,2,Ring,--
*c1cc(*)c2c(c1)N(*)CC2*,12,4,Ring,----
*C1=C(*)c2cc(*)c(*)cc2N(*)C1=*,12,6,Ring,-----=
*C1=NC2(CCCC2)Cc2ccccc21,12,1,Ring,-
*C1C=Nc2ccccc21,12,1,Ring,-
*c1cc2n(n1)CC(=*)N(*)C2=*,12,4,Ring,-=-=
*C1CCC2(*)C3=CC=C4C5CC(*)(*)CCC5(*)CCC4(*)C3(*)CCC2C1(*)*,12,9,Ring,---------
*c1noc2c1C(=*)CCC2,12,2,Ring,-=
*c1ccc2c(c1)N1CCNCC1C2,12,1,Ring,-
*N1CCNCC(*)(*)C1,12,3,Ring,---
*C1CCC(*)(*)C2CC(*)C34C(=*)C(=*)C(CCC3C12*)C4*,12,8,Ring,----==--
*C1CC2(*)CC(=*)C1C1C(=*)N(*)C(=*)C12,12,6,Ring,--==-=
*c1nc2ccnc(*)c2s1,12,2,Ring,--
*C1=CC(=*)Oc2c(*)ccc(*)c21,12,4,Ring,-=--
*C1CCC2C34CCC5(*)C(*)CCC5(*)C3C=CC2(OC4)C1(*)*,12,6,Ring,------
*c1ccnc2c(=*)c3nccc(*)c3c(=*)c12,12,4,Ring,-=-=
*C1C(=*)NC2=C1C(=*)N(*)C(=*)N2*,12,6,Ring,-==-=-
*c1nccc2cc[nH]c12,12,1,Ring,-
*C1CC2CCC3C(*)C(*)N=C(N1)N23,12,3,Ring,---
*c1cccc2c3c(oc12)CN(*)CC3,12,2,Ring,--
*N1c2ccccc2C(=*)NS1(=*)=*,12,4,Ring,-===
*c1cc2c(c(*)n1)C=CC(=*)N2*,12,4,Ring,--=-
*C1CC2C(*)(CCC(*)C2(*)*)C2=C1C1(*)C(=*)CC(*)C1(*)C(*)C2=*,12,11,Ring,------=---=
*c1ccc2c3c(n(*)c2n1)CCNCC3,12,2,Ring,--
*=C1CCOCC1,12,1,Ring,=
*N1CNC2=C(C1)C(=*)N(*)C(=*)N2*,12,5,Ring,-=-=-
*c1cc2cn[nH]c2cn1,12,1,Ring,-
*c1nc2cc(*)c3oc(*)cc3c2[nH]1,12,3,Ring,---
*c1ccc2c(n1)CC(*)(*)CC2=*,12,4,Ring,---=
*c1cc2c(=*)c(*)c3c(c2cc1*)c1c2cc(*)c(*)cc2c(=*)c(*)c1n3*,12,9,Ring,-=----=--
*C1=C2C(*)C(*)CCC2(*)C=CC1=*,12,5,Ring,----=
*C1CCC2C3CCC4=CCCCC4(*)C3CCC12*,12,3,Ring,---
*C1=CCCC2(*)OC2C2OC(=*)C(*)C2CC1*,12,5,Ring,--=--
*C1Cc2ccccc2C(*)O1,12,2,Ring,--
*C1C2OCC3(*)C(*)CC(*)C4(COC(*)(*)C4C1(*)*)C23,12,8,Ring,--------
*C1NC(=*)CC2C=CCCSSCC(NC1=*)C(=*)NC(*)C(*)CC(=*)O2,12,7,Ring,-===--=
*c1ccc2c(c1)Sc1c(n(*)c3ccc(*)cc13)C2=*,12,4,Ring,---=
*C1=Cc2c(c(*)cc3c2OC(=*)C(*)=C3)OC1=*,12,5,Ring,--=-=
*c1nc2nnc(*)n2c(*)c1*,12,4,Ring,----
*c1cc(*)c2c(c1)C(=*)NC=N2,12,3,Ring,--=
*c1ccc2c(c1)C(=*)c1cc(*)ccc1CC2,12,3,Ring,-=-
*c1cnc2c(c1)CN(*)C2,12,2,Ring,--
*c1ccc(*)c2c1OCC1(*)CCCCC21*,12,4,Ring,----
*C1COC(*)OO1,12,2,Ring,--
*C1=C(*)c2nn(*)cc2N(*)C1=*,12,5,Ring,----=
*c1cc2c(s1)C1(CCN(*)CC1)OC(*)C2,12,3,Ring,---
*N1CCC2(CCC(=*)N(*)CC2)CC1,12,3,Ring,-=-
*C1NC(=*)Cc2cccc(c2)OCCC(*)(*)OC2CC(*)N(C2)C1=*,12,6,Ring,-=---=
*c1cc2c3c(ccc2[nH]1)OCC(*)O3,12,2,Ring,--
*N1CC2CS(=*)(=*)CC2C1,12,3,Ring,-==
*N1CCN(*)P12=NP(*)(*)=NP(*)(*)=N2,12,6,Ring,------
*C1CCCCCN(*)C1,12,2,Ring,--
*c1nc(*)n2nccc2n1,12,2,Ring,--
*c1c2c(c(*)n1*)C(=*)N(*)NC2=*,12,6,Ring,---=-=
*C1COc2cccc3c2N1CCC3,12,1,Ring,-
*c1ccc2c(c1*)CCC1C2CCCN1*,12,3,Ring,---
*C1CC2(*)C(CCC3(*)C(*)CC(*)(*)C(=*)C32)C(=*)O1,12,8,Ring,------==
*c1ccc2c(c1)C(=*)NC(*)Cc1ccc(c(*)c1)OCC=CCO2,12,4,Ring,-=--
*C1Nc2ccccc2C2C=CCC12,12,1,Ring,-
*C1OCc2ccccc2CO1,12,1,Ring,-
*c1cc2c(cc1*)NC(*)CC2,12,3,Ring,---
*c1c(*)c2c3c(*)c(*)c(=*)c4c(*)cc(*)c(c5c(*)cc(*)c(c1=*)c52)c43,12,10,Ring,----=----=
*c1cn2c(*)c(*)nc2c2c1CCC1(CCc3ccccc31)O2,12,3,Ring,---
*N1Cc2cnc3[nH]ccc3c2N(*)C1=*,12,3,Ring,--=
*c1ccc2c(c1)N(*)C(=*)c1ccccc1N2,12,3,Ring,--=
*C1N=NN(*)C1*,12,3,Ring,---
*c1cc2c3ccccc3n(*)c2c2cccnc12,12,2,Ring,--
*c1ccc2c(c1)Oc1ccccc1O2,12,1,Ring,-
*c1ccc2c(c1)CCCC(=*)C2=*,12,3,Ring,-==
*C12C3CCC4C3C3C(CCC31)C42,12,1,Ring,-
*c1cc2cccc(*)n2n1,12,2,Ring,--
*c1ccc2c(c1)C1C(OCCN1*)C(*)(*)O2,12,4,Ring,----
*c1cn2c(*)cnc2s1,12,2,Ring,--
*C1=C2OC(*)(*)C(*)CC23CC(*)C(*)(*)C2CCC(*)(*)OC23OC1=*,12,10,Ring,---------=
*C1CC2OC(=*)C(=*)C2C(*)C2(*)C(*)CC(*)C12,12,7,Ring,-==----
*c1[o+]nn(*)c1*,12,3,Ring,---
*C1CC2(CC2*)C(=*)N1,12,3,Ring,--=
*C1=NNC2=Nc3nc(*)cc(*)c3C(=*)N12,12,4,Ring,---=
*C1CC2OC(=*)C(*)C2C(*)C2(*)C(=*)CCC12,12,6,Ring,-=---=
*C1CC2CC1C(*)(*)C2*,12,4,Ring,----
*c1cccc2c1-c1c(*)c(*)c(*)c(*)c1N(*)C2,12,6,Ring,------
*c1nc2sc3c(*)nnnc3c2c2c1COC(*)(*)C2,12,4,Ring,----
*N1N=C2c3sccc3CCC2CC1=*,12,2,Ring,-=
*c1nnc2c3c4c(sc3ncn12)CCCC4,12,1,Ring,-
*C1CC23C(OCCCC2C(=*)CCC3(*)*)O1,12,4,Ring,-=--
*c1cc2c(cc1*)C1c3ccccc3CCC1N(*)CC2,12,3,Ring,---
*c1cc2c3c(cn2*)CCN(*)c3n1,12,3,Ring,---
*C1=Cc2ccccc2S(=*)(=*)N1*,12,4,Ring,-==-
*C1CCC2(*)CN(*)CC=C2C1(*)*,12,5,Ring,-----
*C1C(*)C2(*)CCC3(*)C(=CCC4C5(*)CCC(*)C(*)(*)C5CCC43*)C2CC1(*)*,12,11,Ring,-----------
*c1ccc2c(*)cc[n+](*)c2c1*,12,4,Ring,----
*C1=Cc2ncn(*)c2C(=*)N1,12,3,Ring,--=
*C1=Cc2cc3c4c(c2OC1=*)CCCN4CCC3,12,2,Ring,-=
*N1C=CS(=*)(=*)CC1,12,3,Ring,-==
*N1CCCNS1(=*)=*,12,3,Ring,-==
*c1ccc2c(c1)N(*)S(=*)(=*)N2*,12,5,Ring,--==-
*c1nc(*)c2c3c(sc2n1)C(=*)N(*)C=N3,12,4,Ring,--=-
*c1nc2sc3c(c2c2c1CCCC2)N=CN(*)C3=*,12,3,Ring,--=
*C1COC23CCN(*)CC2CCC(=*)N13,12,3,Ring,--=
*C1OOC2CCCC(*)(OO1)O2,12,2,Ring,--
*c1ccc2c(c1)NC(=*)C(*)C2,12,3,Ring,-=-
*C1=CN2C(=*)C(=*)C(=*)N=C2S1,12,4,Ring,-===
*N1c2ccccc2CNS1(=*)=*,12,3,Ring,-==
*c1ccc2c(c1)C1(NC(*)C(*)C13CNc1c(*)cccc1C3=*)C(=*)N2,12,6,Ring,----==
*C1=C(*)C(*)C(*)C(*)C1,12,5,Ring,-----
*c1cc2c(s1)c(*)c(*)n2*,12,4,Ring,----
*C1=Cc2c(ncn2*)C(=*)N1,12,3,Ring,--=
*c1ccc2cc1Oc1ccc(cc1)CC1c3c(cc(*)c(*)c3Oc3cc4c(cc3*)CCN(*)C4C2)CCN1*,12,6,Ring,------
*c1ccc2c(c1*)SC(=*)O2,12,3,Ring,--=
*c1nc2cc(*)c3c(c2[nH]1)OCCO3,12,2,Ring,--
*N1C(=*)c2ccccc2[S+]1*,12,3,Ring,-=-
*c1ccc2c(c1)Nc1c(*)c(*)nn1CC2,12,3,Ring,---
*c1nc2c(s1)CC1(*)CCC3C(*)C(=*)OC3C1C2*,12,5,Ring,---=-
*C1CN(*)Cc2c[nH]nc21,12,2,Ring,--
*C1CC2C(=*)C3CCC4CC3(CC(*)C2(*)C1(*)*)CC4(*)*,12,8,Ring,-=------
*c1cc2c3c(ccc2[nH]1)CCC(*)C3,12,2,Ring,--
*C1CC2OC(*)C(*)C(*)C2OC1*,12,5,Ring,-----
*c1cccc2c1OC(*)C(*)N(*)C2=*,12,5,Ring,----=
*C1NC(=*)C(*)N(*)C(=*)C(*)N2C(=*)C(CCC2*)NC(=*)C(=*)NC(=*)C(*)C(*)OC1=*,12,14,Ring,-=--=-=-===--=
*c1cc2c(cc1*)C1(CC2(*)*)CC(*)(*)c2cc(*)c(*)cc21,12,8,Ring,--------
*c1ccc2c(c1)N(*)CC1CCCN21,12,2,Ring,--
*c1ccc2c3c(c4cc(*)c(*)cc4c2c1)CC1CN(*)CN1C3,12,4,Ring,----
*N1CCC2(CC1)Cc1ccccc1CN(*)C2=*,12,3,Ring,--=
*c1cc2occc2c(*)n1,12,2,Ring,--
*C1COC(=*)C(*)CC=CCCC(=*)N1,12,4,Ring,-=-=
*C1=CC(=*)C2=C(O1)C(*)C(*)C(*)C2*,12,6,Ring,-=----
*C1=CC2=C(CCCC2)NC1=*,12,2,Ring,-=
*c1ccc2c(c1)CCc1nc(*)nc(*)c1-2,12,3,Ring,---
*C1(*)C(=*)OC2CC(=*)N21,12,4,Ring,--==
*C1(*)NC(=*)c2ccccc21,12,3,Ring,--=
*c1nn(*)c2ncc3c(=*)n(*)c(=*)c3c12,12,5,Ring,--=-=
*N1CCOCCOCCN(*)CCOCC1,12,2,Ring,--
*C1C(*)C2C3=CC=CC(=*)N3CC1N2*,12,4,Ring,--=-
*c1ccc2nn(*)c(*)c2c1*,12,4,Ring,----
*C1CC2CC1C1C(*)C21,12,2,Ring,--
*c1c(*)n(*)c2c(*)nccc12,12,4,Ring,----
*c1nc2ccncc2o1,12,1,Ring,-
*C1=CC2=C(NC(=*)N(*)C2=*)C(=*)N1*,12,6,Ring,-=-==-
*c1ccc2[nH]c3c(c2c1)CCOC31CCC(*)(*)CC1,12,3,Ring,---
*c1cc2ccc(*)c(*)c2cn1,12,3,Ring,---
*C1=CC(*)N2C(*)=CSC2=N1,12,3,Ring,---
*C1=NC(*)c2onc(*)c2-c2ccccc21,12,3,Ring,---
*C1CC(=*)OC2=C1C(=*)Oc1ccccc12,12,3,Ring,-==
*C1CC(=*)C2(*)C3=C(C(=*)CC12*)C1(*)CCC(=*)C(*)(*)C1CC3=*,12,10,Ring,-=-=--=--=
*C1OC(*)C2OC(*)OCC2O1,12,3,Ring,---
*C1NC(=*)C(*)NC(=*)C2CCCN2C(=*)C(*)NC(=*)C(*)NC(=*)C2CCCN2C(=*)C(*)NC1=*,12,12,Ring,-=-==-=-==-=
*c1ncc2c(n1)CCN2*,12,2,Ring,--
*c1cc2cc3c(cc2s1)OCO3,12,1,Ring,-
*C1=CC(*)=NS(=*)(=*)O1,12,4,Ring,--==
*c1c(*)n2c3c(cccc13)OCC2*,12,3,Ring,---
*C1=NC(=*)c2c(nc(*)n2*)C(=*)N1,12,5,Ring,-=--=
*c1cc(*)c2c(c1*)OC(*)(*)CC2,12,5,Ring,-----
*c1ccc2[nH]c3c(c2c1)-c1ccccc1C(=*)N3*,12,3,Ring,-=-
*c1cc2cc(c1*)C#Cc1cnc3ccc(nn13)C(=*)NCCCCCCCO2,12,3,Ring,--=
*C1=CCC(*)C(=*)N(*)C1,12,4,Ring,--=-
*C1=Nc2cc(*)nn2C(=*)N1,12,3,Ring,--=
*C1=C(*)C(*)N(*)c2ccccc21,12,4,Ring,----
*c1ccc2c(c1)C1(*)CCOC1O2,12,2,Ring,--
*C1=NC(*)(*)C2(*)C(*)C12*,12,6,Ring,------
*N1CCC[N+]2(CC1)CC[N+]1(CCCNCC1)CC2,12,1,Ring,-
*c1c[se]nn1,12,1,Ring,-
*c1ccc2sc3c(c2c1)NC(=*)NC3*,12,3,Ring,-=-
*C1=NCC(*)NC1=*,12,3,Ring,--=
*c1nn(*)c2c1CCCCC2=*,12,3,Ring,--=
*C1CC2(NC(=*)CS2)C2(*)OC3CC4(*)C(CCC5C4CCC4(*)C(*)CCC54*)CC3OC2O1,12,7,Ring,-=-----
*N1C(=*)CCC2(*)C3CCC4(*)C(CCC4(*)*)C3CCC12,12,6,Ring,-=----
*c1ccc2c(c1)SCc1cc(*)sc1-2,12,2,Ring,--
*c1ccc2c(n1)NC(=*)N2,12,2,Ring,-=
*c1nc(*)c2c(n1)Oc1ccccc1C2,12,2,Ring,--
*C1CC2(*)C3=CCC4C(*)(*)C(=*)CCC4(*)C3CCC2(*)C1*,12,8,Ring,----=---
*C1CCCCNC(=*)CC(*)C(=*)NC(*)C(=*)NC(*)C(=*)N2CCCC2C(=*)NC(*)C(=*)N1,12,11,Ring,-=-=-=-==-=
*c1c(*)c2n(c1*)C[S+](*)C2,12,4,Ring,----
*c1ccc2c3c1OC1c4c(c5c(n4*)CCCC5)CC4(*)C(C2)N(*)CCC314,12,4,Ring,----
*c1ccc2c(*)nc3oc(*)nc3c2n1,12,3,Ring,---
*C1=CC2=C(C(=*)N1*)C1OC(*)(Cc3ccccc31)O2,12,4,Ring,-=--
*C1CCOC(*)C(*)C1,12,3,Ring,---
*c1cnc2cc3c(cc2c1*)OCO3,12,2,Ring,--
*c1noc2c1C(*)N(*)N2,12,3,Ring,---
*c1ccc2c(c1)OC(*)(*)C(*)C2,12,4,Ring,----
*c1cccc2c1C(=*)N(*)N2,12,3,Ring,-=-
*c1ccc2c(c1)C(*)(*)c1cccc(*)c1-2,12,4,Ring,----
*c1cc2c3c(c1)CCCC3(*)CCC2,12,2,Ring,--
*C1Nc2cc3c(cc2C2=C1C(=*)NC(=*)N2)NC(*)C1=C3NC(=*)NC1=*,12,6,Ring,-==-==
*C1NC(=*)C(*)(*)c2ccccc21,12,4,Ring,-=--
*c1cc2c(*)cc(*)c(*)c2nc1*,12,5,Ring,-----
*N1CC[N+]2(CCC[N+]3(CCNCC3)CC2)CC1,12,1,Ring,-
*c1ccc2c(c1)-n1ncc(*)c1NC2,12,2,Ring,--
*CCCN(C*)CCC(N)C(=O)O,12,2,Linker,--
*NC(=O)C(*)N(CCCN(CC)CC)C(*)=O,12,3,Linker,---
*COC(=O)C(CC=C)NC(=O)C(CCCNC(=N)N)NC(=O)C(CCCCN)NC(=O)CO*,12,2,Linker,--
*OC(=O)NNC(*)=O,12,2,Linker,--
*C=CC(=O)ON=C*,12,2,Linker,--
*CNC(=NC#N)NC*,12,2,Linker,--
*C=C(*)C(F)(F)F,12,2,Linker,--
*C=C(CO)C(=O)OC*,12,2,Linker,--
*CC(O)CNC(=O)C(C)O*,12,2,Linker,--
*CCNC(C*)CNC(C*)CNC,12,3,Linker,---
*CC(=NO)C(=O)NCCSS*,12,2,Linker,--
*N(CCC(=O)O)S(*)(=O)=O,12,2,Linker,--
*CN(C*)CC(F)(F)F,12,2,Linker,--
*CNC(=O)C=CC(*)=O,12,2,Linker,--
*NC(=O)NC(CCC(*)=O)C(*)=O,12,3,Linker,---
*NNC(=O)CCC(*)=O,12,2,Linker,--
*OCC(*)OC,12,2,Linker,--
*C(*)C(C#N)C(=O)OCC,12,2,Linker,--
*OC(=O)NC(CC(C)C)C(=O)NC(CCCNC(=N)N)C(*)=O,12,2,Linker,--
*COC(=O)C(*)(*)C,12,3,Linker,---
*CN=C(*)*,12,3,Linker,---
*CCC(N)C(*)=O,12,2,Linker,--
*CCNC(=O)C(CC(C)C)NC(*)=O,12,2,Linker,--
*NCCCCC(=O)N*,12,2,Linker,--
*C(=O)NCC(*)(F)F,12,2,Linker,--
*NC(=O)C(C#N)=C(*)N,12,2,Linker,--
*COCC(N)C(*)*,12,3,Linker,---
*CC(NC(=O)CC(CC(C)C)NC(=O)C(CCCNC(=N)N)NC(*)=O)C(N)=O,12,2,Linker,--
*OCCC(=O)O*,12,2,Linker,--
*CN(C(=O)CCC(=O)N*)C(*)C(=O)NC(C)(C)CC,12,3,Linker,---
*C(=O)N(*)CCC(N)=O,12,2,Linker,--
*SCC(=O)C=*,12,2,Linker,-=
*CNC(=O)N=NC(=O)N*,12,2,Linker,--
*CC(*)NC(=O)C(C)(C)C,12,2,Linker,--
*CCNC(=O)CCS*,12,2,Linker,--
*NC(=[Se])N*,12,2,Linker,--
*CNC(C)C(*)C,12,2,Linker,--
*C(=O)C=CNNC(*)=O,12,2,Linker,--
*COP(=O)(NCC(=O)OC)O*,12,2,Linker,--
*CNC(=O)CN(C*)S(C)(=O)=O,12,2,Linker,--
*CNC(=O)C(C*)NC(=O)C(C*)NC(=O)C(N)C*,12,4,Linker,----
*CC(CNC(=S)NC(*)C)COC(=O)C(C)(C)C,12,2,Linker,--
*C#CC=NNC(N)=NS(*)(=O)=O,12,2,Linker,--
*NCCOCCC(*)=O,12,2,Linker,--
*COC(*)C(C)(C)C,12,2,Linker,--
*OCC(=O)OC(*)*,12,3,Linker,---
*CC(NC(*)=O)C(=O)NCC(=O)O,12,2,Linker,--
*CN(C*)CCC(F)(F)F,12,2,Linker,--
*CC=N*,12,2,Linker,--
*C(C)CS(*)(=O)=O,12,2,Linker,--
*C(=O)N(C)CC(*)O,12,2,Linker,--
*CNC(=O)C(*)S(=O)(=O)CCOC,12,2,Linker,--
*CCSC(*)=O,12,2,Linker,--
*C(*)NC(*)C,12,3,Linker,---
*CCCCCCCNS(*)(=O)=O,12,2,Linker,--
*CC#CCC(NS(*)(=O)=O)C(=O)O,12,2,Linker,--
*C=NNCC(=O)N*,12,2,Linker,--
*CCCNC(=N)NC(=O)CC(*)*,12,3,Linker,---
*CN(CCCCCCC)C(=O)N*,12,2,Linker,--
*NC(=O)C(CO)NC(*)=O,12,2,Linker,--
*CNC(=O)C(CC(C)C)NC(=O)C(C*)NC(C)=O,12,2,Linker,--
*CCNC(=O)CCS(=O)(=O)C*,12,2,Linker,--
*CNCCCCCCCCCCCCNC*,12,2,Linker,--
*CNC(=O)CCC(NS(*)(=O)=O)C(=O)O,12,2,Linker,--
*C=C(CS*)C(=O)OC,12,2,Linker,--
*NCCCNC=*,12,2,Linker,-=
*C=C(NC(*)=O)C(N)=O,12,2,Linker,--
*CONC=N*,12,2,Linker,--
*NC(=O)C(CCCCN)NC(*)=O,12,2,Linker,--
*CC(=O)NC(CCCNC(=N)N)C(=O)NC(C*)C(N)=O,12,2,Linker,--
*C(*)CNS(C)(=O)=O,12,2,Linker,--
*CNC(=O)C(C*)NC(=O)C(C)NC(=O)C(C*)NC(=O)OC(C)(C)C,12,3,Linker,---
*COCC(*)C(C)C,12,2,Linker,--
*C[N+](C)(C)CC#CCO*,12,2,Linker,--
*NC(=O)C(C)(O)C[S+](*)[O-],12,2,Linker,--
*CC=C(C)CCC=C(C)CC*,12,2,Linker,--
*C[N+](C)(C)CCO*,12,2,Linker,--
*CCC(*)=NOCC,12,2,Linker,--
*CNCCCNCCCCNCCCNC*,12,2,Linker,--
*CNC(=O)C(CSC*)NC(*)=O,12,3,Linker,---
*C(=O)C(*)OC(C)=O,12,2,Linker,--
*CNCCCCCCCNC*,12,2,Linker,--
*COC(=O)NC(*)C*,12,3,Linker,---
*C(=O)NC(*)C(C)(C)N,12,2,Linker,--
*CNC(=O)C(*)CCC,12,2,Linker,--
*OP(=O)(O*)C(*)O,12,3,Linker,---
*COCC(*)O,12,2,Linker,--
*OCC(O)CN(*)S(*)(=O)=O,12,3,Linker,---
*CNC(=O)C(CC)OC(*)=O,12,2,Linker,--
*CCC(=O)N(C)N=N*,12,2,Linker,--
*CN(CCC(O)(C*)C(=O)N*)NC(=O)C(NC(=O)OC)C(C)(C)C,12,3,Linker,---
*OC(=O)CCCS*,12,2,Linker,--
*N(CC(=O)OC(C)(C)C)S(*)(=O)=O,12,2,Linker,--
*CC(COP(=O)(O)O)NC(*)=O,12,2,Linker,--
*CNC(=O)N(C*)CCN(C)C,12,2,Linker,--
*C(=O)COC(=O)C(C)NC(*)=O,12,2,Linker,--
*CCN(*)C(=O)O*,12,3,Linker,---
*OCCN(CC)C(*)=O,12,2,Linker,--
*CCOP(=O)(O)CP(=O)(O)OC*,12,2,Linker,--
*CN(C)CCN(*)C,12,2,Linker,--
*CC(NC(=O)C(CC(C)C)NC(*)=O)C(=O)O,12,2,Linker,--
*C(CC(C)C)NC(=O)C(*)O,12,2,Linker,--
*CNC(=O)C(S*)C(C)C,12,2,Linker,--
*CC(=O)NCCN=C(S)N*,12,2,Linker,--
*CCC(NC(=O)C(CC*)NS(=O)(=O)C*)C(=O)NC*,12,4,Linker,----
*NCC(=O)N(*)C,12,2,Linker,--
*CC(NC(=O)C(CC(=O)NNS(*)(=O)=O)CC(C)C)C(=O)NC,12,2,Linker,--
*C(=O)N(*)C(CCSC)C(=O)OC,12,2,Linker,--
*CS(=O)(=O)C(C)C(*)=O,12,2,Linker,--
*COC(=O)C(C*)NC(C)=O,12,2,Linker,--
*CCCCN(*)*,12,3,Linker,---
*CCCC(=O)OC(*)CC=C(C)C,12,2,Linker,--
*CC(*)(O)CN*,12,3,Linker,---
*NC(=O)CC(NC(=O)CC(CC(C)C)NC(*)=O)C(C)C,12,2,Linker,--
*CC(CC(O)C(C*)NC(=O)CO*)NC(=O)C(NC(*)=O)C(C)C,12,4,Linker,----
*CC(S*)C(*)=O,12,3,Linker,---
*C(=O)NCCCN(*)S(C)(=O)=O,12,2,Linker,--
*SCC(=O)OCC(=O)N(*)C,12,2,Linker,--
*SC(*)CC,12,2,Linker,--
*NNC(N)=NS(*)(=O)=O,12,2,Linker,--
*COCC(O)CS*,12,2,Linker,--
*CCC(=O)NC(C*)C(*)=O,12,3,Linker,---
*CC(*)OC(=O)C(*)C,12,3,Linker,---
*CN(C)CCOCCNC(=S)NC(*)=O,12,2,Linker,--
*C(=O)CNC(=S)NC(*)=O,12,2,Linker,--
*CC(NC(=O)CCC(=O)CC(*)*)C(=O)O,12,3,Linker,---
*CC(=O)NCCCCO*,12,2,Linker,--
*C(=O)OCCCCCOC(*)=O,12,2,Linker,--
*COC(=O)NC(CC)P(=O)(O*)O*,12,3,Linker,---
*C#CC(C)=NNC(N)=NS(*)(=O)=O,12,2,Linker,--
*CC(C*)(CN)C(=O)NCCN,12,2,Linker,--
*CCNC(=O)C(*)N(*)C(*)=O,12,4,Linker,----
*CNCCCNC(=O)C(C)(C)NS(*)(=O)=O,12,2,Linker,--
*C(=O)NC(CCCC)C(*)=O,12,2,Linker,--
*C=C(C#N)CNC(=O)N*,12,2,Linker,--
*CC(N)C(=O)NC(C)C(=O)NCC(=O)NC(C*)C(=O)NC(CC(C)C)C(=O)O,12,2,Linker,--
*CCCNC(N)=NC(=O)CC(*)C,12,2,Linker,--
*C=CNC(=O)C(=C*)OC,12,2,Linker,--
*C(*)C(C)(C)O,12,2,Linker,--
*C(O)P(*)(=O)OC(C)C,12,2,Linker,--
*CN(C(=O)N*)C(C)C(=O)NO,12,2,Linker,--
*CNC(=O)CCC(=O)O*,12,2,Linker,--
*C(*)CCNC(*)C,12,3,Linker,---
*NC(=O)C(C)OC(=O)CCC(*)=O,12,2,Linker,--
*COC(C)(C(=O)NO)C(*)O,12,2,Linker,--
*CNC(C)C(*)=O,12,2,Linker,--
*C(=O)N(*)CCCC(=O)O,12,2,Linker,--
*CNC(=O)CN(CC)C(=O)CO*,12,2,Linker,--
*NC(=O)C(*)N(CC=C)C(*)=O,12,3,Linker,---
*CC(=O)NC(C*)C(O)CN(*)S(*)(=O)=O,12,4,Linker,----
*NCCOCCOCCN*,12,2,Linker,--
*C=CC(=O)N(*)N=N*,12,3,Linker,---
*NC(=O)C=CS(*)(=O)=O,12,2,Linker,--
*CC(=O)OCC(=O)N(*)CCOC,12,2,Linker,--
*CC(=O)NCCC(*)*,12,3,Linker,---
*NCCCCCCCCO*,12,2,Linker,--
*C=NN=C(S)C*,12,2,Linker,--
*OC(=O)C(*)(O)C#CC,12,2,Linker,--
*C(=O)CC(SC(C)=O)C(*)=O,12,2,Linker,--
*CC(CC(CNS(*)(=O)=O)OC)C(=O)N*,12,3,Linker,---
*CC(=O)NC(CCCN=C(N)N)C(*)=O,12,2,Linker,--
*NC(=O)CC(C)(C)NC(*)=O,12,2,Linker,--
*CC(N)C(O)CC(CC)C(=O)N*,12,2,Linker,--
*CC(CP(*)(=O)O)C(=O)O,12,2,Linker,--
*CC(*)NC(C*)P(=O)(O)O,12,3,Linker,---
*CCN(C(=O)C*)C(*)C(=O)N*,12,4,Linker,----
*CC(NC(*)=O)C(=O)NC(C)C(=O)NC(CC(C)C)C(=O)NC(CCCCN(CC)CC)C(=O)NC(CO)C(=O)OC,12,2,Linker,--
*CCNC(=O)C(=O)C(CCCCN)NC(*)=O,12,2,Linker,--
*C(*)OC(=O)CCCCCCCCCCCCC,12,2,Linker,--
*NC(=O)C(*)C(=O)OCC,12,2,Linker,--
*CN(CCC#N)C(=S)NC(*)=O,12,2,Linker,--
*CCCCC[N+](C*)(CC)CC,12,2,Linker,--
*CNC(C(*)=O)C(C)(C)C,12,2,Linker,--
*OCC#CCOC(*)=O,12,2,Linker,--
*C[S+](*)C,12,2,Linker,--
*C(=O)NCC(=O)N(*)CC(=O)NC(C)(C)C,12,2,Linker,--
*CNC(=O)C(=O)C(CC)NC(=O)C(CC(C)C)NC(=O)OC*,12,2,Linker,--
*CNC(=O)CCCC(=O)NC*,12,2,Linker,--
*CCC(NC(=O)C(N)CCCN)C(=O)N*,12,2,Linker,--
*C(C)CNCCNCC(*)C,12,2,Linker,--
*C(=O)CCCN(*)S(*)(=O)=O,12,3,Linker,---
*COP(=O)(NC(C)C(=O)OC(C)CC)O*,12,2,Linker,--
*SCCC(*)C,12,2,Linker,--
*CC(=O)NCCCCCCCCN*,12,2,Linker,--
*NS(=O)(=O)NC(=O)O*,12,2,Linker,--
*CC(NCC(O)C(C*)NC(=O)C(NC(*)=O)C(C)C)C(N)=O,12,3,Linker,---
*CNC(=O)C(*)OC,12,2,Linker,--
*CC(*)NC(=O)CN,12,2,Linker,--
*CC(NC(=O)CCC(NC(*)=O)C(*)=O)C(=O)O,12,3,Linker,---
*CCCCNC(=O)CCC*,12,2,Linker,--
*CC(NC(=O)C(N)CO)C(=O)NC(CC(C)C)C(=O)NC(CC(C)C)C(=O)NC(CC(N)=O)C(*)=O,12,2,Linker,--
*P(*)(*)=*,12,4,Linker,---=
*OCCOC(=O)CO*,12,2,Linker,--
*CC(NC(*)=O)C(=O)NC(CC(=O)O)C(=O)NC(CCC(=O)O)C(=O)OC,12,2,Linker,--
*CN(CCCC(O)(C*)C(=O)NC(C(=O)NC)C(C)(C)C)NC(=O)C(NC(=O)OC)C(C)(C)C,12,2,Linker,--
*NCCNCCCC(*)C,12,2,Linker,--
*CN(C*)CC(=O)OC(C)(C)C,12,2,Linker,--
*NC(=O)C(C)CS(*)(=O)=O,12,2,Linker,--
*C=C(Cl)C(=O)N*,12,2,Linker,--
*COP(=O)(NC(CC(C)C)C(=O)OCC)O*,12,2,Linker,--
*CC(NC(=O)OC(C)(C)C)C(*)O,12,2,Linker,--
*NC(=S)N(CCN(C)C)C(*)C,12,2,Linker,--
*C=CC(=O)OCCCN(C)CCCOC(*)=O,12,2,Linker,--
*CCNC(=O)C(*)O,12,2,Linker,--
*C(C)NC(=O)CN(C)S(*)(=O)=O,12,2,Linker,--
*C(*)(C)F,12,2,Linker,--
*C(=O)COC(=O)CCC(=O)N(*)CCCCC,12,2,Linker,--
*C=CC(=O)NC(C*)C(O)CN(CC(C)C)S(*)(=O)=O,12,3,Linker,---
*CC(=NO)N*,12,2,Linker,--
*CNC(=O)OC(*)C,12,2,Linker,--
*CC(NC(=O)C(NC(*)=O)C(*)C)C(N)=O,12,3,Linker,---
*OCCCCCS*,12,2,Linker,--
*CC(=O)NCCOCCN*,12,2,Linker,--
*CNC(=O)NC(C*)C(=O)NC(CC(C)C)B(O)O,12,2,Linker,--
*NC(=O)C(*)CCS(C)(=O)=O,12,2,Linker,--
*C(=O)NC(CCC)C(=O)C(=O)NCC(=O)NC(*)C(=O)O,12,2,Linker,--
*CC(=O)NC(C*)C(=O)OCC(C*)NC(*)=O,12,4,Linker,----
*CCCCC(=*)NC*,12,3,Linker,-=-
*CC(C)C=CC=C(*)C,12,2,Linker,--
*OCC#CCNC(*)=O,12,2,Linker,--
*CC(C(=O)NC(CCCCN)C(=O)NC(*)C(N)=O)N(C)S(*)(=O)=O,12,3,Linker,---
*CNC(=O)C(CCCNC(=N)N)NC(=O)C(C*)NC(=O)OC(C)(C)C,12,2,Linker,--
*C=CCN(*)C,12,2,Linker,--
*OC(*)C(NC(=O)C(C)(F)F)C(C)C,12,2,Linker,--
*CC(NC(=S)NC(*)=O)C(=O)N*,12,3,Linker,---
*CNC(=O)C(CCCNC(=N)N)NC(=O)C(NC(=O)C(CCCNC(=N)N)NC(=O)C*)C(C)C,12,2,Linker,--
*CC(C)NS(=O)(=O)C*,12,2,Linker,--
*CC(NC(=O)C(*)*)C(=O)NCC#N,12,3,Linker,---
*CC(*)N(C)C(=O)CN*,12,3,Linker,---
*CC(*)OCC,12,2,Linker,--
*CNC(=O)C(CC(C)C)NC(=O)C(CC(C)C)NC(=O)C*,12,2,Linker,--
*NC(=O)CCC(=O)NN=*,12,2,Linker,-=
*CNCCNC(=O)C*,12,2,Linker,--
*CC(=O)OCC(=O)N(*)CC,12,2,Linker,--
*C(=O)NC(CCN)C(*)=O,12,2,Linker,--
*C=C(*)NC(C)=O,12,2,Linker,--
*CC(N*)C(=O)NCCO*,12,3,Linker,---
*CCNS(=O)(=O)CCNC(*)=O,12,2,Linker,--
*CC=CCOC(*)(*)*,12,4,Linker,----
*C=CC(=O)NCCS*,12,2,Linker,--
*COC(=O)NC(C(=O)NC(*)C*)C(C)C,12,3,Linker,---
*CN(*)NC(=O)OC(C)(C)C,12,2,Linker,--
*N(*)CCNC,12,2,Linker,--
*CN=C(S)NCC(C*)COC(=O)C(C)(C)C,12,2,Linker,--
*[As](*)(=O)O,12,2,Linker,--
*NC(=O)C(CCC(=O)O)NC(=O)CCC(NC(*)=O)C(*)=O,12,3,Linker,---
*COP(=O)(NC(C*)C(=O)OC(C)C)O*,12,3,Linker,---
*CC(N)C(=O)NC(C)C(=O)NC(C*)C(=O)NCC(=O)NC(C*)C(*)=O,12,4,Linker,----
*C(=O)CNC(*)*,12,3,Linker,---
*C=C(Br)C=N*,12,2,Linker,--
*CC(CO)NC(=O)CC(CC=C)C(=O)NC(C*)COC(=O)C(C*)CCC=C,12,3,Linker,---
*C(*)NC(=O)CC(C)C,12,2,Linker,--
*CC(CO*)OC(*)=O,12,3,Linker,---
*C=NCCNC(*)=O,12,2,Linker,--
*CNC(=S)NC(*)C,12,2,Linker,--
*CC(C(N)=O)C(CCC(F)(F)F)C(=O)N*,12,2,Linker,--
*NC(=O)CC(C)C(=O)N*,12,2,Linker,--
*CSSSC*,12,2,Linker,--
*CNC(=O)CC(=O)NC*,12,2,Linker,--
*CCC(*)(C)CN(C)S(*)(=O)=O,12,3,Linker,---
*CC(*)(C)C(=O)O,12,2,Linker,--
*C(NC(=O)C(C)NC(=O)C(*)(F)F)C(=O)NC(C(=O)C(F)(F)F)C(C)C,12,2,Linker,--
*CN(C(=O)N*)C(C)C(=O)O,12,2,Linker,--
*NP(=O)(N*)O*,12,3,Linker,---
*OCC(=O)OCC(=O)N(*)C,12,2,Linker,--
*C=NNC(=S)NN=C*,12,2,Linker,--
*C(=O)C(O)C(*)*,12,3,Linker,---
*NCS*,12,2,Linker,--
*SCC(*)=NNC(N)=S,12,2,Linker,--
*C(=O)N(*)CCCN,12,2,Linker,--
*NC(=O)C(*)NC(=O)CCCCC,12,2,Linker,--
*CC(=O)NCC(=O)N(*)C,12,2,Linker,--
*COC(=O)CCN*,12,2,Linker,--
*CCC(=O)OC(C)C(*)=O,12,2,Linker,--
*SC(CC(*)=O)C(=O)O,12,2,Linker,--
*N=NN(*)C(C)=O,12,2,Linker,--
*NCC(*)C(*)=O,12,3,Linker,---
*N(*)CC(N)=O,12,2,Linker,--
*CN(CC)CCC(*)=O,12,2,Linker,--
*NC(=O)CCC(=O)NNC(=O)CO*,12,2,Linker,--
*NC(=S)N(*)C,12,2,Linker,--
*C(=O)NCC(=O)OCCCOC(=O)CNC(*)=O,12,2,Linker,--
*COC(=O)NC(C*)C(=O)OC*,12,3,Linker,---
*NC(=O)N(*)CCN(C)C,12,2,Linker,--
*NC(S)=NCC(*)N(C)C,12,2,Linker,--
*CC(NC(=O)O*)C(=O)N*,12,3,Linker,---
*CC(=O)N(*)C(C)(C)C(=O)N*,12,3,Linker,---
*CCNC(=O)C(*)N,12,2,Linker,--
*CSS(*)(=O)=O,12,2,Linker,--
*OC(=O)C(CC)O*,12,2,Linker,--
*CCC(=O)N(C*)CCN(C)C,12,2,Linker,--
*CCCCNC(*)CN*,12,3,Linker,---
*CNC(N)=N*,12,2,Linker,--
*CC(CO)NC(=O)C(C)(C*)NC(=O)O*,12,3,Linker,---
*CCCC(=O)OCCO*,12,2,Linker,--
*CNC(=O)C(C*)NC(=O)C(C*)NCC(=O)O,12,3,Linker,---
*COC(=O)C(C*)NC(=O)CN(*)*,12,4,Linker,----
*C[N+](C)(C)CC(*)=O,12,2,Linker,--
*CNCC(*)(C)O,12,2,Linker,--
*CC(=O)N(C*)C(*)C(=O)NCCOC,12,3,Linker,---
*CN(*)OC,12,2,Linker,--
*CSCC(=O)N(CC)CC(=O)N*,12,2,Linker,--
*CC(N)C(=O)NC(CO)C(=O)NC(C(=O)N*)C(C)O,12,2,Linker,--
*C(=O)CC(*)C(=O)OC,12,2,Linker,--
*CN(C(*)=O)C(*)C(N)=O,12,3,Linker,---
*C=CC=CC(=O)CC*,12,2,Linker,--
*CC(N)C(=O)NCC(*)=O,12,2,Linker,--
*CC(CCC(=O)O)NC(*)=O,12,2,Linker,--
*CN(C)C(=O)CCC(=O)N*,12,2,Linker,--
*C(*)(*)CCCN,12,3,Linker,---
*NC(=O)C(*)N(*)C(=O)C#CC,12,3,Linker,---
*NC(NC(*)=O)C(*)=O,12,3,Linker,---
*CNC(=O)C(C*)NC(=O)C(C*)NC(=O)OC(C)(C)C,12,3,Linker,---
*CC(O)C(*)(C)O,12,2,Linker,--
*NC(=O)C(=O)C(CCCC)NC(*)=O,12,2,Linker,--
*NC(=O)CCCCC(*)=O,12,2,Linker,--
*C#CC(C)(C)NC(*)=O,12,2,Linker,--
*CCC(=O)NCCCCC(NC(=O)C(C*)NC(=O)OC(C)(C)C)C(=O)NC(CC(=O)O)C(=O)NC(C*)C(N)=O,12,3,Linker,---
*C=CC(=O)N(C*)CC,12,2,Linker,--
*C(=O)CNC(*)(C)C,12,2,Linker,--
*COC(=O)NC(C(=O)NC(C)C(=O)NC(CC(=O)O)C(=O)CO*)C(C)C,12,2,Linker,--
*CNC(=O)CCCCCNC(*)=O,12,2,Linker,--
*N=C(N*)NC(C)=O,12,2,Linker,--
*CC(CC(C)C)C(=O)NC(C*)C(=O)NC,12,2,Linker,--
*CCC(=O)NC(C*)C(O)CN(CC(C)C)S(*)(=O)=O,12,3,Linker,---
*OC(=O)CCCCC(=O)O*,12,2,Linker,--
*CN(C)C(=O)CN(*)C,12,2,Linker,--
*CN(CC)CCCCCC(=O)N*,12,2,Linker,--
*SC(CC)C(*)=O,12,2,Linker,--
*NC(=O)C(=O)O*,12,2,Linker,--
*N(CC)CCC#N,12,1,Sub,-
*C=C(P(=O)(OC(C)C)OC(C)C)P(=O)(OC(C)C)OC(C)C,12,1,Sub,-
*SCC(=O)CC(=O)OC(C)C,12,1,Sub,-
*C=CC(O)C(C)(CCCC)OC,12,1,Sub,-
*CCCCCC(C)C,12,1,Sub,-
*CC(NC(=O)C(NC(=O)C(N)CS)C(C)C)C(=O)NC(CCSC)C(=O)O,12,1,Sub,-
*CC(=O)NCC(C)(C)O,12,1,Sub,-
*NC(=O)CS(=O)(=O)CCC,12,1,Sub,-
*CC(=NCC)NCC,12,1,Sub,-
*C(C)NC(=O)C(C)O,12,1,Sub,-
*C(C)NC(=O)NC,12,1,Sub,-
*NC(=O)CC(=O)NCCCCCCCC,12,1,Sub,-
*CNC(=N)CS,12,1,Sub,-
*C(C)CC#CC(C)(C)O,12,1,Sub,-
*CNC(=O)C(C)CC,12,1,Sub,-
*S(=O)(=O)NC(=O)CCC=CCC=CCC=CCC=CCC=CCC=CCC,12,1,Sub,-
*SCC(NC(=O)NC(CCC(=O)O)C(=O)O)C(=O)O,12,1,Sub,-
*CNC(=O)C(CS)CC(C)C,12,1,Sub,-
*=C(C)N,12,1,Sub,=
*C=CC(=O)OCCO,12,1,Sub,-
*N(C(C)=O)C(C)C,12,1,Sub,-
*C=NNC(=N)SC,12,1,Sub,-
*CCSCCO,12,1,Sub,-
*CNC(=O)CCCCCCC,12,1,Sub,-
*NC(=S)NC(C)(C)C,12,1,Sub,-
*SCCC(=O)NC(C(=O)O)C(C)C,12,1,Sub,-
*N=C(N)N=C(N)N,12,1,Sub,-
*NC(=O)N(O)CCCC,12,1,Sub,-
*OC(=O)CNC,12,1,Sub,-
*C(CC)=NN=C(N)S,12,1,Sub,-
*CC(C)(C)CC(C)C,12,1,Sub,-
*C(=O)NC(C(=O)OC)C(C)O,12,1,Sub,-
*NC(=O)C(C(C)CC)N(C)C(C)=O,12,1,Sub,-
*CCCCCCCCCCCCCCCCO,12,1,Sub,-
*OC(=O)C(C)=CC(C)CCCCCC,12,1,Sub,-
*CCC(O)CP(=O)(O)O,12,1,Sub,-
*C(=O)C(C)CC(C)C(=O)O,12,1,Sub,-
*CN(CC)CCC#N,12,1,Sub,-
*CCNC(=O)CC=C,12,1,Sub,-
*C(=O)C(N)CCCC,12,1,Sub,-
*C(=O)NC(CCC(N)=O)C(N)=O,12,1,Sub,-
*COC(=O)CCCCCCCC=CCC=CCCCCC,12,1,Sub,-
*CNC(=O)CCCC(=O)O,12,1,Sub,-
*CCC(COC(C)=O)COC(C)=O,12,1,Sub,-
*NCC=C(C)CCC=C(C)CCC=C(C)C,12,1,Sub,-
*NC(=O)C(N)CCS(C)(=O)=O,12,1,Sub,-
*C(C)C(F)F,12,1,Sub,-
*CNC(CC)=C(C#N)C(=O)OCCOCC,12,1,Sub,-
*C(C)=NOCC=C,12,1,Sub,-
*NC(=O)OCCF,12,1,Sub,-
*=CCCCCCCC,12,1,Sub,=
*C(=O)NC(CC(=O)OCC)C(=O)OCC,12,1,Sub,-
*CC(=O)NCCCCCCCCCCCC(=O)O,12,1,Sub,-
*SCC(=O)NC(=O)NCCC(C)C,12,1,Sub,-
*C(=O)NCC(O)C(O)C(O)C(O)CO,12,1,Sub,-
*CCN(C)C(=O)CC,12,1,Sub,-
*C(=O)NCCCCCC(=O)NC(C)C(=O)O,12,1,Sub,-
*OCCCNCCCC,12,1,Sub,-
*C(=O)NCCN(CC(C)C)CC(C)C,12,1,Sub,-
*C#CCCCC(=O)NO,12,1,Sub,-
*C(=O)NCC(NS(=O)(=O)CCCC)C(=O)O,12,1,Sub,-
*CC=C(CC)CC,12,1,Sub,-
*C(CCC(=O)OCC)C(=O)OCC,12,1,Sub,-
*OC(=O)CCCCCCCCCCCCCCCCCCC,12,1,Sub,-
*C=CC(=O)NC(CO)C[S+]([O-])CSC,12,1,Sub,-
*NC(CCC(=O)OC(C)(C)C)C(=O)OC(C)(C)C,12,1,Sub,-
*OCCCSC(=N)N,12,1,Sub,-
*NC(CCC)CCC,12,1,Sub,-
*C(=O)N=S(C)(C)=O,12,1,Sub,-
*C(=O)NCCCCCCCC(=O)NC(CC(C)C)C(O)CC(=O)O,12,1,Sub,-
*CNC(CO)C(=O)NC,12,1,Sub,-
*C(C)CCC(=O)C(C)(C)O,12,1,Sub,-
*OCCCOC(C)=O,12,1,Sub,-
*CNC(=C[N+](=O)[O-])NC,12,1,Sub,-
*C(=O)OCC(C)CCC,12,1,Sub,-
*C(=O)N(CCO)C(C)(C)C,12,1,Sub,-
*CCCNC(=O)C(C)C,12,1,Sub,-
*C(=O)OCC(=O)NCC=C,12,1,Sub,-
*C(CC)=NOCC,12,1,Sub,-
*OP(=O)([O-])O,12,1,Sub,-
*OCCCCCCCCCCC(=O)NCCO,12,1,Sub,-
*[N+](C)(C)CC,12,1,Sub,-
*C(=O)N(C)CCC(C)C,12,1,Sub,-
*COP(N)(=O)N(CCBr)CCBr,12,1,Sub,-
*C=CCCCCCCCCCCCC,12,1,Sub,-
*OCCNC(=O)C(F)(F)F,12,1,Sub,-
*CSC(=S)N(C)C,12,1,Sub,-
*CCC(O)CC(=O)O,12,1,Sub,-
*NC(=O)C(CC)N(C)C,12,1,Sub,-
*OC(C)C(=O)NC(C)C#N,12,1,Sub,-
*C(C)C(=O)C(C)CC,12,1,Sub,-
*C(O)C#CCCCCCCCCCC,12,1,Sub,-
*NC(=O)C(CC(C)C)NC(N)=O,12,1,Sub,-
*S(=O)(=O)NC(=S)NCCCC,12,1,Sub,-
*CCCOCCCC,12,1,Sub,-
*C(OC)C(O)CO,12,1,Sub,-
*C(=O)C(N)CCCNC(=N)N[N+](=O)[O-],12,1,Sub,-
*OC(C)C(=O)NC(C)C,12,1,Sub,-
*CCC(=O)CCC,12,1,Sub,-
*CCOCCOCCO,12,1,Sub,-
*CCCN(CCCC)CCCC,12,1,Sub,-
*CSC(C)(C)C,12,1,Sub,-
*CC(N)=S,12,1,Sub,-
*=CCCC(=O)O,12,1,Sub,=
*C(=O)SC(C)C,12,1,Sub,-
*C(=O)OCCC(C)(C)C,12,1,Sub,-
*C(C)NC(=O)C(F)F,12,1,Sub,-
*NC(=N)CS,12,1,Sub,-
*S(=O)(=O)NC(P(=O)(O)O)P(=O)(O)O,12,1,Sub,-
*COC(=O)CNC,12,1,Sub,-
*C(=O)NC(CC)(CO)CO,12,1,Sub,-
*C(=O)NCCNCC,12,1,Sub,-
*NC(=O)NS(C)(=O)=O,12,1,Sub,-
*CCOCCF,12,1,Sub,-
*C(=O)CC(=O)CC(=O)C(=O)O,12,1,Sub,-
*S(=O)(=O)NC(C(=O)NC(C=O)CC(C)C)C(C)C,12,1,Sub,-
*C(=O)OCCOCCC,12,1,Sub,-
*C(=O)NCCOC(N)=O,12,1,Sub,-
*NC(=O)CCC(CCC)C(=O)O,12,1,Sub,-
*C=CC=CC=C(C#N)C#N,12,1,Sub,-
*C=C(C)C#N,12,1,Sub,-
*CCCCCCCC=CCC=CCC=C,12,1,Sub,-
*CNC(=O)NCC(F)(F)F,12,1,Sub,-
*C(=O)NC(C)CCC(C)C,12,1,Sub,-
*C(CC)CS(=O)(=O)C(C)(C)C,12,1,Sub,-
*N(CCCN)CCCN,12,1,Sub,-
*C=C(C#N)C(=O)NCCCC,12,1,Sub,-
*NCCNCCN(C)C,12,1,Sub,-
*N=C(C)N(CC)CC,12,1,Sub,-
*COC(=O)CC(C)CC(C)(C)C,12,1,Sub,-
*OCCC(C)(C)C(=O)O,12,1,Sub,-
*C(=O)CS(=O)(=O)C(C)C,12,1,Sub,-
*=NOC(=O)CC,12,1,Sub,=
*CNC(=O)C(C)O,12,1,Sub,-
*CN(O)C=O,12,1,Sub,-
*C(=O)NCC(C)N(C)C,12,1,Sub,-
*NCC(=O)NC(=O)NC,12,1,Sub,-
*OC(=O)C(=C)C(O)CO,12,1,Sub,-
*CC(O)CC(F)(F)F,12,1,Sub,-
*C(=O)CC(=O)C(=O)OC,12,1,Sub,-
*C(=O)NNC(=O)CCC(=O)O,12,1,Sub,-
*CN(C(C)=O)C(C)C,12,1,Sub,-
*C(OC(C)=O)C(C=C(C)C)OC(C)=O,12,1,Sub,-
*C(F)C(F)(F)F,12,1,Sub,-
*C=C=C,12,1,Sub,-
*NC(C)(C)C#N,12,1,Sub,-
*OCC(C)=CC(=O)OCC,12,1,Sub,-
*C(CC)=NNC(N)=S,12,1,Sub,-
*C(=O)NC(C)CCC(N)=O,12,1,Sub,-
*CNC(=O)C(=O)OCC,12,1,Sub,-
*[S+]([O-])C(F)(F)C(F)F,12,1,Sub,-
*C(=S)SCCCCCCCC,12,1,Sub,-
*=C(O)OCCCC,12,1,Sub,=
*C(C)(C)NC(=O)C(=O)N(CC)CC,12,1,Sub,-
*CCCCCCCCCCCCCCCCCCC,12,1,Sub,-
*OCC(O)CNCCC(=O)OCC,12,1,Sub,-
*CN(CC)CC(=C)C,12,1,Sub,-
*C(=O)CCN(CCO)CCCC,12,1,Sub,-
*CC(C#N)CCC#N,12,1,Sub,-
*NC(=O)C(N)CCCNC(=N)N[N+](=O)[O-],12,1,Sub,-
*C(=O)CCN(CCO)CCO,12,1,Sub,-
*CC(=O)CCCCC(=O)O,12,1,Sub,-
*N(C)C(=O)CC(N)CCCCN,12,1,Sub,-
*N=NC(N)=O,12,1,Sub,-
*NC(=O)CCCCCCC(=NO)C(=O)NC,12,1,Sub,-
*C(O)C(CC(C)C)NC(=O)C(CCSC)NC(=O)C(CC(C)C)NC(C)=O,12,1,Sub,-
*OCC(O)CNCCCSCC,12,1,Sub,-
*CCNCCN,12,1,Sub,-
*C(=O)N(C)CC(=O)OCC,12,1,Sub,-
*C(=O)NCCN(C)CCOC,12,1,Sub,-
*CC(=O)CO,12,1,Sub,-
*C(=O)N(C)CC(C)(CO)CO,12,1,Sub,-
*NCC(O)COC,12,1,Sub,-
*CC(=O)N=C(N)N,12,1,Sub,-
*OCCCC(C(=O)OCC)C(=O)OCC,12,1,Sub,-
*CC(=O)NC(C)C(C)C,12,1,Sub,-
*C(=O)NCCCN(CCCC)CCCC,12,1,Sub,-
*NC(C(C)(C)C)P(=O)(OCC)OCC,12,1,Sub,-
*OCCN(C)CC,12,1,Sub,-
*OP(=O)(N(CC)CC)N(CC)CC,12,1,Sub,-
*OC(C)C(=O)NC,12,1,Sub,-
*=NOC(C)C,12,1,Sub,=
*CNS(=O)(=O)C=C,12,1,Sub,-
*CCS(=O)(=O)CCC,12,1,Sub,-
*NC(=N)NCCO,12,1,Sub,-
*C(=O)NCCN(CCCC)CCCC,12,1,Sub,-
*C(C)(C)CCO,12,1,Sub,-
*C(=O)C(=O)NC,12,1,Sub,-
*N=C(S)N(CC)CC,12,1,Sub,-
*OP(=O)(CCC=C(C)CO)OCOC(=O)C(C)(C)C,12,1,Sub,-
*CNCCCCC(NC(=O)NC(CCC(=O)O)C(=O)O)C(=O)O,12,1,Sub,-
*SCC=NNC(N)=S,12,1,Sub,-
*C(=O)NC(C)(C#N)CC,12,1,Sub,-
*C(=O)OCCCO[N+](=O)[O-],12,1,Sub,-
*=CC=C(C)C,12,1,Sub,=
*=NNC(=O)CC#N,12,1,Sub,=
*C(=O)NCCNS(=O)(=O)CC,12,1,Sub,-
*OCC(=O)NCCN(CC)CC,12,1,Sub,-
*C(S)=NCC=C,12,1,Sub,-
*CNC(=N[N+](=O)[O-])NC,12,1,Sub,-
*NC(=O)NCC(C)O,12,1,Sub,-
*C(=O)CO[N+](=O)[O-],12,1,Sub,-
*CCOS(N)(=O)=O,12,1,Sub,-
*C(CCSC)NC(=O)OC(C)(C)C,12,1,Sub,-
*C(=O)N(C)CC(C)(C)O,12,1,Sub,-
*CNCCCCCCN,12,1,Sub,-
*NCC[N+](C)(C)C,12,1,Sub,-
*C(C)(N)CC,12,1,Sub,-
*OC(=O)CC(O)CCCCCCCCCCC,12,1,Sub,-
*C(=O)CSCC(NC(=O)CCC(N)C(=O)O)C(=O)NCC(=O)O,12,1,Sub,-
*CC(C)CC(C)(C)C,12,1,Sub,-
*=C(C#N)C(C)=O,12,1,Sub,=
*C=NOCCCC(NC(C)=O)C(=O)NC(CCCCN)C(=O)NC(CC(C)C)C(=O)NC(CCC(=O)O)C(N)=O,12,1,Sub,-
*C(=O)NC(CCC#C)C(=O)C(=O)NCC=C,12,1,Sub,-
*CSCC(NC(=O)OC(C)(C)C)C(=O)O,12,1,Sub,-
*CC=NO,12,1,Sub,-
*C(=O)NCCCCCCCC=CCCCCCCCCC,12,1,Sub,-
*CC=C(C)CCC=C(C)CCC(O)C(C)(C)O,12,1,Sub,-
*NC(=O)C[N+](C)(C)C,12,1,Sub,-
*CC=CC(C)=O,12,1,Sub,-
*C(OC(C)=O)C(C)C,12,1,Sub,-
*CNCCCCCCCCCCCC,12,1,Sub,-
*C(=O)SC(C)(C)C,12,1,Sub,-
*CC=CP(=O)(O)O,12,1,Sub,-
*C(CC(=O)O)CC(=O)O,12,1,Sub,-
*=NNC(=S)NCC,12,1,Sub,=
*OCCOCCN=[N+]=[N-],12,1,Sub,-
*CCCCC=CCC=CCC=CCC=CCCCC(=O)NC(C)CO,12,1,Sub,-
*C(=O)C(=O)CC(C)C,12,1,Sub,-
*C(=O)NCCSCC,12,1,Sub,-
*C(=O)OC(C)COC,12,1,Sub,-
*C(=O)C(C)CSC(C)=O,12,1,Sub,-
*C(C#N)C(C)C,12,1,Sub,-
*CCCCCCl,12,1,Sub,-
*OCCCCN(CCCl)CCCl,12,1,Sub,-
*OCC(O)CNCC,12,1,Sub,-
*C#CCCC(=O)O,12,1,Sub,-
*C(=O)C(CCC(N)=O)NC(C)=O,12,1,Sub,-
*C(=O)C(C#N)=CN(C)C,12,1,Sub,-
*CC=CCF,12,1,Sub,-
*NC(S)=NCC=C,12,1,Sub,-
*NC(=O)C(CC(C)C)NC(C)=O,12,1,Sub,-
*SCC(=O)NC(C)(C#N)C(C)C,12,1,Sub,-
*CC(C)(O)C(F)(F)F,12,1,Sub,-
*C(C)C(O)CC(CC)C(C)C,12,1,Sub,-
*C(=O)NC(CCC(=O)O)C(=O)NCC(=O)O,12,1,Sub,-
*C(=O)OCCCCCCCCCCCCCCCC(=O)N(CCCN)CC(O)CCN,12,1,Sub,-
*NC(COC)COC,12,1,Sub,-
*C(CCC)C(=O)NC(CC(C)C)C(N)=O,12,1,Sub,-
*NC(=O)NC(CC(C)C)C(=O)OC,12,1,Sub,-
*N(C)C(=O)CNC(=O)C(C)NC(=O)C(CO)N(C)C(=O)CCCCCCCCCCCCCCC,12,1,Sub,-
*C=CC(=O)C=C(O)C(=O)OCC,12,1,Sub,-
*C(N)=NC(=O)OCCCCCC,12,1,Sub,-
*C(CO)OCC(=O)NO,12,1,Sub,-
*CCOCCN(C)C,12,1,Sub,-
*C=NC(C#N)(C#N)C=CC(=O)OC,12,1,Sub,-
*C(C)SCC(O)(CC)CC,12,1,Sub,-
*C(=O)N(C)CC(=O)NC(C)(C)C,12,1,Sub,-
*=CNNC(=O)CCCC,12,1,Sub,=
*CCCNC(=O)NCC,12,1,Sub,-
*C(C)C(=O)CC,12,1,Sub,-
*OCCCN(CC)CCO,12,1,Sub,-
*OCCCC(N)=O,12,1,Sub,-
*NC(=O)NC(CCCNC(=N)N)C(=O)O,12,1,Sub,-
*C=NNC(=O)NCCCC,12,1,Sub,-
*[Te]CCCC,12,1,Sub,-
*OCC(O)C(=C)C,12,1,Sub,-
*C(=O)NCC(F)C(C)(C)F,12,1,Sub,-
*CC(=O)OCCO,12,1,Sub,-
*=NOCCCC,12,1,Sub,=
*NC(=S)NCCC,12,1,Sub,-
*C(O)CNCCNC(=O)C(C)C,12,1,Sub,-
*C(=O)N(CCC)C(=O)NC(CSCC(C)C)C(=O)O,12,1,Sub,-
*C(=O)CCC(P(=O)(OCC)OCC)P(=O)(OCC)OCC,12,1,Sub,-
*CC(N)CF,12,1,Sub,-
*OCCCCF,12,1,Sub,-
*S(=O)(=O)NC(=N)NO,12,1,Sub,-
*C=CCN(C)C,12,1,Sub,-
*N(CCCCCC)CCCCCC,12,1,Sub,-
*C=C(C)CCC=C(C)CCC=C(C)C,12,1,Sub,-
*OC(=O)CCCCCCCCCCCCCC,12,1,Sub,-
*C(=O)C(COP(=O)(O)O)NC(C)=O,12,1,Sub,-
*N(C)C(=O)C(=O)N(C)C,12,1,Sub,-
*NCCN(CCC)CCC,12,1,Sub,-
*C(=O)NCC(O)CF,12,1,Sub,-
*C(=O)NCCOCCOC,12,1,Sub,-
*C(=O)CN=[N+]=[N-],12,1,Sub,-
*C=CCN,12,1,Sub,-
*NCCCF,12,1,Sub,-
*CSCC(=O)NC,12,1,Sub,-
*NCCCCCCCC(=O)NO,12,1,Sub,-
*COC(=O)C(CC=C)CC(=O)OC(C)(C)C,12,1,Sub,-
*CC=CCCCCC(=O)O,12,1,Sub,-
*CC=CCC=C,12,1,Sub,-
*C(=O)NCCCCCC(=O)NCC(=O)O,12,1,Sub,-
*CC(NC(=O)OC(C)(C)C)C(=O)NC(CCCNC(=N)N)C(=O)OC,12,1,Sub,-
*SCC(=O)NCC(F)(F)F,12,1,Sub,-
*CC(O)(C(F)(F)F)C(F)(F)F,12,1,Sub,-
*CNCCS,12,1,Sub,-
*CNCC#N,12,1,Sub,-
*=CNCCCN(CC)CC,12,1,Sub,=
*NC(C)(C)C(F)(F)F,12,1,Sub,-
*NCCCN(CCC)CCC,12,1,Sub,-
*NC(=O)CC(O)(C(F)(F)F)C(F)(F)F,12,1,Sub,-
*S(=O)(=O)NCCCCC(=O)O,12,1,Sub,-
*C(=O)NC(B(O)O)C(C)C,12,1,Sub,-
*C(=O)CCC(=O)NO,12,1,Sub,-
*CCNC(=O)CO,12,1,Sub,-
*CCCCCCC=C,12,1,Sub,-
*NC(=O)C(C)(C)OC,12,1,Sub,-
*C(=O)CCCCl,12,1,Sub,-
*[S+]([O-])CCCCCCCCCCCC,12,1,Sub,-
*C(=N)NCC(C)C,12,1,Sub,-
*=CNCC,12,1,Sub,=
*C(=O)NCCCCCCCCC=CCCCCCCCC,12,1,Sub,-
*CCOC(=O)CCCN,12,1,Sub,-
*C1=CN=C2Sc3cc(*)ccc3N2C1=*,11,3,Ring,--=
*c1ncc2c(*)c(*)c(*)nc2n1,11,4,Ring,----
*C1=Cc2c(*)ccc(*)c2NC1=*,11,4,Ring,---=
*c1oc2cc3occ(*)c3cc2c1*,11,3,Ring,---
*C1=CCS(=*)(=*)C1,11,3,Ring,-==
*c1nc(*)c2sc3cccc(*)c3c2n1,11,3,Ring,---
*c1cccc2c(=*)c3c(c(=*)c12)C(*)C1=C(NC(=*)S1)S3,11,5,Ring,-==-=
*c1cccc2sncc12,11,1,Ring,-
*C1=NC=NC2C1N=CN2*,11,2,Ring,--
*c1sc2nc3c(c(*)c2c1*)CN(*)CC3,11,4,Ring,----
*N1CCC(=*)Nc2ccccc21,11,2,Ring,-=
*c1ccc2c(c1)c1nn(*)c3ccc4c(c13)-n2c(=*)n(*)c4=*,11,5,Ring,--=-=
*C1CC2CC(*)C(*)(*)C3CCC4C(C1CCC4(*)*)C23,11,6,Ring,------
*C1OC(=*)C(*)C(*)C(*)NC(=*)C(*)C(*)OC1=*,11,9,Ring,-=---=--=
*C1=C2C(*)C(*)C(*)C3CCC(*)C3=CC2(*)C(*)C1,11,7,Ring,-------
*c1ccc2c(c1)Nc1ccc(*)cc1C2=*,11,3,Ring,--=
*C1CC2CN(*)CC2C1*,11,3,Ring,---
*C1CCC2(*)C3CCC4(*)COC(=*)CC4C3CC(*)C2(*)C1,11,6,Ring,---=--
*C1N(*)CC12Cc1ccccc1C2,11,2,Ring,--
*C1CC(=*)c2ccoc2C1,11,2,Ring,-=
*C1(*)C=C2C(=*)C(*)(*)C(=*)C(*)(*)C2(*)OO1,11,9,Ring,--=--=---
*c1ccc2cc1Oc1ccc(cc1)CCC(*)CCCC2,11,2,Ring,--
*c1cc2c3c(c1*)OCC(*)N3CC(*)C2=*,11,5,Ring,----=
*c1nncn2c1cc1sccc12,11,1,Ring,-
*C1=NC2(CCO1)c1cc(*)ccc1Oc1cnc(*)cc12,11,3,Ring,---
*c1ccc2c(c1)nc1n2CCCC1,11,1,Ring,-
*c1cn2c(ccc3ccccc32)n1,11,1,Ring,-
*c1nnc2n[nH]c(*)c2c1*,11,3,Ring,---
*c1ccc2c(c1)C(*)(*)C(*)C(*)C2,11,5,Ring,-----
*c1ccc2c(c1)SC1=NS(=*)(=*)CCN12,11,3,Ring,-==
*C1(*)CNCCO1,11,2,Ring,--
*C1CCCCCCC1*,11,2,Ring,--
*c1ccc2c(c1)[nH]c1c(*)c(*)c(*)cc12,11,4,Ring,----
*c1nn2c3c([nH]c2c1*)CCN(*)C3,11,3,Ring,---
*C1OCC(*)N(*)C1*,11,4,Ring,----
*C1C(=*)c2sccc2C1*,11,3,Ring,-=-
*c1cnc2ncnc(*)c2n1,11,2,Ring,--
*c1c(*)[n+](*)c(*)c(*)[n+]1*,11,6,Ring,------
*C1COCS(=*)(=*)N1*,11,4,Ring,-==-
*c1ccc2c(c1)Oc1ccccc1S2(=*)=*,11,3,Ring,-==
*C1CCN2C(=*)c3ccccc3C2CC1*,11,3,Ring,-=-
*c1c2c(nn1*)COC2,11,2,Ring,--
*c1cccc2c1C1CCN(*)CC1C2,11,2,Ring,--
*c1cc2c(cc1*)N(*)C=CC2=*,11,4,Ring,---=
*c1cc2c(c(*)c1*)CC(*)(*)O2,11,5,Ring,-----
*c1nc2c(=*)c(*)cc(=*)c2[se]1,11,4,Ring,-=-=
*c1ccc2c3c(ccc2c1)N1Cc2c(ccc4cc(*)ccc24)N(C3)C1,11,2,Ring,--
*N1C(=*)Nc2sccc2C1=*,11,3,Ring,-==
*c1cc(*)c2c(=*)c(*)cc(=*)c2c1,11,5,Ring,--=-=
*C1CCC2CC2C1,11,1,Ring,-
*c1cnc2c(nc(*)n2*)c1*,11,4,Ring,----
*C1=NC2=C(Cc3cc(*)ccc3O2)C(=*)N1,11,3,Ring,--=
*C1=CCC2CCC1N2,11,1,Ring,-
*C1=CCC(*)(*)C=CC(=*)C(*)C(*)CC1,11,6,Ring,---=--
*C1CC2C(=*)N(*)C(=*)C2c2[nH]c3ccccc3c21,11,4,Ring,-=-=
*C1CCC2C3CCC4OC(=*)CCC4(*)C3CCC12*,11,4,Ring,-=--
*c1cccc2c3cc(*)n(*)c(*)c-3nc12,11,4,Ring,----
*c1ccc2c3c([nH]c2c1)CCCC3,11,1,Ring,-
*c1cc2c(nc1*)CCC(*)C2,11,3,Ring,---
*c1sc(*)c2c1C(=*)NCC2*,11,4,Ring,--=-
*c1ncc2c(n1)NC(=*)CO2,11,2,Ring,-=
*c1cc2c(s1)CNCC2,11,1,Ring,-
*C1CCCCNC(=*)CC(*)C(=*)NC(*)C(=*)N1,11,6,Ring,-=-=-=
*c1nc2c3c(*)cccc3nc(*)n2n1,11,3,Ring,---
*c1nc(*)c2c(*)nc(*)c(*)c2n1,11,5,Ring,-----
*c1cn2c(=*)c(=*)sc2n1,11,3,Ring,-==
*c1ccc2c(c1*)C(*)(*)OC(=*)N2,11,5,Ring,----=
*c1ccc2c(c1)Oc1c(c(*)nn1*)C2=*,11,4,Ring,---=
*C1CN(*)C(*)C(=*)NC1*,11,5,Ring,---=-
*n1ncc2c1CCCC2,11,1,Ring,-
*C1C(*)C(*)(*)C2(*)C(*)CC34CC(*)(*)C(CCC3C(=*)C12)C4*,11,10,Ring,--------=-
*c1nc(*)c2c(n1)N(*)C(=*)C=C2,11,4,Ring,---=
*c1cc(*)c2c(=*)c(*)c(*)c(=*)c2c1*,11,7,Ring,--=--=-
*c1cc(*)c2c3c(sc2n1)C(=*)N(*)N=N3,11,4,Ring,--=-
*N1CC(=*)C(=*)C2(CC3CCCN3C23C(=*)Nc2ccccc23)C1,11,4,Ring,-===
*c1[nH]nc2c1CNCC2,11,1,Ring,-
*C1=CC(*)(*)CC(*)(*)C1=*,11,6,Ring,-----=
*c1nn2c(c1*)NCC(*)C2,11,3,Ring,---
*C1CC2(*)C(CCC3(*)C2CC=C2C4C(*)C(=*)CCC4(*)CCC23*)C(*)(*)C1*,11,10,Ring,----=-----
*c1ccc2c(c1)CN(*)CN2*,11,3,Ring,---
*c1csc2c1CCN(*)C2,11,2,Ring,--
*C1CN(*)C12CCCCC2,11,2,Ring,--
*c1cc2c(cc1*)CC(*)C(*)C2,11,4,Ring,----
*c1ncnc2cnccc12,11,1,Ring,-
*C1CCC2(*)C(=CCC3C2CCC2(*)C(*)CCC32)C1*,11,5,Ring,-----
*C1CCC2(*)C(CCC3CC4CC32CCC4(*)*)C1(*)*,11,6,Ring,------
*C1CCCCCCC(*)C(=*)N1,11,3,Ring,--=
*C1=CC(=*)Oc2cc(*)c3c(*)coc3c21,11,4,Ring,-=--
*c1ccc2c(c1)-n1c(*)nnc1N(*)C2=*,11,4,Ring,---=
*c1cc2c(*)cn(*)c2c(*)c1*,11,5,Ring,-----
*N1CCc2ccncc21,11,1,Ring,-
*c1nc2n(n1)Cc1ccccc1-2,11,1,Ring,-
*C1(*)CNC(=*)C1,11,3,Ring,--=
*c1cccc2c1C(=*)N1CCc3c([nH]c4ccccc34)C1N2*,11,3,Ring,-=-
*C1CCC2(*)C(CCC3(*)C2CC=C2C4CC(=*)CCC4(*)CCC23*)C1(*)*,11,8,Ring,---=----
*c1cccc2c1C(*)CC2*,11,3,Ring,---
*c1oc2ccc3ccccc3c2c1*,11,2,Ring,--
*C1C2C(=*)CC2S(=*)(=*)C1(*)*,11,6,Ring,-===--
*c1n[nH]c2c1CCNCC2,11,1,Ring,-
*C1=CCC(*)OC2(C1)C(=*)N(*)c1ccccc12,11,4,Ring,--=-
*C1=NC(=*)C(*)C(=*)O1,11,4,Ring,-=-=
*C1CC(=*)Nc2nc3ccccc3n21,11,2,Ring,-=
*N1Cc2cc3ccccc3nc2C1,11,1,Ring,-
*N1CCC2OCCCC2C1,11,1,Ring,-
*C12CCC3C(CCC4C(*)(*)CCCC43*)(C1)OC(=*)C2=*,11,6,Ring,----==
*c1ccc2cc(*)c3nnc(*)n3c2c1,11,3,Ring,---
*C1=CC2(*)C3=CC=C4C5CC(*)(*)CCC5(*)CCC4(*)C3(*)CCC2C(*)(*)C1=*,11,10,Ring,---------=
*c1ncnc2c1Cc1ccccc1O2,11,1,Ring,-
*C1=C(*)c2cc3[nH]c(cc4nc(cc5[nH]c(cc1n2)c(*)c5*)C(*)=C4*)c(*)c3*,11,8,Ring,--------
*C1C=CC(=*)NCC(*)C(=*)N2CCCC2C(=*)NC(*)C(=*)C(=*)NC(*)C(=*)N1,11,10,Ring,-=-==-==-=
*C1=NC(=*)NC(=*)C1(*)*,11,5,Ring,-==--
*C1C=C2C(*)OC(*)C23CCC(*)C(*)(*)C3C1,11,6,Ring,------
*C1NC(=*)OCCCCCCc2cccc3c2CN(C3)C(=*)OC2CC(*)N(C2)C1=*,11,5,Ring,-==-=
*C1C=CS(=*)(=*)N1*,11,4,Ring,-==-
*c1nc2ccccc2n2ccnc12,11,1,Ring,-
*C1C=CC(*)(*)C(*)C(*)C(*)C2(*)CCC(=*)OC2C2C(*)C(*)(*)CC2(*)C1=*,11,13,Ring,-------=----=
*C1(*)C=CC(=*)C1=*,11,4,Ring,--==
*C1=CC(*)C2C3=C(C(=*)C2(*)*)C(*)C2C(=*)N(*)C(=*)C2C3C1,11,9,Ring,--=---=-=
*C1COCC(=*)N(*)C1=*,11,4,Ring,-=-=
*c1cc(*)n2nc3c(*)c(*)cc(*)c3c2n1,11,5,Ring,-----
*c1cccc2ncoc12,11,1,Ring,-
*c1cc2c(cc1*)Sc1ncnc(*)c1NC2,11,3,Ring,---
*c1ccc2c3c1OC1C4(*)CCC5(NC4*)C(C2)N(*)CCC315,11,4,Ring,----
*C1C=Cc2ccccc2N1*,11,2,Ring,--
*N1c2ccccc2Sc2cc3ccccc3nc21,11,1,Ring,-
*N1c2nc3ccccc3cc2Sc2cc3ccccc3nc21,11,1,Ring,-
*c1ccnc2c1nnn2*,11,2,Ring,--
*C1CC(*)C2(*)OC3C(*)C(*)C(*)C(*)C3OC2O1,11,7,Ring,-------
*C1=NC2(*)OCCC2CS1,11,2,Ring,--
*C1=C(*)C(=*)N2C(=N1)SC(*)=C2*,11,5,Ring,--=--
*C1C2CCCC2=NN1*,11,2,Ring,--
*c1ccc2c(n1)CN(*)CC2,11,2,Ring,--
*c1cn2c(n1)[S+](*)CC(*)C2,11,3,Ring,---
*c1ccc2c(c1)C(*)(*)c1c-2ccc(*)c1*,11,5,Ring,-----
*c1ccc2c(c1)C(=*)N(*)C1C(=N2)N(*)CCN1*,11,5,Ring,-=---
*c1ncnc2c1CN(*)C2,11,2,Ring,--
*C1CCC(=*)NCCCCCC(*)OC(=*)NC(*)C(=*)N1,11,6,Ring,-=-=-=
*c1c(*)c(=*)c2c(c1=*)CC1C3C(*)CC(C(*)N1C2*)N3*,11,8,Ring,--==----
*C1CC2(*)C(=CCC2*)C2(*)C(*)CC(*)C(*)(*)C12,11,8,Ring,--------
*N1CCCC2(CCN2*)C1,11,2,Ring,--
*C1=NCC(*)(*)N1,11,3,Ring,---
*c1nc2c3ccccc3c3ccccc3n2c1*,11,2,Ring,--
*C1C2CCCN(*)C2C1(*)*,11,4,Ring,----
*C1c2ccccc2C(=*)c2ccccc21,11,2,Ring,-=
*C1CC2(CC(*)(*)OC2=*)C(=*)O1,11,5,Ring,---==
*C1=NOC2(CCCN(*)C2)C1,11,2,Ring,--
*c1ccc2c(c1)C(=*)N1C(=*)NC(=*)C1=C2,11,4,Ring,-===
*c1cc2c(cc1*)C(*)(*)c1cccn1C2,11,4,Ring,----
*n1nnc2c1N=CNC2=*,11,2,Ring,-=
*c1ccc2[nH]c3c(c2c1)CC1(*)C(CCC2(*)C1CCC1C4C(*)CCC4(*)CCC12*)C3(*)*,11,8,Ring,--------
*N1Cc2ccccc2CCc2ccccc21,11,1,Ring,-
*c1cc2c(nn1)OCCS2,11,1,Ring,-
*c1ccc2ncc3c(c2n1)N(*)C(=*)N3,11,3,Ring,--=
*n1c2ccccc2c2c3c(c4c5ccccc5[nH]c4c21)CNC3=*,11,2,Ring,-=
*c1ccc(*)c2c1CC(*)C2,11,3,Ring,---
*c1nc2c(c(*)c1*)C(=*)NC(=*)N2,11,5,Ring,---==
*c1cc(*)c2c(c1*)C(*)C(*)C2,11,5,Ring,-----
*C1CSCc2cccc(n2)CSCC(*)C(=*)NC(*)C(=*)NC(*)C(=*)NC(*)C(=*)NC(*)C(=*)N1,11,11,Ring,--=-=-=-=-=
*C1CC(*)(*)C(=*)C(*)(*)C1,11,6,Ring,---=--
*C1=NN(*)C(=*)c2cc(*)c(*)cc21,11,5,Ring,--=--
*c1cc2cc3nc(cc4[nH]c(cc5nc(cc1[nH]2)CC5(*)*)cc4*)CC3(*)*,11,6,Ring,------
*c1cc2c3c(c1*)C1(C=CC(=*)C=C1)CC3N(*)CC2,11,4,Ring,--=-
*C1CC2Cc3ccc4ccccc4c3N1O2,11,1,Ring,-
*c1c[nH]c(*)c2c3cnccc3nc1-2,11,2,Ring,--
*C1Nc2cccnc2C2c3ccccc3CC12,11,1,Ring,-
*c1ccc2c(c1)C(=*)C1=C(CCCC1)N2,11,2,Ring,-=
*c1cccc2c1NC(*)C1Cc3ccccc3C21,11,2,Ring,--
*C1=NC(*)=NC(*)C1,11,3,Ring,---
*c1cc(*)n2c(*)c(*)nc2c1,11,4,Ring,----
*c1ccc2c(c1)CCc1c(*)nc(*)nc1-2,11,3,Ring,---
*c1cc2nc(*)n(*)c2s1,11,3,Ring,---
*c1cc2c3c(c4cc(*)c(*)cc4c2cc1*)C(*)C1=C(CC(*)(*)CC1=*)N3,11,8,Ring,-------=
*c1[nH]nc2c1CCC2*,11,2,Ring,--
*N1CCC2(CC1)OCCc1c2cnn1*,11,2,Ring,--
*c1cc(*)c2nonc2c1,11,2,Ring,--
*C1CCCc2c[nH]nc21,11,1,Ring,-
*C1CC(*)N(*)C(=*)N1,11,4,Ring,---=
*c1nc2cncnc2[nH]1,11,1,Ring,-
*c1ccc2nc(*)n3nc(*)cc3c2c1,11,3,Ring,---
*C1CN2CCC(*)C2C(*)C1*,11,4,Ring,----
*c1cc2nc3c(*)nn(*)c3nc2cc1*,11,4,Ring,----
*c1cccc2c1NC(=*)c1ccccc1C2=*,11,3,Ring,-==
*C1C2CCCC1CCC2,11,1,Ring,-
*C1=NN(*)C(*)N=N1,11,3,Ring,---
*c1ccc2c(c1)sc1c(*)nc(*)n12,11,3,Ring,---
*c1cc2sc(*)nc2c(*)n1,11,3,Ring,---
*N1C(=*)C2(OCC(*)(*)CO2)c2ccccc21,11,4,Ring,-=--
*C1=Nc2c(*)cc(*)cc2C12CCCC2,11,3,Ring,---
*C1CCC2C1CC(=*)N2*,11,3,Ring,-=-
*c1cc2nc3c(c(*)n2n1)CCc1ccccc1-3,11,2,Ring,--
*C1=NN(*)C(*)=NC1=*,11,4,Ring,---=
*C1=C(*)C1=*,11,3,Ring,--=
*c1ccc2c(c1)c1c3n2C(=*)CC2(*)CCCC(C(*)C1)C32,11,4,Ring,-=--
*C1CC=CC(=*)N1,11,2,Ring,-=
*c1sc2scc(*)c2c1*,11,3,Ring,---
*C1(*)CC(*)(*)C(=*)O1,11,5,Ring,----=
*C1=C(*)C(*)(*)N(*)C1(*)*,11,7,Ring,-------
*c1ccc2c(c1)NC(*)CC2=*,11,3,Ring,--=
*c1cc2ccc1Oc1cc(cc(*)c1*)C(*)NC(=*)C(*)NC(=*)C(*)C2,11,8,Ring,----=-=-
*c1ccc2oc3c(*)ccc(*)c3c2c1,11,3,Ring,---
*c1ccc2c(c1)-n1nc(*)cc1C(*)(*)CO2,11,4,Ring,----
*c1ccc2c(c1)OC1(*)C(*)C(*)C(*)C21*,11,6,Ring,------
*C1CC=C2C13CC1(*)OC(OCC2(*)C1(*)*)C3*,11,6,Ring,------
*C1CC2C(*)(*)CCCC2(*)C2CCC3CC12C(=*)C3=*,11,6,Ring,----==
*C1CC2C(=*)NC3(*)CC3C=CCCCCCNC(=*)N2C1,11,4,Ring,-=-=
*C1=CC2(*)C(CCC3(*)C2C(=*)C=C2C4CC(*)(*)CCC4(*)CCC23*)C(*)(*)C1=*,11,11,Ring,---=------=
*c1ccc2c(c1)C(=*)NC1(CCN(*)CC1)N2*,11,4,Ring,-=--
*=c1nc2n(c1=*)CCCCC2,11,2,Ring,==
*c1coc2nc3ccccc3c(*)c12,11,2,Ring,--
*c1cc2c(c3ccccc3n2*)n1*,11,3,Ring,---
*C1(*)NC(=*)C2(*)OC12,11,4,Ring,--=-
*c1ccc2c(c1)Oc1c(*)ccc(*)c1C2=*,11,4,Ring,---=
*c1ccn2ncnc2n1,11,1,Ring,-
*N1CCc2ccccc2C(*)(*)C1,11,3,Ring,---
*c1cc(*)c2c(n1)NN(*)C2=*,11,4,Ring,---=
*N1CCOC12CCCCC2,11,1,Ring,-
*C1=C(*)c2ccccc2SC1=*,11,3,Ring,--=
*c1n[n+](*)c2n1CCCCC2,11,2,Ring,--
*C1C(*)(*)C(=*)N(*)C1(*)*,11,7,Ring,---=---
*c1oc2cc3c(cc2c1*)C(*)OC(*)CN3*,11,5,Ring,-----
*c1nnc2n1CCN2*,11,2,Ring,--
*C1=Nc2ccccc2CCC1,11,1,Ring,-
*c1cc2c3c(c1*)-c1cc4c(cc1CC3N(*)CC2*)OCO4,11,4,Ring,----
*c1nc2ccccc2c2c1C(=*)N(*)C=N2,11,3,Ring,-=-
*=C1N=CN=N1,11,1,Ring,=
*C1OC(=*)C2C(*)OC(=*)C12,11,4,Ring,-=-=
*C1CC(=*)NCC(=*)NC(*)C(=*)NC(*)C(=*)NC(*)C(=*)NC(*)C(=*)O1,11,11,Ring,-==-=-=-=-=
*c1ccc2ncc3c(c2c1)N(*)C(=*)C=N3,11,3,Ring,--=
*c1ccc2c(c1)-c1n[nH]cc1C(*)N2*,11,3,Ring,---
*N1CCC2(CC1)OOC1(CCCCC1)OO2,11,1,Ring,-
*C1OCC2C(=*)OCC12,11,2,Ring,-=
*C1=NS(=*)(=*)N(*)c2nc(*)cnc21,11,5,Ring,-==--
*c1ccc2nsc(*)c2n1,11,2,Ring,--
*N1C=Nc2c(oc3nc4c(cc23)CCCC4)C1=*,11,2,Ring,-=
*C1=C(*)C(*)(*)OC1(*)*,11,6,Ring,------
*=C1CCCNC1=*,11,2,Ring,==
*c1cc2c(cc1*)C1CC(*)(*)C(*)CN1CC2,11,5,Ring,-----
*C12Cc3ccccc3C(*)(N1)c1ccccc12,11,2,Ring,--
*c1ccc2c(c1)C(=*)C(=*)C2*,11,4,Ring,-==-
*=C1CCCCN1,11,1,Ring,=
*c1c(*)c2n(c1*)CSC2,11,3,Ring,---
*C1(*)CC2CCC(C1)N2,11,2,Ring,--
*C1=NC2(c3cc(*)ccc3Oc3c(*)cc(*)cc32)c2nccn21,11,4,Ring,----
*c1cc2c(c(*)c1*)C(*)CC(*)O2,11,5,Ring,-----
*C12CCCCC1CCc1ccccc12,11,1,Ring,-
*c1ccc2c(c1)CCCC21NC(=*)N(*)C1=*,11,4,Ring,-=-=
*c1nc2c(s1)CCCc1nc(*)sc1-2,11,2,Ring,--
*N1C(=*)C23CC4C1(CN2CCC3(*)*)CC1(C(=*)Nc2c1ccc1c2OC=CC(*)(*)O1)C4(*)*,11,9,Ring,-=--=----
*c1cccc2c1C(=*)NNC2=*,11,3,Ring,-==
*C1=CC2Cc3nc(*)ccc3C3(C1)C2CCCN3*,11,3,Ring,---
*C1CCOCNC(=*)C(*)NC(=*)C(*)NC(=*)C(*)NC(=*)CCNC(=*)CNC1=*,11,10,Ring,-=-=-=-===
*C1=Cn2c(*)ccc2C(=*)N1,11,3,Ring,--=
*C1=CNC(=*)C2=C1OC(*)C(*)C2*,11,5,Ring,-=---
*c1c(*)c(*)c2c(c1*)CC1CN(*)CC(=*)N1C2*,11,7,Ring,-----=-
*N1C(=*)C2C3CC(=*)C(c4ccccc43)C2C1=*,11,4,Ring,-===
*C1(*)CNP(*)(=*)NC1,11,4,Ring,---=
*C1=CCC(*)OC(=*)C(*)=CC=CCC(*)C(*)=CC(*)C(*)C(*)=C1,11,9,Ring,--=------
*c1cc2c3n1CCCC3(*)CCC(=*)Nc1ccccc1-2,11,3,Ring,--=
*C1NC1(*)*,11,3,Ring,---
*C1=CN2C(=*)c3ccc(*)cc3N=C2C=C1,11,3,Ring,-=-
*c1cc2c(c(*)c1*)C(*)CC2,11,4,Ring,----
*C1CCC(*)C(=*)O1,11,3,Ring,--=
*C1CC23OC(C(*)C2=*)C2C(CCC(=*)C(*)C3C1*)C2(*)*,11,8,Ring,--==----
*C1C(=*)N(*)CCCN1*,11,4,Ring,-=--
*C1=C(*)OCCC1,11,2,Ring,--
*C1=CCC23CCN(*)C(Cc4ccc(*)cc42)C3C1,11,3,Ring,---
*c1nc2n(n1)CC(*)CO2,11,2,Ring,--
*c1ccc2[nH]c3c(ccc4c(*)c[nH]c43)c2c1,11,2,Ring,--
*N1N=c2c(n(*)c3ccccc23)=NC1=*,11,3,Ring,--=
*N1CCC2(CC1)OOC1(CCCCCC1)OO2,11,1,Ring,-
*C1CCNP(*)(=*)O1,11,3,Ring,--=
*N1C(=*)c2nccnc2N(*)C1=*,11,4,Ring,-=-=
*c1ccc2[nH]c3c(c2c1)CCNC31CCN(*)C1,11,2,Ring,--
*[N+]1=CN2CCCCC2C1,11,1,Ring,-
*c1cccc2c1C(*)CN2,11,2,Ring,--
*c1ccc2c(c1)-c1nn(*)c(=*)c1=CN2*,11,4,Ring,--=-
*C12OC1C(=*)c1ccccc1C2=*,11,3,Ring,-==
*c1ccc2c(c1)OCC(*)(*)C(=*)N2*,11,5,Ring,---=-
*c1nn(*)c2ncncc12,11,2,Ring,--
*c1ccc2c(c1)NC(=*)C21C(*)CC2CCCN21,11,3,Ring,-=-
*C1SCCc2ccccc21,11,1,Ring,-
*C1CC=CC(=*)C1*,11,3,Ring,-=-
*C1=CCC2CC(CC3(CC(*)C(*)C(*)O3)O2)OC(=*)C2C=C(*)C(*)C3OCC(=CC=CC(*)C1*)C23*,11,10,Ring,----=-----
*c1cnc2n1CC(*)CC2,11,2,Ring,--
*c1ccc2c(c1)CCC1C2CCC2C(*)C(*)CC12,11,3,Ring,---
*c1ccc2c(c1)c1c(*)cccc1c[n+]2*,11,3,Ring,---
*c1nc2c(*)c(*)c(=*)c(=*)c2[nH]1,11,5,Ring,---==
*C1Cc2cc3c(cc2C(*)C1*)OCO3,11,3,Ring,---
*c1ccc2c(c1)N(*)C1(CCN(*)CC1)c1cccn1-2,11,3,Ring,---
*C1CC2(CO2)C(=*)C(*)C(*)C(*)C(*)OC(=*)C(*)C(*)C(*)C1*,11,11,Ring,-=----=----
*C1NC(=*)N(*)CN(*)C1=*,11,5,Ring,-=--=
*c1ccc2c(c1)C1(C(=*)N2)N2CSCC2C(*)C1(*)*,11,5,Ring,-=---
*C1=NC(*)C(*)C(*)(*)N1,11,5,Ring,-----
*C1=[N+](*)C(*)Nc2cc(*)c(*)cc21,11,5,Ring,-----
*c1ccc2c(*)c3c(nc2c1)CCCC3*,11,3,Ring,---
*C1OC(=*)N(*)C1(*)*,11,5,Ring,-=---
*C1CCC2(*)C(C(*)CC3(*)C2CCC2(*)C(*)C(*)C(*)C23)C1*,11,9,Ring,---------
*C1CCCN(*)CCC(=*)NCC1,11,3,Ring,--=
*c1cccc2c1-c1nc(*)c(*)n1CO2,11,3,Ring,---
*C1CC2OC(=*)CC2C1*,11,3,Ring,-=-
*c1cc2c(c(*)n1)C(=*)Oc1ccccc1-2,11,3,Ring,--=
*c1cccc2c1C(=*)N(*)N2*,11,4,Ring,-=--
*c1ccc2c(n1)NC(=*)C=C2,11,2,Ring,-=
*c1cc2c(cn1)C(*)CNC2,11,2,Ring,--
*c1cn2c(n1)-c1ccccc1C2,11,1,Ring,-
*c1nc2c(*)ccc(*)c2c(*)c1*,11,5,Ring,-----
*n1ncc2ccncc21,11,1,Ring,-
*C1CCCC2CN(*)CCC12,11,2,Ring,--
*C1C=CCCCCC1,11,1,Ring,-
*C1=Nc2ccccc2CC1,11,1,Ring,-
*c1ccc2c(c1)S(=*)(=*)CC2,11,3,Ring,-==
*c1ncc(*)c2c(*)noc12,11,3,Ring,---
*C1C(=*)N2c3ccccc3CCc3cccc1c32,11,2,Ring,-=
*C1=CN2C=C(*)C(=*)N=C2C=C1,11,3,Ring,--=
*N1C(=*)NC(=*)C2=C1CCCC2,11,3,Ring,-==
*C1CC2OC(*)CC2O1,11,2,Ring,--
*C1CCC2(*)C3=C(C(=*)CC2C1(*)*)C1(*)C(=*)CC(*)C1(*)C(*)C3=*,11,11,Ring,--=---=---=
*c1cc2c(*)c(*)c(*)nc2nc1*,11,5,Ring,-----
*C1=Nc2ccc3ccccc3c2C1(*)*,11,3,Ring,---
*C1NCCOc2ccccc21,11,1,Ring,-
*c1ccc2c3c(c4cc(*)c(*)cc4c2c1)CN1CCCC1C3,11,3,Ring,---
*C1C(*)C12C(=*)Nc1ccccc12,11,3,Ring,--=
*c1cccc2c1C(=*)N(*)S2,11,3,Ring,-=-
*C1CC2C(*)(CCC3C(*)(*)CCCC32*)O1,11,5,Ring,-----
*c1cn(*)[n+](*)c1,11,3,Ring,---
*C1=NOC2(C(=*)Nc3cc(*)ccc32)C1*,11,4,Ring,-=--
*C1CC(=*)NC(*)C(=*)NC(*)C(*)C=CCC(=*)N1,11,7,Ring,-=-=--=
*c1ccc2nc3c(cc2c1)CN(*)C(=*)S3,11,3,Ring,--=
*c1cc2c(*)ccnc2nc1*,11,3,Ring,---
*C1c2ccccc2OC(*)(*)C1*,11,4,Ring,----
*c1cc2c(=*)c3c4cc(*)c(*)cc4c(=*)n(*)c=3c2cc1*,11,7,Ring,-=--=--
*C1CCOC12CCCC2,11,1,Ring,-
*c1ccc2c(c1)CC(*)CC2=*,11,3,Ring,--=
*c1cn2c(*)nnc2cn1,11,2,Ring,--
*c1cc2c(cc1*)[n+](*)c1c(*)cccc1[n+]2*,11,5,Ring,-----
*C1CCC2(*)C3CCC4(*)C(*)CCC4C3=CCC2C1*,11,5,Ring,-----
*C1Cn2nc3c(c2C(=*)N(*)O1)CN(*)C(*)C3,11,5,Ring,-=---
*n1cnc2c1NC=NC2=*,11,2,Ring,-=
*N1C(=*)CC(*)(*)Sc2ccccc21,11,4,Ring,-=--
*c1ccc2c3c([nH]c2c1)C1Oc2c(*)ccc4c2C12CCN(*)C(C4)C2(*)C3,11,4,Ring,----
*N1CCC2N(*)S(=*)(=*)CCC2(*)C1,11,5,Ring,--==-
*c1cccc2c1OC(*)(*)CC2,11,3,Ring,---
*C1=CC(*)(*)Nc2c(*)cc(*)cc21,11,5,Ring,-----
*c1cccc2c1N(*)CC21CCN(*)CC1,11,3,Ring,---
*c1cn2ccnc2s1,11,1,Ring,-
*c1cc2ccc(*)c(*)c2[nH]1,11,3,Ring,---
*c1cc2c(c(*)c1*)C(=*)c1c(cc3c(*)c(*)cc(*)c3c1*)C2(*)*,11,10,Ring,---=------
*c1cc2c(c(*)c1*)C(=*)C1=CCC(*)C(*)C1(*)O2,11,7,Ring,---=---
*c1oc2ccc3c(c2c1*)CCCO3,11,2,Ring,--
*C1=NC2=C(C(=*)N1)C(*)C1=C(CCCC1)N2,11,3,Ring,-=-
*c1nc(*)c2c(n1)C(*)(*)CC2,11,4,Ring,----
*C1=Cc2c(c(=*)c3ccccc3c2=*)C(*)O1,11,4,Ring,-==-
*C1=C2C(=*)OC(*)C2(*)CCC1=*,11,5,Ring,-=--=
*N1CCC2(CC1)NC(=*)c1ccccc1N2,11,2,Ring,-=
*c1nccc[n+]1*,11,2,Ring,--
*C1CC(*)C2C(*)(*)CC(*)(*)C2(*)C1*,11,8,Ring,--------
*N1C(=*)Nc2cnccc21,11,2,Ring,-=
*C1=Nc2c(*)nc(*)nc2C1,11,3,Ring,---
*c1cc(*)c2c(c1*)COP(*)(=*)O2,11,5,Ring,----=
*c1ccc2c(c1)-n1nc(*)nc1CN2*,11,3,Ring,---
*C1=C(*)C(*)=C(*)C(=*)C=C1,11,5,Ring,----=
*C1=C(*)C(=*)N2CCCCC(*)C2=N1,11,4,Ring,--=-
*C1=NC(*)(*)CCO1,11,3,Ring,---
*c1ccc2c(c1)C(=*)C(=*)N(*)C2=*,11,5,Ring,-==-=
*c1cc2c(cc1*)C1C(CCCN1*)C2,11,3,Ring,---
*c1nc2c(s1)CCCCc1nc(*)sc1-2,11,2,Ring,--
*C1OC23CCCCC2C(*)(*)C1(*)C(=*)O3,11,5,Ring,----=
*c1nc(*)c2c(n1)CCc1c(*)cccc1-2,11,3,Ring,---
*N1C(=*)NC2(CCCCc3ccccc32)C1=*,11,3,Ring,-==
*C1=NS(=*)(=*)Nc2nc(*)c(*)nc21,11,5,Ring,-==--
*C1CCC2(CC1)OC(=*)c1c2ccc2c1OCO2,11,2,Ring,-=
*c1nc2ccncc2n2c(*)nnc12,11,2,Ring,--
*C1Cc2ccc(cc2)OCCCCC(*)C(=*)NC(*)C(=*)N1,11,5,Ring,--=-=
*C1C2C3=CCC4C5(*)CCC(*)C(*)(*)C5CCC4(*)C3(*)CCC2(*)CCC1(*)*,11,10,Ring,----------
*C1C(=*)Nc2ccccc2-n2nnnc21,11,2,Ring,-=
*c1cc(*)c2c(ccc3c2ccn3*)n1,11,3,Ring,---
*c1nc2c(n1*)CCCCC2,11,2,Ring,--
*c1cc2cc(c1)C(=*)NC(*)Cc1cccc(c1)OCCCCN2,11,3,Ring,-=-
*C1CC2(*)C(=CC1=*)CCC(*)C2*,11,5,Ring,--=--
*c1cc2c(n1*)CCCC2=*,11,3,Ring,--=
*C1CC2CC3(CCC2(*)C2CC(*)C4(*)C(*)CCC4C12)OOC(*)(*)OO3,11,7,Ring,-------
*C1=CC(*)C(*)C(*)C(*)C(*)CC(*)=CC=CC(*)C(*)OC(=*)C(*)=C1,11,11,Ring,---------=-
*c1cccc2c1C(=*)N1CCNCC21,11,2,Ring,-=
*C1CC2C3CC4OC45C(*)C=CC(=*)C5(*)C3CCC2(*)C1*,11,6,Ring,--=---
*C1=CNC(=*)C=N1,11,2,Ring,-=
*C1NC(=*)C2(*)CCCN2C1=*,11,4,Ring,-=-=
*c1ccc2c(c1)OCn1c-2nc(*)c1*,11,3,Ring,---
*C1C=C2COC(=*)C2(*)C2(*)CCCC(*)(*)C12,11,6,Ring,-=----
*N1COc2c(ccc3cccnc23)C1,11,1,Ring,-
*c1nc2c(n3ccnc13)C1(CCCN1*)c1ccccc1-2,11,2,Ring,--
*c1ccc2c(c1)Sc1cc(=*)ccc1=N2,11,2,Ring,-=
*C1=CC(*)(*)C(=*)C1=*,11,5,Ring,---==
*c1cc(*)c2c(c1*)C(=*)OCCCCC(=*)NC(*)CSC2,11,6,Ring,---==-
*C1CC=CCC2COCC(*)N2C1=*,11,3,Ring,--=
*c1ccc2ncc3c(c2c1)N=CN(*)C3=*,11,3,Ring,--=
*C1=C(*)C(*)c2cc(*)c(*)cc21,11,5,Ring,-----
*C1CNC(=*)C(*)CC=CCCC(=*)O1,11,4,Ring,-=-=
*C1C(*)C(*)(*)C(*)(*)C1(*)*,11,8,Ring,--------
*c1ccc2c(c1)C(*)CC21NC(=*)N(*)C1=*,11,5,Ring,--=-=
*c1cc2c(cc1*)N(*)C(=*)S2,11,4,Ring,---=
*=C1NN2C(=*)c3ccccc3N=C2C1=*,11,3,Ring,===
*c1ccc2c(c1)C1(CCC2)CC(=*)N(*)C1=*,11,4,Ring,-=-=
*c1ccc2c(c1)C1(*)CCNC(C2)C1*,11,3,Ring,---
*c1ccc2c(c1)C(=*)N(*)CC(*)O2,11,4,Ring,-=--
*C1C2CCCCC2CN(*)C1*,11,3,Ring,---
*N1C2CCCC1CCC2,11,1,Ring,-
*c1cc(*)c2c(c1)SC(=*)N2*,11,4,Ring,--=-
*c1nc(*)c2nc(*)nnc2n1,11,3,Ring,---
*c1nnc2c(*)cnn2c1*,11,3,Ring,---
*c1cc2c(cc1*)C(=*)N(*)C1(CCN(*)C1)N2,11,5,Ring,--=--
*c1cc2c(*)cccc2c2ccccc12,11,2,Ring,--
*C1CC=CC(*)C(*)C(=*)NC2(CCCCC2)C(=*)NC(*)C(=*)NC1,11,7,Ring,---==-=
*c1cc2c(=*)c3c(*)cc(*)c(*)c3c(=*)c2cc1*,11,7,Ring,-=---=-
*C1=Nc2cc(*)ccc2Oc2ccccc21,11,2,Ring,--
*c1ccc2c(c1)C(=*)C(=*)C(*)(*)N2*,11,6,Ring,-==---
*N1CCCc2c(cnn2*)C1,11,2,Ring,--
*C1C=CC(=*)CC1,11,2,Ring,-=
*=C1SC(=*)N2CCCCN12,11,2,Ring,==
*c1c[n+](*)n(*)c1*,11,4,Ring,----
*C1=CC(=*)Oc2c3c(c4c(c21)OC(*)C=C4)OC(*)CC3=*,11,5,Ring,-=--=
*C1=CSC2=NS(=*)(=*)CCN12,11,3,Ring,-==
*C1CCC2=NNC(=*)N2CC1,11,2,Ring,-=
*c1nnc2c(n1)NC(=*)C2(*)*,11,4,Ring,-=--
*C1=CN=C2SCC(*)CN2C1=*,11,3,Ring,--=
*c1c2c(c(*)c3c1CCC3)CCC2,11,2,Ring,--
*c1[nH]nc2c1C(=*)CC(*)(*)C2,11,4,Ring,-=--
*N1CCC2(CC1)CN(*)C(=*)N2,11,3,Ring,--=
*c1ccc2c(c1)C1(CC(=*)N(*)C1=*)C(=*)N(*)C2=*,11,7,Ring,-=-==-=
*C1CC2CCCCC23OOC1(*)OC3*,11,3,Ring,---
*N1CC2C(=*)NC(=*)C2C1,11,3,Ring,-==
*c1ccc2c(c1)C1(CN(*)C(=*)CO1)CC(*)(*)O2,11,5,Ring,--=--
*N1CCN2CCN(*)C(=*)C2C1,11,3,Ring,--=
*c1cc(*)c2c(c1)C(=*)c1ccccc1C(=*)N2,11,4,Ring,--==
*N1C(=*)Nc2ccccc2C12NC(=*)NC2=*,11,4,Ring,-===
*C1=[N+](*)CCn2c(*)ccc21,11,3,Ring,---
*c1cnc2n1CCCCC2,11,1,Ring,-
*c1cc(*)c2c(c1)Oc1c(*)cc(*)c(*)c1O2,11,5,Ring,-----
*C1CCC2C3CCC(=*)C(*)(*)C3CCC12*,11,5,Ring,-=---
*c1cc2c(c(*)c1*)C1=C(OC2=*)C(=*)CC1*,11,6,Ring,---==-
*C1CC(=*)NC2CCCCC2N1*,11,3,Ring,-=-
*c1n[nH]c2c1COc1ccccc1-2,11,1,Ring,-
*C1CCC(*)C(*)c2cccnc21,11,3,Ring,---
*C1CCS(=*)(=*)CC1*,11,4,Ring,-==-
*N1CCCc2occc2C1,11,1,Ring,-
*c1ccc2c(c1)[n+](*)c1ccc(*)cc1[n+]2*,11,4,Ring,----
*N1CC2CC(*)(*)CC2C1,11,3,Ring,---
*C1=C(*)OCC1,11,2,Ring,--
*C1C(*)C(*)C(*)(*)C1*,11,6,Ring,------
*c1nc2ccc3[nH]ncc3c2c2c1CC(*)CC2,11,2,Ring,--
*C1Cc2c(nnn2*)C(*)N1*,11,4,Ring,----
*N1CCOC2COCCC21,11,1,Ring,-
*C1CC(*)C2(*)C3=C(C(=*)CC12*)C1(*)CCC(=*)C(*)(*)C1CC3=*,11,10,Ring,---=--=--=
*C1=Nc2ccccc2C2=NC(*)CN12,11,2,Ring,--
*C1CC(*)C2C(C=CC(*)C2(*)*)C1,11,5,Ring,-----
*C1=Nc2snc(*)c2C(=*)N1*,11,4,Ring,--=-
*c1ccc2c(c1)C(=*)C1=C(CCSC1)N2,11,2,Ring,-=
*C1=CC(=*)N=C2SC(*)=NN12,11,3,Ring,-=-
*C1=CC(=*)c2cc(*)c(*)cc21,11,4,Ring,-=--
*C1=NC(*)C(=*)N(*)c2c(*)cccc21,11,5,Ring,--=--
*c1cc(*)c2c(c1)C=CCCCC(=*)CCCC(*)OC2=*,11,5,Ring,--=-=
*C1=NCCn2nc3cc(*)ccc3c21,11,2,Ring,--
*C1OC2OC(=*)CC2C1*,11,3,Ring,-=-
*c1ccc2c3c1cccc3c(=*)n1c3ccccc3nc21,11,2,Ring,-=
*C1(*)CC(=*)C1,11,3,Ring,--=
*C1=Nc2sc(*)cc2C(=*)O1,11,3,Ring,--=
*c1cccc2c1CNC(*)C2,11,2,Ring,--
*c1ccc2c3c1OC1C(=*)C(*)(*)C(*)C4C(C2)N(*)CCC314,11,6,Ring,-=----
*c1cc2c3c(c1)C1C=CCC1C(*)N3CC1CC=CC21,11,2,Ring,--
*c1[nH]nc2c3ccccc3nc-2c1*,11,2,Ring,--
*c1ccc2c(c1)NC1=C(CCCC1)C2=*,11,2,Ring,-=
*c1ccc2c(c1)OC1c3ccc4c(c3OCC21)C=CC(*)(*)O4,11,3,Ring,---
*c1cn2c(n1)C(=*)N(*)c1ccccc1-2,11,3,Ring,-=-
*c1ncnc2c1sc1nc3c(cc12)COC(*)(*)C3,11,3,Ring,---
*N1CCCn2ncnc21,11,1,Ring,-
*c1cnn2c1C(*)CCCC2,11,2,Ring,--
*C1C(=*)N(*)C(=*)C(*)N1*,11,6,Ring,-=-=--
*N1CCC2(CCCN2)C1,11,1,Ring,-
*C1=CC2=C(CC(*)(*)CC2=*)NC1=*,11,5,Ring,---==
*c1cc(*)c2c(c1)CCC2(*)*,11,4,Ring,----
*c1ccc2c(c1)CC1(O2)C(*)CCC(*)C1(*)*,11,5,Ring,-----
*N1CCOC2(CCOC2)C1,11,1,Ring,-
*c1csc2c1NC(=*)N(*)C2=*,11,4,Ring,-=-=
*C1CCC2(*)C(C1)C(=*)CC1C3CCC4C(*)C5CCC(*)CN5CC4C3CC12,11,5,Ring,--=--
*C1=CC(=*)c2c(*)ncc(*)c2N1*,11,5,Ring,-=---
*c1ncnc2n[nH]cc12,11,1,Ring,-
*C1=NC(*)CCC1,11,2,Ring,--
*C1=C(*)c2cnn(*)c2NC1=*,11,4,Ring,---=
*C1C2CC1CN(*)C2,11,2,Ring,--
*c1c2c(c3n1C(*)(*)COC3*)N(*)C(=*)N(*)C2=*,11,8,Ring,-----=-=
*c1cc2c(c3c1C(=*)c1cc4ccccc4cc1N3*)CC(*)O2,11,4,Ring,-=--
*C12CC1COC21CCC1,11,1,Ring,-
*c1ccc2c(c1*)OC(=*)c1c-2ccc(*)c1*,11,5,Ring,--=--
*C1=C(*)C(=*)c2ccc3c(c2O1)C(*)C(*)C(*)(*)O3,11,7,Ring,--=----
*c1cc(*)c2c(c1)nnn2*,11,3,Ring,---
*C1C2CCC3C(CCC12)C3(*)*,11,3,Ring,---
*c1c2c(nn1*)CN(*)CC2,11,3,Ring,---
*C1C(=*)N(*)c2ccccc2N1*,11,4,Ring,-=--
*c1cc2c(c3c1OC(*)(*)C=C3)OC(*)C(*)C2=*,11,6,Ring,-----=
*C1NC(=*)C2C3CCC(CC3)N2C1=*,11,3,Ring,-==
*c1cc(*)c2c(c1)C(=*)C1(*)OC(*)(*)C(*)CC1(*)C2=*,11,9,Ring,--=-----=
*C1=CN2CC3OC(*)CCN3C(=*)C2=C(*)C1=*,11,5,Ring,--=-=
*c1ccc2c(c1)Oc1cccc(*)c1C2=*,11,3,Ring,--=
*c1ccc2c3c(n(*)c2c1)CC1CCC3N1,11,2,Ring,--
*C1CCN(*)C12C(=*)Nc1ccccc12,11,3,Ring,--=
*C1=CC(*)C2(*)CCC3C(=*)OC(*)CC3(*)C2C1=*,11,7,Ring,---=--=
*C1CCN(*)C(=*)C(*)N1*,11,5,Ring,--=--
*c1cc2c(c3c1C(=*)c1ccccc1N3*)C(*)C(*)C(*)(*)O2,11,7,Ring,-=-----
*C1=C(*)N2C(=*)C(*)C2SC1=*,11,5,Ring,--=-=
*c1ccc2c(c1)N=CN(*)C2*,11,3,Ring,---
*C1=Nc2cc(*)c(*)cc2C12CCC2,11,3,Ring,---
*c1ccc2c3c(cnc2c1)C(=*)N(*)C=N3,11,3,Ring,-=-
*C1c2ccccc2C2CCN(*)CC12,11,2,Ring,--
*C12COCC1C2,11,1,Ring,-
*C1C2=C(COC2=*)Nc2[nH]ncc21,11,2,Ring,-=
*c1c[n+](*)c2nc(*)nc(*)c2n1,11,4,Ring,----
*c1ccc2c3c1CCN3CCNC2,11,1,Ring,-
*C1=NC(=*)C2=C(NC(=*)CC2*)N1*,11,5,Ring,-==--
*c1cc(*)c2c(c1)C(=*)NC(*)C(=*)NC(*)C(=*)NC(*)CCN2,11,8,Ring,--=-=-=-
*c1cc2c(c(*)c1*)C(=*)OC2*,11,5,Ring,---=-
*C1=c2ccc(=*)cc2[Se]c2cc(*)ccc21,11,3,Ring,-=-
*C1CC(=*)NCC(=*)NC(*)C(=*)NC(*)C(=*)NC(*)C(=*)N1,11,9,Ring,-==-=-=-=
*=c1nc2n(c1=*)CCCCS2,11,2,Ring,==
*N1COc2ccc3c(oc4c(=*)c5ccccc5c(=*)c43)c2C1,11,3,Ring,-==
*c1cnn2c3cc(nc12)N1CC(CC1*)OCC=CCOc1cc(cc2c1N(*)C(=*)CC2)N3,11,4,Ring,---=
*c1cc2c(*)c(c1)Cc1cccc(c1*)Cc1cc(*)cc(c1*)Cc1cccc(c1*)C2,11,6,Ring,------
*C1Nc2ccccc2C(*)C1*,11,3,Ring,---
*c1cnc2c(=*)c3ccccc3c3cccc1c23,11,2,Ring,-=
*c1cc2cc(c1)C(=*)NC(*)CCc1cccc(c1)CC(*)(*)COC2,11,5,Ring,-=---
*C1=NOC(=*)C1*,11,3,Ring,-=-
*c1nc2ccccc2c2nc3ccccc3nc12,11,1,Ring,-
*c1cc2c(c(*)c1*)C(=*)c1ccccc1O2,11,4,Ring,---=
*c1ccc2nc(*)c3c4ccccc4n(*)c3c2c1,11,3,Ring,---
*C1CCC2(*)C3=C(CCC12*)C1(*)CCC(=*)C(*)(*)C1CC3=*,11,8,Ring,----=--=
*C1C2COC3OCC1C3C2,11,1,Ring,-
*C1CC(*)(*)C(*)C(*)N1,11,5,Ring,-----
*N1CCc2c(n(*)c3ccccc23)CC1,11,2,Ring,--
*C1=CC(=*)C2=C(*)CC(*)C3C(=*)C(=*)OC3C12,11,6,Ring,-=--==
*C1c2c(c(=*)c3ccccc3c2=*)OC(*)(*)C1*,11,6,Ring,-==---
*C1CSC(*)C(=*)NCC(=*)NC(*)C(=*)NCC(=*)NC(*)C(=*)N1,11,9,Ring,--==-==-=
*c1ccc2oc(=*)c3cccc1c23,11,2,Ring,-=
*C1CCC23CC(CCC2C1(*)*)C(=*)C3=*,11,5,Ring,---==
*c1c2c(cc[n+]1*)c1ccccc1n2*,11,3,Ring,---
*c1c(*)c(*)c2c(c1*)OC(*)CC2*,11,6,Ring,------
*c1ccc2c(c1)N=C1C(*)NC(=*)c3cc4ccccc4cc3N1C2=*,11,4,Ring,--==
*C1=C(*)N2C(=*)C(=*)C2S(=*)(=*)C1=*,11,7,Ring,--=====
*C1CC(*)n2ccnc21,11,2,Ring,--
*C1(*)CS(*)(*)C(*)(*)C(=*)N1,11,7,Ring,------=
*C1CN(*)CC(*)C(*)C1*,11,5,Ring,-----
*c1c(*)c2c(c3c1CCC3)CCN(*)C2,11,3,Ring,---
*[N+]1(*)CC(=*)C(=*)C(=*)C1,11,5,Ring,--===
*c1cc2cc(*)c3nnc(*)n3c2cc1*,11,4,Ring,----
*C1CCC2=NN(*)C(=*)N2C1,11,3,Ring,--=
*c1nc2nc(*)c(*)cc2s1,11,3,Ring,---
*C1C2C(=*)C=C3SC4CC31c1c3c5c(c[nH]c5c(=*)c1=N4)CCN32,11,3,Ring,-==
*c1nc2nc(*)c(*)[nH]c-2n1,11,3,Ring,---
*c1ccc2nnn(*)c2c1*,11,3,Ring,---
*C1CCC2C3CCC4CC(=*)C=CC4(*)C3CCC12*,11,4,Ring,-=--
*C1CCC2(CCN(*)C(=*)O2)C1,11,3,Ring,--=
*C1CC(=*)N(*)CC(=*)N1*,11,5,Ring,-=-=-
*c1cccc2c1-c1ccccc1C2*,11,2,Ring,--
*c1c(*)c(*)c2c(c1*)OC(*)S2,11,5,Ring,-----
*c1cc2c(cn1)OCS2,11,1,Ring,-
*c1c2c(nc3c1C(*)c1c(ccc4ccccc14)O3)CCCC2,11,2,Ring,--
*c1ccc2c(c1)NC(*)C(=*)N(*)C2,11,4,Ring,--=-
*c1nn(*)c2cc[se]c12,11,2,Ring,--
*c1cc2c(cc1*)SC(=*)N2,11,3,Ring,--=
*C1=CC(*)=NC2=C(*)C(=*)NN12,11,4,Ring,---=
*c1ccc2c(*)cc3c4ccccc4[nH]c3c2c1,11,2,Ring,--
*C1C(=*)C(=*)ON1*,11,4,Ring,-==-
*N1CCC2(CC1)CC(=*)c1c(cnn1*)C2,11,3,Ring,-=-
*c1c(*)c2cc3nc(c4c5[nH]c(cc6nc(cc1[nH]2)C(*)C6*)c(*)c5C(=*)N(*)C4=*)C(*)C3*,11,10,Ring,-----=-=--
*c1cnc2c(*)c(*)c(*)nc2c1,11,4,Ring,----
*N1CC2Cc3[nH]ncc3C(C1)N2*,11,2,Ring,--
*C1=NN2C(=*)COc3ccc(*)cc3C2C1,11,3,Ring,-=-
*c1ccc2c(c1)CCc1c-2n[nH]c1*,11,2,Ring,--
*c1sc2nsc(*)c2c1*,11,3,Ring,---
*C1OC2CCC(*)(*)C3C(*)C(*)C4(*)OC(*)(*)CC(=*)C4(O1)C23*,11,10,Ring,--------=-
*c1cc(*)c2c(c1*)OC13C(=CC4CC1C(*)(*)OC3(*)C4=*)C2=*,11,8,Ring,------==
*c1nn(*)c2c1C(=*)N(*)c1ccccc1-2,11,4,Ring,--=-
*C1=NN(*)C2(C(=*)N(*)C(=*)N(*)C2=*)C1*,11,8,Ring,--=-=-=-
*C1=NC(*)C(=*)N2CCc3cccc1c32,11,3,Ring,--=
*c1cc2c(cc1*)-c1ccccc1C2=*,11,3,Ring,--=
*C1CC(*)(*)C(*)C1*,11,5,Ring,-----
*c1cc2c(s1)C(=*)N(*)C(=*)N2,11,4,Ring,-=-=
*c1ccc2c(c1)nc(*)c1cc(*)ccc12,11,3,Ring,---
*N1C(=*)N(*)C(*)(*)CC1(*)*,11,7,Ring,-=-----
*c1ccc2c(c1)C(=*)C(=*)C(=*)N2,11,4,Ring,-===
*C1=C2CS(=*)(=*)OCC2(*)OC1=*,11,5,Ring,-==-=
*C12CCC(*)(*)C(*)(OO1)O2,11,4,Ring,----
*c1cccc2c1OC(*)CC2,11,2,Ring,--
*N1C=Cc2occc2C1=*,11,2,Ring,-=
*C1=C(*)c2ccc(*)cc2OC1,11,3,Ring,---
*c1c2c(nn1*)C(*)CC2,11,3,Ring,---
*C1=NC(=*)c2cccnc2N1*,11,3,Ring,-=-
*c1c2c(nc3ncnn13)CC(*)CC2,11,2,Ring,--
*c1cnn2c1NC(*)C2,11,2,Ring,--
*c1ccc2c(c1)[I+]c1ccccc1-2,11,1,Ring,-
*c1ccc2c(c1)n(*)c(=*)n(*)c(=*)n2*,11,6,Ring,--=-=-
*c1nc(*)c2c(n1)C(*)N(*)C2,11,4,Ring,----
*C1=CNC(=*)N=C1,11,2,Ring,-=
*C1CCC2(CC1*)OCCO2,11,2,Ring,--
*C1CC(*)OP(*)(=*)O1,11,4,Ring,---=
*c1ccc2c(c1)NC(=*)CN2,11,2,Ring,-=
*c1c[s+](*)c2ccccc12,11,2,Ring,--
*c1ccc2c(c1)N(*)C1=C(C(=*)OC1)C2*,11,4,Ring,--=-
*C1=CC(=*)CC(*)O1,11,3,Ring,-=-
*c1cnc2c(c1)N(*)C(=*)c1cn[nH]c1-2,11,3,Ring,--=
*C1NC(=*)C(*)NC(=*)C(*)OC(=*)C(*)NC(=*)C(*)NC1=*,11,10,Ring,-=-=-=-=-=
*N1C(=*)C=Cc2c1ccn2*,11,3,Ring,-=-
*C1=Cc2ccccc2Oc2ccc(*)cc21,11,2,Ring,--
*c1nc(*)c2c(n1)[nH]c1c(*)cccc12,11,3,Ring,---
*C1OC2(C=CC(=*)O2)C(*)C1*,11,4,Ring,-=--
*C1=NN=C(*)c2cc(*)ccc2N1,11,3,Ring,---
*c1c(*)c(*)c2c(c1*)C=CC(=*)O2,11,5,Ring,----=
*C1=NN2C(*)=NC(=*)C2(*)C1,11,4,Ring,--=-
*c1nc2c(o1)-c1cc(*)c(*)c(*)c1N(*)C2=*,11,6,Ring,-----=
*C1=C(*)Sc2nnc(*)n2N1,11,3,Ring,---
*C1CS[S+](*)C1,11,2,Ring,--
*C1CC2CCC3OC(CCC45CC6OC7C(OC8CCC(CC(=*)OC9C(CC(O2)C1=*)OC(*)C9*)OC8C7O4)C6O5)CC3=*,11,6,Ring,-==--=
*c1ccc2nc3sc(=*)c(=*)n3c2c1,11,3,Ring,-==
*C1CC2=C(C1)CC(*)C(*)C2,11,3,Ring,---
*c1ccc2c(c1)C(=*)N1CCCC1C(=*)N2,11,3,Ring,-==
*C1CCN(*)Cc2ncccc2N1*,11,3,Ring,---
*C1SCC(=*)Nc2ccsc21,11,2,Ring,-=
*c1cc2c(s1)C1(CCCCC1)CNC2=*,11,2,Ring,-=
*c1oc2cccnc2c1*,11,2,Ring,--
*C1COCC2(C1)OCCNC2*,11,2,Ring,--
*C1=C(*)c2ccccc2OC1,11,2,Ring,--
*c1ccc2c(c1)c1c(n2*)C(=*)N(*)CC1,11,4,Ring,--=-
*C1C(=*)N(*)c2sc3ccccc3[n+]2C1=*,11,4,Ring,-=-=
*c1ccc2c(c1)c1c(n2*)-c2ccccc2SC1,11,2,Ring,--
*C1C(=*)N(*)C2(CCN(*)CC2)C1*,11,5,Ring,-=---
*c1ccc2[nH]c3c(c2c1)CCN1CC2CC(*)C1C3C2,11,2,Ring,--
*c1cnc2c(c1)C(*)(*)c1ccccc1-2,11,3,Ring,---
*c1cc2c(cc1*)C(*)CC2=*,11,4,Ring,---=
*C1=NN=C(*)C1*,11,3,Ring,---
*c1nc2cc3cccnc3cc2[nH]1,11,1,Ring,-
*c1cc2c(cc1*)N(*)CC2*,11,4,Ring,----
*C1COc2cc3ccccc3cc2O1,11,1,Ring,-
*C1=CC(=*)c2c(*)cc3c(c2O1)C=CC(*)(*)O3,11,5,Ring,-=---
*C1=CSc2ccccc2C1=*,11,2,Ring,-=
*C1=NC2=C(C(=*)N1)C1C(*)CCCCN1C(=*)N2*,11,5,Ring,-=-=-
*c1ccc2c3c1CCN(*)CC3CCC2,11,2,Ring,--
*c1cccn2c1cc1c3ccccc3nc(*)c12,11,2,Ring,--
*C1=NN(*)C2(CCOc3ccccc32)S1,11,2,Ring,--
*c1ccc2c(c1)NC1=C(C(=*)CC(*)C1)C(*)N2*,11,5,Ring,-=---
*C1=C(*)C2CCC1CC2,11,2,Ring,--
*C1NC(=*)C(*)NC(=*)C(*)N(*)C(=*)C(*)NC(=*)CNC1=*,11,10,Ring,-=-=--=-==
*C1=NC(=*)N2CCN(*)C2=N1,11,3,Ring,-=-
*N1C(=*)CCC12CCCCC2,11,2,Ring,-=
*C1=C(*)c2c(*)cccc2OC1=*,11,4,Ring,---=
*c1ccc2c(c1)C(*)(*)c1c(c3ccc(*)cc3n1*)C2=*,11,6,Ring,-----=
*c1ccc2c(c1)OC1(CCCCC1)CC2=*,11,2,Ring,-=
*C1=NN(*)C2(C(=*)OC(*)(*)OC2=*)C1*,11,7,Ring,--=--=-
*c1cc(*)c2nc3ccccc3c(*)c2c1,11,3,Ring,---
*C1CC(*)C2C(=*)CCC3C2C1CCC3(*)*,11,5,Ring,--=--
*N1C(=*)C2=C(CCCC2)S1(=*)=*,11,4,Ring,-===
*n1nc2c(c1=*)=Cc1ccccc1OC2,11,2,Ring,-=
*C1CC2CC1C1C(=*)N(*)C(=*)C21,11,4,Ring,-=-=
*c1ccn2cnc(*)c2c1,11,2,Ring,--
*N1C2CC3CC(C2)CC1(*)C3,11,2,Ring,--
*C1CC2C3CCCN4CCCC(CN2C(=*)C1*)C34,11,3,Ring,-=-
*C1C2Cc3ccccc3C2=NN1*,11,2,Ring,--
*c1oc(*)[n+](*)c1*,11,4,Ring,----
*c1ccc2c(n1)N(*)C(=*)N(*)C2=*,11,5,Ring,--=-=
*C1CCn2ccnc21,11,1,Ring,-
*c1c2c(nn1*)N(*)C(=*)C(*)C2,11,5,Ring,---=-
*c1ncnc2c1oc1nc3c(cc12)COC(*)(*)C3,11,3,Ring,---
*=C1NC(=*)C2=C(CCCC2)C1=*,11,3,Ring,===
*C1CC2(*)C3CC=C4C(CCC(*)C4(*)*)C3(*)C(=*)CC2(*)C1*,11,9,Ring,------=--
*C1CCCC(*)(*)C1(*)*,11,5,Ring,-----
*c1ccc2ccc3oc(*)cc3c2c1,11,2,Ring,--
*c1cn2cc(*)c(*)nc2n1,11,3,Ring,---
*c1ccc2c(c1)C=Cc1cc(*)ccc1C2*,11,3,Ring,---
*C1=CC(=*)N2C(=N1)COCC2*,11,3,Ring,-=-
*c1ccc2c(c1)Oc1ccc(*)cc1C2(*)*,11,4,Ring,----
*c1cc2c(c(*)c1*)-c1c(cc(*)c(*)c1*)CC(*)(*)C(*)C2,11,9,Ring,---------
*c1c2cc[n+](*)cc2c(*)c2c3c([nH]c12)C=CC(=*)C31OC2C(*)OC(*)C2O1,11,6,Ring,---=--
*N1CC2(CCCOC2)C1,11,1,Ring,-
*c1ccc2c(c1*)c(*)[n+]1c3c2ccc2c4c(cc(c23)CC1)OCO4,11,3,Ring,---
*N1CCOc2ccncc21,11,1,Ring,-
*C1C(=*)C(=*)C(=*)CC1(*)*,11,6,Ring,-===--
*c1cc2nc(*)n(*)c2c2c1OCCO2,11,3,Ring,---
*c1ccc2c(c1)NC1=C(C(=*)CC(*)(*)C1)C(*)N2*,11,6,Ring,-=----
*C1=CC(*)OC(*)C1*,11,4,Ring,----
*c1cc2cccc(*)n2c1,11,2,Ring,--
*C1=CCC(*)C2C(*)OC(*)C12*,11,5,Ring,-----
*N1C(=*)Oc2c(ccc3ccccc23)C1=*,11,3,Ring,-==
*C1=C2C(=Nc3[nH]nc(*)c3C2*)CC(*)(*)C1,11,5,Ring,-----
*C1CCCN(*)CC1*,11,3,Ring,---
*C1=CC(=*)Oc2cc3occc3cc21,11,2,Ring,-=
*c1nc(*)c2c(n1)CC(*)(*)CC2=*,11,5,Ring,----=
*c1cc2c(c(*)c1*)C(=*)C(=*)C2,11,5,Ring,---==
*C1(*)CCCC(=*)C1(*)*,11,5,Ring,--=--
*c1ncc(*)c2c1c1cnccc1n2*,11,3,Ring,---
*C1=Nc2c[nH]nc2Nc2ccc(*)cc21,11,2,Ring,--
*C1=CCC(*)(*)C(*)C1,11,4,Ring,----
*C1CCC2C3CC=C4N(*)C(=*)CCC4(*)C3CCC12*,11,5,Ring,--=--
*c1nc2c([nH]1)c1c(c3ccccc32)CCC=C1,11,1,Ring,-
*C1CC(=*)OC(=*)C1,11,3,Ring,-==
*C1Nc2cccnc2NC1=*,11,2,Ring,-=
*C1CCC2(*)CCC3(*)C(=CC(=*)C4C5(*)CCC(=*)C(*)(*)C5CCC43*)C2C1*,11,10,Ring,---=-=----
*C1SC1*,11,2,Ring,--
*c1ncnc2snc(*)c12,11,2,Ring,--
*c1ccc2c(c1)c(*)cc1nc(*)cn12,11,3,Ring,---
*C1=NC2=C(C(=*)C(*)C(*)C2)C(*)C1=*,11,6,Ring,-=---=
*C1CCC2(*)CN(*)CCC2C1*,11,4,Ring,----
*C1=C(*)C(*)C(*)C(*)O1,11,5,Ring,-----
*C1C(=*)C(=*)N(*)N1*,11,5,Ring,-==--
*N1CC2(CCCC2)c2ccccc21,11,1,Ring,-
*C1CC2CCCC(=*)N3CCC(C1)C23,11,2,Ring,-=
*C1=CCSCC1,11,1,Ring,-
*c1nc(*)c2c3c(sc2n1)CC(*)(*)CC3,11,4,Ring,----
*c1nc2nnccn2c1*,11,2,Ring,--
*C1=CC2C3=C(*)c4ccccc4N(*)C3=NC2C=C1,11,3,Ring,---
*C1N2CC3(*)CN1CC(*)(C2)C3*,11,4,Ring,----
*C1=NC2(CCN(*)CC2)N=C1*,11,3,Ring,---
*c1ccc2cc3c(*)c(*)sc3nc2c1,11,3,Ring,---
*C1=Nc2c(*)ncnc2NC(*)C1,11,3,Ring,---
*C1=C(*)N2CC(*)N=C2S1,11,3,Ring,---
*N1C2=C(CCC2)C(=*)C2=C1CCC2,11,2,Ring,-=
*N1C(=*)c2cccc3c2c(cc2nnn(*)c23)C1=*,11,4,Ring,-=-=
*c1nn(*)c2c1CCCC2=*,11,3,Ring,--=
*C1(*)C(=*)C(*)(*)C1=*,11,6,Ring,--=--=
*C1OC2(COC(*)(*)OC3C(OC4COC(*)(*)OC4C3*)O2)C(*)C1*,11,8,Ring,--------
*c1sc2ccc3ccccc3c2[n+]1*,11,2,Ring,--
*c1ccc2c(c1)N=C1C(=*)CCCN1C2=*,11,3,Ring,-==
*N1CCC2(CC1)OOC1(CCCC1)OO2,11,1,Ring,-
*C1CCC2C(C=CC(*)C2*)C1,11,3,Ring,---
*C1CC(*)C(*)(*)CC1(*)*,11,6,Ring,------
*c1coc2ccc3c(c12)CCCO3,11,1,Ring,-
*c1c2c(nc3nnnn13)CCCC2,11,1,Ring,-
*N1CCc2c(sc3c2-c2ncnn2C(=*)N3*)C1,11,3,Ring,-=-
*c1cc(*)c2c(ccc3[nH]ncc32)n1,11,2,Ring,--
*C1CC2(C=CC(=*)O2)OC(*)O1,11,3,Ring,-=-
*C1c2ccccc2-c2ccc3ccccc3c2N1*,11,2,Ring,--
*C1=NC2=C(NCN2*)C(=*)N1,11,3,Ring,--=
*c1cnn2c1NCC(*)C2,11,2,Ring,--
*c1cn2c([n+]1*)CCC2,11,2,Ring,--
*c1cnc2c3cccnc3nn2c1,11,1,Ring,-
*c1cc(*)c2c(c1)cc(*)n2*,11,4,Ring,----
*C1CCC2(*)C(CCC3C4CC5OC6(CC(*)C(*)(*)O6)C(*)(*)C5C4(*)CC(*)C32)C1,11,9,Ring,---------
*C1CCC(*)(*)C2CCC(*)(*)C(*)C12,11,6,Ring,------
*C1NC(=*)C(*)NC(=*)C(*)NC(=*)C(*)NC(=*)C(*)NC(=*)C(*)NC(=*)C(*)NC(=*)C(*)NC1=*,11,16,Ring,-=-=-=-=-=-=-=-=
*C1CCC2(CCC(*)C(*)O2)OC1*,11,4,Ring,----
*C1=CC(*)C(*)=C(*)N1*,11,5,Ring,-----
*C1=NS(=*)(=*)N(*)c2ccccc21,11,4,Ring,-==-
*c1c2c(c3n1-c1ccccc1OC3*)N(*)C(=*)N(*)C2=*,11,6,Ring,---=-=
*C1=C(*)C(=*)C2(CCCC2)O1,11,3,Ring,--=
*c1ncnc2nn(*)nc12,11,2,Ring,--
*C1=C(*)C2(C(=*)N(*)c3ccccc32)C2=C(O1)c1ccccc1OC2=*,11,5,Ring,--=-=
*C1=Nc2cc(*)c(*)cc2C12CCCC2,11,3,Ring,---
*c1cc(*)c2c(c1)OC1=C(CC(*)S1)C2=*,11,4,Ring,---=
*C1CNC(=*)NC1=*,11,3,Ring,-==
*C1=CN2C(=*)C(*)=C(*)C(*)=C2C=C1,11,5,Ring,-=---
*c1cc2ccccc2c[n+]1*,11,2,Ring,--
*c1ccc2c(*)cc3c(c2c1)C(*)CN3*,11,4,Ring,----
*c1cn(*)c2ccc(=*)c(=*)c12,11,4,Ring,--==
*C1CC2(COC2)C1,11,1,Ring,-
*C1CC2CCN3C(=*)CCCC(C1*)C23,11,3,Ring,-=-
*C1NNC(*)C(*)C1*,11,4,Ring,----
*C1=NC(*)(*)C(*)(*)COC1,11,5,Ring,-----
*C1=Cc2nc1c(*)c1ccc([nH]1)c(*)c1nc(c(*)c3ccc([nH]3)c2*)C=C1,11,5,Ring,-----
*C1=CCC(*)C1(*)*,11,4,Ring,----
*N1C=Nc2cccc3cccc1c23,11,1,Ring,-
*C1=NOC2(CCC(*)CC2)C1,11,2,Ring,--
*c1nn(*)c2nc3c(c(*)c12)C(=*)CC(*)(*)C3,11,6,Ring,---=--
*C1C#CCCCCC#CC1=*,11,2,Ring,-=
*c1ccc2c(c1)c1c3c(c4c5ccccc5n5c4c1n2C1CC(*)C(*)C5(*)O1)CNC3=*,11,5,Ring,----=
*C1=CC2c3c(cc(*)c(*)c3*)OC(*)(*)C2CC1,11,6,Ring,------
*c1cnc2[nH]nc(*)c2n1,11,2,Ring,--
*n1ncc2cncnc21,11,1,Ring,-
*C1CCC12CCOCC2,11,1,Ring,-
*c1c(*)n(*)c2sc3c(c12)CCCC3,11,3,Ring,---
*c1c(*)c2c(c3c1OC(*)(*)C=C3)OC(*)C(*)C2=*,11,7,Ring,------=
*C1N(*)C(=*)OC12CCN(*)CC2,11,4,Ring,--=-
*c1ccc2cc1Oc1cccc(c1)CC1C(=*)N(*)C(C2)C(=*)NC(*)C(=*)NC(*)C(=*)N(*)C(*)C(=*)NC(*)C(=*)N1*,11,14,Ring,-=-=-=-=--=-=-
*c1ccc2c(c1)CC(*)C1C2CCC2(*)C1CCC2(*)*,11,5,Ring,-----
*C12CC3CC(*)(CC(C1)c1ccccc13)O2,11,2,Ring,--
*C1COCN(*)C1*,11,3,Ring,---
*c1ccc2c(c1)Oc1c(*)c(=*)c(*)c(*)c1=N2,11,5,Ring,--=--
*c1c(*)c(*)c2c(=*)c3ccccc3c(=*)c2c1*,11,6,Ring,---==-
*c1cn2ccnc2nc1*,11,2,Ring,--
*c1nnc2n1NC(=*)CS2,11,2,Ring,-=
*N1CCC2c3ccccc3NC2C1,11,1,Ring,-
*c1ccc2c(c1)OCC(*)(*)C2=*,11,4,Ring,---=
*C1C2=C(NC(=*)N(*)C2=*)NC(=*)N1*,11,6,Ring,-=-==-
*c1c2c(cn1*)-c1oncc1CC2,11,2,Ring,--
*n1c2c3c(n[nH]c(=*)c4cccc1c34)CC(*)(*)C2,11,4,Ring,-=--
*c1nn2cnnc2c(*)c1*,11,3,Ring,---
*c1cc(*)c2c(*)c3c(c(*)c2c1)C(*)C(*)OC3,11,6,Ring,------
*C1NC2(c3ccccc3-c3nc4ccccc4nc32)C(*)C1*,11,3,Ring,---
*c1ccc2c(c1)-c1nc(*)[nH]c1CCC2,11,2,Ring,--
*C1C=CN(*)C(=*)N1,11,3,Ring,--=
*C1=C(*)N2C(=*)OC(=*)C2(*)C2C1=CCC1C(=*)NC(=*)C12,11,7,Ring,--==-==
*c1cnn2c(*)ncnc12,11,2,Ring,--
*c1ncnc2nn3ccccc3c12,11,1,Ring,-
*=C1c2ccccc2C2CC2c2ccccc21,11,1,Ring,=
*C1COCc2nc3cccnc3n21,11,1,Ring,-
*c1cccn2c1c(*)c1c(=*)c3ncccc3c(=*)c12,11,4,Ring,--==
*C1=CC(=*)N2c3c1nnn3CC1OC2C(*)C1*,11,4,Ring,-=--
*C1CC(=*)C(=*)C(*)C1=*,11,5,Ring,-==-=
*c1nc2ccccc2c2cn(*)cc12,11,2,Ring,--
*N1CCC(=*)N(*)c2ccccc21,11,3,Ring,-=-
*c1cc2c(=*)n(*)c3cc4cc(*)c(*)c(*)c4c(c1)c23,11,6,Ring,-=----
*C1CCCS(=*)(=*)N1*,11,4,Ring,-==-
*C=C(NC(*)=O)C(=O)NCCCN(C)C,11,2,Linker,--
*CNC(=N*)N*,11,3,Linker,---
*C=CC(C*)NC(=O)C(C*)NC(=O)OC*,11,4,Linker,----
*CN(C)C(=O)CCCO*,11,2,Linker,--
*NCC(=O)N(*)*,11,3,Linker,---
*NC(=O)NO*,11,2,Linker,--
*C(CN(*)S(*)(=O)=O)OC,11,3,Linker,---
*CN(C)C(=O)C(=O)N*,11,2,Linker,--
*C(C)CN(*)C,11,2,Linker,--
*S(=O)(=O)N(C)CC(OC)C(C)CN(C(C)CO)S(*)(=O)=O,11,2,Linker,--
*CC(NC(=O)NC(CCCCN)C(=O)O)C(=O)N*,11,2,Linker,--
*C(=S)NN=C(*)*,11,3,Linker,---
*C=CCCCC*,11,2,Linker,--
*C(=O)COC(=O)C(C)NS(*)(=O)=O,11,2,Linker,--
*COC(=O)CCNC(*)=O,11,2,Linker,--
*C=CC=CC(=O)NCC*,11,2,Linker,--
*COCCOCCO*,11,2,Linker,--
*NC(=O)C(C)(CC)N(*)C(*)=O,11,3,Linker,---
*CCNC(=O)CCN*,11,2,Linker,--
*CC(NC(=O)N*)C(=O)NC,11,2,Linker,--
*OCCN(*)C#N,11,2,Linker,--
*CCCCCCN(*)C(=O)C(C)(C)C,11,2,Linker,--
*NC(=S)NCC(*)=O,11,2,Linker,--
*C(=NS(*)(=O)=O)N=C(N)SC,11,2,Linker,--
*COCC(=O)N(C)C*,11,2,Linker,--
*CC(=O)NCCCCCC(=O)N*,11,2,Linker,--
*C(=O)CC(*)NS(*)(=O)=O,11,3,Linker,---
*CNC(=O)C(C*)NC(=O)C(C*)NC(=O)C(C*)NC(=O)OC(C)(C)C,11,4,Linker,----
*C(=O)NP(*)(*)=O,11,3,Linker,---
*N(*)C(F)(F)F,11,2,Linker,--
*C=CNC(=O)O*,11,2,Linker,--
*NCC(*)CC,11,2,Linker,--
*CCC(*)(C)C,11,2,Linker,--
*COC(=O)CS(*)(=O)=O,11,2,Linker,--
*CN(C)C(=O)COCCN(C)S(*)(=O)=O,11,2,Linker,--
*CCOCCOCCOCCOCCN*,11,2,Linker,--
*COC(=O)NC(*)CCCCNS(N)(=O)=O,11,2,Linker,--
*NC(=O)CN(C)C(=O)CCS*,11,2,Linker,--
*CC(O)C(=O)NC(C(*)=O)C(C)CC,11,2,Linker,--
*NCCCCCCC(=O)N*,11,2,Linker,--
*S(=O)(=O)NC(=O)NCC(=*)F,11,2,Linker,-=
*COP(=O)(NC(C(=O)OC)C(C)C)O*,11,2,Linker,--
*NC(=O)CCC(C)=NNC(*)=O,11,2,Linker,--
*CC(OC(=O)NC(CCCC)C(=O)C(=O)N*)C(C)(C)C,11,2,Linker,--
*NN=C(C(*)=O)C(C)=O,11,2,Linker,--
*C(=N)NOS(*)(=O)=O,11,2,Linker,--
*CCC(=O)N(C*)CCOC,11,2,Linker,--
*C=C(C*)C(=O)OCC,11,2,Linker,--
*C=CC(*)=NNC(=O)C*,11,3,Linker,---
*COC(=O)NC(C(C)C)P(=O)(O*)O*,11,3,Linker,---
*CN(*)C(*)C(=O)N(*)C,11,4,Linker,----
*CN(C*)C(=O)NCCCCC(CO)N(CCC(C)C)S(*)(=O)=O,11,3,Linker,---
*NC(=O)CCCCCNS(*)(=O)=O,11,2,Linker,--
*C=CC(*)CC,11,2,Linker,--
*CC(NC(=O)C(C*)NC(C)=O)C(N)=O,11,2,Linker,--
*NCC(*)CO,11,2,Linker,--
*CCNC(=O)C(C*)NCCCC,11,2,Linker,--
*NC(=O)CC(NC(=O)CC(CO)NC(*)=O)C(C)C,11,2,Linker,--
*CC(C*)OC(C)=O,11,2,Linker,--
*CNC(=O)C(C)OC(=O)C*,11,2,Linker,--
*C(=O)SC(CCOC)=C(C)N(C=O)CCCCCCCCCCCCN(C=O)C(C)=C(CCOC)SC(*)=O,11,2,Linker,--
*CCNC(=O)COC(=O)CS*,11,2,Linker,--
*COC(C)C(*)O,11,2,Linker,--
*CC(=O)NCCCCCN*,11,2,Linker,--
*CCC(O)CC=CC(*)*,11,3,Linker,---
*C#CCC(NCP(=O)(O)O)C(=O)NCC*,11,2,Linker,--
*CCCCCCCCNC(*)=O,11,2,Linker,--
*N(*)C(=O)NCC,11,2,Linker,--
*CCC(C=C(F)S(=O)(=O)O*)NC(=O)C(C*)NC(*)=O,11,4,Linker,----
*CCCN(C*)C(=O)CC*,11,3,Linker,---
*C(CO)N(CCC(C)C)S(*)(=O)=O,11,2,Linker,--
*COC(*)C(C)CC,11,2,Linker,--
*C=CC=CNC(=O)N*,11,2,Linker,--
*CSCCNC(=O)CO*,11,2,Linker,--
*CN(C*)C(=O)NCC,11,2,Linker,--
*OCCCCN(*)C,11,2,Linker,--
*CCCCCCCCCN*,11,2,Linker,--
*NC(=O)C(CCC(F)(F)F)CC(*)=O,11,2,Linker,--
*CC(*)CS(*)(=O)=O,11,3,Linker,---
*OC(C)C(=O)NC(*)C,11,2,Linker,--
*CC=C(C)CCC=C(C)CCC=C(C)C*,11,2,Linker,--
*NCC(C)NC(*)=O,11,2,Linker,--
*NC(=O)C(C)OC(=O)CCO*,11,2,Linker,--
*OCCN(C(*)=O)C(C)=O,11,2,Linker,--
*CCNC(C)C(=O)N*,11,2,Linker,--
*C(*)C(=O)NCCCC,11,2,Linker,--
*COCC(O)CN*,11,2,Linker,--
*CCC(=O)CC(=O)CC*,11,2,Linker,--
*OCC(=O)NC(C(*)=O)C(C)C,11,2,Linker,--
*NC(=O)CN(CCOCCOCCN(CC(=O)O)CC(=O)N*)CC(=O)O,11,2,Linker,--
*CC(NC(=O)CCC(=O)O*)C(=O)OC,11,2,Linker,--
*NCCCCCCC(*)=O,11,2,Linker,--
*C=CC(=O)N(*)CC,11,2,Linker,--
*CC(CO)C(C*)CO,11,2,Linker,--
*CNC(=O)CC(*)CC(=O)NO,11,2,Linker,--
*CCC(O)CC(CC*)O*,11,3,Linker,---
*NC(=O)C(*)=NOC(*)C(=O)O,11,3,Linker,---
*CNC(=O)C(NC(*)=O)C(*)*,11,4,Linker,----
*CC(NC(=O)C(CCC(=O)O)NC(*)=O)C(=O)NC(CCC(N)=O)C(=O)NC(CCCNC(=N)N)C(=O)NC(C(=O)NC(CCC(N)=O)C(N)=O)C(C)C,11,2,Linker,--
*C(*)NC,11,2,Linker,--
*OCC(=O)NCCNS(*)(=O)=O,11,2,Linker,--
*N(CCCO)S(*)(=O)=O,11,2,Linker,--
*CCCC(=O)NC(*)CC,11,2,Linker,--
*OCC(CCCC)O*,11,2,Linker,--
*N(C)CCC=*,11,2,Linker,-=
*CCNCC(O)COC(*)=O,11,2,Linker,--
*OC(C)C(=O)N(*)C,11,2,Linker,--
*CCCCC(=O)NC(C(*)=O)C(C)(C)C,11,2,Linker,--
*CC(CN(C*)C(C)=O)NC(=O)CO*,11,3,Linker,---
*CC(NC(*)=O)C(=O)C(=O)NCC(=O)NC(*)C(=O)N(C)C,11,3,Linker,---
*CCN(CC(=O)O)C(=O)C(C)(C*)NC(=O)O*,11,3,Linker,---
*COP(=O)(O)N*,11,2,Linker,--
*CCCC(=O)NC(*)*,11,3,Linker,---
*C(=O)NCCCCN(*)C,11,2,Linker,--
*C(O)P(*)(=O)OCCC(C)C,11,2,Linker,--
*CCC(=O)NC(C*)C(C)C,11,2,Linker,--
*NC(=O)C(=O)NC(C)C(=O)NC(CC(=O)O)C(=O)COP(*)(*)=O,11,3,Linker,---
*CCC(C)=NNC(*)=O,11,2,Linker,--
*C=NNC(=O)NC*,11,2,Linker,--
*CC(CC)=C(*)*,11,3,Linker,---
*CCCOC(=O)C=C(Cl)C(=O)OCCC*,11,2,Linker,--
*CC(C)OC(=O)CO*,11,2,Linker,--
*NC=CC=*,11,2,Linker,-=
*CC(=O)N(C*)CC(F)F,11,2,Linker,--
*C=CC(=O)CCCC*,11,2,Linker,--
*CCCCCCCCC(=O)N*,11,2,Linker,--
*C#CCNC(=O)N*,11,2,Linker,--
*C(*)=C(*)F,11,3,Linker,---
*CN(C(*)=O)C(=S)N(C*)C(*)=O,11,4,Linker,----
*C=CC(=O)C=*,11,2,Linker,-=
*CC(=O)C(*)=O,11,2,Linker,--
*CN(*)CCCCN*,11,3,Linker,---
*CC(NC(*)=O)C(=O)NC(C*)C(=O)NC(CC(C)C)B(O)O,11,3,Linker,---
*CN(C(*)C)S(*)(=O)=O,11,3,Linker,---
*CC(=O)NCCCNCCCCNCCCNC(=O)C*,11,2,Linker,--
*CC(*)C(*)OCOC,11,3,Linker,---
*CCC(=O)N(C*)CCO,11,2,Linker,--
*SC(C)C(=O)N(*)C,11,2,Linker,--
*N(*)CC=C(C)C,11,2,Linker,--
*CC(F)(F)C*,11,2,Linker,--
*CN(CCC)C(S)=N*,11,2,Linker,--
*C#CCOC(*)*,11,3,Linker,---
*CNC(=O)C(=O)C(C*)NC(=O)CCC(*)=O,11,3,Linker,---
*SC(*)C(=O)OCC,11,2,Linker,--
*CC(CO)O*,11,2,Linker,--
*COCC(O)CNC(*)=O,11,2,Linker,--
*NC(=O)C(*)N(*)C(=O)C(F)(F)F,11,3,Linker,---
*CCC(CS(*)(=O)=O)N(O)C=O,11,2,Linker,--
*C=NNC(=O)C(C*)NS(*)(=O)=O,11,3,Linker,---
*CC#CC(*)O,11,2,Linker,--
*N=C(N*)C(F)(F)F,11,2,Linker,--
*CCCC(=O)NS(*)(=O)=O,11,2,Linker,--
*C(=O)NNC(=O)NS(*)(=O)=O,11,2,Linker,--
*CNC(*)CC=C,11,2,Linker,--
*NN=C(Cl)C(C)=NNC(*)=O,11,2,Linker,--
*C=CC(=O)C(C)(C)C*,11,2,Linker,--
*CC(NC(*)=O)C(=O)NC(C*)C(=O)NC(*)CC(C)C,11,4,Linker,----
*OC(*)C(*)=O,11,3,Linker,---
*CCOC(*)C,11,2,Linker,--
*COC(=O)NC(C*)CN(CC)CC(C*)NC(=O)OC*,11,4,Linker,----
*NC(=O)CCCCS*,11,2,Linker,--
*C=NCCCN=C*,11,2,Linker,--
*CCCCNS(=O)(=O)C*,11,2,Linker,--
*C(=O)N(*)O,11,2,Linker,--
*NC(*)C(O)CO,11,2,Linker,--
*CCNC(=O)C(=O)CC*,11,2,Linker,--
*NC(=O)C(*)CC(=O)O,11,2,Linker,--
*NC(=O)C(COC(C)C)O*,11,2,Linker,--
*CCNC(=O)CC(*)C,11,2,Linker,--
*CN(C*)C(=O)NC(C)(C)C,11,2,Linker,--
*OCC(=O)NC(*)P(=O)(OCCCC)OCCCC,11,2,Linker,--
*CCCNC(=S)NC*,11,2,Linker,--
*C=CS(=O)(=O)NCC(=O)OCC(=O)N*,11,2,Linker,--
*CC=C(C)CCC=C(*)C,11,2,Linker,--
*CC(NC(=O)C(C*)NS(*)(=O)=O)C(=O)NC(C*)C(O)C(O)CC(C)C,11,4,Linker,----
*CC(*)N(C)C(=O)C(*)*,11,4,Linker,----
*C=CC=CC=CC(*)=O,11,2,Linker,--
*CN(CCCN(C)C)C(S)=N*,11,2,Linker,--
*CCNC(=O)COC(=O)CNC(*)=O,11,2,Linker,--
*CONS(*)(=O)=O,11,2,Linker,--
*C(=O)C(C)S(*)(=O)=O,11,2,Linker,--
*C=NN=C(*)OC,11,2,Linker,--
*OCCN(CC)CCCCCCCC(=O)NC(C(*)=O)C(C)(C)C,11,2,Linker,--
*CCCC(=O)NC(C(*)=O)C(C)(C)C,11,2,Linker,--
*CS(=O)(=O)NC(CCNC(*)=O)C(=O)NCC(=O)N*,11,3,Linker,---
*N(*)CCCN,11,2,Linker,--
*OCC(=O)N(*)CC(C)C,11,2,Linker,--
*OCC(O)CN(CC(C)C)S(*)(=O)=O,11,2,Linker,--
*C=CC=CC=CC=C*,11,2,Linker,--
*CC(NC(=O)CO*)C(=O)OC,11,2,Linker,--
*CC(NC(=O)C(NC(=O)C(N)CNC(*)=O)C(C)C)C(=O)NC(C*)C(O)C(=O)N*,11,4,Linker,----
*CNC(=O)C(CC(C)C)NC(=O)CC(O)C(CC(C)C)NC(=O)C(C*)NC(=O)C(C*)NC(=O)OC(C)(C)C,11,3,Linker,---
*C(=*)C(=O)O,11,2,Linker,-=
*C(=O)OC(*)C(F)(F)F,11,2,Linker,--
*C=CC(=O)NC(C*)C(=O)NC(C*)C(=O)C(=O)NC*,11,4,Linker,----
*C(*)OC(=O)N(C)C,11,2,Linker,--
*OCC=C(C)CCC=C(*)C,11,2,Linker,--
*CCN(C(*)=O)C(C)C,11,2,Linker,--
*C=C(Cl)C=NNC(*)=O,11,2,Linker,--
*C(=O)NCC(*)NC(*)=O,11,3,Linker,---
*NNC(=*)C,11,2,Linker,-=
*CC(NC(=O)CNC(*)=O)C(*)=O,11,3,Linker,---
*SN(C(*)=O)N(C(*)=O)C(C)(C)C,11,3,Linker,---
*C(=O)NC(CCSC)C(=O)NCC(*)*,11,3,Linker,---
*NCCOCCOCCOCCOCCC(*)=O,11,2,Linker,--
*CNC(=O)NCC(=O)N*,11,2,Linker,--
*CC(CC(*)=O)C(=O)NC(C*)C(=O)NC(C*)C(O)C(O)CC(C)C,11,4,Linker,----
*COC(=O)NC(C*)C(=O)NC(C*)C(N)=O,11,3,Linker,---
*CN(C)C(*)CO,11,2,Linker,--
*CCN(CC(=O)NC*)S(C)(=O)=O,11,2,Linker,--
*NC(=O)CN(C)C(=O)CCCO*,11,2,Linker,--
*C(*)(O)C(=O)O,11,2,Linker,--
*CNC(=O)CC(C)=NNC(=O)C*,11,2,Linker,--
*CC(=O)OCC(=O)NC(=O)N*,11,2,Linker,--
*C=NNC(=S)NC(C)(C)CCCC(*)(C)O,11,2,Linker,--
*CNC(=O)C(C*)CS,11,2,Linker,--
*CC(=O)NC(CN(C*)CC(=O)NC(CCSC)C(=O)OC)C(C)CC,11,2,Linker,--
*C=CC=C(*)C#N,11,2,Linker,--
*CCCC(NC*)C(=O)O,11,2,Linker,--
*S(=O)(=O)NCCCNS(*)(=O)=O,11,2,Linker,--
*NCCC(=O)OC(C)C(=O)N*,11,2,Linker,--
*C(N)=NOS(*)(=O)=O,11,2,Linker,--
*OCC(=O)OC(*)P(=O)(O)OC,11,2,Linker,--
*CCCNC(=O)CSC*,11,2,Linker,--
*CC(C)ON=*,11,2,Linker,-=
*C=CC(=O)OCC(=O)NNC(*)=O,11,2,Linker,--
*C(C)=NN(C)S(*)(=O)=O,11,2,Linker,--
*C(*)CNC(=O)OC,11,2,Linker,--
*CN(*)CC(*)O,11,3,Linker,---
*N(CCCF)S(*)(=O)=O,11,2,Linker,--
*CCNC(C*)C(=O)N*,11,3,Linker,---
*CC(O)C(C*)NC(=O)C(CS*)NS(C)(=O)=O,11,3,Linker,---
*CC=CCN*,11,2,Linker,--
*NS(=O)(=O)CCNC(*)=O,11,2,Linker,--
*C=CC(=O)C(*)=O,11,2,Linker,--
*C=C(NC(*)=O)C(=O)NC(CCSC)C(=O)O,11,2,Linker,--
*CC(NC(=O)C(NC(=O)CN)C(C)CC)C(*)=O,11,2,Linker,--
*CP(=O)(O*)O*,11,3,Linker,---
*C(C)=C(*)C,11,2,Linker,--
*NC(=O)CCC(=O)NNC(=O)N*,11,2,Linker,--
*C(=O)CCCCCCC(*)=O,11,2,Linker,--
*C=CC(O)CNS(*)(=O)=O,11,2,Linker,--
*CNCCNCCO*,11,2,Linker,--
*CCCNC(N)=NC(=O)CC(*)*,11,3,Linker,---
*N=C(*)C(*)=O,11,3,Linker,---
*CC(=O)NCCCCNC(=O)CO*,11,2,Linker,--
*C#CC(=O)NCC*,11,2,Linker,--
*NCCCCCCNC(=O)CO*,11,2,Linker,--
*OCC(=O)NC(C(*)=O)C(C)(C)C,11,2,Linker,--
*C(=O)OC(C(*)=O)C(C)C,11,2,Linker,--
*NC(=O)C(*)=NOCC=C,11,2,Linker,--
*CN(CCO*)C(*)=O,11,3,Linker,---
*NC(=O)CSCC(=O)N(C)CC(=O)N*,11,2,Linker,--
*COCC(COC*)OC*,11,3,Linker,---
*CC(NS(C)(=O)=O)C(*)=O,11,2,Linker,--
*CNC(=O)CC(C)S(*)(=O)=O,11,2,Linker,--
*NC(=NS(*)(=O)=O)NN,11,2,Linker,--
*C(=O)NC(CC(C)C)C(=O)NS(*)(=O)=O,11,2,Linker,--
*CC(O)CN(C)CC(=O)N*,11,2,Linker,--
*CN(C(=O)CCl)C(*)C(=O)N*,11,3,Linker,---
*C(C)C=CC(*)O,11,2,Linker,--
*C=C(CC(=C)C(*)=O)C(*)=O,11,3,Linker,---
*NC(=O)C(=O)NC(C)C(=O)NC(CC(=O)O)C(=O)COC(*)=O,11,2,Linker,--
*CCNCCS*,11,2,Linker,--
*CNC(=NC)NC*,11,2,Linker,--
*NC(=O)CN(CCN(CC(=O)O)CC(=O)N*)CC(=O)O,11,2,Linker,--
*C=CC(=O)NN=C(*)C,11,2,Linker,--
*CS(=O)(=O)CC(*)(C)O,11,2,Linker,--
*CN(CCCN(C)C)C(=O)N*,11,2,Linker,--
*C=NCNC(*)C,11,2,Linker,--
*CC(=O)NC(C*)C(=O)NC(C*)C(=O)N(C)C*,11,4,Linker,----
*CC(NC(=O)O*)C(=O)OC,11,2,Linker,--
*CC(NC(*)=O)C(=O)NC(C*)C(O)C(N)=O,11,3,Linker,---
*COC(=O)NC(C*)C(=O)NCC#N,11,2,Linker,--
*CNC(=O)NC(=O)CO*,11,2,Linker,--
*CC(NC(=O)C(CC(C)C)NC(*)=O)C(=O)OC,11,2,Linker,--
*CC(=O)N(*)C(CC)C(=O)N*,11,3,Linker,---
*C(=O)NCC(*)CC(=O)O,11,2,Linker,--
*CCN(*)S(=O)(=O)N(C)C,11,2,Linker,--
*CNC(=O)NCCN*,11,2,Linker,--
*CC=NNC(=O)C*,11,2,Linker,--
*CS(=O)(=O)N(CC(C)C)C(*)C,11,2,Linker,--
*CNC(=O)C(CC(=O)NC(C)(C)C)NS(*)(=O)=O,11,2,Linker,--
*CNC(=O)C(*)N(C*)C(=O)CNC(*)=O,11,4,Linker,----
*SCCCCCS*,11,2,Linker,--
*CC(C*)(C(=O)OC)C(=O)OC,11,2,Linker,--
*CC(NC(C)=O)C(=O)NC(*)CCC(=O)O,11,2,Linker,--
*NC(=O)COC(=O)C(CCSC)NC(*)=O,11,2,Linker,--
*C=C(NC(*)=O)C(=O)NCC=C,11,2,Linker,--
*CNC(=S)NC(C*)COC(=O)C(C)(C)C,11,2,Linker,--
*CCCOCCCO*,11,2,Linker,--
*SCC(=O)NNS(*)(=O)=O,11,2,Linker,--
*CC(O)C=CC=CC(*)=O,11,2,Linker,--
*NC(=O)CCC(=O)N(*)C(*)C(=O)NC(C)C,11,3,Linker,---
*NN=C(C(*)=O)C(=O)OCC,11,2,Linker,--
*C=CC(=O)NCCCCCCCCN*,11,2,Linker,--
*CC(*)S(=O)(=O)N*,11,3,Linker,---
*OCC(=O)NC(*)CC(=O)O,11,2,Linker,--
*CC(O)CS(=O)(=O)C*,11,2,Linker,--
*CC(NC(*)=O)C(=O)NCCCN,11,2,Linker,--
*CCCC(=O)OCC*,11,2,Linker,--
*NCCCCCCCCCNC(*)=O,11,2,Linker,--
*CNC(=S)NNC(=O)CN*,11,2,Linker,--
*CC(CC(C*)C(=O)NCCC(=O)O)C(=O)O,11,2,Linker,--
*C(CS(*)(=O)=O)C(C)(C)C,11,2,Linker,--
*C=CC(=O)N(*)CCC*,11,3,Linker,---
*C=C(NC(*)=O)C(=O)NCCCO,11,2,Linker,--
*COP(=O)(OC*)C(*)*,11,4,Linker,----
*C#CCCCCOC(*)=O,11,2,Linker,--
*N(*)C(=O)C(C)=O,11,2,Linker,--
*CCC(NC(*)=O)C(=O)CO,11,2,Linker,--
*CCC=C(C)CCC=C(C)CC*,11,2,Linker,--
*CC(C)(NC(*)=O)C(=O)NC(CCCN=C(N)N)C(=O)O,11,2,Linker,--
*CCC(C)NCC(O)CO*,11,2,Linker,--
*CCC(=O)N(C)CCCC(=O)N*,11,2,Linker,--
*CN(*)CCN,11,2,Linker,--
*NC(=O)CN(*)CCN(*)CC(=O)O,11,3,Linker,---
*NC(=O)NCCC(*)O,11,2,Linker,--
*NC(=CC(*)=O)SC,11,2,Linker,--
*CC(OC)C(C)C=C(C)C=CC(NC(C)=O)C(C)C(*)=O,11,2,Linker,--
*CNC(C*)CN,11,2,Linker,--
*C=CC(=O)NC(C)CCC*,11,2,Linker,--
*CCCCCC(=O)O*,11,2,Linker,--
*CC(*)OC(=O)C(C)=CC,11,2,Linker,--
*N(*)CC#N,11,2,Linker,--
*C#CC(*)(C)C,11,2,Linker,--
*OC(=O)C(O)C(*)NC(=O)OCCCC,11,2,Linker,--
*NC(=O)CN(CC)C(=O)CCO*,11,2,Linker,--
*C(=O)N(O)CCC(*)P(=O)(O)O,11,2,Linker,--
*CN(*)C(=O)CCC(=O)O,11,2,Linker,--
*CC(NC(=O)C(*)C)C(=O)OC,11,2,Linker,--
*CCC=NNC(*)=O,11,2,Linker,--
*CC(O)(C*)C(F)(F)F,11,2,Linker,--
*CN(*)C(=O)C=CC,11,2,Linker,--
*C(=O)C(NS(N)(=O)=O)C(*)*,11,3,Linker,---
*C=CC(=O)C=C(N*)SC,11,2,Linker,--
*CNC(=O)CNC(=O)CO*,11,2,Linker,--
*CN(CC#C)C(*)=O,11,2,Linker,--
*CNC(*)C(*)=O,11,3,Linker,---
*CCCCNCCC*,11,2,Linker,--
*CC(NC(=O)C(CC(=O)O)NC(=O)C(CCCCNC(*)=O)NC(=O)C(C*)NC(=O)OC(C)(C)C)C(N)=O,11,3,Linker,---
*C=CC(=O)ON=C(*)C*,11,3,Linker,---
*CC(*)C(*)(*)O,11,4,Linker,----
*C=CCCCO*,11,2,Linker,--
*C=NNC(=O)CNC(=O)C(*)*,11,3,Linker,---
*NC(=O)CN(*)C(=O)C[S+]([O-])CC(=O)N*,11,3,Linker,---
*C[P+](*)(C)C,11,2,Linker,--
*CNC(=O)C(CCCCN*)NC(*)=O,11,3,Linker,---
*CCCCCNCC*,11,2,Linker,--
*C=CC(=O)NC(C)(C)C(=O)NCC*,11,2,Linker,--
*CN(*)C(=O)CCC(=O)N*,11,3,Linker,---
*C(=O)CN(CCOC)C(*)=O,11,2,Linker,--
*CCNC(=O)CC(C(=O)N*)C(C)C,11,2,Linker,--
*C=CC(=*)OC,11,2,Linker,-=
*C(=O)C(*)CN,11,2,Linker,--
*CC(COC(=O)C(CC=C)CC(=O)OC(C)(C)C)NC(=O)C(CC=C)CC(=O)N(C*)CCO,11,2,Linker,--
*CNC(C*)CNC(C*)CNC,11,3,Linker,---
*C(=O)NN=CC=*,11,2,Linker,-=
*CNCC(*)C(C)C,11,2,Linker,--
*C=NNC(=O)C(N)C*,11,2,Linker,--
*SC(NC(*)=O)C(Cl)(Cl)Cl,11,2,Linker,--
*C=C(NC(=O)CC*)C(=O)O,11,2,Linker,--
*CC=NN*,11,2,Linker,--
*NC(=O)CNC(=O)C(C)S*,11,2,Linker,--
*C(*)COCCF,11,2,Linker,--
*CCCCCCCC(=O)NC*,11,2,Linker,--
*COC(=O)CCCCCCCCC(=O)OC*,11,2,Linker,--
*OC(*)CNC(*)=O,11,3,Linker,---
*CN(*)C(=O)CCS(*)(=O)=O,11,3,Linker,---
*CCCCCN(C)C*,11,2,Linker,--
*C=CCOC(=O)NCC*,11,2,Linker,--
*C(=O)CCCCCCCCC(*)=O,11,2,Linker,--
*CC(NC(=O)C(CC(=O)O)NC(=O)CNC(=O)C(CCCNC(=N)N)NC(=O)C(CO)NC(*)=O)C(=O)O,11,2,Linker,--
*NC(=O)N(*)CCC(C)C,11,2,Linker,--
*CNC(=O)C(CCCNC(=N)N)NC(=O)C(C*)NC(=O)C(N)CCCNC(=N)N,11,2,Linker,--
*N(*)CCCNCC(F)(F)F,11,2,Linker,--
*CNC(*)CCO,11,2,Linker,--
*C(=O)N(C)CCCN(*)C,11,2,Linker,--
*C(=O)NC(*)C(=O)NCCC,11,2,Linker,--
*CNC(=O)C(C(C)C)N(C*)C(=O)CNS(*)(=O)=O,11,3,Linker,---
*CSCC(=O)OCC(=O)N*,11,2,Linker,--
*CC(NC(=O)OC(C)(C)C)C(=O)NC(CC(C)C)C(*)=O,11,2,Linker,--
*CCNS(=O)(=O)CS*,11,2,Linker,--
*NC(=O)NCCCC(NS(*)(=O)=O)C(=O)NO,11,2,Linker,--
*NC(S)=NCC(*)*,11,3,Linker,---
*CC(CNC(*)=O)C(N)=O,11,2,Linker,--
*C#CC(*)OC,11,2,Linker,--
*CC(C(=O)OC)N(C*)C*,11,3,Linker,---
*CC(C)(O)CNC(*)=O,11,2,Linker,--
*N=C(N)CC(*)O,11,2,Linker,--
*CCN(CC(N)=O)C(*)=O,11,2,Linker,--
*NC(=S)NNC(=S)N*,11,2,Linker,--
*C=NNC(=O)CCS*,11,2,Linker,--
*CNC(=S)NNC(=O)C*,11,2,Linker,--
*CONC=NC(*)=O,11,2,Linker,--
*C=CNC(=O)NC*,11,2,Linker,--
*NC(=O)OCC(*)*,11,3,Linker,---
*C(C(=O)NO)S(*)(=O)=O,11,2,Linker,--
*CCC(=O)N(*)C(*)C(=O)NC*,11,4,Linker,----
*OCC(O)CN(C)CCCCN(C)CC(O)CO*,11,2,Linker,--
*C(=O)CC(*)NC(N)=O,11,2,Linker,--
*CN(*)CCCCC,11,2,Linker,--
*CN(CC(=O)NC)S(*)(=O)=O,11,2,Linker,--
*CSCC(=O)NC(CN(C*)CC(=O)NC(CCSC)C(=O)O)C(C)CC,11,2,Linker,--
*CCC(O)P(=O)(OCC)OCC,11,1,Sub,-
*C(=O)OCOC(=O)OC(C)C,11,1,Sub,-
*=CC=C(C#N)C(=O)OCC,11,1,Sub,=
*C(=O)C(CC)NC(=O)OC,11,1,Sub,-
*C=C(C)C=O,11,1,Sub,-
*OCCC(=O)OC,11,1,Sub,-
*NC(=O)C(=O)NC,11,1,Sub,-
*OC(=O)CNC(=O)CN,11,1,Sub,-
*C(CCO)CCCCCCC,11,1,Sub,-
*CNC(=O)C(S)CC(C)C,11,1,Sub,-
*OC(C)C(C)(C)O,11,1,Sub,-
*CNC(=O)N(CCCl)N=O,11,1,Sub,-
*C=CC(C)(C)C(=O)NC(C)(C)CO,11,1,Sub,-
*=NCC(C)C,11,1,Sub,=
*NC(NC(=O)OCC)(C(=O)OCC)C(F)(F)F,11,1,Sub,-
*NC(=S)N=CN(C)C,11,1,Sub,-
*C(O)CNCCC,11,1,Sub,-
*N(C(=O)CCC)S(C)(=O)=O,11,1,Sub,-
*OC(C)CNC(C)=O,11,1,Sub,-
*CNC(=O)C(N)CSSC(C)(C)C,11,1,Sub,-
*CNC(=S)NCC,11,1,Sub,-
*C(=O)C(C#N)=CC(C)(C)C,11,1,Sub,-
*NC(=O)C(C)NC(=O)C(N)CC(=O)O,11,1,Sub,-
*C(CCO)CCCCCCCCC,11,1,Sub,-
*C(=S)NCCC,11,1,Sub,-
*C(C)NCC(C)(C)C(N)=O,11,1,Sub,-
*C(=O)O[11CH3],11,1,Sub,-
*C=CC(=O)N(CCC)CCC,11,1,Sub,-
*N=C(NC)SC,11,1,Sub,-
*C(=O)COC(=O)C(C)C,11,1,Sub,-
*C(=O)C=CCN(CC)CC,11,1,Sub,-
*CCC(C)CCO,11,1,Sub,-
*C(C)N=C=S,11,1,Sub,-
*C(C)(O)CC(C)C,11,1,Sub,-
*C(=S)SCCCCCC,11,1,Sub,-
*COC(=O)C(OC(=O)CC(C)C)C(C)C,11,1,Sub,-
*COC(=O)NCC(F)(F)F,11,1,Sub,-
*CCNC(N)=NO,11,1,Sub,-
*C(O)C(C)NC(C)(C)CC,11,1,Sub,-
*NOCC,11,1,Sub,-
*CCCS(=O)(=O)C(C)C,11,1,Sub,-
*CC(=O)NCCCN(CC)CCCC,11,1,Sub,-
*C(=O)CC(N)=O,11,1,Sub,-
*CNCCC(C)(C)C,11,1,Sub,-
*CCNC(=O)CC(F)(F)F,11,1,Sub,-
*CNC(=O)C(C)OCC(C)C,11,1,Sub,-
*COP(=O)(O)CC(O)CC(=O)O,11,1,Sub,-
*=NCl,11,1,Sub,=
*=C(F)CN,11,1,Sub,=
*C(=O)COC(=O)CCC,11,1,Sub,-
*C=CB(O)O,11,1,Sub,-
*CC[Si](C)(C)C,11,1,Sub,-
*CNC(=S)SCCC#N,11,1,Sub,-
*NC(=O)CN(CCN(CCN(CC(=O)O)CC(=O)O)CC(=O)O)CC(=O)O,11,1,Sub,-
*C[N+](C)(CCCCCCCC)CCCCCCCC,11,1,Sub,-
*CC(NC(=O)C(CC(C)C)NC(CC)P(=O)(O)O)C(=O)NC,11,1,Sub,-
*NC=CC(=O)C(F)(F)F,11,1,Sub,-
*C(=O)NC(C(=O)NC(CC(C)C)B(O)O)C(C)O,11,1,Sub,-
*CCOC(=O)C(C)(C)C,11,1,Sub,-
*C(=O)N(O)CCCP(=O)(O)O,11,1,Sub,-
*C=CNNC(=O)CCCCCC(=O)NO,11,1,Sub,-
*P(=S)(N(C(C)C)C(C)C)N(C(C)C)C(C)C,11,1,Sub,-
*NC(=O)CCC(C)=O,11,1,Sub,-
*C(CC)C(=O)NC(C)(C)C,11,1,Sub,-
*C(O)=CC(=O)C(=O)OCC,11,1,Sub,-
*NC(=O)CCCNC(=N)N,11,1,Sub,-
*OC(=O)CC(O)CC,11,1,Sub,-
*NC(=O)NC(C(=O)OC)C(C)CC,11,1,Sub,-
*S(=O)(=O)NCCCCCC(=O)O,11,1,Sub,-
*CCNC(=O)C(N)CSCC(COC(=O)CCCCCCCCCCC)OC(=O)CCCCCCCCCCC,11,1,Sub,-
*OC(=O)C(O)C(C)=CC,11,1,Sub,-
*C(=NC#N)SC,11,1,Sub,-
*C=NN(C)C(=S)NCCCC,11,1,Sub,-
*SCCCl,11,1,Sub,-
*C(O)C=C(C)C,11,1,Sub,-
*CC=C(C)CCC=C(C)C(=O)O,11,1,Sub,-
*CNC(=O)OCC(C)C,11,1,Sub,-
*OC(=O)C(CC)CCCC,11,1,Sub,-
*C(=O)NCCCCCCCCCCC(=O)NC(C(=O)O)C(C)C,11,1,Sub,-
*CC(=O)N(CCCCC)CCCCC,11,1,Sub,-
*CNC(=O)C(C#N)=NOC,11,1,Sub,-
*N(CCBr)CCOS(C)(=O)=O,11,1,Sub,-
*OCC(O)CNCCCCCC,11,1,Sub,-
*C(=O)C(CC(C)C)C(=O)NO,11,1,Sub,-
*C=CC(=O)C(=O)O,11,1,Sub,-
*CC(=O)NCCCCCC(=O)NO,11,1,Sub,-
*C(=O)NCC(C)CC(F)(F)F,11,1,Sub,-
*NC=NC,11,1,Sub,-
*CNC(=NC)NC,11,1,Sub,-
*C(=O)NC(CC)(CC)C(=O)OCC,11,1,Sub,-
*N=NNC,11,1,Sub,-
*CC(=O)NCCCN(CC(C)C)CC(C)C,11,1,Sub,-
*CC(NC(=O)C(N)CO)C(=O)NC(CC(C)C)C(=O)NC(CC(C)C)C(=O)NC(CCCN=C(N)N)C(N)=O,11,1,Sub,-
*CNC(=O)OCC=C,11,1,Sub,-
*C(=O)NC(C#N)CC,11,1,Sub,-
*CNC(=O)C(=O)NCC(C)C,11,1,Sub,-
*CC(O)CN(CCC)CCC,11,1,Sub,-
*N(C)CCS(C)(=O)=O,11,1,Sub,-
*NC(=S)NC(=O)CCCCC,11,1,Sub,-
*SC(=S)NCCCC[S+](C)[O-],11,1,Sub,-
*S(=O)(=O)NC(CCCN=C(N)N)C(=O)OC,11,1,Sub,-
*C(=O)CCNC(=N)N,11,1,Sub,-
*OCC(C)(C)CN(C)C,11,1,Sub,-
*NC(C)CS(C)(=O)=O,11,1,Sub,-
*NC(=O)CN(C)C(C)=O,11,1,Sub,-
*S(=O)(=O)NC(CCCN=C(N)N)C(=O)N(CCCC)CC(=O)O,11,1,Sub,-
*[N+](C)(C)[O-],11,1,Sub,-
*C(=NC#N)N(C)C,11,1,Sub,-
*CN(C(C)=O)C(=O)OCC(COC(=O)NCCCCCCCCCCCCCCCCCC)OC,11,1,Sub,-
*NC(=O)C(CCSC)NC(N)=O,11,1,Sub,-
*C(=O)NC(CCSC)C(N)=O,11,1,Sub,-
*C(=O)NCC(C)=O,11,1,Sub,-
*C(NC(C)=O)C(C)C,11,1,Sub,-
*C(O)(C(N)=O)C(F)(F)F,11,1,Sub,-
*C(=O)NCO,11,1,Sub,-
*CCCCNCCCCN,11,1,Sub,-
*OCC(O)CN(C)CC#C,11,1,Sub,-
*OCC=CCC,11,1,Sub,-
*C(C)N(CCN(C)C)C(=O)CCCCCCCCC,11,1,Sub,-
*C=CC(=O)CCCCC,11,1,Sub,-
*C(C)NC(=O)C(F)(F)F,11,1,Sub,-
*OC(=O)CCC=CCC=CCC=CCC=CCC=CCC=CCC,11,1,Sub,-
*CCCN(O)C=O,11,1,Sub,-
*S(=O)(=O)NCCCOC(C)C,11,1,Sub,-
*OC(=O)C(NC(=O)C(N)CC(=O)O)C(=O)OC,11,1,Sub,-
*CCSCC(=O)O,11,1,Sub,-
*C(=O)NCCCCCCCCCCC(=O)NCC(=O)O,11,1,Sub,-
*C=CC=CC=CCC=CCCCCC,11,1,Sub,-
*NNC(=O)C(C)C,11,1,Sub,-
*C(=O)OCC[18F],11,1,Sub,-
*OC(=O)C(O)C(C=C(F)F)NC(=O)OC(C)(C)C,11,1,Sub,-
*[14C]#N,11,1,Sub,-
*N(CC=CI)CCC,11,1,Sub,-
*COC(F)(F)F,11,1,Sub,-
*=C(O)CC,11,1,Sub,=
*C(C(C)(C)O)C(F)(F)F,11,1,Sub,-
*C=CC(C)=NO,11,1,Sub,-
*=NC(=O)CSC(C)=O,11,1,Sub,=
*C(=O)NCCCC(=O)NC(C(=O)O)C(C)C,11,1,Sub,-
*C=NOCCN,11,1,Sub,-
*C=CC=CCC,11,1,Sub,-
*CP(=O)(CC)OCC,11,1,Sub,-
*NC(=O)CN(CCOCCOCCN(CC(=O)O)CC(=O)O)CC(=O)O,11,1,Sub,-
*CONC(N)=O,11,1,Sub,-
*CC(=O)NC(CCC(=O)OCC)C(=O)OCC,11,1,Sub,-
*CC(=O)NC(C)(C)CO,11,1,Sub,-
*CNC(=O)C(N)C(C)CC,11,1,Sub,-
*O[PH](O)(O)O,11,1,Sub,-
*CSCC(=O)OCC,11,1,Sub,-
*C=CC(=O)OCCCCCCO[N+](=O)[O-],11,1,Sub,-
*CNC(=O)CCC(C)C,11,1,Sub,-
*=NNCC(=O)O,11,1,Sub,=
*C(C)C(=O)N(C)O,11,1,Sub,-
*C=CCCSC(C)=O,11,1,Sub,-
*CCCC(=O)NCCCC,11,1,Sub,-
*CN(CCC#N)CCC#N,11,1,Sub,-
*CC(CCCNC(=O)C(N)CS)C(=O)NC(CCSC)C(=O)O,11,1,Sub,-
*SCC(=O)NC(C)C(C)C,11,1,Sub,-
*C=NOCCC,11,1,Sub,-
*CN(CCC#N)CCCC,11,1,Sub,-
*C(NC(=O)C(CCCC)CC(=O)NO)C(C)C,11,1,Sub,-
*NN=C(C)C(=O)OCC,11,1,Sub,-
*C(=O)OC(C)CF,11,1,Sub,-
*C(CCO)CCCCCCCC,11,1,Sub,-
*CCCCNC(=NC)NC#N,11,1,Sub,-
*C(=O)NC(=O)OCCCC,11,1,Sub,-
*CCC(=O)NCCCN(CC)CC,11,1,Sub,-
*CC(=O)CCCCC,11,1,Sub,-
*CCN[11C](=N)N,11,1,Sub,-
*CC(C)NC(C)C,11,1,Sub,-
*C(C)NC(=O)C(C)C,11,1,Sub,-
*S(=O)(=O)N(C)CCC#N,11,1,Sub,-
*C(=O)OC(C)C#C,11,1,Sub,-
*CNC(=O)C(N)COC,11,1,Sub,-
*=NNC(=S)N(CC)CC,11,1,Sub,=
*C=CC=CC(=O)OC,11,1,Sub,-
*OC(=O)N(C)CCCC,11,1,Sub,-
*C(=O)C(F)Cl,11,1,Sub,-
*CNC(=O)CCCCCCCCC,11,1,Sub,-
*CN(C)CC(=O)OCC,11,1,Sub,-
*NCC(O)CN(CC)CC,11,1,Sub,-
*CCCCCC(C)=O,11,1,Sub,-
*C(C)=CC=CC(C)(C)O,11,1,Sub,-
*NC(=NC)NC,11,1,Sub,-
*C(=O)N(C)CCNC,11,1,Sub,-
*CC(=O)NC(C=O)CC(=O)O,11,1,Sub,-
*N(CC(N)=O)S(C)(=O)=O,11,1,Sub,-
*CC(O)CCCCCC,11,1,Sub,-
*CCNC(CCCNC(=N)N)C(=O)NC(C)C(=O)NC(=O)C(CCCN)NC(C)=O,11,1,Sub,-
*C(=O)CCNC(=O)C=C,11,1,Sub,-
*CCCCCNC,11,1,Sub,-
*CCC(=O)NCCCN(C)C,11,1,Sub,-
*CC(=O)NCCCCCCCCCC,11,1,Sub,-
*OCOCC[Si](C)(C)C,11,1,Sub,-
*C=C(O)OCC,11,1,Sub,-
*NCCCNC(C)C,11,1,Sub,-
*NCCNC(=O)C=C,11,1,Sub,-
*[Si](C)(C)O,11,1,Sub,-
*C(=O)C=O,11,1,Sub,-
*CC(=O)NC(CC(C)C)C(=O)NC(CCSC)C(N)=O,11,1,Sub,-
*CCC(=O)NC(=O)NC,11,1,Sub,-
*OCCC(N)=O,11,1,Sub,-
*CCNCC(F)F,11,1,Sub,-
*NC(=O)NC(=O)N(CCCC)S(C)(=O)=O,11,1,Sub,-
*C(=O)NCC(=O)NC(CC(C)C)B(O)O,11,1,Sub,-
*C=C(C)C(=O)OCC(O)CO,11,1,Sub,-
*NC(=O)CC(=C)C(=O)O,11,1,Sub,-
*C(C)CCOS(=O)(=O)O,11,1,Sub,-
*C(=O)C(C)(F)F,11,1,Sub,-
*C=NNC(=S)NCCCOC,11,1,Sub,-
*COP(O)(=S)OP(=O)(O)OP(=O)(O)O,11,1,Sub,-
*NC(=O)CN(CCN(CC(=O)O)CC(=O)O)CC(=O)O,11,1,Sub,-
*C(C)(O)CC=CC(C)(C)O,11,1,Sub,-
*C(=O)NC(C(=O)NC(CCSC)C(N)=O)C(C)C,11,1,Sub,-
*C(=O)OCCSCC,11,1,Sub,-
*C(=O)N(CC(=O)O)CC(=O)O,11,1,Sub,-
*C(C#N)C(=O)OC(C)C,11,1,Sub,-
*C(C)=CC#N,11,1,Sub,-
*C(=O)OC(=C)C,11,1,Sub,-
*NN=C(C(C)=O)C(=O)O,11,1,Sub,-
*NC(=S)NCCCCCC,11,1,Sub,-
*CS(=O)(=O)CCO,11,1,Sub,-
*C(C(C)=O)C(C)=O,11,1,Sub,-
*CNCCNC(=O)OC(C)(C)C,11,1,Sub,-
*NC=CC(=O)C(C)(C)C,11,1,Sub,-
*C(=O)NCCS(=O)(=O)N(C)C,11,1,Sub,-
*C(=O)CNC(C)C,11,1,Sub,-
*C(O)(O)C(F)(F)F,11,1,Sub,-
*CC(CO[N+](=O)[O-])O[N+](=O)[O-],11,1,Sub,-
*SC(=O)NC(CCC(=O)O)C(=O)O,11,1,Sub,-
*C(C)NS(=O)(=O)CC,11,1,Sub,-
*NC(=O)CC(O)(C(=O)OC)C(F)(F)F,11,1,Sub,-
*CCCCCCCCCCCO,11,1,Sub,-
*C(C(=O)NO)C(C)C,11,1,Sub,-
*CC(F)(F)C(F)(F)F,11,1,Sub,-
*NC(=O)CNCCNCC(=O)O,11,1,Sub,-
*OC(=O)OCCC,11,1,Sub,-
*NCCCCCCCCCCN,11,1,Sub,-
*C(C)CCC(OO)C(=C)C,11,1,Sub,-
*NC(=O)C(N)CCC,11,1,Sub,-
*NC(=O)CC[N+](=O)[O-],11,1,Sub,-
*C(=O)NC(CC(C)C)C(=O)NC(C(=O)NCC(=O)NC(CCCNC(=N)N)C(=O)NC(CC(C)C)C(N)=O)C(C)CC,11,1,Sub,-
*SCCCCC(=O)NO,11,1,Sub,-
*C(O)CC(O)C(O)C(C)O,11,1,Sub,-
*OC(=O)C(N)CC(=O)O,11,1,Sub,-
*NCCNP(C)(=O)OC,11,1,Sub,-
*C(CC=C(C)C)OC(=O)C=C(C)C,11,1,Sub,-
*N(C)C(C)CC,11,1,Sub,-
*CC(NC(C)=O)C(N)=O,11,1,Sub,-
*C(=O)NC(C(=O)NC(CC(C)C)C(O)CC(=O)NCCCC)C(C)CC,11,1,Sub,-
*CC(O)CP(=O)(OCC)OCC,11,1,Sub,-
*OC([3H])([3H])[3H],11,1,Sub,-
*C(CC(=O)O)C(F)(F)F,11,1,Sub,-
*CCOP(=O)(O)OP(=O)(O)O,11,1,Sub,-
*CC(=O)OCCCCCC,11,1,Sub,-
*C(=O)NCCCC(=O)NC(C)C(=O)O,11,1,Sub,-
*OCC(=O)NCCC(=O)O,11,1,Sub,-
*CCNC(=O)CCCCCCCC=CCC=CCCCCC,11,1,Sub,-
*=CNC(C)C,11,1,Sub,=
*N(CCC)CCO,11,1,Sub,-
*C=C(P(=O)(OCC)OCC)P(=O)(OCC)OCC,11,1,Sub,-
*C(C)OCCC,11,1,Sub,-
*CC(C(=O)O)P(=O)(O)O,11,1,Sub,-
*CCCCNCCCCNCCCCN,11,1,Sub,-
*[S+]([O-])CCO,11,1,Sub,-
*CCOCP(=O)(O)OP(=O)(O)OP(=O)(O)O,11,1,Sub,-
*=C(O)OC(C)(C)C,11,1,Sub,=
*S(=O)(=O)NC(CO)CC(C)C,11,1,Sub,-
*CNC(=O)C(N)CCSC,11,1,Sub,-
*N=C(S)NCCO,11,1,Sub,-
*OP(=O)(CCC=C(C)COC(C)=O)OCOC(=O)C(C)(C)C,11,1,Sub,-
*C(C)CCN(C)C,11,1,Sub,-
*NC(=O)CNCC(C)C,11,1,Sub,-
*CN(N)C=S,11,1,Sub,-
*[N+]([O-])=NOCOC(C)=O,11,1,Sub,-
*OCC(C)(C)N,11,1,Sub,-
*NCC(P(=O)(OCC)OCC)P(=O)(OCC)OCC,11,1,Sub,-
*C(=O)NN=CC(C)C,11,1,Sub,-
*S(=O)(=O)NCCCCC,11,1,Sub,-
*OCCC(C)CCC=C(C)C,11,1,Sub,-
*C=C(C#N)C(=O)NCCCOCC,11,1,Sub,-
*C(C)(CC)CC,11,1,Sub,-
*N(CCC#N)C(=O)CCl,11,1,Sub,-
*C(=O)NC(CS)C(=O)OCC,11,1,Sub,-
*N(C)CCCOCC,11,1,Sub,-
*C(=O)C(N)CCCN,11,1,Sub,-
*=NNC(=O)OC,11,1,Sub,=
*NC(C)(C)COC,11,1,Sub,-
*SCC(=O)NC(C)COC,11,1,Sub,-
*N=NN(C)CCCC,11,1,Sub,-
*C(C)CCC(=O)NCC,11,1,Sub,-
*NS(=O)(=O)CCCCN,11,1,Sub,-
*COCCCCCCCCCCC(=O)NCCCC,11,1,Sub,-
*C(=O)NC(CS(=O)(=O)CC(C)C)C(=O)NCC#N,11,1,Sub,-
*C(=O)NC(CC(C)(C)C)C(=O)NC,11,1,Sub,-
*=[N+]([O-])[O-],11,1,Sub,=
*CCC(C)=NO,11,1,Sub,-
*CC(=O)C(=C)C,11,1,Sub,-
*C#CC(=O)OC,11,1,Sub,-
*NC(=O)CC(C)CC(=O)O,11,1,Sub,-
*NC(=O)OCC(C)(C)C,11,1,Sub,-
*CN(C)S(=O)(=O)CCC,11,1,Sub,-
*C(=O)NC(C#N)CCC,11,1,Sub,-
*NCCN(C)S(C)(=O)=O,11,1,Sub,-
*CC(N)C(C)C,11,1,Sub,-
*CCOCC=C,11,1,Sub,-
*C(=O)NCCCN(CC(C)C)CC(C)C,11,1,Sub,-
*C=C(C#N)C(N)=C(C#N)C#N,11,1,Sub,-
*C(=O)NCCCCCC(=O)NC(C(=O)O)C(C)C,11,1,Sub,-
*NC(=O)C(CCCNC(=N)N)NC(C)=O,11,1,Sub,-
*NCCNS(=O)(=O)CC,11,1,Sub,-
*CC(C)N(CC)CC,11,1,Sub,-
*C(=O)CC(C)(C)C(=O)O,11,1,Sub,-
*C=CC(=O)NN,11,1,Sub,-
*SCC(=O)N(CC)CCCC,11,1,Sub,-
*CCCCCCCC(O)CCC=CCCCCC,11,1,Sub,-
*C(=O)NCCCCCCCCCCC(=O)NC(C)C(=O)O,11,1,Sub,-
*CP(=O)(O)CCC(N)C(=O)O,11,1,Sub,-
*CCCCCCC#N,11,1,Sub,-
*C(=O)OCP(=O)(O)O,11,1,Sub,-
*NC(=O)C(CCCNC(=N)N)NC(=O)C(CC)(CC)NC(=O)C(C)C,11,1,Sub,-
*NC(=O)COC(=O)CCC,11,1,Sub,-
*CC(=O)N(C)CCCCCCCCCCCC,11,1,Sub,-
*C(C)OCCCC,11,1,Sub,-
*NC(=O)C=CCCN(C)C,11,1,Sub,-
*C(C)(C)CN(C)C,11,1,Sub,-
*C(=O)C(=O)NC(C)(C)C,11,1,Sub,-
*C(=O)CN(C)CC,11,1,Sub,-
*CC(NC(=O)C(NP(=O)(O)OCC)C(C)CC)C(=O)NCC(=O)O,11,1,Sub,-
*C(=O)NC(CCCN)C(=O)NCC(N)=O,11,1,Sub,-
*OC(=O)CC[N+](=O)[O-],11,1,Sub,-
*C(=O)CCCC=CCC=CCC=CCC=CCCCCC,11,1,Sub,-
*OCCCCCCN=[N+]=[N-],11,1,Sub,-
*OC(C)C(=O)OCCC,11,1,Sub,-
*C(O)C(=C)C,11,1,Sub,-
*C(=O)C(N)CCCN=C(N)N[N+](=O)[O-],11,1,Sub,-
*COCC=C(C)CCC=C(C)C,11,1,Sub,-
*CC(=O)NCB(O)O,11,1,Sub,-
*OC(=O)CCSSC,11,1,Sub,-
*CNC(=O)C(C)(O)C(F)(F)F,11,1,Sub,-
*CN(C)C(=O)OCC,11,1,Sub,-
*C[P+](CC(C)C)(CC(C)C)CC(C)C,11,1,Sub,-
*OC(CC)COC,11,1,Sub,-
*C(=O)NC(CC(C)C)C(=O)NC(CC(C)C)C(=O)NC(C=O)CC(C)C,11,1,Sub,-
