smiles,occurrence,degree,type,bonds
*O,1177074,1,Sub,-
*C,998954,1,Sub,-
*=O,518727,1,Sub,=
*OC,251515,1,Sub,-
*O*,159939,2,Linker,--
*C1OC(*)C(*)C(*)C1*,150761,5,Ring,-----
*CO,143847,1,Sub,-
*c1ccc(*)cc1,95857,2,Ring,--
*c1ccccc1,93845,1,Ring,-
*OC(C)=O,75349,1,Sub,-
*c1ccc(*)c(*)c1,67840,3,Ring,---
*C*,59030,2,Linker,--
*C(=O)O,44554,1,Sub,-
*=C,37219,1,Sub,=
*Cl,33052,1,Sub,-
*OC(*)=O,29111,2,Linker,--
*C(C)C,28709,1,Sub,-
*c1cc(*)c(*)c(*)c1,26450,4,Ring,----
*C(=O)OC,23512,1,Sub,-
*CO*,23377,2,Linker,--
*NC(*)=O,22791,2,Linker,--
*C1COC(*)C(*)C1*,22624,4,Ring,----
*CC,22594,1,Sub,-
*N,22160,1,Sub,-
*c1ccccc1*,18771,2,Ring,--
*c1cccc(*)c1,18613,2,Ring,--
*Br,17550,1,Sub,-
*C(*)=O,15415,2,Linker,--
*CC*,13507,2,Linker,--
*C(C)=O,12904,1,Sub,-
*C=O,12893,1,Sub,-
*C1CC(*)C(*)C(*)O1,12676,4,Ring,----
*COC(C)=O,11578,1,Sub,-
*CC(C)C,9758,1,Sub,-
*C1CCCCC1,9305,1,Ring,-
*CC=C(C)C,9210,1,Sub,-
*C=*,8957,2,Linker,-=
*NC(C)=O,8735,1,Sub,-
*C=CC(=O)O*,8397,2,Linker,--
*C1OC(*)C(*)C1*,8353,4,Ring,----
*C(=C)C,7758,1,Sub,-
*[N+](=O)[O-],7707,1,Sub,-
*OC(=O)C(C)=CC,7502,1,Sub,-
*c1ccoc1,7349,1,Ring,-
*C=C,7089,1,Sub,-
*c1c[nH]c2ccccc12,6868,1,Ring,-
*c1cccnc1,6479,1,Ring,-
*c1ccc2c(c1)OCO2,6355,1,Ring,-
*c1cc(*)cc(*)c1,6331,3,Ring,---
*C(C)(C)O,6262,1,Sub,-
*C(C)O,6222,1,Sub,-
*C(C)CC,6200,1,Sub,-
*C1=C(*)C(=*)c2c(*)cc(*)cc2O1,6034,5,Ring,--=--
*CC(=O)O,5765,1,Sub,-
*OCC,5687,1,Sub,-
*C1CCCN1*,5581,2,Ring,--
*CNC(*)=O,5416,2,Linker,--
*N1CCN(*)CC1,5342,2,Ring,--
*COC(*)=O,5240,2,Linker,--
*CCC,5094,1,Sub,-
*C(=O)OCC,5007,1,Sub,-
*N(C)C,4970,1,Sub,-
*c1ccco1,4911,1,Ring,-
*C1CCCC1,4689,1,Ring,-
*c1cc(*)c(*)c(*)c1*,4590,5,Ring,-----
*CC(*)=O,4565,2,Linker,--
*c1cccc(*)c1*,4401,3,Ring,---
*C=C*,4383,2,Linker,--
*CCO,4353,1,Sub,-
*C1=CC(=*)OC1,4329,2,Ring,-=
*=CC,4325,1,Sub,=
*C=CC(=O)OC*,4317,2,Linker,--
*C1C2C=CC3(O2)C1C(=*)N(*)C3*,4242,4,Ring,-=--
*N*,4173,2,Linker,--
*C1CN2CCC1CC2*,4052,2,Ring,--
*COC,4025,1,Sub,-
*N1CCOCC1,3955,1,Ring,-
*C1CCC2(*)C(CCC3(*)C2CC=C2C4CC(*)(*)CCC4(*)CCC23*)C1(*)*,3880,9,Ring,---------
*C1CCN(*)CC1,3804,2,Ring,--
*c1cc(*)c(*)cc1*,3686,4,Ring,----
*CN*,3672,2,Linker,--
*c1cccs1,3654,1,Ring,-
*C#N,3490,1,Sub,-
*CCCCC,3445,1,Sub,-
*C1CC1,3394,1,Ring,-
*C=CC(*)=O,3354,2,Linker,--
*NC,3259,1,Sub,-
*CCC(=O)O,3246,1,Sub,-
*C1OC1(*)*,3215,3,Ring,---
*c1ccc2c(=*)c(=*)oc2c1,3215,3,Ring,-==
*c1ccc(*)c(*)c1*,3161,4,Ring,----
*OS(=O)(=O)O,3083,1,Sub,-
*c1ccccn1,3033,1,Ring,-
*CCO*,2920,2,Linker,--
*CC(=O)OC,2913,1,Sub,-
*N1CC2CC(C1)C1=CC=CC(=*)N1C2,2905,2,Ring,-=
*CC(=O)N*,2887,2,Linker,--
*C(*)C,2882,2,Linker,--
*CCCO,2879,1,Sub,-
*CCNC(*)=O,2832,2,Linker,--
*OC(=O)C(C)CC,2771,1,Sub,-
*=N,2751,1,Sub,=
*C1CCC2(*)C(=CCC3C2CCC2(*)C(*)CCC32)C1,2738,4,Ring,----
*C(N)=O,2671,1,Sub,-
*C1CCC(*)C(*)O1,2666,3,Ring,---
*C1=CC(=*)c2c(*)cc(*)cc2O1,2664,4,Ring,-=--
*CCCC,2596,1,Sub,-
*C1OCC(*)(*)C1*,2573,4,Ring,----
*[O-],2557,1,Sub,-
*c1noc(*)n1,2492,2,Ring,--
*CC(N)=O,2470,1,Sub,-
*c1csc(*)n1,2439,2,Ring,--
*OC(=O)C(C)C,2431,1,Sub,-
*CNC,2399,1,Sub,-
*S(*)(=O)=O,2388,2,Linker,--
*CCC(*)=O,2384,2,Linker,--
*c1ccncc1,2309,1,Ring,-
*C1COC2C(*)COC12,2282,2,Ring,--
*SC,2282,1,Sub,-
*C(C)(C)C,2278,1,Sub,-
*CC=C,2236,1,Sub,-
*c1ccnc(*)c1,2186,2,Ring,--
*C1CCC(*)O1,2122,2,Ring,--
*C1=CC(=*)Oc2cc(*)ccc21,2106,3,Ring,-=-
*c1cn(*)nn1,2094,2,Ring,--
*C1=CC(=*)c2c(cc(*)c(*)c2*)O1,2052,5,Ring,-=---
*C1=CC(*)OC1=*,2028,3,Ring,--=
*C1OC1*,2020,2,Ring,--
*C1=CC=C2C(=CC1=*)C(*)CCc1cc(*)c(*)c(*)c12,2007,6,Ring,-=----
*C1=COc2cc(*)ccc2C1=*,1963,3,Ring,--=
*C(*)O,1925,2,Linker,--
*c1cc(*)on1,1912,2,Ring,--
*C(C)CCCC(C)C,1877,1,Sub,-
*c1ccc(*)o1,1855,2,Ring,--
*C1CCC(*)(*)O1,1822,3,Ring,---
*C1=CC(=*)C(*)=C(*)O1,1803,4,Ring,-=--
*C1CCCN2CCCCC12,1791,1,Ring,-
*N1CCCCC1,1785,1,Ring,-
*C1CC(*)(*)OC(*)C1*,1780,5,Ring,-----
*c1c(*)c(*)c(*)c(*)c1*,1755,6,Ring,------
*c1cc(*)c2cc(*)c(*)[o+]c2c1,1744,4,Ring,----
*C1CC(*)N(*)C1,1741,3,Ring,---
*OC(=O)CC(C)C,1694,1,Sub,-
*C(*)CC(=O)OC,1693,2,Linker,--
*CNC(=O)C*,1681,2,Linker,--
*c1ncnc2c1ncn2*,1672,2,Ring,--
*c1cn(*)c2ccccc12,1659,2,Ring,--
*C1OC(*)(*)C(*)C1*,1648,5,Ring,-----
*OCC(*)=O,1645,2,Linker,--
*C1CCCC(*)C1*,1629,3,Ring,---
*C1COC(*)C1*,1615,3,Ring,---
*C1=CC(=*)c2c(*)cc(*)c(*)c2O1,1572,5,Ring,-=---
*C1CC(*)C(*)O1,1566,3,Ring,---
*C1CC(*)(*)C(*)C(*)O1,1565,5,Ring,-----
*C1C(*)C(*)C(*)C(*)C1*,1565,6,Ring,------
*C1C(=*)CCC2C(*)(*)CCCC12*,1556,5,Ring,-=---
*C1=C(*)c2ccc(*)c(*)c2OC1=*,1554,5,Ring,----=
*CCC=C(C)C,1540,1,Sub,-
*C1(*)CCCC1,1532,2,Ring,--
*c1ccc(*)nc1,1526,2,Ring,--
*OP(=O)(O)O,1526,1,Sub,-
*C1=C(*)c2ccc(*)cc2OC1=*,1519,4,Ring,---=
*C1=CC(=*)Oc2c1ccc(*)c2*,1467,4,Ring,-=--
*C1=CC=C2C3CC(CN(*)C3)CN2C1=*,1457,3,Ring,--=
*C1CCCCN1*,1452,2,Ring,--
*CCOC,1439,1,Sub,-
*=S,1430,1,Sub,=
*CCC(N)=O,1423,1,Sub,-
*C=C(C)C,1414,1,Sub,-
*C(C)(C)C=C,1394,1,Sub,-
*CC(C)=O,1393,1,Sub,-
*C1CCC(*)CC1,1380,2,Ring,--
*NC(=O)N*,1369,2,Linker,--
*N1CCCC1,1366,1,Ring,-
*CCC(C)C,1355,1,Sub,-
*C(O)CO,1330,1,Sub,-
*=C(C)C,1327,1,Sub,=
*CC(*)O,1315,2,Linker,--
*C1=C(*)C(=*)c2ccc(*)cc2O1,1305,4,Ring,--=-
*C1CCC(*)C(*)C1,1283,3,Ring,---
*C=CC,1273,1,Sub,-
*C(C)CCC=C(C)C,1271,1,Sub,-
*c1ccc2[nH]cc(*)c2c1,1267,2,Ring,--
*OC(=O)CCC,1255,1,Sub,-
*c1c2c(cc3c1C(*)N(*)CC3)OCO2,1243,3,Ring,---
*C12CCC(=*)C=C1CCC1C2CCC2(*)C1CCC2(*)*,1214,5,Ring,-=---
*c1ccc2c(=*)c(=*)oc2c1*,1210,4,Ring,-==-
*c1cc(*)c2c(c1)OC(*)CC2=*,1210,4,Ring,---=
*C1CCN(*)CC1*,1210,3,Ring,---
*OC(C)C,1203,1,Sub,-
*CCC*,1202,2,Linker,--
*c1ccnc(*)n1,1196,2,Ring,--
*I,1193,1,Sub,-
*C1=C(*)C(=*)c2c(*)cc(*)c(*)c2O1,1179,6,Ring,--=---
*OC(=O)CC,1164,1,Sub,-
*c1cc(*)n(*)n1,1162,3,Ring,---
*C1CCOC(*)(*)C1,1155,3,Ring,---
*c1ccc[nH]1,1139,1,Ring,-
*c1noc(*)c1*,1139,3,Ring,---
*c1ccc2oc(*)c(*)c2c1,1139,3,Ring,---
*CCCNC(=N)N,1136,1,Sub,-
*C1CC(*)C(*)C1*,1128,4,Ring,----
*C1CCC2C3CCC4=CC(=*)CCC4(*)C3CCC12*,1119,4,Ring,-=--
*c1cnc[nH]1,1116,1,Ring,-
*NC(=O)CO*,1109,2,Linker,--
*C1CCC2(*)CCC3(*)C(CCC4C5(*)CCC(*)C(*)(*)C5CCC43*)C12,1108,8,Ring,--------
*C1CCCO1,1097,1,Ring,-
*C1CCOCC1,1095,1,Ring,-
*CCC(=O)N*,1092,2,Linker,--
*C1CCC2(*)C(CCC3(*)C2CC=C2C4CC(*)(*)CCC4(*)C(*)CC23*)C1(*)*,1083,10,Ring,----------
*c1c[nH]cn1,1081,1,Ring,-
*C1CC2(*)C(CCC3(*)C2CC=C2C4CC(*)(*)CCC4(*)CCC23*)C(*)(*)C1*,1077,10,Ring,----------
*c1nnnn1*,1069,2,Ring,--
*NS(*)(=O)=O,1066,2,Linker,--
*OS(=O)(=O)[O-],1066,1,Sub,-
*C1(*)CCCCC1,1051,2,Ring,--
*c1cc2c(cc1*)C(*)N(*)CC2,1051,4,Ring,----
*c1c(*)c(=*)oc1=*,1041,4,Ring,--==
*C1=CC(*)C(*)CC1*,1038,4,Ring,----
*c1cc(*)c2c(c1)OC(*)C(*)C2=*,1030,5,Ring,----=
*CCCCCC,1022,1,Sub,-
*C1CCN(*)C1,1019,2,Ring,--
*CCC(C)CO*,1017,2,Linker,--
*C(*)(C)O,1016,2,Linker,--
*C1OC(*)(*)C(*)C(*)C1*,1014,6,Ring,------
*CCN,1008,1,Sub,-
*c1nnc(*)o1,1004,2,Ring,--
*c1ccc2ccccc2c1,988,1,Ring,-
*c1ccc2c(c1)OCCO2,987,1,Ring,-
*C1CCC2(*)C(CCC3C4CCC(*)C4(*)CCC32)C1,985,4,Ring,----
*CC=C(C)CCC=C(C)C,983,1,Sub,-
*C1=CC(=*)c2c(*)c(*)c(*)c(*)c2O1,976,6,Ring,-=----
*CCNC(=O)C*,976,2,Linker,--
*C(O)C(O)CO,970,1,Sub,-
*CN,966,1,Sub,-
*CCC(=O)OC,965,1,Sub,-
*C1CCC2(*)C3CCC4(*)C(*)CCC4(*)C3CCC2(*)C1,963,6,Ring,------
*COC(=O)CC(=O)O,963,1,Sub,-
*n1ccnc1,962,1,Ring,-
*C1=C(*)C(=*)c2c(cc(*)c(*)c2*)O1,958,6,Ring,--=---
*CNC*,955,2,Linker,--
*C#C,954,1,Sub,-
*C(C)C=CC(C)C(C)C,951,1,Sub,-
*NC(=O)O*,950,2,Linker,--
*c1cccc2ccccc12,948,1,Ring,-
*NCC(C)O,947,1,Sub,-
*N1C(=*)C2C3c4ccccc4C(*)(c4ccccc43)C2C1=*,941,4,Ring,-=-=
*S(C)(=O)=O,938,1,Sub,-
*c1cc[nH]c1,929,1,Ring,-
*C1=C(*)C(=*)OC(*)C1,922,4,Ring,--=-
*C1CCCCC1*,914,2,Ring,--
*C1NC(=*)N(*)C1=*,913,4,Ring,-=-=
*OC(CO)C(*)O,909,2,Linker,--
*C(C)CCC(CC)C(C)C,902,1,Sub,-
*CCCN,900,1,Sub,-
*C1CN(*)CCN1*,896,3,Ring,---
*c1ccoc1*,896,2,Ring,--
*CC=O,895,1,Sub,-
*C1c2[nH]c3ccccc3c2CC2C(=*)N(*)CC(=*)N21,891,4,Ring,-=-=
*CC(=O)O*,890,2,Linker,--
*c1ccc2c(c1)OC(=*)C=C2,889,2,Ring,-=
*C1CCC2(*)C1C(*)CC1C3(*)CCC(*)C(*)(*)C3CCC12*,887,8,Ring,--------
*OCC=C(C)C,882,1,Sub,-
*C1CC(*)C(*)C(*)C1*,878,5,Ring,-----
*C(=O)[O-],869,1,Sub,-
*C1=CC(=*)OC1*,857,3,Ring,-=-
*c1ccc(*)s1,853,2,Ring,--
*OC(=O)C(=C)C,850,1,Sub,-
*C1=CCCC2C1(*)CCC(*)C2(*)*,843,5,Ring,-----
*C1=COC(*)C(*)C1*,841,4,Ring,----
*OC(=O)C=C(C)C,833,1,Sub,-
*S(=O)(=O)O,832,1,Sub,-
*C(=O)C(C)C,829,1,Sub,-
*C1CCC(=*)N1*,823,3,Ring,-=-
*C1=CC(=*)Oc2cc(*)c(*)cc21,814,4,Ring,-=--
*CNC(=O)N*,811,2,Linker,--
*c1cc2c(cc1*)CN(*)CC2,796,3,Ring,---
*c1cnn(*)c1,793,2,Ring,--
*OC(*)(C)CCC=C(C)C,791,2,Linker,--
*CC(C)O,770,1,Sub,-
*C1COC(=*)C1*,765,3,Ring,-=-
*C1CC(*)(*)CC(*)C1*,764,5,Ring,-----
*OC(N)=O,762,1,Sub,-
*C1=C(*)C(*)(*)CC(*)C1,760,5,Ring,-----
*CCCOC,760,1,Sub,-
*C1=C(*)c2cc3c(*)coc3cc2OC1=*,754,4,Ring,---=
*C1C2COC(O2)C(*)C1*,751,3,Ring,---
*C1CCC23CC24CCC2(*)C(*)CCC2(*)C4CCC3C1(*)*,750,6,Ring,------
*C1CCC2(*)CCC(*)C(*)C2C1*,744,5,Ring,-----
*N=*,744,2,Linker,-=
*N1CCC(*)(*)CC1,739,3,Ring,---
*C(C)C(=O)O,739,1,Sub,-
*C1CCC2(*)CCC3(*)C(=CCC4C5(*)CCC(*)C(*)(*)C5CCC43*)C2C1*,737,9,Ring,---------
*C1CC(*)C(=*)O1,737,3,Ring,--=
*C1=COC(=*)C=C1,735,2,Ring,-=
*c1cc(*)c2c(c1*)OC(*)C(*)C2,734,5,Ring,-----
*C(C)CCC(=C)C(C)C,733,1,Sub,-
*c1cc(*)c2c(c1)C(*)C(*)O2,731,4,Ring,----
*CCC(C)=O,731,1,Sub,-
*c1nccs1,730,1,Ring,-
*CNS(*)(=O)=O,730,2,Linker,--
*C1CCC2(*)C(CCC3C2CCC2(*)C(*)CCC32*)C1,724,5,Ring,-----
*CCC(=O)NC*,724,2,Linker,--
*C=CC(=O)O,721,1,Sub,-
*CCNC,716,1,Sub,-
*c1cc(*)c2c(c1)OCO2,715,2,Ring,--
*C1=NC(=*)N(*)C=C1,700,3,Ring,-=-
*C1CC1*,695,2,Ring,--
*N=C(N)N,695,1,Sub,-
*C1=CC(*)C(*)C(*)C1,693,4,Ring,----
*C1=CC(*)=C(*)C(=*)O1,692,4,Ring,---=
*c1cc(*)nc(*)n1,691,3,Ring,---
*CS*,690,2,Linker,--
*C(C)C(C)C,690,1,Sub,-
*OO,689,1,Sub,-
*C(*)*,681,3,Linker,---
*C1=COc2cc(*)cc(*)c2C1=*,680,4,Ring,---=
*C(=O)CC,680,1,Sub,-
*C1OCC2C(*)OCC12,678,2,Ring,--
*C=N*,678,2,Linker,--
*C1C2C=CC3(CN(*)C(=*)C13)O2,674,3,Ring,--=
*C1CCC2(*)C(*)C(=*)CCC2C1(*)*,667,6,Ring,---=--
*C1=COC(*)C(=*)C1*,665,4,Ring,--=-
*C1NC(=*)c2ccccc2NC1=*,658,3,Ring,-==
*C1C2CCCCC2(*)CCN1*,654,3,Ring,---
*C1CC(=*)Oc2ccc3c(=*)c(=*)oc3c21,646,4,Ring,-===
*C(=O)CCC,645,1,Sub,-
*=NO,645,1,Sub,=
*c1cnccn1,643,1,Ring,-
*OCO,643,1,Sub,-
*c1cc(*)c(*)o1,641,3,Ring,---
*OCC(=C)C,638,1,Sub,-
*c1[nH]c2ccccc2c1*,637,2,Ring,--
*c1cc(*)c2c(c1)OC(*)C(*)C2,631,4,Ring,----
*C1=C2C3CC(CN(*)C3)CN2C(=*)C=C1,628,3,Ring,--=
*C1C(=*)OC2CC3(*)CCCC(=*)C3CC21,626,4,Ring,-=-=
*C1CCC1,625,1,Ring,-
*C1=CC(=*)Oc2cc(*)cc(*)c21,623,4,Ring,-=--
*c1cccc2c1ccn2*,621,2,Ring,--
*C=CC(C)=CC=CC(C)=CC=CC=C(C)C=CC=C(C)C=C*,615,2,Linker,--
*CCCCN,615,1,Sub,-
*C=CC(C)=CC(C)C(C*)OC,611,2,Linker,--
*c1ccc2c(*)c[nH]c2c1,610,2,Ring,--
*CCCCCCC,610,1,Sub,-
*C1OC(*)C(*)C(*)(*)C1*,607,6,Ring,------
*C(C)CO,607,1,Sub,-
*CCl,605,1,Sub,-
*C1C(*)C2(*)C(*)CC3(*)C(=CCC4C5(*)CCC(*)C(*)(*)C5CCC43*)C2CC1(*)*,602,12,Ring,------------
*N=N*,600,2,Linker,--
*OCCO,598,1,Sub,-
*C1=C(*)c2c(*)cc(*)cc2OC1=*,594,5,Ring,----=
*c1cc(*)c2c(c1)OC(*)C(*)C2*,594,5,Ring,-----
*OCCC,590,1,Sub,-
*CN(C)C,590,1,Sub,-
*c1nc2c(s1)CC1(*)CCC(*)C(*)C1C2*,589,5,Ring,-----
*CCCCCCCC,588,1,Sub,-
*c1nc2c(n1*)C(=*)N(*)C(=*)N2*,587,6,Ring,--=-=-
*C1CC2(*)C(CC(*)C3C(*)CCC32*)C2(*)CCC(*)C(*)(*)C12,582,9,Ring,---------
*C1CCCN(*)C1,577,2,Ring,--
*c1nc2ccccc2n1*,577,2,Ring,--
*c1cccnc1*,573,2,Ring,--
*C(=O)NC(C)C,573,1,Sub,-
*=C(C)C=O,573,1,Sub,=
*OCCCC,572,1,Sub,-
*C1=CCC(*)CC1,571,2,Ring,--
*C(=C)C(=O)O,568,1,Sub,-
*c1nc2ccccc2s1,567,1,Ring,-
*c1nc2ccccc2[nH]1,566,1,Ring,-
*C1CC2C(=*)C=C3C(CCC4(*)C(*)CCC34*)C2(*)CC1*,561,7,Ring,-=-----
*C1=COc2c(ccc(*)c2*)C1=*,561,4,Ring,---=
*C(=C)CO,560,1,Sub,-
*C(C)(O)CCC=C(C)C,559,1,Sub,-
*C1OC(=*)C(*)C1*,558,4,Ring,-=--
*C(=O)C(*)C,558,2,Linker,--
*C(N)N,556,1,Sub,-
*c1nc2c(s1)CC1C(*)(*)C(*)CCC1(*)C2*,554,6,Ring,------
*C1(*)CCOC(*)(*)C1,550,4,Ring,----
*C1CC2CN(*)CC3(CN(*)C3)N2C1,550,3,Ring,---
*C(=O)CO,549,1,Sub,-
*c1cc(*)c2c(c1*)OC(*)CC2=*,548,5,Ring,----=
*C1(*)CCOCC1,547,2,Ring,--
*C1CC(*)C(*)OC1*,540,4,Ring,----
*S*,540,2,Linker,--
*NCC,540,1,Sub,-
*C(C)CCC(C)C(C)C,539,1,Sub,-
*c1cc2c([nH]c3ccccc32)c(*)n1,533,2,Ring,--
*c1nccn1*,532,2,Ring,--
*C1c2ccccc2-c2ccccc21,530,1,Ring,-
*c1nn(*)c(*)c1*,530,4,Ring,----
*C1CCC2(*)C3=C(CCC2C1(*)*)C1(*)CCC(*)C1(*)CC3,530,7,Ring,-------
*c1cc2c(cc1*)OCO2,527,2,Ring,--
*NC=O,527,1,Sub,-
*C(C)CCC(=O)O,525,1,Sub,-
*C1N2CC3(*)CN1CC(*)(C2)C3=*,522,4,Ring,---=
*CCNC*,521,2,Linker,--
*C1CC2(*)C(CCC2(*)*)C2CCC3=CC(=*)CCC3(*)C12,520,6,Ring,----=-
*C1OC(*)C(*)(*)C(*)C1*,519,6,Ring,------
*C1=Cc2ccc(*)cc2OC1=*,517,3,Ring,--=
*C(C)C=CC(CC)C(C)C,512,1,Sub,-
*C1=CC2OC(=*)C(=*)C2C(*)CC(*)=CCC1,509,5,Ring,-==--
*C1CC(*)OC(*)C1,508,3,Ring,---
*N1C=CC(=*)NC1=*,508,3,Ring,-==
*c1cc2c(c(*)c1*)-c1c(cc(*)c(*)c1*)C(=*)OC1C(COC2=*)OC(*)C(*)C1*,507,11,Ring,------==---
*C1=C(*)N(*)c2ccccc2C1=*,507,4,Ring,---=
*c1ccc2[nH]ccc2c1,505,1,Ring,-
*C(C)CCC=C(C)C(=O)O,504,1,Sub,-
*N1C(=*)Nc2ccccc2C1=*,503,3,Ring,-==
*C1c2[nH]c3ccccc3c2CC2C(=*)N(*)C(=*)N21,503,4,Ring,-=-=
*C1NC(=*)C(*)C(*)OC(=*)C(*)NC(=*)C(*)N(*)C(=*)C(*)N2C(=*)C(CCC2*)NC1=*,502,14,Ring,-=--=-=--=-=-=
*C1=Cc2ccccc2OC1=*,502,2,Ring,-=
*C=CCO,502,1,Sub,-
*C1CCNCC1*,500,2,Ring,--
*CCC(C)(O)C=C,500,1,Sub,-
*CCCC*,499,2,Linker,--
*C1CCC2(OC1)OC1CC3C4CCC5CC(*)CCC5(*)C4CCC3(*)C1C2*,497,5,Ring,-----
*CC=C(C)C=C,497,1,Sub,-
*C(C)N(C)C,497,1,Sub,-
*N1CCC2(CC1)OCCO2,494,1,Ring,-
*CCNC(=O)CC*,494,2,Linker,--
*C(=O)C(C)CC,494,1,Sub,-
*C1=CCOC1=*,490,2,Ring,-=
*C1=C(*)c2cc3c(*)coc3c(*)c2OC1=*,488,5,Ring,----=
*c1c[nH]c(*)c1,487,2,Ring,--
*OC(*)(C)C,487,2,Linker,--
*CC(*)C,486,2,Linker,--
*c1ccc2c(c1*)C(=*)OC2*,485,4,Ring,--=-
*c1ccc2c(c1*)OC(=*)C=C2,484,3,Ring,--=
*CNC(=O)CO*,484,2,Linker,--
*C1CC(=*)OC1*,483,3,Ring,-=-
*C1(*)CO1,481,2,Ring,--
*C1CC2(*)C3CC(*)C4C(*)(*)C(*)CCC45CC35CCC2(*)C1*,480,8,Ring,--------
*C1C(=*)OC2CC3(*)CCCC4(CO4)C3CC21,480,3,Ring,-=-
*COS(=O)(=O)O,480,1,Sub,-
*C1CCCC(*)C1,474,2,Ring,--
*OC(=O)CCCCCCCCCCCCCCC,473,1,Sub,-
*CC(NC(*)=O)C(N)=O,471,2,Linker,--
*C1=CC(=*)c2cc(*)ccc2O1,469,3,Ring,-=-
*C1=C(*)c2cc3c(*)c(*)oc3cc2OC1=*,469,5,Ring,----=
*C1CCC2(*)C(=CCC3(*)C2CC(*)C2(*)C(*)(*)CCC32*)C1,468,8,Ring,--------
*C1=CCC2C(*)(*)CCCC2(*)C1*,465,5,Ring,-----
*C1CO1,462,1,Ring,-
*NC(=O)COC,462,1,Sub,-
*COC(=O)C(C)=CC,462,1,Sub,-
*NS(C)(=O)=O,462,1,Sub,-
*C(=C)C(=O)OC,461,1,Sub,-
*C1OC=CC2C(*)C3OC3(*)C12,460,3,Ring,---
*=C(C)CO,460,1,Sub,=
*C1=C(*)C(*)(*)CCC1,458,4,Ring,----
*N1CCc2ccccc2C1,458,1,Ring,-
*c1cc2c(c(*)c1*)C(=*)CC(*)O2,457,5,Ring,---=-
*c1cc(*)c(*)[nH]1,457,3,Ring,---
*C1CCCNC1=*,453,2,Ring,-=
*C1=COc2cc(*)c(*)cc2C1=*,453,4,Ring,---=
*COP(=O)(O)O,453,1,Sub,-
*c1ccc2c(c1)C1c3ccccc3C2C2C(=*)N(*)C(=*)C12,452,4,Ring,-=-=
*OC(=O)CC(=O)O,452,1,Sub,-
*c1cc(*)c2c(c1)OC(*)C2*,451,4,Ring,----
*C(=O)OC(C)(C)C,449,1,Sub,-
*C1C=CC(*)C(*)C1,447,3,Ring,---
*c1c(*)c(=*)c(*)cc1=*,445,5,Ring,--=-=
*C1CCC2(OC1)OC1CC3C4CC=C5CC(*)CCC5(*)C4CCC3(*)C1C2*,445,5,Ring,-----
*C1C(*)(*)CCC2C(*)(*)CCCC12*,445,6,Ring,------
*CC(NC(*)=O)C(=O)O,445,2,Linker,--
*c1cccn1*,441,2,Ring,--
*C(=O)CC(C)C,440,1,Sub,-
*CC=*,439,2,Linker,-=
*C1=C(*)C(*)N(*)C1=*,438,5,Ring,----=
*C1=COc2c(c(*)cc3c2C(*)CC(=*)O3)C1=*,437,5,Ring,---==
*C1CCC2(*)C(CCC3(*)C2C(=*)C=C2C4CC(*)(*)CCC4(*)CCC23*)C1(*)*,435,10,Ring,---=------
*OCC(*)O,435,2,Linker,--
*NC(=N)NC,433,1,Sub,-
*c1c[nH]c(*)n1,432,2,Ring,--
*C1CC2(*)C(CCC3(*)C2CC=C2C4CC(*)(*)CCC4(*)C(*)CC23*)C(*)(*)C1*,432,11,Ring,-----------
*CCCN=C(N)N,432,1,Sub,-
*C1=C(*)C(*)OC1=*,430,4,Ring,---=
*C(C)CC(*)O,430,2,Linker,--
*C1CC2C(=*)NCC(*)N2C1,429,3,Ring,-=-
*CCC(=O)OCC,425,1,Sub,-
*c1cc2c(cc1*)OC(=*)C=C2,422,3,Ring,--=
*c1c(*)c(*)c2c(c1*)OC1=CC(=*)C(=*)C(=*)C12*,421,8,Ring,----===-
*OS(*)(=O)=O,420,2,Linker,--
*c1c2c(cc3c1C(*)CC(=*)O3)C=CCCCC(=*)CCCC(*)OC2=*,418,6,Ring,--==-=
*C1CCC2(*)C1CCC1C3(*)CCC(*)C(*)(*)C3CCC12*,418,7,Ring,-------
*CCC(C)=CCO,417,1,Sub,-
*C(C)=CC,417,1,Sub,-
*CCC(=O)O*,416,2,Linker,--
*COC(=O)C*,416,2,Linker,--
*CCN(C)C,416,1,Sub,-
*C1CCNCC1,415,1,Ring,-
*c1nc(*)c(*)[nH]1,413,3,Ring,---
*CC(N)C(=O)O,413,1,Sub,-
*N1CCc2c([nH]c3ccccc23)C1,412,1,Ring,-
*OCC(C)C,412,1,Sub,-
*NC(=O)NC(C)C,412,1,Sub,-
*C=CC(O)CCCCC,410,1,Sub,-
*C1NC2(C(=*)Nc3ccccc32)C2C(=*)N(*)C(=*)C12,408,5,Ring,-==-=
*C1=C(*)C2(Oc3c(*)c(*)cc(*)c3C2=*)C(*)CC1=*,408,8,Ring,-----=-=
*c1cc2ccccc2o1,408,1,Ring,-
*C1CCC2(*)C(CCC3(*)C2CC=C2C4CC(*)(*)CC(*)C4(*)CCC23*)C1(*)*,407,10,Ring,----------
*C1CCC[N+]2(*)CCCCC12,406,2,Ring,--
*C(C)OC(C)=O,406,1,Sub,-
*C1=C(*)C2(CCN(*)CC2)OC1=*,405,4,Ring,---=
*=CC=*,400,2,Linker,==
*C1N2C(=*)c3ccccc3C2SC1(*)*,398,4,Ring,-=--
*C=CC(=O)N*,397,2,Linker,--
*CCSC,397,1,Sub,-
*OCC(=O)OC,395,1,Sub,-
*c1c(*)c(=*)c(*)c(*)c1=*,394,6,Ring,--=--=
*C1CCCC1*,392,2,Ring,--
*C=CC*,392,2,Linker,--
*OC=O,390,1,Sub,-
*c1ccc2c(c1)c(*)cn2*,388,3,Ring,---
*C(=O)NC,388,1,Sub,-
*COC*,386,2,Linker,--
*c1ccsc1,385,1,Ring,-
*C1CC2(*)C3C(*)C1CC3C13C(*)CCC4(*)CN(*)C1C2(*)C(*)C43,385,8,Ring,--------
*C(=O)CC(*)*,385,3,Linker,---
*OCC(N)=O,385,1,Sub,-
*C1=Nc2ccccc2C(=*)N1*,384,3,Ring,-=-
*CCC(C)=CC(=O)O,383,1,Sub,-
*OCC(=O)O,383,1,Sub,-
*n1cccc1,382,1,Ring,-
*C=CC(C)=O,382,1,Sub,-
*C1CCC2(*)C3=CCC4(*)C(*)CCC4C3CC(*)C2C1,380,5,Ring,-----
*C1=CC2OC(=*)C(=*)C2C(*)C(*)C(*)=CCC1,379,6,Ring,-==---
*C1CCC2(*)C(CC=C3C4CCC(*)C4(*)CCC32)C1,378,4,Ring,----
*C1CNC(=*)C2C(CCN2*)N1*,376,4,Ring,-=--
*CN(C)C*,376,2,Linker,--
*C1CC(*)(*)C2(*)OC2(*)C1,374,5,Ring,-----
*NC(=O)OC,374,1,Sub,-
*c1nc(*)c(*)s1,373,3,Ring,---
*C1CC(*)C1(*)*,373,4,Ring,----
*c1ccc2c(ccn2*)c1,368,2,Ring,--
*C1OCC(=*)N(*)C1*,368,4,Ring,-=--
*C1COCCN1*,368,2,Ring,--
*N1CCCCCC1,367,1,Ring,-
*c1coc(*)n1,367,2,Ring,--
*C1CCC(=*)C(*)C1(*)*,366,5,Ring,-=---
*C1CCC2(*)C(C1)CC(*)C1C2CC(*)C2(*)C(*)CCC12,366,6,Ring,------
*c1ccc(*)[nH]1,366,2,Ring,--
*c1cc2c(cc1*)C(*)NCC2,366,3,Ring,---
*C(O)C(=O)O,366,1,Sub,-
*C(O)O,366,1,Sub,-
*CC(O)CO,364,1,Sub,-
*N1C=Nc2ccccc2C1=*,363,2,Ring,-=
*C(O)CCCCCCCCCCCC,363,1,Sub,-
*C1CCC2(*)C(CCC3C2CCC2(*)C(*)C(*)CC32*)C1,362,6,Ring,------
*C(C)C(O)C(*)C,362,2,Linker,--
*C1CCC(*)(*)C1(*)*,361,5,Ring,-----
*C1CCC(=*)O1,361,2,Ring,-=
*C1CCC2(*)C(=CCC3C2CCC2(*)C(*)C(*)CC32)C1,360,5,Ring,-----
*c1cc(*)c2c(c1*)OC(*)C(*)C2*,359,6,Ring,------
*C1=COC(*)C2C1CC(*)C2*,359,4,Ring,----
*C1=CCCCC1,359,1,Ring,-
*C1=CC(=*)Oc2c1ccc1c2CN(*)CO1,359,3,Ring,-=-
*C1CCC(=*)C1*,358,3,Ring,-=-
*C(O)C(*)(C)O,358,2,Linker,--
*C1(*)COC1,357,2,Ring,--
*C1CCC2C(C=CN3CNCC23)C1,357,1,Ring,-
*CCC(C)CC(=O)O,357,1,Sub,-
*CC(*)C(O)CO,356,2,Linker,--
*C1=CC(=*)C2(Oc3c(*)c(*)cc(*)c3C2=*)C(*)C1,355,7,Ring,-=---=-
*C(=O)COC,352,1,Sub,-
*COC(=O)CC(C)(O)CC(=O)O,351,1,Sub,-
*S,351,1,Sub,-
*CC(O)C(=C)C,351,1,Sub,-
*C1CCC(=*)N1,349,2,Ring,-=
*c1ncccn1,349,1,Ring,-
*C1=COc2cc(*)c(*)c(*)c2C1=*,347,5,Ring,----=
*C1CC=CC(=*)O1,346,2,Ring,-=
*C1CCC2(*)C3=CCC4C(*)(*)C(=*)CCC4(*)C3CCC12*,345,7,Ring,----=--
*C1OC(=*)c2ccccc21,344,2,Ring,-=
*N1C(=*)c2c(ncn2*)N(*)C1=*,342,5,Ring,-=--=
*CCC(*)C,342,2,Linker,--
*C#C*,342,2,Linker,--
*C(=O)OCCCC,342,1,Sub,-
*N1CCN2C(=*)N(*)CC2C1,341,3,Ring,-=-
*C(C)(C)OC(C)=O,341,1,Sub,-
*C1=CC(=*)OC(*)=C1,340,3,Ring,-=-
*c1nc(*)n(*)n1,339,3,Ring,---
*C1=NC2(CCN(*)CC2)NC(*)C1,338,3,Ring,---
*OC(C)C(=O)OC,338,1,Sub,-
*c1cc[nH+]c(*)c1,337,2,Ring,--
*CCCNC(*)=O,337,2,Linker,--
*c1cc(*)nc(*)c1,336,3,Ring,---
*CCC(=C)C=C,336,1,Sub,-
*C1CCC2(*)CCC3(*)C(=CCC4C5(*)CCC(*)C(*)(*)C5CCC43*)C2C1(*)*,334,10,Ring,----------
*CCNC(=O)CO*,334,2,Linker,--
*C(=O)OC(C)C,333,1,Sub,-
*c1oc(*)c(*)c1*,332,4,Ring,----
*C1NC(=*)C(*)NC1=*,331,4,Ring,-=-=
*C1=C(*)C(=*)C(*)=C(*)O1,331,5,Ring,--=--
*C1CC(=*)N(*)C1,330,3,Ring,-=-
*N1CCC2(*)CCCCC2C1,330,2,Ring,--
*CCN*,330,2,Linker,--
*C1C(*)C(*)(*)CCN1*,329,5,Ring,-----
*C1=C(*)c2cc3c(*)c(*)oc3c(*)c2OC1=*,329,6,Ring,-----=
*c1cc2c(c(*)c1*)-c1c(cc(*)c(*)c1*)C(=*)OC(*)C(*)COC2=*,328,10,Ring,------=--=
*[N+]#[C-],328,1,Sub,-
*N1C(=*)C2CC(CN2*)Oc2ccccc21,327,3,Ring,-=-
*C1CCC(*)(*)C1,327,3,Ring,---
*C1=C(*)c2c(*)cc3c(c2OC1=*)CCC(*)(*)O3,326,6,Ring,---=--
*OC(*)C,326,2,Linker,--
*C1=CC(=*)Oc2ccc(*)cc21,324,3,Ring,-=-
*C1=CC(*)=C(*)C(=*)N1*,323,5,Ring,---=-
*OC(=O)CCCCCCCCCCC,323,1,Sub,-
*n1c(=*)ccc1=*,321,3,Ring,-==
*COC(=O)CC(C)C,321,1,Sub,-
*N1CCN2C(C1)CN(*)CC2(*)*,320,4,Ring,----
*N1C(=*)N2CCc3c([nH]c4ccccc34)C2(*)C1=*,320,4,Ring,-=-=
*c1ccc2c(c1)C1(NC(*)C3C(=*)N(*)C(=*)C31)C(=*)N2,318,6,Ring,--=-==
*C1CCC(*)(*)C(*)C1,317,4,Ring,----
*C1CN2C(=*)CN(*)C(=*)C2(*)c2[nH]c3ccccc3c21,317,5,Ring,-=-=-
*OCCCO,317,1,Sub,-
*c1c(*)c(*)c2c(c1*)COC2=*,316,5,Ring,----=
*C(C)(O)CO,316,1,Sub,-
*N1CCCC1=*,315,2,Ring,-=
*C(C)CCC(=O)OC,315,1,Sub,-
*C1CCC(*)(*)OC1(*)*,314,5,Ring,-----
*c1cncnc1,313,1,Ring,-
*c1ccc2ccccc2c1*,313,2,Ring,--
*CCC(C)(C)O,313,1,Sub,-
*C1C=CC(*)C1,312,2,Ring,--
*C1C(=*)N(*)C2CN(*)CC12,312,4,Ring,-=--
*CCC(*)O,312,2,Linker,--
*n1c(=*)c2ccccc2c1=*,311,3,Ring,-==
*C1=CC(*)C(*)C(*)C1*,310,5,Ring,-----
*NC(=S)N*,310,2,Linker,--
*OC(=O)CCCCC,310,1,Sub,-
*OC(C)C(=O)OCC,308,1,Sub,-
*C1=CCC(*)OC1=*,306,3,Ring,--=
*C1=C(*)C(=*)c2ccc(*)c(*)c2O1,306,5,Ring,--=--
*c1cnc(*)[nH]1,306,2,Ring,--
*c1cccc(*)n1,305,2,Ring,--
*N1CC2COCCN2C2(C1)CN(*)C2,305,2,Ring,--
*C(=*)O,305,2,Linker,-=
*C(CCO)COC,305,1,Sub,-
*CC(=O)OCC,305,1,Sub,-
*C(=O)COC(C)=O,305,1,Sub,-
*C1CC(=*)N(*)C1=*,304,4,Ring,-=-=
*C1CCC2(*)C(=*)CCCC2C1(*)*,304,5,Ring,--=--
*C1=CC(*)C2(*)COC(*)C1C2*,302,5,Ring,-----
*C1CC(*)(*)CCO1,302,3,Ring,---
*c1c(*)c(*)c2c(c1*)OC(*)CC2=*,302,6,Ring,-----=
*c1cc2c(c(*)c1*)C(=*)OC(*)CCCC(=*)CCCC=C2,302,6,Ring,---=-=
*c1c2c(cc3c1C(*)[N+](*)(*)CC3)OCO2,301,4,Ring,----
*C1=C(*)c2cc(*)ccc2OC1=*,301,4,Ring,---=
*C(C)CCC(O)C(C)(C)O,301,1,Sub,-
*S(N)(=O)=O,300,1,Sub,-
*c1cc(=*)oc1=*,299,3,Ring,-==
*CCNC(=O)CC(*)*,299,3,Linker,---
*c1cc2ccccc2[nH]1,298,1,Ring,-
*C1CCCC2(*)CC3OC(=*)C(*)C3C=C12,297,4,Ring,--=-
*c1ccc2c(c1)c(*)c(*)n2*,297,4,Ring,----
*C1=C(*)c2cc(*)c(*)cc2OC1=*,297,5,Ring,----=
*N1CC2OCC(=*)N(*)C2C1,297,3,Ring,-=-
*C=NN*,297,2,Linker,--
*C=CC=CC,297,1,Sub,-
*OCNC,297,1,Sub,-
*C1CC2C(CC(=*)N2*)C1*,296,4,Ring,-=--
*C1OC2=C(C(=*)Oc3ccccc32)C1*,295,3,Ring,-=-
*c1cc(*)c2c(=*)c3c(*)c(*)c(*)cc3c(=*)c2c1,294,7,Ring,--=---=
*C1CCC2C(*)C(*)OC3OC4(*)CCC1C32OO4,293,4,Ring,----
*c1cc(*)c(*)cn1,292,3,Ring,---
*C=NNC(*)=O,292,2,Linker,--
*COC(=O)N*,292,2,Linker,--
*C=CC(=O)OC,291,1,Sub,-
*CNC(=O)C(*)C,290,2,Linker,--
*C1CC2(*)C(CCC3(*)C2CC=C2C4C(*)(CCC(*)C4(*)*)CCC23*)C(*)(*)C1*,289,11,Ring,-----------
*CCOC(*)=O,289,2,Linker,--
*CCCCCCCCC,289,1,Sub,-
*C1CCC2(*)C(=CCC3C2CCC2(*)C3CC3OC(*)(*)C(*)C32)C1,288,6,Ring,------
*C1CC(*)C(*)(*)OC1*,288,5,Ring,-----
*C1C(=*)C(=*)C(=*)N1*,288,5,Ring,-===-
*C1OC2OC(*)(*)OC2C2OC(*)(*)OC12,288,5,Ring,-----
*C1CCC2(*)C(C1)CC(*)C1C3CCC(*)C3(*)CCC12,286,5,Ring,-----
*c1ccc[n+](*)c1,285,2,Ring,--
*C1=C(*)N2C(=*)C(*)C2SC1,285,4,Ring,--=-
*C1=COc2ccc(*)cc2C1=*,285,3,Ring,--=
*CC=CCC,285,1,Sub,-
*=CCCC,285,1,Sub,=
*C1COCC(=*)N1*,284,3,Ring,-=-
*c1nc2c(n1*)C(=*)NC(=*)N2*,284,5,Ring,--==-
*C1CCC2C(*)(*)C(*)CCC2(*)C1*,284,6,Ring,------
*CN(CC)CC,284,1,Sub,-
*CCN=C(N)N,283,1,Sub,-
*C#CC,283,1,Sub,-
*C1CCC(*)C(*)N1,282,3,Ring,---
*c1ncc(*)c(*)n1,282,3,Ring,---
*C1CCC2C3CCC4CC(=*)CCC4(*)C3CCC12*,282,4,Ring,-=--
*N1C(=*)c2ccccc2N2C(=*)c3ccccc3C12,282,3,Ring,-==
*C(O)C(=O)OC,282,1,Sub,-
*C=CCO*,281,2,Linker,--
*OC(=O)CCC(=O)O,281,1,Sub,-
*C(=O)NCCOC,281,1,Sub,-
*c1coc(*)c1,280,2,Ring,--
*C1C=CC(=*)OC1*,280,3,Ring,-=-
*N1CCCC2=CC3CC(CN4CCCCC34)C21,280,1,Ring,-
*OCC=C,280,1,Sub,-
*C1CCN(*)C1*,279,3,Ring,---
*c1cc(*)c2ccccc2n1,279,2,Ring,--
*C1=C(*)c2ccccc2OC1=*,279,3,Ring,--=
*C1C(*)C2(*)C(CC1(*)*)C1=CCC3C4(*)CCC(*)C(*)(*)C4CCC3(*)C1(*)C(*)C2*,279,13,Ring,-------------
*C1=C(*)C(=*)c2cc(*)c(*)cc2O1,278,5,Ring,--=--
*N1Cc2ccccc2C1=*,278,2,Ring,-=
*C1=CCC(*)C(*)=CC2OC(=*)C(=*)C2C(*)C1,277,6,Ring,---==-
*CCCC(C)C,277,1,Sub,-
*c1[nH]c(*)c(*)c1*,276,4,Ring,----
*C1CC1(*)*,275,3,Ring,---
*C=C(*)C,275,2,Linker,--
*C=CC(C)O,275,1,Sub,-
*C1=CC(=*)Oc2c3c(cc(*)c21)OC(*)(*)CC3,274,5,Ring,-=---
*c1ccc2c(c1)OC(*)C(*)C2*,274,4,Ring,----
*C1CC2CN(*)C(*)C(=*)N2C1,273,4,Ring,---=
*C1C(*)C(*)C1*,272,4,Ring,----
*C1=CC(=*)CC(*)N1,271,3,Ring,-=-
*c1cc(*)c2c(c1)C1(NC(*)C3C(=*)N(*)C(=*)C31)C(=*)N2,271,7,Ring,---=-==
*C1CC2CCC1(*)C2(*)*,271,4,Ring,----
*C(=C)C=O,271,1,Sub,-
*c1cccc2c1NC(=*)C21NC(*)C2C(=*)N(*)C(=*)C21,270,6,Ring,-=-=-=
*C1CCC2(*)C3CCC4(*)C(*)CCC4(*)C3=CCC2C1(*)*,270,7,Ring,-------
*c1nc(*)c(*)o1,270,3,Ring,---
*OO*,270,2,Linker,--
*c1ccc2c(c1)=CCN=2,269,1,Ring,-
*N(CC)CC,269,1,Sub,-
*CNC(C)=O,269,1,Sub,-
*C1C(=*)N2C1SC(*)(*)C2*,268,5,Ring,-=---
*c1ccc2cc(*)ccc2c1,268,2,Ring,--
*OC(C)C(*)O,268,2,Linker,--
*=CCO,266,1,Sub,=
*C1CC(*)(*)CC1*,265,4,Ring,----
*C1C(=*)OC2CC3=CCCC(*)C3(*)C(*)C21,265,5,Ring,-=---
*C1OC(=*)C(=*)C1*,265,4,Ring,-==-
*C1=C(*)C(=*)CC1,265,3,Ring,--=
*C1N2CC3(*)CN1CC(*)(C2)C3*,265,4,Ring,----
*c1ccc2c(c1*)NC(=*)C21NC(*)C2C(=*)N(*)C(=*)C21,265,7,Ring,--=-=-=
*C1=C(*)C(=*)N(*)C(=*)N1,265,5,Ring,--=-=
*CCC(C)O,265,1,Sub,-
*CCCCCCCCCCC,264,1,Sub,-
*C1=CN(*)C(=*)NC1=*,263,4,Ring,--==
*c1cc2oc(*)c(*)c2cc1*,263,4,Ring,----
*c1ccc(*)c(*)n1,263,3,Ring,---
*CC(O)C(C)(C)O,263,1,Sub,-
*CNC(=S)N*,262,2,Linker,--
*C(O)CCCCCCCCCC,262,1,Sub,-
*C1C(*)C1(*)*,261,4,Ring,----
*c1cc(*)c2c(*)c(*)c(*)cc2c1,261,5,Ring,-----
*C1CCC2(C(*)C(=*)CCC2(*)*)C1*,261,6,Ring,--=---
*C1CCCN1,261,1,Ring,-
*C1c2[nH]c3ccccc3c2CCN1*,259,2,Ring,--
*C1=CC(=*)CC(*)(*)C1*,258,5,Ring,-=---
*c1ccc2c(c1)OCCCO2,258,1,Ring,-
*C1=CC(=*)Oc2c1cc1c(c2*)OCN(*)C1,258,4,Ring,-=--
*C1CNCN1,257,1,Ring,-
*C12CC3CC(CC(C3)C1)C2,257,1,Ring,-
*CC(NC(*)=O)C(=O)OC,257,2,Linker,--
*C1CC2(*)C(*)CC3(*)C(=CCC4C5(*)CCC(*)C(*)(*)C5CCC43*)C2CC1(*)*,256,11,Ring,-----------
*C1=CCN=C1,256,1,Ring,-
*C1CC2C(=*)N(*)C(=*)C3(CN(*)C3)N2C1,255,5,Ring,-=-=-
*c1ccc2nc(*)[nH]c2c1,255,2,Ring,--
*C1NCCc2c1[nH]c1ccccc21,255,1,Ring,-
*C1CCS(=*)(=*)C1,254,3,Ring,-==
*C1=CC2(CC(*)=NO2)C(*)C(*)=C1*,254,5,Ring,-----
*C1=C(*)C(*)=C(*)C(=*)O1,253,5,Ring,----=
*C(O)CC,253,1,Sub,-
*c1c2c(c(*)c3c1OCO3)CN(*)CC2,252,3,Ring,---
*CNC(=O)CC(*)*,252,3,Linker,---
*OC(=O)CCCCCCCCC,252,1,Sub,-
*CCC=C(C)CCC=C(C)C,252,1,Sub,-
*c1ccc2[nH]c3c(c2c1)CN(*)CC3,251,2,Ring,--
*C1Cc2[nH]cnc2CN1*,251,2,Ring,--
*NC=*,251,2,Linker,-=
*=c1ccc(=*)cc1,250,2,Ring,==
*C(=N)N,250,1,Sub,-
*C1=C(*)C(=*)c2c(*)c(*)c(*)c(*)c2O1,249,7,Ring,--=----
*C1=CC(*)CC1,249,2,Ring,--
*C1CC2OC(*)C(*)C2O1,249,3,Ring,---
*C1=CC(=*)OC(*)=C1*,248,4,Ring,-=--
*C1=COc2ccccc2C1=*,247,2,Ring,-=
*C1CC(*)C2C(NC(=*)N2*)C1*,247,5,Ring,--=--
*c1ccc2c(c1)OC(*)C(*)O2,247,3,Ring,---
*C(=O)N(C)C,247,1,Sub,-
*C=CC(C)O*,246,2,Linker,--
*CC=CC#C,246,1,Sub,-
*OC(=O)CCCCCCC,246,1,Sub,-
*C1=C(*)C(*)(*)OC1=*,245,5,Ring,----=
*COC(=O)C(C)C,245,1,Sub,-
*C1CCC(=*)N(*)C(=*)C(=*)NC(*)C(=*)NC(*)C(=*)NC(*)C(*)C(=*)NC(*)C(=*)NC(*)C(*)C(=*)N1,244,17,Ring,-=-==-=-=--=-=--=
*c1ccc2c(c1)C(*)C(*)O2,243,3,Ring,---
*C1=CC(=*)c2c(*)cc3c(c2O1)C(*)CC(=*)O3,243,5,Ring,-=--=
*C1C(=*)OC2CC3(*)CCCC(*)C34OC4C21,242,4,Ring,-=--
*C1COC(=*)C1=*,242,3,Ring,-==
*NC(=O)CC(C)(C)C,242,1,Sub,-
*c1ccc2c(c1)CCO2,241,1,Ring,-
*c1ccc2c(c1)NC(=*)CN1CCN(*)CC1CO2,241,3,Ring,-=-
*c1ccc2c(c1)C(=*)N1CCN(*)CC1C(=*)N2,240,4,Ring,-=-=
*c1ccc2c(c1)CC(*)O2,240,2,Ring,--
*C1C=CCC(*)C1,239,2,Ring,--
*NN=*,239,2,Linker,-=
*N1CCc2[nH]c3ccccc3c2C1,238,1,Ring,-
*C1=CN=CC1,238,1,Ring,-
*C1=NC=CC1,237,1,Ring,-
*c1nnc(*)s1,237,2,Ring,--
*c1cc(*)c2c(c1)C(*)c1cccc(*)c1C2=*,237,5,Ring,----=
*COC(=O)C(C)CC,237,1,Sub,-
*C1COCCN(*)C1,236,2,Ring,--
*OC(=O)C(C)(C)C,236,1,Sub,-
*C1(*)CC23CCC4C(*)(*)CCCC4(*)C2CCC1C3,235,5,Ring,-----
*N1CCC2CC(=*)N(*)CCC2C1,235,3,Ring,-=-
*CN(*)C,234,2,Linker,--
*CNC(=O)COC,234,1,Sub,-
*CC=C(C)CO,234,1,Sub,-
*OC(=O)C(=C)CO,234,1,Sub,-
*N1C(=*)CCC1=*,233,3,Ring,-==
*=CC(=O)OC,233,1,Sub,=
*c1cc(*)c2c(c1)OC(*)(*)CC2=*,232,5,Ring,----=
*c1ccc2[nH]c(*)c(*)c2c1,232,3,Ring,---
*C1COC(*)(*)O1,232,3,Ring,---
*CCC(C)O*,232,2,Linker,--
*CC#N,232,1,Sub,-
*C(=O)OCCOC,232,1,Sub,-
*c1ccc2c(*)c(*)oc2c1,231,3,Ring,---
*c1nc(*)nc(*)n1,231,3,Ring,---
*CCOC(=O)C*,231,2,Linker,--
*C1C=C2C(*)OC(*)C23C(*)CC(*)C(*)(*)C3C1,230,7,Ring,-------
*c1cn(*)cn1,230,2,Ring,--
*c1ccc2ccn(*)c2c1,230,2,Ring,--
*C1CC2(*)C(CCC2(*)*)C2CCC3=CC(=*)C=CC3(*)C12,230,6,Ring,----=-
*C(=O)CC(C)(C)C,230,1,Sub,-
*c1cc(*)c2c(=*)c3c(*)cc(*)cc3c(=*)c2c1,229,6,Ring,--=--=
*C(C)CC(=O)C=C(C)C,229,1,Sub,-
*c1cc2c(cc1*)C(=*)N(*)C=N2,227,4,Ring,--=-
*c1ccc2c3c(=*)c4ccccc4c=3n(*)c(=*)c2c1*,227,5,Ring,-=-=-
*C(=N)NC,227,1,Sub,-
*OCC=C(C)CCC=C(C)C,227,1,Sub,-
*C1CCC2(*)C(CCC3C2CCC2(*)C3CC3OC(*)(*)C(*)C32)C1,226,6,Ring,------
*C1=CCN2CCC(*)C12,226,2,Ring,--
*C1=CC2C(=*)C3(C=C(*)C(*)C3(*)C1*)C(*)CC1C2C1(*)*,226,9,Ring,-=-------
*OC(CCC(*)C)C(C)C,226,2,Linker,--
*c1c(*)c(*)c2c(*)cccc2c1*,225,5,Ring,-----
*C1=C(*)C(*)(*)C(*)=C(*)C1=*,225,7,Ring,------=
*C1CC(*)(*)C(=*)C(*)(*)C1,225,6,Ring,---=--
*C1CCC2(*)C(=CCC3(*)C2CC(*)C2(*)C(*)CCC32*)C1,225,7,Ring,-------
*C1=Cc2ccc(*)c(*)c2OC1=*,225,4,Ring,---=
*CC(CC=C(C)C)C(=C)C,225,1,Sub,-
*CBr,225,1,Sub,-
*OCCCCC,225,1,Sub,-
*C1CCCC(*)(*)C1,224,3,Ring,---
*C1COc2ccccc2O1,224,1,Ring,-
*C1=COc2c(ccc3c2CN(*)CO3)C1=*,224,3,Ring,--=
*C1CCCCCC1,224,1,Ring,-
*C(C)C(=O)OC,224,1,Sub,-
*C=CC(C)=CC(C)CC,224,1,Sub,-
*N1CCN2C(=*)N(*)C(=*)C2C1,223,4,Ring,-=-=
*C1=C2C(*)C(=*)C3(*)C(*)CC4OCC4(*)C3C(*)C(*)(CC1*)C2(*)*,223,11,Ring,--=--------
*C1COC(=*)C1,223,2,Ring,-=
*C(*)CC(N)=O,223,2,Linker,--
*C1=CC(*)C(*)C(*)CC(*)=CC=CC(*)C(*)OC(=*)C(*)=C1,222,9,Ring,-------=-
*C(=O)NCC(*)*,222,3,Linker,---
*CCCCCC*,222,2,Linker,--
*CCCC(=O)O,222,1,Sub,-
*C(C)OC,222,1,Sub,-
*C1OC(*)C(*)(*)C1*,221,5,Ring,-----
*c1cncn1*,221,2,Ring,--
*C1Cc2c([nH]c3ccccc23)C(*)N1,221,2,Ring,--
*C1=C(*)C(*)NC(=*)N1,221,4,Ring,---=
*c1nccc2c1[nH]c1ccccc12,221,1,Ring,-
*C1CCC2(*)C(CCC3C4CCC(=*)C4(*)CCC32)C1,221,4,Ring,--=-
*C=CC=O,221,1,Sub,-
*C1CCNC(*)C1,220,2,Ring,--
*C1C(=*)OC2C(*)C(*)C3(*)C(*)C(*)C4C(*)C3(OC4(*)COC(=*)c3cccnc3C1*)C2(*)*,220,13,Ring,-=-------=---
*c1cc(*)c2c(c1)COCO2,220,2,Ring,--
*OC(=O)C(=CC)CO,220,1,Sub,-
*C1=NC2=C(C(=*)N1*)C1(CCCCC1)Cc1ccccc12,219,3,Ring,-=-
*C(=O)NC(C(=O)O)C(C)CC,219,1,Sub,-
*C(=O)OCCC,219,1,Sub,-
*CNCC(C)O,219,1,Sub,-
*C1CCC2(*)C3CC(=*)C(=*)C3(*)CCC2C1(*)*,218,7,Ring,--==---
*C1CCC2(*)C(=CCC3C2CCC2(*)C3CCC2(*)*)C1,218,5,Ring,-----
*C1CC(*)CN(*)C1,218,3,Ring,---
*c1ncc[nH]1,218,1,Ring,-
*CC=C(C)CC*,218,2,Linker,--
*c1cc2c(c(*)c1*)-c1c(cc(*)c(*)c1*)C(=*)OC1C(COC2=*)OC(*)C2OC(=*)c3cc(*)c(*)c(*)c3-c3c(cc(*)c(*)c3*)C(=*)OC21,217,17,Ring,------==-=------=
*C1=CC(*)CC(*)(*)C1*,217,5,Ring,-----
*c1cc2c(c(*)c1*)-c1c(*)c(*)c(*)c3c1C(=*)OC(C(*)OC2=*)C3*,217,10,Ring,------=-=-
*C1=CN(*)C(=*)c2ccccc21,217,3,Ring,--=
*n1cc2cc[nH]c2c1,217,1,Ring,-
*C1=Cc2cccc(*)c2OC1=*,216,3,Ring,--=
*C1CC2CCC(C1)N2*,216,2,Ring,--
*CCN(C)C*,216,2,Linker,--
*C(=O)NC(C)C(=O)O,216,1,Sub,-
*OCCOC,216,1,Sub,-
*C1SCC2NC(=*)NC21,215,2,Ring,-=
*c1ccc2c(c1)NC1(CCN(*)CC1)c1cccn1-2,215,2,Ring,--
*C1CCC2(*)C3CCC4(*)C(*)CCC4C3CC(*)C2(*)C1,215,6,Ring,------
*CC=C(C)C(=O)O,215,1,Sub,-
*C1CCC2(*)C(CCC3C2CCC2(*)C3CCC2(*)*)C1,214,5,Ring,-----
*c1cccc2[nH]ccc12,214,1,Ring,-
*C1NC(=*)C(*)C(*)Oc2ccc(cc2)C=CNC1=*,214,5,Ring,-=--=
*CC(NC(=O)CO*)C(=O)O,214,2,Linker,--
*CC(=O)NC(C*)C(=O)O,214,2,Linker,--
*C(C)CCC(=CC)C(C)C,214,1,Sub,-
*c1ccc2c(c1)OC(*)CC2=*,212,3,Ring,--=
*C1=CC(*)C(*)CC1,212,3,Ring,---
*C1CCC2(*)C(=CC(*)C3C2CCC2(*)C(*)CCC32)C1,211,5,Ring,-----
*C1CC2CC(*)C(C1)N2*,210,3,Ring,---
*C1=C(*)c2c(cc(*)c3c(*)coc23)OC1=*,210,5,Ring,----=
*c1c(*)c(=*)c2ccccc2c1=*,210,4,Ring,--==
*c1ccc2c(c1)C(=*)N1CCC(*)C1C(=*)N2,209,4,Ring,-=-=
*c1c(*)c(=*)[nH]c1=*,209,4,Ring,--==
*C1CCC2(*)C(CCC3C2CC(*)C2(*)C(*)CCC32)C1,208,5,Ring,-----
*C1C2=C(CN(*)C2=*)Nc2cccc3c2c1cn3*,208,4,Ring,--=-
*C1C(=*)CCCC1(*)*,208,4,Ring,-=--
*C1(*)CCC(=*)O1,208,3,Ring,--=
*N1COc2ccc3c(=*)c(=*)oc3c2C1,208,3,Ring,-==
*C(C)C=CCC(C)C,208,1,Sub,-
*CCCC(C)CCCC(C)CCCC(C)C,208,1,Sub,-
*C1CCC(*)C1(*)*,207,4,Ring,----
*c1cc(*)c2c(*)c(*)c(*)c(*)c2c1,207,6,Ring,------
*C1=COC(*)C2C(*)=CCC12,207,3,Ring,---
*C1CCN(*)C(*)C1,207,3,Ring,---
*NC(=O)C(*)C,207,2,Linker,--
*c1cc2c(cc1*)C(*)C#CC1(CCC(*)CC1*)C(=*)CC2,206,6,Ring,-----=
*C1CCC(*)(*)C1*,206,4,Ring,----
*OC(=O)C(C)=CCCC(C)(C=C)O*,206,2,Linker,--
*C(O)C(C)C,206,1,Sub,-
*c1cc(*)[nH]n1,205,2,Ring,--
*C1CCC(*)(*)OO1,205,3,Ring,---
*CCC(C)C(O)C(*)C,205,2,Linker,--
*C(=COC)C(=O)OC,205,1,Sub,-
*C(C)N,205,1,Sub,-
*C(O)C(C)(C)O,205,1,Sub,-
*C1CCC2(*)C(CCC3(*)C2C=CC24OCC5(CCC(*)(*)CC52)C(*)CC34*)C1(*)*,204,9,Ring,---------
*C1C(*)C2(*)CCC3(*)C(=CCC4C5(*)CCC(*)C(*)(*)C5CCC43*)C2CC1(*)*,204,11,Ring,-----------
*C(=O)CCC(=O)O,204,1,Sub,-
*COC(N)=O,204,1,Sub,-
*O[Si](C)(C)C,204,1,Sub,-
*C1=COc2c(*)c(*)cc(*)c2C1=*,203,5,Ring,----=
*C1CCSS1,203,1,Ring,-
*C1OCC2OC(*)C(*)C(*)C2O1,203,4,Ring,----
*C1NC(=*)C2NCN(*)C2N1,203,3,Ring,-=-
*C(=O)NC(*)C,203,2,Linker,--
*=C(O)C=CC=CC,203,1,Sub,=
*c1ccc2c(c1*)C(=*)N1c3ccccc3C(=*)N(*)C21,202,5,Ring,--==-
*c1cc2c3c(oc(=*)c4cc(*)c(*)c(oc2=*)c4-3)c1*,202,6,Ring,-=--=-
*N=C,202,1,Sub,-
*C=CC(C)(C)O,202,1,Sub,-
*C(=O)OC(*)C,201,2,Linker,--
*C1=C(*)C(*)C2=C(CCCC2=*)N1,200,4,Ring,---=
*C1=CC(*)C(*)C(*)O1,200,4,Ring,----
*C1CCCC(*)CN(*)C(=*)C1,200,4,Ring,---=
*C1CCC(*)C1*,200,3,Ring,---
*OCC(O)CC=O,200,1,Sub,-
*C1CCCC1(*)*,199,3,Ring,---
*CNCC,199,1,Sub,-
*C1=CC(=*)c2c(cc3c(c2*)CC(*)C(*)(*)O3)O1,198,6,Ring,-=----
*C1=C(*)C2(*)C3C(=*)N(*)C(=*)C3C1C1C(=*)N(*)C(=*)C12,198,9,Ring,---=-==-=
*C1=COC(*)C2C(*)=CC(*)C12,198,4,Ring,----
*C=CC(*)C,198,2,Linker,--
*OC(C)C(*)=O,198,2,Linker,--
*CCCO*,198,2,Linker,--
*NC(=O)C(C)C,198,1,Sub,-
*C=NO,198,1,Sub,-
*c1cccc2[nH]cc(*)c12,197,2,Ring,--
*C1OC2OC(*)(*)OC2C1*,197,4,Ring,----
*N1C(=*)NC2CCN(*)C2C1=*,197,4,Ring,-=-=
*C(C)CC(=O)CC(C)C(=O)O,197,1,Sub,-
*C1CC23CCC4C(*)(*)CCCC4(*)C2CCC1C3,196,4,Ring,----
*c1cc2c(c(*)c1*)CC(*)C(*)O2,195,5,Ring,-----
*c1nc2ccccc2o1,195,1,Ring,-
*c1ccc2c(c1)CCC1C(*)(*)CCCC21*,195,4,Ring,----
*N=C=S,195,1,Sub,-
*CNC(=O)NC(C)C,195,1,Sub,-
*CC=CCCCC(=O)O,195,1,Sub,-
*C1CC2(*)C(CCC3(*)C2CC=C2C4C(*)C(*)(*)CCC4(*)CCC23*)C(*)(*)C1*,194,11,Ring,-----------
*CNC(=O)C(C)O*,194,2,Linker,--
*NC(=N)N,194,1,Sub,-
*OCC(=O)OCC,194,1,Sub,-
*C1Cc2ncn(*)c2CN1*,193,3,Ring,---
*c1nc2c(c(=*)n1)=NC=[N+]2*,193,3,Ring,-=-
*c1ccc2oc(*)cc2c1,193,2,Ring,--
*n1cccn1,193,1,Ring,-
*c1n[nH]c(*)n1,193,2,Ring,--
*C(*)OC,193,2,Linker,--
*C1=CCCC(*)(*)C1*,192,4,Ring,----
*NC(*)=S,192,2,Linker,--
*CC(O)CC,192,1,Sub,-
*C1=CC(*)C2C=COC(*)C12,191,3,Ring,---
*C1CC(=*)NC(=*)C1,191,3,Ring,-==
*C1CCC2(*)C(C1)C(=*)C=C1C2CCC2(*)C(*)CCC12*,191,6,Ring,--=---
*S(=O)(=O)[O-],191,1,Sub,-
*CC=C(C)CCC=C(C)CCC=C(C)C,191,1,Sub,-
*C1CCC2(NC1)OC1CC3C4CC=C5CC(*)CCC5(*)C4CCC3(*)C1C2*,190,5,Ring,-----
*C1CN(*)C(*)C1*,190,4,Ring,----
*c1nc(*)c(*)c(*)c1*,190,5,Ring,-----
*c1cn2c(n1)COC(*)C2,190,2,Ring,--
*c1nc(*)c(*)c(*)n1,189,4,Ring,----
*N1CCSCC1,189,1,Ring,-
*[N+]1=CC2=CC=NC2=C1,189,1,Ring,-
*C1CCC2(*)C(CCC3(*)C2CC=C2C4CC(*)(*)CC(*)C4(*)C(*)CC23*)C1(*)*,189,11,Ring,-----------
*C12CCC(=*)C=C1CCC1C2C(=*)CC2(*)C1CCC2(*)*,189,6,Ring,-==---
*SCC(*)=O,189,2,Linker,--
*CNS(C)(=O)=O,189,1,Sub,-
*CN=C(N)N,189,1,Sub,-
*C(O)C(C)O,189,1,Sub,-
*C1Cc2c([nH]c3ccccc23)C2c3ccccc3C(=*)N12,188,2,Ring,-=
*c1cc2c(c(*)c1*)OCO2,188,3,Ring,---
*C(=O)OCC(C)C,188,1,Sub,-
*C1CCC2(*)CCC3(*)C(=CCC4C5(*)CC(*)C(*)C(*)(*)C5CCC43*)C2C1*,187,10,Ring,----------
*c1cc2c(=*)c3c(*)c(*)cc(*)c3c(=*)c2c(*)c1*,187,8,Ring,-=---=--
*C1CC(*)(*)C2CC(*)(*)CCC12*,187,6,Ring,------
*OC(*)*,187,3,Linker,---
*C(C)CC=CC(C)(C)O,187,1,Sub,-
*OC(C)C(=O)O,187,1,Sub,-
*c1ccc2c(c1)C(=*)N1CCC(*)CC1C(=*)N2,186,4,Ring,-=-=
*c1cc(*)c2c(c1)C(*)C(*)CO2,186,4,Ring,----
*c1cc2c(cc1*)CC(=*)N(*)C=C2,186,4,Ring,--=-
*C1OC(=*)C2OC23C1(*)CCC1C24COC(=*)CC2OC(*)(*)C4C(=*)C(*)C13*,186,9,Ring,-=-=--=--
*C1CNC(=*)C1,186,2,Ring,-=
*C1=CC(=*)c2ccc(*)cc2O1,186,3,Ring,-=-
*C1=CC2OC(=*)C(=*)C2C(*)CC2(*)OC2CC1*,185,6,Ring,-==---
*C1CCC2(*)CCC3(*)C(CCC4C5(*)CCC(=*)C(*)(*)C5CCC43*)C12,185,8,Ring,----=---
*COP(=O)(O)OP(=O)(O)O*,185,2,Linker,--
*CN(C)C(*)=O,185,2,Linker,--
*COCC,185,1,Sub,-
*c1ccc2[nH]c(*)nc2c1,184,2,Ring,--
*C(=O)NCCC,184,1,Sub,-
*C(=O)NC(C(=O)O)C(C)C,184,1,Sub,-
*C(=O)CCCCC,184,1,Sub,-
*C1=CC(=*)C(*)=CO1,183,3,Ring,-=-
*C1=CC(=*)c2c(*)oc(*)c2C(*)=C1,183,5,Ring,-=---
*C1c2c(ccc3c2OC(=*)C=C3)OC(*)(*)C1*,182,5,Ring,-=---
*c1c(*)n(*)c2ccccc12,182,3,Ring,---
*C1CCC2(*)C3CCC4C(*)(*)C(=*)CCC45CC35CCC12*,182,6,Ring,----=-
*C1CCCCCCCCCC(=*)OC2C(OC(*)C(*)C2*)OC2C(O1)OC(*)C(*)C2*,182,8,Ring,-=------
*CC(C=*)CC,182,2,Linker,-=
*CNCCO,182,1,Sub,-
*=CO,182,1,Sub,=
*CC(=C)C,182,1,Sub,-
*c1ccc2c(c1)c1ccnc3c4ccc(*)c(*)c4c(=*)n2c13,181,4,Ring,---=
*C1=C(*)C(=*)c2c(*)c3c(c(*)c2O1)OC(*)C3,181,6,Ring,--=---
*C=CC(=O)OC(C*)C(=O)O,181,2,Linker,--
*C(CCC(=C)C(C)C)C(=O)O,181,1,Sub,-
*c1ccc2c(c1)nc(*)n2*,180,3,Ring,---
*C1=C(*)C(*)(*)CC(*)C1=*,180,6,Ring,-----=
*c1ncnc2c1nc(*)n2*,180,3,Ring,---
*C1CC=CC=CC(*)C(*)CC(*)C(*)C(*)C(*)CC(=*)O1,179,8,Ring,-------=
*C1CCC2(*)C(CCC3(*)C2CC=C2C4CC(=*)CCC4(*)CCC23*)C1(*)*,179,8,Ring,---=----
*C1CCCCCCC1,179,1,Ring,-
*C1=CC(=*)c2c(cc3c(c2*)CC(*)O3)O1,179,4,Ring,-=--
*OC(=O)C(C)=CCO,179,1,Sub,-
*N=O,178,1,Sub,-
*c1cc2c(c(*)c1*)OC(=*)C=C2,177,4,Ring,---=
*C1=NC2C(*)C(*)CC(*)C2S1,177,4,Ring,----
*c1oc2ccccc2c1*,177,2,Ring,--
*N1C(=*)NC(=*)C(=*)C1=*,177,5,Ring,-====
*c1c[n+](*)cc(*)c1*,177,4,Ring,----
*C1CCCCNC(=*)C(*)NC(=*)C(*)N(*)C(=*)C(*)NC(=*)C(*)NC1=*,177,11,Ring,-=-=--=-=-=
*CC(=O)N(C)C*,177,2,Linker,--
*CNC(=O)CON=*,177,2,Linker,-=
*CCCCCCCCCC,177,1,Sub,-
*c1cc(*)c2c(c1*)OC(*)C(*)C2=*,176,6,Ring,-----=
*C1(*)C(=*)Nc2ccccc21,176,3,Ring,--=
*C=CC(=O)NCC*,176,2,Linker,--
*CNC(=N)NC,176,1,Sub,-
*OC(=O)C(C)=CCCC(C)(O)C=C,176,1,Sub,-
*C(OC(C)=O)C(=O)OC,176,1,Sub,-
*c1ccc2c(c1)C(=*)N1CC(*)CC1C(=*)N2,175,4,Ring,-=-=
*c1cccc2c(=*)c3c(*)c4c(c(*)c3c(=*)c12)C(*)CC(*)(*)C4*,175,9,Ring,-=--=----
*C1CN(*)CC(*)O1,175,3,Ring,---
*c1cc2c(c(*)c1*)C(=*)C(*)C(*)O2,175,6,Ring,---=--
*C1CCCN(*)CC1*,174,3,Ring,---
*c1cc2cccc(*)c2o1,174,2,Ring,--
*C1=C(*)Oc2cc(*)cc(=*)c2=C1,174,4,Ring,---=
*C1=C(*)C(*)C2=C(CC(*)(*)CC2=*)N1,174,6,Ring,-----=
*c1ccc2oc(*)nc2c1,174,2,Ring,--
*c1cc2c(cc1*)C(*)C(*)C(*)C2,174,5,Ring,-----
*OC(=O)C(*)CO,174,2,Linker,--
*CC(O)C*,174,2,Linker,--
*c1ccc2c(c1)NC(=*)CC1CCN(*)CC1CCO2,173,3,Ring,-=-
*C1CCCCN1,173,1,Ring,-
*C1=C(*)c2cc3c(cc2OC1=*)OC(*)(*)CC3,173,5,Ring,--=--
*COC(=O)CCCCCCCCCCCCCCC,173,1,Sub,-
*c1ccc2c(c1)OC(=*)C1=C2CCC1,172,2,Ring,-=
*C1=CC2C(*)(C1=*)C(*)C1(*)OC1C1C3OC4(*)OC3(*)C(*)C(*)C12O4,172,9,Ring,--=------
*C1=CC(*)(*)OC1=*,172,4,Ring,---=
*C12C=CC(=*)C=C1CCC1C2CCC2(*)C1CCC2(*)*,172,5,Ring,-=---
*N=C(*)C,172,2,Linker,--
*CCCCC(=O)N*,172,2,Linker,--
*C1CC(=*)OC(*)C1,171,3,Ring,-=-
*C1CCC2(*)C(C1)C(*)CC1(*)C2CCC2(*)C(*)CC(*)C21,171,7,Ring,-------
*C1CC(*)C(*)(*)C(*)O1,171,5,Ring,-----
*C1CCC2(*)C1CCC1(*)C2CCC2C3(*)CCCC(*)(*)C3CCC21*,171,7,Ring,-------
*c1ccc2[nH]c3c(c2c1)CCNC3*,171,2,Ring,--
*C1CC2C(=*)NC3(CCN(*)CC3)CC(=*)N2C1,171,4,Ring,-=-=
*C1=CC(=*)CC(*)(*)C1(*)*,170,6,Ring,-=----
*C1=CC(=*)c2cc3c(c(*)c2O1)OC(*)(*)C(*)C3,170,6,Ring,-=----
*c1ccc(*)c2ccccc12,170,2,Ring,--
*CC=CC,170,1,Sub,-
*C(O)C(N)=O,170,1,Sub,-
*c1ccc2c(c1)c1ccnc3c4ccccc4c(=*)n2c13,169,2,Ring,-=
*C1CC(*)(*)C2C3CCC4C5(*)CCC(*)C(*)(*)C5CCC4(*)C34COC2(C4)O1,169,8,Ring,--------
*C1CC2(*)C3CCC4C(*)(*)C(*)CCC45CC35CCC2(*)C1*,169,7,Ring,-------
*c1nccc2c1CSSCC(*)C(*)C(*)CC2*,169,5,Ring,-----
*c1cccc2c(=*)c3c(*)c4c(c(*)c3c(=*)c12)C(*)CC(*)(*)C4,169,8,Ring,-=--=---
*c1cc(*)c2c(c1)CCC(*)(*)O2,169,4,Ring,----
*CCC(C)CCO,169,1,Sub,-
*N1CC2(*)CC1CC(*)(*)C2,168,4,Ring,----
*C1CC(*)C(*)C1,168,3,Ring,---
*c1c2c(cc3occc13)OC(=*)C=C2,168,2,Ring,-=
*c1cc(*)c2c3c1CCc1c-3c(cc3c1C(*)C(*)CO3)NC2*,168,5,Ring,-----
*c1ccsc1*,168,2,Ring,--
*C1=CC(*)C(*)C(*)C1=*,168,5,Ring,----=
*C1CCC(=*)C(*)O1,168,3,Ring,-=-
*CC(O)CO*,168,2,Linker,--
*C(=O)NC(C(=O)O)C(C)O,168,1,Sub,-
*C1C=CC(*)CC1,167,2,Ring,--
*c1cc2c(*)c(*)c(*)c(*)c2c(*)c1*,167,7,Ring,-------
*C1=COC(*)C2C1CCC2(*)*,167,4,Ring,----
*C1=Cc2cc(*)ccc2OC1=*,167,3,Ring,--=
*c1nc2n(n1)C1(CCCCC1)C1CCCCC1N2*,166,2,Ring,--
*C1C=CC2CC(*)(*)C3(CCC(*)C3*)C1C2=*,166,6,Ring,-----=
*c1ccc2cc[nH]c2c1,166,1,Ring,-
*C1OC=CC2(*)C(*)CC(*)(*)C12,166,5,Ring,-----
*c1ccc2cc(*)oc2c1,166,2,Ring,--
*=c1[nH]c2ccccc2c1=*,166,2,Ring,==
*C=CC=*,166,2,Linker,-=
*C(=O)CCO,166,1,Sub,-
*C(=O)C=C(C)C,166,1,Sub,-
*C1CC(*)(*)OOC1*,165,4,Ring,----
*c1cc(*)c2c(c1)OC(=*)C1=C2CCC1,165,3,Ring,--=
*C1=CCC(*)C(*)(*)C1*,165,5,Ring,-----
*C1CC2(*)C(=C3CC(*)(*)CCC31*)C=CC1C3(*)CCC(*)C(*)(*)C3CCC12*,165,10,Ring,----------
*NC(=O)CS*,165,2,Linker,--
*COS(=O)(=O)[O-],165,1,Sub,-
*CC(=O)NC(C)C,165,1,Sub,-
*C1=CCCC2C(*)(*)C(*)CC(*)C12*,164,6,Ring,------
*C1CCN2C(=*)N(*)C(=*)C2C1,164,4,Ring,-=-=
*c1ccc2c(c1)CCC1C2CCC2(*)C(*)CCC12,163,3,Ring,---
*n1ccc2ccccc21,163,1,Ring,-
*n1cncn1,163,1,Ring,-
*C1CCC2C(=*)CCCC12*,163,3,Ring,-=-
*CC(*)C*,163,3,Linker,---
*OC(=O)C=CC,163,1,Sub,-
*C(=O)NC(CC(C)C)C(=O)O,163,1,Sub,-
*C(C)C(C)O,163,1,Sub,-
*C(CCC=C(C)C)C(=O)O,163,1,Sub,-
*CCCN(O)C(C)=O,163,1,Sub,-
*OS(C)(=O)=O,163,1,Sub,-
*c1ccc2c(c1*)OC(*)CC2=*,162,4,Ring,---=
*C1=Cc2ccccc2OC1,162,1,Ring,-
*c1cn(*)c2c1NC(=*)CC2*,162,4,Ring,--=-
*c1nc(=*)c(=*)o1,162,3,Ring,-==
*N(*)C,162,2,Linker,--
*NC(=O)CSC,162,1,Sub,-
*OCCCCCCCC,162,1,Sub,-
*c1nc2c(n1*)N=CNC2=*,161,3,Ring,--=
*C1=NC(=*)N2CCc3cc(*)c(*)cc3C2=C1,161,4,Ring,-=--
*CCCN*,161,2,Linker,--
*CC(O)(COO*)C(O)C(O)C(O)CO,161,2,Linker,--
*c1ccc2c(c1)C=CC(*)(*)O2,160,3,Ring,---
*C1=CC2C3C(*)(*)C3(*)C(*)C(*)C2(*)C2C=C(*)C(=*)C2(*)C1,160,10,Ring,--------=-
*C1CCC2(*)C(=CC=C3C2CCC2(*)C(*)CCC32)C1,160,4,Ring,----
*N1CC2OCCS(=*)(=*)N(*)C2C1,160,4,Ring,-==-
*c1cc(=*)cc(*)c1=*,160,4,Ring,-=-=
*C1=C(*)C2(*)CCCC(*)(*)C2CC1,160,5,Ring,-----
*c1cc(*)c2c(c1)OCCO2,160,2,Ring,--
*C1CN(*)CC12CCOCC2,160,2,Ring,--
*c1c2[nH]ccc2cn1*,160,2,Ring,--
*C(C)CCCC(C)CO,160,1,Sub,-
*OC(=O)C=C(C)CC,160,1,Sub,-
*C(C)CCC=C(C)CO,160,1,Sub,-
*CCCOC(C)C,160,1,Sub,-
*C1CCC2(*)C(C(*)CC3(*)C2CCC2(*)C(*)CC(*)C23)C1*,159,8,Ring,--------
*c1cc2c(cc1*)[N+](=*)C(*)C2,159,4,Ring,--=-
*C1C2C3=CCC4C5(*)CCC(*)C(*)(*)C5CCC4(*)C3(*)CCC2(*)CCC1(*)*,159,10,Ring,----------
*C1C2C3N(*)CC4(*)C(*)CC(*)C3(C3CC5(*)C(*)C(*)C2(*)C3C5*)C14,159,10,Ring,----------
*C1=Nc2ccccc2C(=*)N1,159,2,Ring,-=
*C(=O)NC(CCC(=O)O)C(=O)O,159,1,Sub,-
*C(CCO)COCO,159,1,Sub,-
*C1=CC2C(*)CCC(*)(*)C2CC1,158,4,Ring,----
*N1CCC2(CC1)CC(=*)N(*)O2,158,3,Ring,-=-
*c1cc(*)c2c(=*)c(=*)oc2c1,158,4,Ring,--==
*C1CCC2C(*)CC(*)OC2C1,158,3,Ring,---
*C1CCC2CC(*)N(*)C2C1,158,3,Ring,---
*NC(=O)CC(*)*,158,3,Linker,---
*CC=CCCCCC,158,1,Sub,-
*CC[S+](C)[O-],158,1,Sub,-
*C=CC(C)=CC(=O)O,158,1,Sub,-
*C1=C(*)C(*)=C(*)C(*)(*)C1=*,157,7,Ring,------=
*c1cc2c(=*)c3ccccc3c(=*)c2c(*)c1*,157,5,Ring,-==--
*C1CCC(*)(*)CC1,157,3,Ring,---
*C1=CC(=*)c2ccccc2O1,157,2,Ring,-=
*C12OC1(*)C(=*)c1ccccc1C2=*,157,4,Ring,--==
*c1ccc2c(c1)C(=*)N1CCCC1=N2,157,2,Ring,-=
*C1CC(*)C(*)(*)C1,157,4,Ring,----
*CCCCCCCCCCCCCCC,157,1,Sub,-
*OC(=O)N(C)C,157,1,Sub,-
*C1C2(*)c3ccccc3NC2N2C(=*)C3(*)SSC12C(=*)N3*,156,6,Ring,--=-=-
*c1cc(*)c2c(=*)c(=*)oc2c1*,156,5,Ring,--==-
*c1cnco1,156,1,Ring,-
*C1CC2(CCC(*)(*)O2)OC(*)C1*,156,5,Ring,-----
*c1cc2ccnc(*)c2cc1*,156,3,Ring,---
*N1CCNCC1,156,1,Ring,-
*C1CCC2(*)C(CCC3(*)C2CCC24OCC5(CCC(*)(*)CC52)C(*)CC34*)C1(*)*,156,9,Ring,---------
*C(*)OC(C)=O,156,2,Linker,--
*C(=O)NCC,156,1,Sub,-
*c1cnc2ccccc2c1,155,1,Ring,-
*C1Cc2cn(*)c3cccc(c23)C(*)N1,155,3,Ring,---
*c1ccc2c(c1*)OC(=*)C1=C2CCC1,155,3,Ring,--=
*C1=C(*)c2ccccc2N(*)C1=*,155,4,Ring,---=
*C1=Cc2ccccc2OC1*,155,2,Ring,--
*c1cc(*)c2c(c1)C=CC(*)(*)O2,155,4,Ring,----
*C(C)=CCC=C(C)C,155,1,Sub,-
*C(C)(O)C(O)CCC(C)(C)O,155,1,Sub,-
*C(=O)NC(C)C(=O)OC,155,1,Sub,-
*OC(=O)C=C(C)C(C)C,155,1,Sub,-
*c1nnc2n1NC(*)S2,154,2,Ring,--
*c1ccc2c(c1)OC(=*)C1=C2CCCC1,154,2,Ring,-=
*C1=C(*)C(=*)CC(*)(*)C1,154,5,Ring,--=--
*C1=C2CC3C(CC2(*)CCC1)OC(=*)C3*,154,4,Ring,--=-
*C1=NCCNC12CCN(*)CC2,154,2,Ring,--
*CCCCCCCCCCCCC,154,1,Sub,-
*C(=O)NCC(=O)O,154,1,Sub,-
*C1=C(*)N(*)C(=*)N(*)C1=*,153,6,Ring,---=-=
*c1cnc2n1CC(*)OC2,153,2,Ring,--
*CCC(=CCO)CO,153,1,Sub,-
*C1=C(*)C(=*)OC1,152,3,Ring,--=
*c1ccc2[nH]c3c(c2c1)CCCC3*,152,2,Ring,--
*c1c2c(cc3ccoc13)C=CC(=*)O2,152,2,Ring,-=
*c1cccc2c1C(=*)OC(*)C2,152,3,Ring,-=-
*C1CC(*)(*)C(*)C(*)C1*,152,6,Ring,------
*C1CC2(*)C3CC4C5(*)CCC(*)C4(C4CC1C(*)C42)C3N(*)C5,152,6,Ring,------
*CCCC(=C)C,152,1,Sub,-
*C(C)CC(=O)O,152,1,Sub,-
*C1=CNC(=*)C(*)=C1*,151,4,Ring,-=--
*c1ccc2[nH]c3c(c2c1)CCN1C(=*)N(*)C(=*)C31*,151,5,Ring,-=-=-
*C1CN(*)C2c3ccccc3OCC12,151,2,Ring,--
*OCCCNC(*)=O,151,2,Linker,--
*OCCCOC,151,1,Sub,-
*CCC(=O)OCC=C(C)CCCC(C)CCCC(C)CCCC(C)C,151,1,Sub,-
*C1=C(*)c2ccc3c(c2OC1=*)CN(*)CO3,150,4,Ring,--=-
*C1CC(*)(*)C23OC(*)(*)C(C(*)C(*)C2(*)C1*)C3*,150,10,Ring,----------
*C1c2ccccc2C(=*)N(*)C12CCN(*)CC2,150,4,Ring,-=--
*c1ccc2c(*)ccc(*)c2c1,150,3,Ring,---
*C1CCC2(OC1)OC1CC3C4CC=C5CC(*)CC(*)C5(*)C4CCC3(*)C1C2*,150,6,Ring,------
*CCC(=O)CC(*)O,150,2,Linker,--
*OCCC(C)C,150,1,Sub,-
*C(C)C(O)CCC(C)C,150,1,Sub,-
*NC(=O)NCC,150,1,Sub,-
*c1ccc(*)[nH+]c1,149,2,Ring,--
*c1ccnc2ccccc12,149,1,Ring,-
*C=N,149,1,Sub,-
*NS(=O)(=O)O,149,1,Sub,-
*N1CCc2ccccc21,148,1,Ring,-
*c1ccc(*)n1*,148,3,Ring,---
*C1=CC23OC2(CC(*)C3*)C(=*)C(*)C(*)C2C(C(*)C1*)C2(*)*,148,10,Ring,---=------
*C(*)CC(=O)O,148,2,Linker,--
*NC(=O)CCC(=O)O,148,1,Sub,-
*CCOC(C)=O,148,1,Sub,-
*OC(=O)CC(C)CC,148,1,Sub,-
*C(=O)CSC,148,1,Sub,-
*N1CC(=*)Nc2ccccc21,147,2,Ring,-=
*C1=CC(*)C(*)C=C1,147,3,Ring,---
*c1ccc2c(c1)OCC(*)C2,147,2,Ring,--
*C1C2C(*)C3(OC2(*)*)C(*)(*)CCC(*)C3(*)C1*,147,9,Ring,---------
*c1ccc2ccccc2n1,147,1,Ring,-
*CCCCCC(*)C=O,147,2,Linker,--
*CC(C)CC,147,1,Sub,-
*C(=O)C(C)(C)C,147,1,Sub,-
*OC(=O)CC(C)O,147,1,Sub,-
*C1CC2(*)C3=CCC4C(*)(*)C(*)CCC4(*)C3CCC23C(=*)OC(*)(*)C13,146,9,Ring,------=--
*C1=C2C(=*)OC(=*)C23CCC1C1CCc2c(c(=*)oc2=*)C13,146,5,Ring,-====
*C1c2[nH]cnc2CCN1*,146,2,Ring,--
*C1=CCC2C(*)(*)C(*)CCC2(*)C1*,146,6,Ring,------
*C1c2ccccc2C(=*)N(*)C12CN(*)C2,146,4,Ring,-=--
*C1CN(*)CC12CCCCC2,146,2,Ring,--
*C1CCC2(*)C(C1)C(=*)CC1C3CCC(*)C3(*)CCC12,146,5,Ring,--=--
*CCCC(*)=O,146,2,Linker,--
*NCCOC,146,1,Sub,-
*C(OC(=O)CC(=O)O)C(N)N,146,1,Sub,-
*CCC(=O)CC(O)CCCCC,146,1,Sub,-
*N1C(=*)SC(=*)C1=*,145,4,Ring,-===
*c1[nH]c2ccc3cc4ccccc4cc3c2c1*,145,2,Ring,--
*C1=COC(*)C2C1CC(*)C2(*)*,145,5,Ring,-----
*CC(*)OC(C)=O,145,2,Linker,--
*CCCC(C)CCC(*)O,145,2,Linker,--
*C12CCC(C(=*)C1=*)C2(*)*,144,5,Ring,-==--
*c1c[nH]c2c(*)cccc12,144,2,Ring,--
*c1ccc2c(c1)nc1n2C(*)COC1,144,2,Ring,--
*c1cc2ccccc2nc1*,144,2,Ring,--
*c1cc2c(c(*)c1*)C(*)C(*)C(*)C2,144,6,Ring,------
*C1CCC2C(=CCCC2(*)*)C1(*)*,144,5,Ring,-----
*CNCCC(*)*,144,3,Linker,---
*OCC(*)CO,144,2,Linker,--
*C(C)COC(C)=O,144,1,Sub,-
*OCC(=O)OC(C)C,144,1,Sub,-
*C1C(*)C(*)(*)C(*)OC1(*)*,143,7,Ring,-------
*C1NC(=*)C(=*)C1=*,143,4,Ring,-===
*C1=Cc2ccc(*)cc2NC1=*,143,3,Ring,--=
*C1=NC2=C(C(=*)N1*)C1(CCCC1)Cc1ccccc12,143,3,Ring,-=-
*c1c2c(c(*)c3occc13)OC(=*)C=C2,143,3,Ring,--=
*C1CC2C(=*)NC3CCN(*)C3C(=*)N2C1,143,4,Ring,-=-=
*C1CCC2(*)C3CCC4(*)C(*)CCC4C3=CCC2C1*,142,5,Ring,-----
*C1=COC(*)C2C(*)CCC12,142,3,Ring,---
*c1cn(*)c(*)c1*,142,4,Ring,----
*C1CCCCCCCCCC(=*)OC2C(*)C(*)OC(OC3C(O1)OC(*)C(*)C3*)C2*,142,8,Ring,-=------
*c1cccc2c(=*)c3cc4c(c(*)c3c(=*)c12)C(*)CC(*)(*)C4*,142,8,Ring,-=-=----
*N1CCC2(CC1)Nc1ccccc1-n1cccc12,142,1,Ring,-
*C=CCC,142,1,Sub,-
*C(C)(O)C(=O)C=CC(C)(C)OC(C)=O,142,1,Sub,-
*C(=C)CCC=C(C)C,142,1,Sub,-
*CCNC(C)=O,142,1,Sub,-
*C1CC(*)(*)OC1*,141,4,Ring,----
*N1C(=*)C2C3c4ccccc4C(c4ccccc43)C2C1=*,141,3,Ring,-==
*C1(*)CCNCC1,141,2,Ring,--
*c1c(*)c(*)c2c(c1*)C=CC(*)(*)O2,141,6,Ring,------
*C1CCC2(*)C(CCC3C2C(*)CC2(*)C(*)CCC32*)C1,141,6,Ring,------
*c1cc[n+](*)cc1,141,2,Ring,--
*CC(NC(*)=O)C(=O)N*,141,3,Linker,---
*C1(*)CCCC1(*)*,140,4,Ring,----
*C1CCC2(*)C(=CC(=*)C3C2CCC2(*)C(*)CCC32)C1,140,5,Ring,--=--
*c1cc(*)c2c(c1)OCC(*)C2=*,140,4,Ring,---=
*C1C(=*)C2CCC3C4(*)CCCC(*)(*)C4CCC13C2,140,5,Ring,-=---
*C1CC2(*)CCC3(*)C(=CCC4C5(*)CCC(*)C(*)(*)C5CCC43*)C2CC1(*)*,140,10,Ring,----------
*C1CCN2C(=*)C(*)NC(=*)C2C1,140,4,Ring,-=-=
*CN(C*)C*,140,3,Linker,---
*COC(=O)C(O)(C(C)C)C(C)O,140,1,Sub,-
*C1CCC2(OC1)OC1CC3C4CCC5CC(*)C(*)CC5(*)C4CCC3(*)C1C2*,139,6,Ring,------
*c1cccc2nc3c(*)cccc3nc12,139,2,Ring,--
*c1nc(*)c2ccccc2n1,139,2,Ring,--
*C1C=C2C(*)OC(*)C23C(*)C(*)C(*)C(*)(*)C3C1,139,8,Ring,--------
*C1COC(*)(*)C(*)C1*,139,5,Ring,-----
*C=CC=CC(=O)O,139,1,Sub,-
*C(=O)NC(CCSC)C(=O)O,139,1,Sub,-
*C1CCC(*)C1,138,2,Ring,--
*C1CC2C=COC2O1,138,1,Ring,-
*C1=CCC(*)C(*)C1,138,3,Ring,---
*c1cccc2cccnc12,138,1,Ring,-
*C1OCC(*)(*)C(*)C1*,138,5,Ring,-----
*C1CCC2(*)C(=CCC3C2CCC2(*)C(*)CCC32*)C1,138,5,Ring,-----
*c1cnc2ccccc2n1,138,1,Ring,-
*C12CC3(*)OC(O1)C1(*)C2CC31*,138,4,Ring,----
*c1ccc2c(c1*)C=CC(*)(*)O2,138,4,Ring,----
*c1ncnc2[nH]cnc12,138,1,Ring,-
*C1=C(*)c2cc3c4c(oc3cc2OC1=*)CCCC4,138,3,Ring,--=
*C1CCC2(*)C(=CCC3C4CCC(=*)C4(*)CCC32)C1,138,4,Ring,--=-
*C1CCC2C3CCC4CCCCC4(*)C3CCC12*,138,3,Ring,---
*c1nc[nH]c1*,138,2,Ring,--
*C1C=CC(=*)C1*,138,3,Ring,-=-
*C1=CC(=*)CC2C1(*)CCC(*)C2(*)*,138,6,Ring,-=----
*C1C=CC(=*)O1,138,2,Ring,-=
*C1=NC(*)CS1,138,2,Ring,--
*C1=C(*)C(*)(*)CCC1=*,138,5,Ring,----=
*C1=CCC(*)C(*)C1*,138,4,Ring,----
*C1CC(=*)CCC1=*,138,3,Ring,-==
*CCNC(=O)CON=*,138,2,Linker,-=
*CCC(C)=C(C*)CO,138,2,Linker,--
*CC(=O)NCCOC,138,1,Sub,-
*NC(C)C,138,1,Sub,-
*CCCCCCCCCCCC,138,1,Sub,-
*C(C)CC(=O)CC(C)C,138,1,Sub,-
*C1=C(*)C(=*)c2c(*)cc3c(c2O1)C(*)CC(=*)O3,137,6,Ring,--=--=
*C1CC2OC3CC(=*)C(*)OC3OC2C(*)O1,137,4,Ring,-=--
*C1CC(=*)C(*)C1*,137,4,Ring,-=--
*C=C=CBr,137,1,Sub,-
*OCN,137,1,Sub,-
*[N+]1=CC2=NC=CC2=C1,136,1,Ring,-
*c1cc(*)c2c(c1)C(*)c1cc(*)cc(*)c1C2=*,136,6,Ring,-----=
*CN=*,136,2,Linker,-=
*CCC(=O)CC(O)CC(O)CCC,136,1,Sub,-
*C1CCC2(OC1)OC1CC3C4CCC5CC(*)CCC5(*)C4CC(=*)C3(*)C1C2*,135,6,Ring,---=--
*c1cc(*)c(*)c(*)n1,135,4,Ring,----
*C1=C2C(*)C(*)C3(*)C(*)CC4OCC4(*)C3C(*)C2(*)CC1*,135,9,Ring,---------
*C1=C(*)C(=*)C(*)(*)O1,135,5,Ring,--=--
*c1c2c(c(*)c3c1OCO3)C(=*)N(*)CC2,135,4,Ring,--=-
*C1CC(*)(*)C2C(*)OC=CC12,135,4,Ring,----
*C1OC(*)(*)OC1(*)*,135,5,Ring,-----
*C1CC2CN(*)CC(*)C(=*)N2C1,135,4,Ring,---=
*NCO*,135,2,Linker,--
*NC(=*)C,135,2,Linker,-=
*C(C)NC,135,1,Sub,-
*C1=CC(*)C(*)=[O+]1,134,3,Ring,---
*[N+]1(*)CCCCC1,134,2,Ring,--
*C1CCC2(*)C3CCC4C(*)(CCC5C(*)(*)C(*)CCC45*)CC3=CCC2C1(*)*,134,9,Ring,---------
*N1C(=*)C2C3C=CC(*)(C2C1=*)C1C(=*)N(*)C(=*)C31,134,7,Ring,-=-==-=
*C1=C(*)C(=*)c2ccccc2O1,134,3,Ring,--=
*CCCCCC(C(=O)O)C(O)CC*,134,2,Linker,--
*C(C)(C)C(=O)O,134,1,Sub,-
*OC(=O)C(C)C(C)O,134,1,Sub,-
*C(C)C(=O)NCCOC,134,1,Sub,-
*C1CCC2(*)C(CCC3C4CCC(*)C4(*)CCC32)C1*,133,5,Ring,-----
*C1=Nc2c(ncn2*)C(=*)N1,133,3,Ring,--=
*C1=NC(=*)C=CN1*,133,3,Ring,-=-
*C1=NC(*)CCN1,133,2,Ring,--
*C1=COc2c(ccc3c2C(*)CC(=*)O3)C1=*,133,4,Ring,--==
*CCC(C)=CC(=O)OC,133,1,Sub,-
*S(=O)(=O)CC,133,1,Sub,-
*C1CCC2(*)C(=CCC3C2CCC2(*)C3CC(*)C2(*)*)C1,132,6,Ring,------
*c1ccc2c(c1)CCC(*)(*)O2,132,3,Ring,---
*C1=NNC(*)C1,132,2,Ring,--
*C1CC2(*)C3C(*)C1CC3C13C(*)CCC4(*)CN(*)C1C2C(*)C43,132,7,Ring,-------
*N1CCC2(CC1)N(*)C(=*)C1CN(*)CCN12,132,4,Ring,--=-
*C(Br)CC,132,1,Sub,-
*CN=C(N)NC(C)O,132,1,Sub,-
*C1(*)CCC2C(*)(CCC3C(*)(*)CCCC32*)O1,131,6,Ring,------
*C1C2CCNCC2CC2C=CCNC21,131,1,Ring,-
*C1=Cc2cc(*)ccc2NC1=*,131,3,Ring,--=
*C1NC(=*)C2CCCN2C1=*,131,3,Ring,-==
*C1C2CC3C4N(*)c5ccccc5C45CC(C2C5*)[N+]3(*)C1*,131,5,Ring,-----
*N1C=CC(=*)C=C1,131,2,Ring,-=
*C1=CCC2C3CCC4CC(*)CCC4(*)C3CCC12*,131,4,Ring,----
*c1cc2c(cc1*)OC(*)(*)C=C2,131,4,Ring,----
*c1cc(=*)c(*)cc1=*,131,4,Ring,-=-=
*CC(*)*,131,3,Linker,---
*C(O)C(*)O,131,2,Linker,--
*c1cc2n(n1)C1(CCN(*)CC1)CC(=*)N2*,130,4,Ring,--=-
*C1=CCC=N1,130,1,Ring,-
*c1cnc(*)s1,130,2,Ring,--
*C1CC(*)C(*)C(*)(*)C1,130,5,Ring,-----
*N1CC2(CC(=*)N(*)O2)C1,130,3,Ring,-=-
*C=NC*,130,2,Linker,--
*NC(=O)C(N*)C(C)CC,130,2,Linker,--
*NCCO,130,1,Sub,-
*CCCOCC,130,1,Sub,-
*OC(=O)C=CC=CCCCCC,130,1,Sub,-
*C1CCC(*)(*)C(*)O1,129,4,Ring,----
*C1CCC(*)(*)OC1*,129,4,Ring,----
*N1CCN2C(=*)OC3(CN(*)C3)C2C1,129,3,Ring,-=-
*C1=CC(=*)N(*)c2ccccc21,129,3,Ring,-=-
*C1=Cc2ccccc2NC1=*,129,2,Ring,-=
*C1CCC2(*)C3=C(CCC12*)C1(*)CCC(=*)C(*)(*)C1CC3,129,7,Ring,----=--
*C(=O)CON=*,129,2,Linker,-=
*OC(=O)C(O)C(C)CC,129,1,Sub,-
*OC(=O)CCCCCCCCCCCCC,129,1,Sub,-
*C1C(=*)CC(*)(*)C(*)C1*,128,6,Ring,-=----
*c1nnc2ccccn12,128,1,Ring,-
*N1C(=*)C(*)(*)c2ccccc21,128,4,Ring,-=--
*c1cc(*)c2cc(*)ccc2c1,128,3,Ring,---
*c1ccc2c(c1)OC(=*)c1ccccc1-2,128,2,Ring,-=
*CC=C(C)CCC(=O)N*,128,2,Linker,--
*NC(=O)C(*)O,128,2,Linker,--
*C1CC2CC(*)OC2O1,127,2,Ring,--
*C1CNC2CC(=*)CCC2C1,127,2,Ring,-=
*C1NC(=*)C2CN(*)CCN2C1=*,127,4,Ring,-=-=
*c1cc(*)c2c(c1*)OC1(C(=*)C(=*)C(=*)CC1*)C2=*,127,8,Ring,---===-=
*C1CCCN(*)C1=*,127,3,Ring,--=
*NC(=O)NCC=C,127,1,Sub,-
*OC(=O)C(=C)C(O)CO,127,1,Sub,-
*C(=O)C=CC=CC,127,1,Sub,-
*COC(=O)CCC(=O)O,127,1,Sub,-
*C1=CC(=*)C2=C(*)CC(*)C3C(*)C(=*)OC3C12,126,6,Ring,-=---=
*C1CC2C(=CCC3C2(*)C(=*)CC2(*)C(*)C(*)CC32*)C(*)(*)C1=*,126,10,Ring,--=------=
*C1CC2=CCC3C4CCC(*)C4(*)CCC3C2(*)C(*)C1,126,5,Ring,-----
*CC(NC(=O)CON=*)C(=O)OC,126,2,Linker,-=
*OCC(C)=O,126,1,Sub,-
*C(=O)NC(C(=O)OC)C(C)C,126,1,Sub,-
*C1CCC2C1C1C(CCC2(*)*)C1(*)*,125,5,Ring,-----
*c1ccc2c(c1)C(=*)N1CCCC1C(=*)N2,125,3,Ring,-==
*C1C=CC(=*)C(*)O1,125,3,Ring,-=-
*C1CC2C(=*)CN(*)C(Cc3c1[nH]c1ccccc31)C2*,125,4,Ring,-=--
*C1CCC23CC24CCC2(*)C(*)CCC2(*)C4CCC3C1*,125,5,Ring,-----
*c1ccc2ncccc2c1,125,1,Ring,-
*N1CCN2C(C1)C(=*)N(*)C21CCOCC1,125,3,Ring,-=-
*c1nc(*)c2ncn(*)c2n1,125,3,Ring,---
*CCCCO,125,1,Sub,-
*C(C)CCC(CC)C(=C)C,125,1,Sub,-
*c1cncnc1*,124,2,Ring,--
*N1C(=*)N(*)C(=*)C(*)(*)C1=*,124,7,Ring,-=-=--=
*C1COC(*)C1,124,2,Ring,--
*C1CCC2(*)C1CCC1C3(*)CCC(=*)C(*)(*)C3CCC12*,124,7,Ring,---=---
*C1C=CCC1,124,1,Ring,-
*C1=NC(=*)C(*)=C1*,124,4,Ring,-=--
*NC(=O)CCC(*)C,124,2,Linker,--
*CCCC#C,124,1,Sub,-
*C(=O)N(C)CC=C,124,1,Sub,-
*OCCNC,124,1,Sub,-
*C=CC(C)C,124,1,Sub,-
*C(C)(O)CC=CC(C)(C)O,124,1,Sub,-
*C=C(C)C(=O)O,124,1,Sub,-
*c1cc(*)c2c(*)cccc2c1*,123,4,Ring,----
*C1CC(*)C(*)NC1*,123,4,Ring,----
*C1CC(*)C(*)C(=*)O1,123,4,Ring,---=
*C1=COc2c(*)c(*)c(*)c(*)c2C1=*,123,6,Ring,-----=
*C1CCN2CCCC12,123,1,Ring,-
*C1CCC(*)C(*)C1*,123,4,Ring,----
*C1CC2(*)C(C(*)CC3(*)C2CC=C2C4CC(*)(*)CCC4(*)CCC23*)C(*)(*)C1*,123,11,Ring,-----------
*C1CC2C(=*)CC(*)C3C(=*)C(=*)OC3C2C1=*,123,6,Ring,-=-===
*c1cc2c(c(*)c1*)-c1c(cc(*)c(*)c1*)C(=*)OC1C(*)C(*)OC(*)C1OC2=*,123,11,Ring,------=---=
*OC(*)C#N,123,2,Linker,--
*CCC=C(C)CC*,123,2,Linker,--
*CC(*)C(=O)O,123,2,Linker,--
*OC(CCC(*)C)C(C)(C)O,123,2,Linker,--
*C(=O)NC(*)C(=O)O,123,2,Linker,--
*CCC(C)=CCOC(C)=O,123,1,Sub,-
*C1=C(*)C(*)C(*)=C(*)N1,122,5,Ring,-----
*N1CCC2(C1)C(=*)N(*)c1ccccc12,122,3,Ring,-=-
*C1=C(*)N2C(=*)C(*)C2C1,122,4,Ring,--=-
*c1ccc(*)c2c1N=c1c(*)c(*)c(=*)c(*)c1O2,122,6,Ring,----=-
*c1ccc2c(n1)N(*)C(=*)NC2=*,122,4,Ring,--==
*C1OC=C2C(=*)OCCC2C1*,122,3,Ring,-=-
*C1Cc2ccccc2CN1*,122,2,Ring,--
*COP(=O)(O)O*,122,2,Linker,--
*OC(=O)C(=CCCC(C)(C=C)O*)CO,122,2,Linker,--
*=C(C)C(=O)OC,122,1,Sub,=
*CCCCCCCCCCCCCCCC,122,1,Sub,-
*=NNC(N)=O,122,1,Sub,=
*NCC(C)=O,122,1,Sub,-
*C(OC)C(=O)C(O)C(C)O,122,1,Sub,-
*OC(=O)CCCCCCCCCCCCCCCCC,122,1,Sub,-
*c1ccc2c(c1*)C(=*)N1C(*)CSC21,121,4,Ring,--=-
*C1CCCCO1,121,1,Ring,-
*c1cccc2c1C(=*)C1(*)C(*)OC(*)CC1(*)C2=*,121,7,Ring,-=----=
*N1C(=*)C2C(C1=*)C1(*)c3ccccc3C2(*)c2ccccc21,121,5,Ring,-==--
*c1ccc2c(=*)c3c(c(=*)c2c1*)C=CC1(*)CC(*)(*)CC(=*)C31*,121,9,Ring,-==----=-
*CC(*)=C,121,2,Linker,--
*CCNC(=O)C(*)C,121,2,Linker,--
*C=CC(O)CCO*,121,2,Linker,--
*OCCCCCC,121,1,Sub,-
*OCC(O)C(C)(C)O,121,1,Sub,-
*C1CCC2OC3C(C(*)CCCC3(*)*)C2CC1,120,4,Ring,----
*C1=CC[N+]2(*)CCC(*)C12,120,3,Ring,---
*C1OC2(C(=*)c3ccccc3C2=*)C2C(=*)N(*)C(=*)C12,120,6,Ring,-===-=
*C1CCC(=*)C(=*)C1,120,3,Ring,-==
*c1cnc(*)c(*)c1*,120,4,Ring,----
*N1CC2CC(C1)C1CCCC(=*)N1C2,120,2,Ring,-=
*CC(OC(*)=O)C(=O)O,120,2,Linker,--
*CC(=O)C(=*)C,120,2,Linker,-=
*SCC,120,1,Sub,-
*C1CCCCC1=*,119,2,Ring,-=
*c1ccc2c(c1*)OC(=*)C1=C2CCCC1,119,3,Ring,--=
*C1=CC2C3C(*)(*)C3(*)CC(*)C2(*)C2C=C(*)C(=*)C2(*)C1,119,9,Ring,-------=-
*c1cnc(*)nc1,119,2,Ring,--
*N1CCC1,119,1,Ring,-
*CC(NC(=O)OC(C)(C)C)C(=O)O*,119,2,Linker,--
*C1=Cc2cc(*)cc(*)c2C(=*)O1,118,4,Ring,---=
*c1ccc2c(c1)C1(CCN(*)C1)C(=*)N2*,118,4,Ring,--=-
*c1cc2cc3c(c(*)c2c(*)c1*)C(=*)C(*)C(*)C3,118,7,Ring,----=--
*C1CC2OC3(OC2*)C1C1(*)CCC24CC25CCC(*)C(*)(*)C5CCC4C1(*)C3*,118,8,Ring,--------
*C1CCC2(*)C(CCC3C2CCC2(*)C(*)C(*)CC32)C1,118,5,Ring,-----
*C1=Cc2ccccc2N(*)C1=*,118,3,Ring,--=
*C=C(*)C#N,118,2,Linker,--
*C(*)=*,118,3,Linker,--=
*C(=O)NCCC(C)C,118,1,Sub,-
*C(CC(N)=O)NCC(N)C(N)=O,118,1,Sub,-
*C1=C(*)c2cc3c(c(*)c2OC1=*)OCN(*)C3,117,5,Ring,---=-
*n1cnnn1,117,1,Ring,-
*C1CC2=CCC3C4CC5OC(*)(*)C(*)C5C4(*)CCC3C2(*)C(*)C1,117,7,Ring,-------
*c1cc(*)c[n+](*)c1,117,3,Ring,---
*c1cc(=*)ccc1=*,117,3,Ring,-==
*c1cc2c(c(*)c1*)C(=*)C(*)CO2,117,5,Ring,---=-
*C1=Cc2c(*)cc(*)cc2OC1=*,117,4,Ring,---=
*C1COC1,116,1,Ring,-
*C1C(=*)CCC2C1(*)CCC1C2(*)CCC2(*)C3CC(*)(*)CCC3(*)CCC12*,116,9,Ring,-=-------
*C1=C(*)c2ccccc2C1=*,116,3,Ring,--=
*c1ccc2c(oc3c(*)c4c(nc32)N(*)NC4=*)c1*,116,5,Ring,---=-
*c1cncc(*)c1,116,2,Ring,--
*c1cc2c3c(c1)C(*)C(*)c1c(*)cc(*)cc1C3C(*)O2,116,6,Ring,------
*C1=COC(*)C2C(*)C(*)C(*)C12,116,5,Ring,-----
*c1cc2c(c(*)c1*)-c1c(cc(*)c(*)c1*)C(=*)OC1C(COC2=*)OC(=*)c2cc(*)c(*)c(*)c2-c2c(*)c(*)c(*)c3c2C(=*)OC1C1OC(=*)c2c-3c(*)c(*)c(*)c2C1*,116,21,Ring,------===------==----
*C=CC(=O)CO*,116,2,Linker,--
*COC(=O)CO*,116,2,Linker,--
*C(=O)COC(*)=O,116,2,Linker,--
*C12CCC3C(CCC4C(*)(*)CCCC43*)(CC1=*)C2,115,5,Ring,----=
*C1=C(*)C(*)NC1=*,115,4,Ring,---=
*C1NC2(C3=Nc4ccccc4C(=*)N3c3ccccc32)C2C(=*)N(*)C(=*)C12,115,5,Ring,-==-=
*C1(*)CC1,115,2,Ring,--
*C1=CC(*)C(*)OC(=*)CC(*)C(*)C(*)C(*)CC(*)C(=*)C=C1,115,10,Ring,---=-----=
*C1=C(*)c2cc3c4c(oc3c(*)c2OC1=*)CCCC4,115,4,Ring,---=
*c1cc(*)c2c(=*)c3c(*)cc(*)c(*)c3c(=*)c2c1,115,7,Ring,--=---=
*c1cc(*)c2c(c1)CC(*)OC2=*,115,4,Ring,---=
*C1CCC2(*)C3=CCC4(*)C(*)CCC4(*)C3=CCC2C1(*)*,115,7,Ring,-------
*CCN(*)C,115,2,Linker,--
*CCCCCCC(=O)O,115,1,Sub,-
*CCN(CC)CC,115,1,Sub,-
*C1=NCN=C1,114,1,Ring,-
*C1NC(=*)C(*)C1*,114,4,Ring,-=--
*C1CCC2(*)C(*)C(*)(*)CCC2C1(*)*,114,7,Ring,-------
*C1=C(*)C2(*)CC(*)C(*)(*)C(*)(C1=*)C2=*,114,9,Ring,-------==
*C1=C[C+](*)N=C1,114,2,Ring,--
*C1CC(*)(*)C2=CC(*)OC2(*)C1,114,5,Ring,-----
*C1=CC2OC(=*)C(=*)C2C(*)CC(*)=CC(*)C1,114,6,Ring,-==---
*C1CC(=*)C(=*)O1,114,3,Ring,-==
*C1=Cc2cc(*)c(*)cc2OC1=*,114,4,Ring,---=
*CCCCCCCCCCCCC(*)O,114,2,Linker,--
*NC(=O)C(C)NC(*)=O,114,2,Linker,--
*OC(=O)C(*)=CC,114,2,Linker,--
*C(C)CCC(=C)C(C)C(=O)O,114,1,Sub,-
*OC(=O)C(=CCO)CO,114,1,Sub,-
*NC(=O)C(CC(C)C)NC,114,1,Sub,-
*C(O)CCCCC,114,1,Sub,-
*c1cc(*)c2c(c1*)OC1(C(=*)c3c(oc(*)c3*)CC1*)C2=*,113,8,Ring,---=---=
*c1ccc2c(c1*)OC(*)C(*)C2*,113,5,Ring,-----
*c1ccc2c(=*)c3ccccc3c(=*)c2c1*,113,4,Ring,-==-
*c1ccnn1*,113,2,Ring,--
*C1C=C2C(CCC(*)C2(*)*)C2(*)CCC3(*)C(*)CCC3(*)C12,113,8,Ring,--------
*c1cc(*)c2c(c1)OC(=*)C1=C2CCCC1,113,3,Ring,--=
*c1ccc2c(c1*)C(*)CC(=*)O2,113,4,Ring,---=
*C1CC(*)C(*)(*)O1,113,4,Ring,----
*C1=NC(*)=C(*)C(=*)N1*,113,5,Ring,---=-
*C1(*)CCC2C(=CCC3C(*)(*)CCCC23*)C1,113,5,Ring,-----
*C=CC(O)=[O+]C*,113,2,Linker,--
*C=CC=C(C)C,113,1,Sub,-
*OCCN,113,1,Sub,-
*CCCN(C)C,113,1,Sub,-
*C=CC(O)C(O)CCCC,113,1,Sub,-
*CCC=C(C)CCC=C(C)CCC=C(C)C,113,1,Sub,-
*C1=C(*)N(*)C(=*)NC1=*,112,5,Ring,---==
*N1CCC2(CC1)CC(=*)N(*)c1ccnn12,112,3,Ring,-=-
*c1cc2cc(*)c(*)cc2o1,112,3,Ring,---
*C1CC(=*)CC(*)C1=*,112,4,Ring,-=-=
*OCC(=O)O*,112,2,Linker,--
*NC(=O)C=C(C)C,112,1,Sub,-
*C=CC=CC=CC(=O)O,112,1,Sub,-
*=CC#CC#CC,112,1,Sub,=
*C(N)C(=O)O,112,1,Sub,-
*CC(C)(C)C,112,1,Sub,-
*C1=CNC(=*)N1,111,2,Ring,-=
*c1ccc2nccc(*)c2c1,111,2,Ring,--
*C1C=CC(*)C(*)(*)C1*,111,5,Ring,-----
*c1cc2c(cc1*)C(=*)c1c(cc(*)c(*)c1*)O2,111,6,Ring,--=---
*c1cccc2c1C=CC(*)(*)CC2,111,3,Ring,---
*C1=CC(=*)OC(*)C1,111,3,Ring,-=-
*c1ccc(*)c2c1OC(*)C2*,111,4,Ring,----
*C1CCC2(*)C(CC(*)C3(*)C2CCC24CC23CCC4*)C1(*)*,111,7,Ring,-------
*CC(C)(C)O,111,1,Sub,-
*C(C)C(O)C(O)C(C)C(C)C,111,1,Sub,-
*NC(N)=O,111,1,Sub,-
*c1cc2c(cc1*)C(*)C(*)O2,110,4,Ring,----
*C1=COC(*)C2C1C(*)CC2(*)*,110,5,Ring,-----
*c1c2c(oc1=*)=CC1(*)CCC(*)(O1)C(*)(*)CC2*,110,7,Ring,-=-----
*C1=CN(*)C(*)=CC1=*,110,4,Ring,---=
*c1cc2ccccc2n1*,110,2,Ring,--
*c1cc2c(cc1*)C13CCN4CC=CC(*)(C(*)C(*)(*)C1N2*)C43,110,7,Ring,-------
*c1c(*)c(*)c2c(c1*)CCC(*)(*)O2,110,6,Ring,------
*C1OC(*)(*)CC(=*)C1*,110,5,Ring,---=-
*C(*)(C)C,110,2,Linker,--
*C(=O)N(CC)CC,110,1,Sub,-
*C(C)C(=O)N(CC)CC,110,1,Sub,-
*C(C)CC(O)C(O)C(C)(C)O,110,1,Sub,-
*C=CC(C)CC,110,1,Sub,-
*C1CCC(*)(*)C(*)C1(*)*,109,6,Ring,------
*C1=NN(*)C(*)C1,109,3,Ring,---
*C1(*)CCCC2(*)C1CCC13CC(=*)C(CCC12)C3,109,4,Ring,---=
*C1(*)C2CC(=*)C(=*)C21,109,4,Ring,--==
*C1NC(=*)C(=*)NC1=*,109,4,Ring,-===
*C1CCC2(*)C(=CCC3C2CC(*)C2(*)C(*)CCC32*)C1,109,6,Ring,------
*C(CCC(=O)O)C(=O)O,109,1,Sub,-
*C12CCC(*)(C(=*)C1)C2(*)*,108,5,Ring,--=--
*c1cn(*)c(*)n1,108,3,Ring,---
*C1CC(*)C(*)CO1,108,3,Ring,---
*C1=NCCc2cc(*)c(*)cc21,108,3,Ring,---
*C1C(=*)CCC(*)(*)C1(*)*,108,6,Ring,-=----
*C1CCC2(*)C3CCC4(*)C(*)CCC4C34C=CC2(C1)OO4,108,4,Ring,----
*C1=Cc2cccc3c2N(CCC3)C1=*,108,2,Ring,-=
*C1CCC2(*)C3CCC4(*)C(=CCC5(*)CCC(*)(*)CC54)C3(*)CCC2C1(*)*,108,9,Ring,---------
*C1CCC2(*)C(CCC3C2CC(*)C2(*)C(*)(*)CCC32*)C1,108,7,Ring,-------
*N1C(=*)Oc2ccccc21,108,2,Ring,-=
*CNC=*,108,2,Linker,-=
*CCC(=C)CO*,108,2,Linker,--
*CS(=O)(=O)O,108,1,Sub,-
*OCNCC,108,1,Sub,-
*CC(=O)N(C)C,108,1,Sub,-
*NC(=O)CCCC(N)C(=O)O,108,1,Sub,-
*C1=NC=NC1,107,1,Ring,-
*C1CC(*)C23OC(*)(*)C(C(*)C(*)C2(*)C1*)C3*,107,9,Ring,---------
*C1CCC2(*)C3CCC4(*)C(*)CCC4C3=CC(*)C2(*)C1,107,6,Ring,------
*C1(*)CCCC(*)(*)C1,107,4,Ring,----
*c1cccc[n+]1*,107,2,Ring,--
*C1=NC(*)=C(*)C(=*)N1,107,4,Ring,---=
*C1NC(=*)C2CC3(*)c4ccccc4NC3N2C1=*,107,4,Ring,-=-=
*C1=CC2C3C(*)(*)C3(*)C(*)C(*)C2(*)C2C=C(*)C(=*)C2C1,107,9,Ring,--------=
*C(*)C(=O)O,107,2,Linker,--
*CC(O)C(O)CC(*)*,107,3,Linker,---
*OC(=O)C(=CC)COC(C)=O,107,1,Sub,-
*C(C)OC(=O)C(C)CC,107,1,Sub,-
*C1CCC(*)NC1,106,2,Ring,--
*c1cc(*)c2c(c1)Oc1ccc(*)c(*)c1C2=*,106,5,Ring,----=
*C1(*)C2CC3C(C2)C31*,106,3,Ring,---
*C1CC2(CC(*)(*)OC2=*)C(=*)O1,106,5,Ring,---==
*C1CCC2(*)C(C1)C(*)CC1C3CCC(*)C3(*)CCC12,106,5,Ring,-----
*C1=CC2OC(=*)C(=*)C2CCC(*)=CCC1,106,4,Ring,-==-
*C1CC(=*)OC1(*)*,106,4,Ring,-=--
*CS(=O)(=O)N*,106,2,Linker,--
*C=CC(=O)C*,106,2,Linker,--
*CN(C)CCCC,106,1,Sub,-
*NC(=O)NC(C(=O)O)C(C)CC,106,1,Sub,-
*NC(=O)CC(C)C,106,1,Sub,-
*C1=CC2C(=CCC3C2(*)C(=*)CC2(*)C(*)C(*)CC32*)C(*)(*)C1=*,105,10,Ring,--=------=
*C1CC(*)C2(*)C(CCCC23CO3)C1(*)*,105,5,Ring,-----
*C1CCC2C3CCC4=CC(=*)C=CC4(*)C3CCC12*,105,4,Ring,-=--
*C1=Cc2ccc(*)cc2N(*)C1=*,105,4,Ring,---=
*C1=CN(*)C(=*)N=C1*,105,4,Ring,--=-
*N1CCC2(CC1)OC(=*)N1CCN(*)CC12,105,3,Ring,-=-
*C1C=CC(*)C(*)C1*,105,4,Ring,----
*c1cc2c(c3c1CC1(O3)C(*)CCC3C(*)(*)C(*)CCC31*)CN(*)C2=*,105,8,Ring,-------=
*c1cc2c(*)c3c(c(*)c2cc1*)C(=*)OC3,105,5,Ring,----=
*C1CCC2(*)C3=CCC4(*)C(*)CCC4(*)C3CCC2C1(*)*,105,7,Ring,-------
*C1Cc2ccccc2CN1,105,1,Ring,-
*c1ccc2c(c1*)C(=*)N1C2SC(*)(*)C1*,105,6,Ring,--=---
*C1=CC=C(*)C(=*)O1,105,3,Ring,--=
*CCCC(=O)N*,105,2,Linker,--
*NC(=O)CNC(*)=O,105,2,Linker,--
*NC(=O)CC,105,1,Sub,-
*OCC(=O)OC(C)(C)C,105,1,Sub,-
*CC(=O)NCCN(C)C,105,1,Sub,-
*=NC,105,1,Sub,=
*OCOC,105,1,Sub,-
*c1cc2c(c(*)c1*)-c1c(cc(*)c(*)c1*)C(=*)OC1C(*)C(*)OC(COC2=*)C1*,104,11,Ring,------=--=-
*C1=CCC(*)OC1*,104,3,Ring,---
*C1=C(*)C(=*)c2ccc3c(c2O1)CN(*)CO3,104,4,Ring,--=-
*C1CCC2(*)CCC3(*)C(CCC4C5(*)CC(=*)C(=*)C(*)(*)C5CCC43*)C12,104,9,Ring,----==---
*c1ccc2c(c1)C1(CCN(*)C1)C(=*)N2,104,3,Ring,--=
*C1=CN(*)C(=*)C=C1,104,3,Ring,--=
*NC(*)CC(*)=O,104,3,Linker,---
*C(=O)C=*,104,2,Linker,-=
*C=CCCC,104,1,Sub,-
*OC(=O)CC(C)(O)CC(=O)O,104,1,Sub,-
*C(C)(O)CC(=O)CC(C)C,104,1,Sub,-
*CCC(C)CC(=O)OC,104,1,Sub,-
*C1CCC2(CC(=*)C3CC(*)(*)C3CCC3(*)OC23)C1,103,5,Ring,-=---
*C1=CC2=C(C(=*)N1*)C(*)CC(=*)O2,103,5,Ring,-=--=
*C1=CC(=*)C(*)(*)O1,103,4,Ring,-=--
*C1NC(*)C(*)C1*,103,4,Ring,----
*C1OC(=*)C(*)C(*)C(*)OC(=*)C1*,103,7,Ring,-=---=-
*C1=CCC2C3CC=C4CC(*)CCC4(*)C3CCC12*,103,4,Ring,----
*C1CCC2(*)C(CCC3C2CC(*)C2(*)C(*)CCC32*)C1,103,6,Ring,------
*C1CC2(*)OC2(*)C(*)O1,103,4,Ring,----
*C1C(*)C23C(*)CC4(*)C5(*)CCC6C(*)(*)C(*)CCC6(*)C5CCC4(OC2*)C3CC1(*)*,103,12,Ring,------------
*c1ccncc1*,103,2,Ring,--
*c1cc2c(*)c(*)c(=*)c(=*)c2c(*)c1*,103,7,Ring,---==--
*C(*)CN=C(N)N,103,2,Linker,--
*CCC(C)=CCO*,103,2,Linker,--
*C(O)CCCO,103,1,Sub,-
*[2H],103,1,Sub,-
*C1CC2CCC3C(CCC4(*)C3CC3OC(*)(*)C(*)C34)C2(*)CC1*,102,7,Ring,-------
*c1ccc2c(c1)C=CC(=*)O2,102,2,Ring,-=
*C1CCC2C(=CCC3C2(*)C(=*)CC2(*)C(*)CCC32*)C1(*)*,102,8,Ring,--=-----
*C1=NC(*)CO1,102,2,Ring,--
*C1CCC2(CCC3OC(*)C(=*)C(*)C3O2)O1,102,4,Ring,--=-
*C1=C(*)c2c(cc(*)c3c(*)c(*)oc23)OC1=*,102,6,Ring,-----=
*C1=CCCC2(*)OC2C2OC(=*)C(=*)C2C(*)C1*,102,6,Ring,--==--
*C1=NC(*)C(*)=NC1*,102,4,Ring,----
*C1=C(*)N2C(=*)C(*)(*)C2SC1,102,5,Ring,--=--
*N1C(=*)NC(=*)C(*)(*)C1=*,102,6,Ring,-==--=
*N1C(=*)C2CCCN2C(=*)c2ccccc21,102,3,Ring,-==
*C1CC(*)(*)C(*)(*)C(*)(*)C1,102,7,Ring,-------
*C(O)CCC(*)O,102,2,Linker,--
*C(*)(*)O,102,3,Linker,---
*C=CC(=*)O,102,2,Linker,-=
*CCN(C*)C(C)=O,102,2,Linker,--
*CCC(C)(CO)C(*)(C)O,102,2,Linker,--
*C(=O)NCC(C)C,102,1,Sub,-
*C(C)(C)OC,102,1,Sub,-
*C1CC2C(*)(*)CCCC2(*)C(*)C1=*,101,6,Ring,-----=
*c1ccc2c3c1OC1C4(*)C=CC5(CC4*)C(C2)N(*)CCC315,101,4,Ring,----
*C1=CC2(OC(*)CCC2*)OC(*)C1,101,4,Ring,----
*C1C(*)(*)C=CC(=*)C1(*)*,101,6,Ring,---=--
*C1CCC2(*)C1CCC1C(*)(*)C(*)CCC12*,101,6,Ring,------
*C1=CC(=*)Oc2c(*)c(*)c(*)c(*)c21,101,6,Ring,-=----
*NC(=O)C(CCSC)N*,101,2,Linker,--
*COC(*)(*)*,101,4,Linker,----
*C(C)=NO,101,1,Sub,-
*CCCCCC(=O)O,101,1,Sub,-
*C1=C(*)C2C(CC3C4CC=C5CC(*)CCC5(*)C4CCC32*)O1,100,5,Ring,-----
*C1=C(*)C(*)CC1=*,100,4,Ring,---=
*C1C=C2c3cccc4[nH]cc(c34)CC2N(*)C1,100,2,Ring,--
*C1CC(=*)NC(*)C(=*)NC(*)C(=*)NC(*)C(=*)NC(*)C(=*)NC(*)C(=*)NC(*)C(=*)NC(*)C(=*)O1,100,16,Ring,-=-=-=-=-=-=-=-=
*C1(*)C=C2CCC3C(*)(*)CCCC3(*)C2CC1,100,5,Ring,-----
*c1ccc2c(c1)OC1CN(*)CC1N(*)C2=*,100,4,Ring,---=
*c1cc2c(cc1*)N(*)C(*)C2*,100,5,Ring,-----
*c1ccc2nc(*)sc2c1,100,2,Ring,--
*C1=CC2OC3CC(*)C(*)(C2(*)CC1)C31CO1,100,4,Ring,----
*C1CC=C2C1(*)CCC1C3(*)C=CC(=*)C(*)(*)C3CC(*)C21*,100,8,Ring,---=----
*c1nc2c(s1)CC1(*)CCC3C(*)C(=*)OC3C1C2*,100,5,Ring,---=-
*C1(*)C=CC(=*)O1,100,3,Ring,--=
*c1cc2c(cc1*)N(*)C(*)C2,100,4,Ring,----
*C1CCC2N(C1)CC1C(C(*)C(*)C3(*)C1CC14OC5(*)C(*)CCC1(*)C5CC(*)C34)C2(*)*,100,10,Ring,----------
*CC(=NOS(=O)(=O)O)S*,100,2,Linker,--
*CC(NC(=O)C(C)O*)C(=O)O,100,2,Linker,--
*CC=CC(C)(C)O,100,1,Sub,-
*C(C)(O)C(=O)C=CC(C)(C)O,100,1,Sub,-
*=[N],100,1,Sub,=
*c1ccno1,99,1,Ring,-
*C1CC(*)C23CC24CCC2(*)C(*)CCC2(*)C4CCC3C1(*)*,99,7,Ring,-------
*C1=CC(*)C(*)(*)CC1,99,4,Ring,----
*C1=Cc2cc(*)c(*)cc2C(*)C1*,99,5,Ring,-----
*C1=CC(=*)c2cc(*)c(*)cc2O1,99,4,Ring,-=--
*c1ccc2c(c1)OCC(*)C2=*,99,3,Ring,--=
*C1CCC2(*)C(C1)C(*)CC1(*)C2CCC2(*)C(*)C(*)C(*)C21,99,8,Ring,--------
*C1COC(=*)C1(*)*,99,4,Ring,-=--
*C1=COC(*)C2C1(*)CC(*)C2(*)*,99,6,Ring,------
*CCC=C(C)CO,99,1,Sub,-
*CCCCC(=O)O,99,1,Sub,-
*NO,99,1,Sub,-
*C1CC(=*)C2=C(C1)Nc1ccccc1N(*)C2*,98,4,Ring,-=--
*c1cnc(*)c(*)c1,98,3,Ring,---
*c1ccc(*)c2c1CCCO2,98,2,Ring,--
*C1=C(*)C(*)(*)CC(*)C1*,98,6,Ring,------
*C1C=CC(*)C2C(=*)N(*)C(=*)C12,98,5,Ring,--=-=
*C1=CCC2CC1C2(*)*,98,3,Ring,---
*C1CCCNN1*,98,2,Ring,--
*C1CC(=*)C(*)C2(*)CCCC(*)(*)C12,98,6,Ring,-=----
*CCNC(=O)CCC(=O)OCC(*)=O,98,2,Linker,--
*CS(*)(=O)=O,98,2,Linker,--
*C(=O)C=CC,98,1,Sub,-
*C(=O)NC(CC(C)C)C(N)=O,98,1,Sub,-
*C(C)(O)C(=O)CCC(C)(C)O,98,1,Sub,-
*CCC(O)C(=C)C,98,1,Sub,-
*CCC#N,98,1,Sub,-
*C1CCCC(*)N1*,97,3,Ring,---
*C1=C(*)C(*)C2=C(CC(*)CC2=*)N1,97,5,Ring,----=
*c1ccc2c(c1)OC(=*)c1cc(*)ccc1-2,97,3,Ring,-=-
*c1ncn(*)c1*,97,3,Ring,---
*C1CCC2(*)CCCC(*)(*)C2C1,97,4,Ring,----
*C1CC(=*)NC(*)C(=*)NC(*)C(*)C(=*)NC(*)CCC(=*)N(*)C(=*)C(=*)NC(*)C(=*)NC(*)C(=*)N1,97,16,Ring,-=-=--=-=-==-=-=
*c1cc(*)c2ccccc2c1*,97,3,Ring,---
*C1=CC(=*)c2oc(*)c(*)c2O1,97,4,Ring,-=--
*c1ccc2c(c1)CCC1C2CCC2(*)C(=*)CCC12,97,3,Ring,--=
*CCC(=O)NC(C*)C(=O)O,97,2,Linker,--
*CCCNC(=O)C*,97,2,Linker,--
*CC(*)C(=O)CC(O)C(C*)C*,97,4,Linker,----
*C=CC(C)=CC(C)C(C*)OC(C)=O,97,2,Linker,--
*C(OC)OC,97,1,Sub,-
*C(=CC=CC(=C)CCC=C(C)C)CO,97,1,Sub,-
*CSC,97,1,Sub,-
*OC(=O)CCCC,97,1,Sub,-
*C1CC(*)C23OC(*)(*)C(CC(*)C2(*)C1*)C3*,96,8,Ring,--------
*c1cc2c(=*)c3cccc(*)c3c(=*)c2c(*)c1*,96,6,Ring,-=-=--
*C1NC(=*)C2(CCCC2)C1*,96,3,Ring,-=-
*C1=C(*)C2CC3OC(=*)C(*)C4C5(*)OCC34C(C(*)C5*)C2(*)CC1=*,96,9,Ring,--=-----=
*C1CCC2C(=CCC3C2(*)C(*)CC2(*)C(*)CCC32*)C1(*)*,96,8,Ring,--------
*C1CC2C(=CCC3C2(*)C(=*)CC2(*)C(*)C(*)CC32*)C(*)(*)C1*,96,10,Ring,--=-------
*C1=CCC(*)(*)CC1,96,3,Ring,---
*C1=CCCC2(*)OC2C2OC(=*)C(=*)C2C(*)C1,96,5,Ring,--==-
*C=CC(=C)C,96,1,Sub,-
*CC(=O)[O-],96,1,Sub,-
*c1cc(*)n(*)c1,95,3,Ring,---
*C1=Cc2ccccc2CC1,95,1,Ring,-
*C1=NC(=*)N(*)C(=*)C1=*,95,5,Ring,-=-==
*c1c2c(cc3c(=*)c4c(*)ccc(*)c4c(=*)c13)C(*)C(*)(*)CC2*,95,9,Ring,-=--=----
*C1=COC(*)C2C(*)OC(*)CC12,95,4,Ring,----
*C1CCOC1=*,95,2,Ring,-=
*C1=CC(=*)Oc2c1c(*)c(*)c1c2C(*)CC(=*)O1,95,6,Ring,-=---=
*c1ccc2c(c1*)-n1cccc1C1(CCN(*)CC1)N2,95,3,Ring,---
*C1NC(=*)C2CCCN2C(=*)C(*)OC(=*)CCNC(=*)C(*)N(*)C(=*)C(*)N(*)C1=*,95,12,Ring,-==-==--=--=
*CC(=O)C*,95,2,Linker,--
*CC=C(C)C*,95,2,Linker,--
*C(C)CCC(O)C(=C)C,95,1,Sub,-
*CNC(C)C,95,1,Sub,-
*c1c2c(cc3c(=*)c(=*)oc13)CN(*)CO2,94,4,Ring,-==-
*C1=CC(=*)c2c(*)c3c(c(*)c2O1)OC(*)(*)C(*)C3,94,7,Ring,-=-----
*C1=Cc2cccc3c2N(CC3)C1=*,94,2,Ring,-=
*c1ccc2c(c1)C#CCC(*)CC1CC3CC(=CC4C(*)CC5c6ccc(cc6CCC5*)OC(*)(*)c5ccc(cc5)C34)C2O1,94,6,Ring,------
*C1(*)CCC2C(O1)c1ccccc1OC2(*)*,94,4,Ring,----
*C1CC2(*)C3=C(CCC2C(*)(*)C1*)C1(*)CCC(*)C1(*)C(*)C3,94,9,Ring,---------
*C1CCC2(*)C3CCC(*)C4(*)CC34CCC12*,94,5,Ring,-----
*C1CCC2(*)C3C(*)CC4(*)C(*)CCC4(*)C3CCC2(*)C1,94,7,Ring,-------
*C1CNC(*)C1,94,2,Ring,--
*C1CSC2c3ccccc3C(=*)N12,94,2,Ring,-=
*C1=C(*)C(=*)N2C=CC=CC2=N1,94,3,Ring,--=
*CCC(O)C*,94,2,Linker,--
*C(=O)N(*)C,94,2,Linker,--
*C(O)CNC,94,1,Sub,-
*C(C)CC(O)C=C(C)C(=O)O,94,1,Sub,-
*C(=O)CCCC,94,1,Sub,-
*OC(=O)C(O)C(C)C,94,1,Sub,-
*C(O)C(O)C(O)CO,94,1,Sub,-
*C=C(C)CCC=C(C)C,94,1,Sub,-
*COC(=O)CC,94,1,Sub,-
*CNCCC,94,1,Sub,-
*C1c2cc3c(cc2C(*)C2C(=*)OCC12)OCO3,93,3,Ring,--=
*C1C2C(*)C3(OC2(*)*)C(*)CCC(*)C3(*)C1*,93,8,Ring,--------
*C12CCCCC1CCC(=*)N2,93,2,Ring,-=
*C1C=C2CCC3C(CCC4(*)C(*)CCC34*)C2(*)CC1,93,5,Ring,-----
*c1cc(*)c2c(c1*)OC(=*)C=C2,93,4,Ring,---=
*C1C=C2COC(=*)C2(*)C2(*)CCCC(*)(*)C12,93,6,Ring,-=----
*C1CC(=*)OC12CCOC(*)(*)C2,93,4,Ring,-=--
*C1=NC(*)CC1,93,2,Ring,--
*c1cc(=*)c2c(*)ccc(*)c2c1=*,93,5,Ring,-=--=
*c1cc(*)c2c(=*)c3c(*)cccc3c(=*)c2c1,93,5,Ring,--=-=
*CN(CCC(*)*)C(=O)CC,93,3,Linker,---
*C(C)(O)CCCC(C)C,93,1,Sub,-
*C=COC(=O)C=C(C)C,93,1,Sub,-
*OC(=O)N(CC)CC,93,1,Sub,-
*NCCCC,93,1,Sub,-
*C(=O)C(C)O,93,1,Sub,-
*C(C)CCC(O)C(C)C,93,1,Sub,-
*OC(=O)NCC,93,1,Sub,-
*C(O)CCC,93,1,Sub,-
*C1CCC(*)(*)C(*)C1*,92,5,Ring,-----
*C1CC(=*)C2=C(C1)Nc1ccccc1NC2*,92,3,Ring,-=-
*C1CCC2(OC1)OC1CC3C4CC=C5CC(*)CCC5(*)C4CCC3(*)C1(*)C2*,92,6,Ring,------
*C1=NC(*)C(=*)N1*,92,4,Ring,--=-
*C12CCCCC1CCC1C2CCC2(*)C1CCC2(*)*,92,4,Ring,----
*c1ccc2cc3cccc(*)c3cc2c1,92,2,Ring,--
*C(*)=C,92,2,Linker,--
*CC(N)C(*)=O,92,2,Linker,--
*NCCCC(=O)N*,92,2,Linker,--
*NC(=O)C(C)O*,92,2,Linker,--
*C(*)C(=O)NC,92,2,Linker,--
*C(C)CCC(*)OC,92,2,Linker,--
*C(=O)NCC=C,92,1,Sub,-
*C(CC)CC,92,1,Sub,-
*C1=CC=CC(*)C(*)C(*)C(*)C(*)C(*)C(*)C(*)C=COC2(*)Oc3c(*)c(*)c4c(=*)c(c(*)c(=*)c4c3C2=*)NC1=*,91,17,Ring,------------=-===
*C1=CC(=*)Oc2cc3c(cc21)CCC3,91,2,Ring,-=
*c1cccc[nH+]1,91,1,Ring,-
*N1C(=*)c2ccccc2N2C(=*)CCC12*,91,4,Ring,-==-
*C1NC(=*)C(*)NC(=*)C(*)C(*)OC(=*)C(*)NC(=*)C(*)NC1=*,91,11,Ring,-=-=--=-=-=
*CCCCCCCCCC*,91,2,Linker,--
*C(*)CC(C)C,91,2,Linker,--
*CCCCCCCC(O)C*,91,2,Linker,--
*OC(=O)C(C)=CCOC(C)=O,91,1,Sub,-
*=C(CCC=C(C)C)C(=O)O,91,1,Sub,=
*N1C(=*)C2C3C=CC(C3)C2C1=*,90,3,Ring,-==
*C1=C(*)C(=*)C=CO1,90,3,Ring,--=
*C1=Nc2cc(*)c(*)cc2C(=*)N1*,90,5,Ring,---=-
*N1CC(=*)N2Cc3[nH]c4ccccc4c3CC2C1=*,90,3,Ring,-==
*C1CCC2N(C1)CC1C3CC4C(CC(*)C5CC(*)C6(CCC(*)C6)CC54*)C3CCC1C2(*)*,90,7,Ring,-------
*C1CN(*)C(*)C(=*)N(*)C1*,90,6,Ring,---=--
*C1OC2COC(C1*)C2*,90,3,Ring,---
*C1=CC(*)C2COC(*)C1C2*,90,4,Ring,----
*c1ccc2cc1C=CNC(=*)C(*)NC(=*)C1C(CCN1*)O2,90,5,Ring,-=-=-
*c1ccc2c(c1)C(=*)Oc1c-2ccc(*)c1*,90,4,Ring,-=--
*c1ccc2c(c1)c1ccccc1n2*,90,2,Ring,--
*c1cc2c(c(*)c1*)C=CC(*)(*)O2,90,5,Ring,-----
*c1ccc(*)nn1,90,2,Ring,--
*c1ccc2occ(*)c2c1,90,2,Ring,--
*C1=C2N=CC=C2C=[N+]1*,90,2,Ring,--
*CN(C)CC#C,90,1,Sub,-
*NC(=O)C(C)(C)C,90,1,Sub,-
*C(C)CCC=C(C)C=O,90,1,Sub,-
*[S+](C)[O-],90,1,Sub,-
*OC(=O)CO,90,1,Sub,-
*NC(=O)CCOC,90,1,Sub,-
*C(C)C(CC=C(C)C(=O)O)OC(C)=O,90,1,Sub,-
*C1CC(*)C(*)(*)C2(*)C(*)CCC(*)(*)C12,89,8,Ring,--------
*C12CCOCC1CCc1ccccc12,89,1,Ring,-
*C1=NC(=*)N(*)C(=*)C1(*)*,89,6,Ring,-=-=--
*c1cc(*)c2c(*)ccc(*)c2c1,89,4,Ring,----
*C1CC2C(*)(*)C(*)CC(*)C2(*)C2(CO2)C1*,89,7,Ring,-------
*C1CCC2(*)C(=CCC3C2C(*)C(*)C2(*)C(*)CCC32*)C1,89,7,Ring,-------
*N1C(=*)C2Cc3ccccc3CN2C1=*,89,3,Ring,-==
*C=C(NC(*)=O)C(*)=O,89,3,Linker,---
*COC(=O)NC(C*)C(=O)O,89,2,Linker,--
*C(O)C(C)CC=CC,89,1,Sub,-
*NCC(=O)O,89,1,Sub,-
*COP(=O)(O)OP(=O)(O)OP(=O)(O)O,89,1,Sub,-
*C#CC(=C)C,89,1,Sub,-
*C(C)C(O)CC,89,1,Sub,-
*C(=O)NCCCCNC(=N)N,89,1,Sub,-
*OCC#N,89,1,Sub,-
*C1=CCC2C(*)(*)C(*)C(*)CC2(*)C1*,88,7,Ring,-------
*C1(*)c2ccccc2N2CC(=*)NC21*,88,4,Ring,--=-
*C1=CCC2(*)C(CCC3C4CCC(*)C4(*)CCC32)C1,88,4,Ring,----
*C1CCC2(*)C3=CCC4C(*)(*)C(=*)CCC4(*)C3=CCC12*,88,7,Ring,----=--
*C1=CCCC(=*)C=CC=C(*)COCC#CC1,88,3,Ring,-=-
*c1ccc2c(c1)c1c3n2CCN(*)C3CCC1,88,2,Ring,--
*c1ccnc2c1CCC(*)N2,88,2,Ring,--
*C1OCC2(*)C(*)OCC12,88,3,Ring,---
*C1C2C(=*)N(*)C(*)C23C=CC1(*)O3,88,5,Ring,-=---
*c1ccc2c(c1*)OCO2,88,2,Ring,--
*C1OC(*)C(*)(*)C(*)(*)C1*,88,7,Ring,-------
*C1CCC2C3CCC4CC(*)(*)CCC4(*)C3CCC12*,88,5,Ring,-----
*OC(=O)CC(*)N(C)C,88,2,Linker,--
*C=CCNC(*)=O,88,2,Linker,--
*NC(=O)CO,88,1,Sub,-
*NCC=C,88,1,Sub,-
*C(C)CCC,88,1,Sub,-
*=CCC,88,1,Sub,=
*C(=O)NCCCC,88,1,Sub,-
*CCC(C)CNC(C)=O,88,1,Sub,-
*C1=NC2(CCN(*)CC2)NC1=*,87,3,Ring,--=
*C1C(*)(*)CCCC1(*)*,87,5,Ring,-----
*c1ccc2c(c1)OC(*)C(*)C2=*,87,4,Ring,---=
*C1C(=*)OC(*)(*)C1*,87,5,Ring,-=---
*C1CCC2(*)C3CCC4(*)C(*)CCC4C3CC(=*)C2(*)C1,87,6,Ring,----=-
*C1=CC2=CC(=*)C(*)(*)C(*)C2CO1,87,5,Ring,-=---
*c1ccc2c(c1*)OC(=*)c1ccccc1-2,87,3,Ring,--=
*C1OCOC2C1OC(*)C(*)(*)C2*,87,5,Ring,-----
*C1CC2C(*)CC3C4CCC(*)C4(*)CCC3C2(*)CC1*,87,6,Ring,------
*C1CC(*)(*)C23OC(*)(*)C(CC(*)C2(*)C1*)C3*,87,9,Ring,---------
*C1CC(*)(*)C(*)(*)C1,87,5,Ring,-----
*C1C(*)C2(C(=*)c3ccccc3C2=*)C2C=Cc3ccccc3N12,87,4,Ring,--==
*C1CC2(OC(*)C1*)OC(*)C(*)C2(*)*,87,7,Ring,-------
*CC(C(=O)N*)N(C)C,87,2,Linker,--
*CNC(=O)CCC(=O)OCC(*)=O,87,2,Linker,--
*CCCCCC(*)=O,87,2,Linker,--
*CCNC(=O)C(C*)=NO,87,2,Linker,--
*NCCCCCC(=O)N*,87,2,Linker,--
*=NNC(N)=S,87,1,Sub,=
*CCCCNC(=N)N,87,1,Sub,-
*C1CCC2(*)OC(*)CCC2O1,86,3,Ring,---
*C1=CC2=C(C(=*)N1*)C(*)C(*)=C(*)O2,86,6,Ring,-=----
*C1=CCC(*)C(*)O1,86,3,Ring,---
*C1CCC2(*)C3=CC(*)C45C(=*)OC(*)(*)C4(*)CCC5(*)C3CCC2C1(*)*,86,10,Ring,---=------
*C1C=C2C3CC(*)(*)CCC3(*)C(*)CC2(*)C2(*)CCC3C(*)(*)C(*)CCC3(*)C12,86,11,Ring,-----------
*C1=NC2CCC(*)N(C2=*)C(*)C(=*)N(*)C(*)C(*)=NC(*)C(=*)OC(*)C(*)C(*)=NC1*,86,14,Ring,--=-=----=----
*N1CCC2(*)c3ccccc3NC12,86,2,Ring,--
*N1CCCN(*)CC1,86,2,Ring,--
*C1CCCc2c1[nH]c1ccccc21,86,1,Ring,-
*c1cc2c(cc1*)C(*)SSCC(*)C(*)C(*)CC(*)CC2,86,7,Ring,-------
*c1cc2c(cc1*)C1CC(*)C(*)CN1CC2,86,4,Ring,----
*C1=CC2(C=CC3C(*)=COC(*)C32)OC1=*,86,4,Ring,---=
*CC(O)(C(O)COO*)C(O)C(O)CO,86,2,Linker,--
*NC(=N)N*,86,2,Linker,--
*CCCCC*,86,2,Linker,--
*C(O)COC,86,1,Sub,-
*C(=O)NC(CCCNC(=N)N)C(=O)O,86,1,Sub,-
*C(=O)NCCCOC,86,1,Sub,-
*OC(C(O)CO)C(O)C(O)C=O,86,1,Sub,-
*N1CC(=*)N2CCc3c([nH]c4ccccc34)C2(*)C1=*,85,4,Ring,-=-=
*c1ccc2c(c1*)Cc1c(*)ccc3cccc(c13)C(*)SSCC1CC(*)C(*)(*)C(=*)C1C(*)C(*)C2,85,10,Ring,-------=--
*C1C(*)C(*)C(*)C1*,85,5,Ring,-----
*C1=CCCC2(*)CC3OC(=*)C(*)C3C=C12,85,4,Ring,--=-
*C1OC(=*)C2OC23C1(*)CCC1C24COC(=*)C5(CCCC5)C2OC(*)(*)C4C(=*)C(*)C13*,85,9,Ring,-=-=--=--
*C1C=CCCC1,85,1,Ring,-
*=C1CCCCC1,85,1,Ring,=
*C1C(=*)N(*)C2(*)CC1c1ccccc1O2,85,4,Ring,-=--
*C1CCC2(*)C(CCC3(*)C2CC=C2C4CC(*)(*)CC(=*)C4(*)CCC23*)C1(*)*,85,10,Ring,-----=----
*C1=[O+]c2cc(*)c(*)c(*)c2C(=*)C1,85,5,Ring,----=
*C1=COC(*)C2C1C=CC2(*)*,85,4,Ring,----
*C1C=CC(*)(*)C(*)C(*)C(*)C(=*)C(*)C2C(*)C(*)(*)CC2(*)C1=*,85,13,Ring,------=-----=
*C1OC=C2C(=*)OCCC2(*)C1*,85,4,Ring,-=--
*C1=C(*)N(*)N(*)C1=*,85,5,Ring,----=
*C1CC2C(CCC3(*)C(*)CCC23)C2(*)CCC(=*)C=C12,85,5,Ring,----=
*CCC(=O)CC(O)CC*,85,2,Linker,--
*OC(=O)C(NS(*)(=O)=O)C(C)CC,85,2,Linker,--
*CC(C)C(C)C*,85,2,Linker,--
*CCCC(C)CC*,85,2,Linker,--
*C(C)C=CC=C(C)C,85,1,Sub,-
*NCC(C)C,85,1,Sub,-
*SCC(NC(C)=O)C(=O)O,85,1,Sub,-
*OCNCC(C)O,85,1,Sub,-
*C(C)CCC(=O)C(C)C,85,1,Sub,-
*c1ccc(*)c2c1C=CC(*)(*)O2,84,4,Ring,----
*C1CCc2ncccc2C(=*)OCC2(*)OC34C(*)C2C(*)C(*)C3(*)C(*)C(*)C(OC1=*)C4(*)*,84,12,Ring,-=-------=--
*C1=NC(*)(*)CS1,84,3,Ring,---
*C1=C(*)C(*)(*)C(*)CC1,84,5,Ring,-----
*C1=NC(=*)Nc2c1ncn2*,84,3,Ring,-=-
*c1cc2c(c3c1C1=C(CCC1)C(=*)O3)CCC(*)(*)O2,84,4,Ring,-=--
*C1=COC(*)C2C(=*)C(*)CC12,84,4,Ring,--=-
*C1=CC2OC(=*)C(*)C2C(*)CC(*)=CCC1,84,5,Ring,-=---
*C1(*)CCC(*)(*)O1,84,4,Ring,----
*C1=CC(=*)C2(*)OC2C1*,84,4,Ring,-=--
*C1CCC2(*)CCCC(=*)C2C1,84,3,Ring,--=
*C(*)CC(=O)OCC,84,2,Linker,--
*NN=C(*)*,84,3,Linker,---
*CN(*)C*,84,3,Linker,---
*NCC(=O)N*,84,2,Linker,--
*C=CCCCCC,84,1,Sub,-
*CCC=O,84,1,Sub,-
*C(C)CCC(C)C(=C)C,84,1,Sub,-
*C1CC2C3CCC4=CC(=*)CCC4(*)C3CCC2(*)C1*,83,5,Ring,-=---
*c1ccc2c(c1)C(*)(*)C1(*)NC(=*)CCN21,83,5,Ring,----=
*C1CCC2C(*)C(=*)OC23C1CCC1(*)OC13,83,4,Ring,--=-
*C1(*)C(=*)NC(=*)NC1=*,83,5,Ring,--===
*C1CCCCNC1=*,83,2,Ring,-=
*C1CCC2(CCCCO2)OC1*,83,2,Ring,--
*c1nc(*)n(*)c1*,83,4,Ring,----
*C1=CCC2C(=*)C(=*)OC2CC1*,83,4,Ring,-==-
*c1ccc2c(c1)N(*)C(=*)N2*,83,4,Ring,--=-
*C1COC(*)C(*)C1,83,3,Ring,---
*C1=CC(=*)C2=C(*)CC(*)C3C(=*)C(=*)OC3C12,83,6,Ring,-=--==
*C1OCC2(*)C(CCC3(*)C(*)C(*)CCC23)O1,83,5,Ring,-----
*C1=CC(*)CC2C1(*)CCC(*)C2(*)*,83,6,Ring,------
*C1OC(=*)C(*)N(*)C(=*)C(*)OC(=*)C(*)N(*)C(=*)C(*)OC(=*)C(*)N(*)C1=*,83,15,Ring,-=--=-=--=-=--=
*C1CC2C(*)C(*)C(C1)N2*,83,4,Ring,----
*C1CCCCN(*)C1=*,83,3,Ring,--=
*OCC(*)C,83,2,Linker,--
*C#CC*,83,2,Linker,--
*CCCN(O)C(=O)C=C(C)CCO,83,1,Sub,-
*C1=CN(*)C(=*)C(*)=C1*,82,5,Ring,--=--
*C1CCC2(*)C(*)CCC(*)(*)C2C1*,82,6,Ring,------
*c1cc2c(cc1*)C(*)C#CC(*)C(=*)CC2,82,5,Ring,----=
*c1ccc2c(c1)N(*)C1(CCN(*)CC1)c1cccn1-2,82,3,Ring,---
*C1(*)CC2C(=*)CCC3OC3(*)CCC21,82,4,Ring,--=-
*C1CNC(*)C1*,82,3,Ring,---
*c1ccc(*)[n+](*)c1,82,3,Ring,---
*C1CCC2OC(*)C(*)C2CC1,82,3,Ring,---
*C1=CC2OC(=*)C(*)C2(*)C(*)C2C3(CO3)C(*)C(*)C(*)C2(*)C(*)C=C1,82,10,Ring,-=--------
*c1cc(*)c2c(c1)C(*)(*)c1cccc(*)c1C2=*,82,6,Ring,-----=
*c1nc2ccccc2c(*)c1*,82,3,Ring,---
*C1CC2CCOC2O1,82,1,Ring,-
*C1CC2(*)C(=*)C=C3C(CCC4(*)C(*)CCC34*)C2(*)CC1*,82,8,Ring,--=-----
*N1c2ccccc2Sc2ccccc21,82,1,Ring,-
*CCNC(=O)C(=O)N*,82,2,Linker,--
*C=NCC*,82,2,Linker,--
*CCN(C)C(*)=O,82,2,Linker,--
*CCC(C)NC(*)=O,82,2,Linker,--
*CCC(*)*,82,3,Linker,---
*COC(=O)CCC,82,1,Sub,-
*C(=O)NCCNC(C)=O,82,1,Sub,-
*C1C=C2C(*)CC3(*)C(CCC4(*)C(*)C(*)C(*)C43)C2(*)CC1,81,8,Ring,--------
*C1=NOC2C(=*)N(*)C(=*)C12,81,4,Ring,-=-=
*c1cc(*)c2c(c1*)CC(*)CC2,81,4,Ring,----
*C1C2CC3C4N(*)c5ccccc5C45CC(C2C5*)N3C1*,81,4,Ring,----
*C1=CC(*)C2C(*)(*)CCCC2(*)C1(*)*,81,7,Ring,-------
*c1cc(*)c2c(c1)OC1(*)Oc3cc(*)c4c(c3C2C1*)OC(*)C(*)C4*,81,8,Ring,--------
*C1CCCC(=*)O1,81,2,Ring,-=
*c1cc2c(cc1*)C1(*)CCCC(*)(*)C1CC2,81,5,Ring,-----
*C1CCC2(*)C(CCC3(*)C2CCC2C4=CC(*)(*)CCC4(*)CCC23*)C1(*)*,81,9,Ring,---------
*C1CS(=*)(=*)CC1*,81,4,Ring,-==-
*c1cnc(*)o1,81,2,Ring,--
*C12CCC(*)(C(=*)O1)C2(*)*,81,5,Ring,--=--
*C1NC(=*)C(*)C(*)OC(=*)C(*)N(*)C(=*)CN(*)C(=*)C2CCCN2C1=*,81,11,Ring,-=--=--=-==
*C1=CC(=*)Oc2c1cc(*)c(*)c2*,81,5,Ring,-=---
*CN(CCC(*)*)C(C)=O,81,3,Linker,---
*C(*)CCC(N)O,81,2,Linker,--
*C(=O)NN=*,81,2,Linker,-=
*C(C)C(=O)N(C)CC=C,81,1,Sub,-
*OC(=O)C(C)(O)C(C)O,81,1,Sub,-
*CC(=O)NCC#C,81,1,Sub,-
*NC(=N)NCCCO,81,1,Sub,-
*c1cc2ccccc2s1,80,1,Ring,-
*C1=NOC(*)C1,80,2,Ring,--
*c1oc2ccc3c(c2c1*)C(*)CC1(CCCCC1)O3,80,3,Ring,---
*C1=CC2OC3C(*)C(*)C(*)(C2(*)CC1*)C31CO1,80,6,Ring,------
*C1CCC2(*)C3=CC(*)C45C(=*)OC(*)(*)C4CCC5(*)C3CCC2C1(*)*,80,9,Ring,---=-----
*n1c(=*)c(=*)c2ccccc21,80,3,Ring,-==
*C1=CC23CCCN2CCc2cc4c(cc2C3C1*)OCO4,80,2,Ring,--
*c1ccc2c(c1)cc(*)n2*,80,3,Ring,---
*C1CC=C2C1(*)CCC1C3(*)CCC(*)C(*)(*)C3CC(*)C21*,80,8,Ring,--------
*c1cc(*)c2oc(*)cc2c1,80,3,Ring,---
*C(CC)C(=O)C(C)C(O)C(*)C,80,2,Linker,--
*C(O)C(NC(=O)CON=*)C(=O)O,80,2,Linker,-=
*=C(C)C(=O)O,80,1,Sub,=
*CCOCC,80,1,Sub,-
*OC(=O)C=CC=CC=CC,80,1,Sub,-
*CCCN(O)C=O,80,1,Sub,-
*OC(=O)C=CC=CC(O)C(C)O,80,1,Sub,-
*CC(=O)NC(C(=O)O)C(C)CC,80,1,Sub,-
*C(O)CC(N)=O,80,1,Sub,-
*C1C=CC(*)(*)CC1,79,3,Ring,---
*C1=C2C(=*)c3c(ccc(*)c3*)OC2(*)C(*)C(*)C1,79,7,Ring,-=-----
*c1cc2c(c(*)c1*)C1OC(*)C(*)C(*)C1OC2=*,79,7,Ring,------=
*C1CCC2(*)C(=CCC3C4CC(=*)C(=*)C4(*)CCC32)C1,79,5,Ring,--==-
*C1=C(*)C(=*)c2cc(*)c(*)c(*)c2O1,79,6,Ring,--=---
*C1CC(=*)C2CC(*)C(*)(*)C2C2OC(=*)C(=*)C12,79,7,Ring,-=---==
*C1=CC(=*)C(*)CC1,79,3,Ring,-=-
*=c1ccc(=*)o1,79,2,Ring,==
*C1NC(=*)C2C(CCN2*)Oc2ccc(cc2)C=CNC1=*,79,4,Ring,-=-=
*[n+]1ccccc1,79,1,Ring,-
*c1cc2c(cc1*)C(*)[N+](*)(*)CC2,79,5,Ring,-----
*C1=N[C+](*)C=C1,79,2,Ring,--
*C1CC(*)(*)C(*)C(*)C(*)C(*)C(=*)OC(*)C(*)(*)C(*)C(*)C1=*,79,14,Ring,-------=-----=
*c1ccc2c(c1)oc1c(*)c3cnn(*)c3nc12,79,3,Ring,---
*C(=C)C=CC=C(*)CO,79,2,Linker,--
*OC(=O)O*,79,2,Linker,--
*CCCCCCC*,79,2,Linker,--
*C(C)C=CC(C)C,79,1,Sub,-
*=CC=CC(C)(C)O,79,1,Sub,=
*CCCCCCCC(=O)O,79,1,Sub,-
*OCC#C,79,1,Sub,-
*N=C(N)NCCCO,79,1,Sub,-
*C1CC2OC(=*)C(*)C2C(*)C2(*)C(*)CC(*)C12,78,7,Ring,-=-----
*C1CC2CCC(C1)[N+]2(*)*,78,3,Ring,---
*C1CCN2CCC(*)C12,78,2,Ring,--
*C1CC(*)(*)OC1=*,78,4,Ring,---=
*C1C(=*)C23OC2CC(*)C3(*)C(*)C1*,78,6,Ring,-=----
*n1c(=*)c2ccccc2c2c(=*)c3ccccc3c1=2,78,3,Ring,-==
*C1=CC2OC(=*)C(=*)C2C(*)CC2(*)OC1=CC2=*,78,6,Ring,-==--=
*C1CCCC(*)O1,78,2,Ring,--
*c1sc2c(c1*)CCCC2,78,2,Ring,--
*c1cc2c(cc1*)CN(*)C(*)C2,78,4,Ring,----
*C1=CCC2C(*)(*)CCCC2(*)C12CCC(*)(*)O2,78,6,Ring,------
*c1ccc2c(c1)c1cc[nH+]c3c4ccc(*)c(*)c4c(=*)n2c13,78,4,Ring,---=
*C1=CCC2C(*)(*)CC(*)CC2(*)C1*,78,6,Ring,------
*C1=Cc2c(*)c3c(c(*)c2CCN1*)OCO3,78,4,Ring,----
*C1CC(*)(*)C2CCC(=*)C(*)C2(*)C1,78,6,Ring,---=--
*c1ccc2c(c1)C(=*)N1CCCCCC1=N2,78,2,Ring,-=
*N1CCn2c1nc1ccccc12,78,1,Ring,-
*NC(=O)C(*)=NOC,78,2,Linker,--
*OC(=O)C(C)NC(*)=O,78,2,Linker,--
*C(C)CC=CC(C)(C)OC,78,1,Sub,-
*OCC(O)CO,78,1,Sub,-
*C(=O)CCC=CC,78,1,Sub,-
*C(C)(O)C(O)CCC(C)C,78,1,Sub,-
*C(C)(O)CCC(O)C(=C)C,78,1,Sub,-
*OC(=O)OC(C)(C)C,78,1,Sub,-
*C(=C)COC(C)=O,78,1,Sub,-
*C(O)C(C)C(C)C,78,1,Sub,-
*C1CCC2(CO2)C2(*)C(*)CC(*)C(*)(*)C12,77,6,Ring,------
*C1CCC2(*)C3CCC(*)(*)C=C3CCC2C1(*)*,77,6,Ring,------
*c1ccc2nc(*)cc(*)c2c1,77,3,Ring,---
*c1cnn(*)c1*,77,3,Ring,---
*C1CC2c3[nH]c4ccccc4c3CCN2CC1=*,77,2,Ring,-=
*C1CCNC(=*)N1,77,2,Ring,-=
*C1C(*)C2(*)OC1(*)OC(*)C2(*)*,77,7,Ring,-------
*C1=CC2C=C(*)C(*)CC23OC(=*)C(=C(*)C2(*)C(C=CC4C(*)C(*)CC(*)C42)C(*)=CCC1*)C3=*,77,12,Ring,---=-------=
*C1=CC(=*)C2=C(*)CC(*)C3C(OC(=*)C3(*)*)C12,77,7,Ring,-=--=--
*c1cc2c(c(*)c1*)C(=*)c1c(cc(*)c(*)c1*)O2,77,7,Ring,---=---
*c1c2c(c(*)c3c1OC(*)C(*)C3=*)C=CC(*)(*)O2,77,7,Ring,----=--
*c1ccc2nc3n(c2c1)C(*)COC3,77,2,Ring,--
*CC(NC(=O)OC(C)(C)C)C(*)=O,77,2,Linker,--
*COCC(=O)N(C)C,77,1,Sub,-
*CC=C(C)C=O,77,1,Sub,-
*C(C)C(O)CC=C(C)C,77,1,Sub,-
*NC(=O)OC(C)(C)C,77,1,Sub,-
*NC(=O)C(C)=CC,77,1,Sub,-
*C1CC2C(*)(*)C(=*)CCC2(*)C2=C1C1(*)C(*)CC(*)C1(*)CC2=*,76,10,Ring,---=-----=
*C1=C2CCC(*)(*)C3(CCC(*)C3*)C2CCC(*)Cc2cccc(c2)CC(*)C(*)CNC2C(=*)NC(*)c3cccc(c32)CC1=*,76,11,Ring,--------=-=
*C1CSCN1,76,1,Ring,-
*C1CCC(*)C(=*)C1,76,3,Ring,--=
*c1c2cc[nH]c2cn1*,76,2,Ring,--
*C1C(=*)OC(=*)C1=*,76,4,Ring,-===
*C12C=CC3(CCC4C(*)(*)CCCC4(*)C3CC1)C2,76,4,Ring,----
*c1cc(*)c2c(c1*)OC1(C(=*)C3=C(CC1*)NC1=C(C(=*)N(*)C(=*)N1*)C3*)C2=*,76,11,Ring,---=-=-=--=
*c1c[nH]cc1*,76,2,Ring,--
*C1C=CC2CCCCC2C1*,76,2,Ring,--
*CCCNC*,76,2,Linker,--
*CNC(=*)C,76,2,Linker,-=
*NCC(*)O,76,2,Linker,--
*CC(*)CO,76,2,Linker,--
*CC(NC(=O)N*)C(=O)O,76,2,Linker,--
*CCNC(=NC(*)=O)N*,76,3,Linker,---
*NC(=O)CCCCCCCCC,76,1,Sub,-
*=CC(=O)O,76,1,Sub,=
*NC(=O)OCC,76,1,Sub,-
*CCCC(C)O,76,1,Sub,-
*CCN(C)CCCC,76,1,Sub,-
*C(C)C(=O)CCC(C)C,76,1,Sub,-
*COC(=O)SC,76,1,Sub,-
*C1CCC2(*)C(CCC(*)C2(*)*)C1(*)*,75,7,Ring,-------
*C1CCC2(*)C3CCC45C(=*)OC(*)(*)C4CCC5(*)C3=CCC2C1(*)*,75,8,Ring,--=-----
*C1(*)C=CC(=*)C1=*,75,4,Ring,--==
*c1ccc2c(c1)C(*)(*)C1(*)NC(=*)CN21,75,5,Ring,----=
*C1=CC(=*)c2ccccc2N1*,75,3,Ring,-=-
*c1n[nH]c(*)c1*,75,3,Ring,---
*C1CCC2(*)C(CCC3(*)C2CC(*)C2(*)C(*)(*)CCC32*)C1,75,8,Ring,--------
*c1cc2c(c(*)c1*)-c1c(cc3c(c1*)OCO3)C(*)C(*)C(*)C2,75,7,Ring,-------
*c1cc(*)c2c(c1)C1c3c(cc(*)c4c3C(C2*)C(*)C4*)OC1*,75,7,Ring,-------
*C1CC(*)(*)NC(*)(*)C1,75,5,Ring,-----
*c1oc2cc3c(cc2c1*)OCO3,75,2,Ring,--
*C1CCC2(OC1)OC1CC3C4CC(*)C5CC(*)CCC5(*)C4CCC3(*)C1C2*,75,6,Ring,------
*C1(*)OCCO1,75,2,Ring,--
*C1CSC(*)N1,75,2,Ring,--
*CCCC(=O)NCC*,75,2,Linker,--
*CCC(CC(*)OC(C)=O)OC(C)=O,75,2,Linker,--
*C=CC(=O)OC(*)C,75,2,Linker,--
*NC(=O)C(*)N,75,2,Linker,--
*COP(=O)(O)OP(=O)(O)O,75,1,Sub,-
*C(C)CC(O)C=C(C)C,75,1,Sub,-
*C(=O)NC(=C)C(N)=O,75,1,Sub,-
*=C(C)OC,75,1,Sub,=
*CCN(CCC)CCC,75,1,Sub,-
*OC(CO)CO,75,1,Sub,-
*C1OC(*)C(*)C(=*)C1*,74,5,Ring,---=-
*C1CCC2C(*)(CCC3C2(*)CCC2(*)C4CC(*)(*)CCC4(*)CCC32*)C1*,74,9,Ring,---------
*C1CCCCCCCCCC(=*)OC2C(*)C(*)OC(OC3C(OC(*)C(*)C3*)OC3C(O1)OC(*)C(*)C3*)C2*,74,11,Ring,-=---------
*C1C(=*)N2CCCC2C2(*)OC(*)(*)C(=*)N12,74,6,Ring,-=---=
*C1=CC(=*)C2=C(O1)C(*)C(*)=C(*)O2,74,5,Ring,-=---
*C1CCCC(*)N1,74,2,Ring,--
*C1CNC(=*)N1,74,2,Ring,-=
*C1CC(*)C(*)C(*)C(*)CC(=*)OC(*)C(*)C2OC2(*)C=CC1=*,74,10,Ring,-----=---=
*c1cc(*)ncn1,74,2,Ring,--
*N1CC1,74,1,Ring,-
*c1cc2c(cc1*)-c1c(*)c(*)cc3c1C(C2)N(*)CC3,74,5,Ring,-----
*c1ccc2c(c1*)C(=*)CC(*)(*)O2,74,5,Ring,--=--
*c1cc(*)c2c(c1)C(=*)Oc1c-2cc(*)c2c(*)ccc(*)c12,74,6,Ring,--=---
*C1OC(*)C(*)C(*)C1=*,74,5,Ring,----=
*C1=CCN(*)C1=*,74,3,Ring,--=
*c1ccc2c3c1OC1C(*)C=CC4C(C2)N(*)CCC341,74,3,Ring,---
*c1cc2c(c(*)c1*)C=CC(=*)O2,74,4,Ring,---=
*c1c[nH]c(*)c1*,74,3,Ring,---
*c1ccn(*)n1,74,2,Ring,--
*C1(*)CCC2(*)CCC3(*)C(=CCC4C5(*)CCC(=*)C(*)(*)C5CCC43*)C2C1,74,9,Ring,-----=---
*c1ncc2c(n1)CC(*)CC2=*,74,3,Ring,--=
*CCC=*,74,2,Linker,-=
*C=CC=CC=CC(=O)N*,74,2,Linker,--
*C(=O)NCC(*)O,74,2,Linker,--
*C(=O)C(*)=O,74,2,Linker,--
*CC(*)=NO,74,2,Linker,--
*CCCN(C)C*,74,2,Linker,--
*CC(O)CCCCCCCCCCC(*)O,74,2,Linker,--
*N(C)C(C)=O,74,1,Sub,-
*CCC(O)C(CCCCCCC(O)CCCCCCC)C(=O)O,74,1,Sub,-
*C=CCl,74,1,Sub,-
*CC(O)CCC,74,1,Sub,-
*C(C)CCCC(C)(C)O,74,1,Sub,-
*C1Cc2cc3c(cc2O1)OC(=*)C=C3,73,2,Ring,-=
*C1=CCCC2(*)CCC(*)CC12,73,3,Ring,---
*C1CCC2C3CC4OC45C(*)C=CC(=*)C5(*)C3CCC12*,73,5,Ring,--=--
*c1cc2c([nH]1)CCC1CCCC1C2*,73,2,Ring,--
*C1=C(*)c2ccccc2NC1=*,73,3,Ring,--=
*C1=C2C(*)C(*)C3(*)CCC(*)C(=*)C3C(*)C(CC1=*)C2(*)*,73,10,Ring,-----=-=--
*c1nnc(*)n1*,73,3,Ring,---
*c1cc(*)c2c(c1)OC(*)CC2,73,3,Ring,---
*C1=NC(*)C(*)O1,73,3,Ring,---
*CC(N*)C(*)=CC(=O)O,73,3,Linker,---
*[NH-],73,1,Sub,-
*C(=O)NC(C)CC,73,1,Sub,-
*C(=O)C(=O)O,73,1,Sub,-
*C(C)(O)C(=O)CCC(C)(C)OC(C)=O,73,1,Sub,-
*C(=O)CCNC(C)=O,73,1,Sub,-
*NC(=O)CCCCC,73,1,Sub,-
*C(C)(O)CCC(=C)C(C)C,73,1,Sub,-
*c1cc(*)c2c(c1*)CC(*)NC2*,72,5,Ring,-----
*c1cc(*)c2c(=*)c3c(*)c(*)c(*)c4c3c(=*)c2c1C=Cc1cccc(c1)CC(*)CCC(*)C#CC4,72,9,Ring,--=---=--
*C1=COc2c(cc(*)c(*)c2*)C1=*,72,5,Ring,----=
*C1C(=*)CCC2C1(*)CCC1C(*)(*)CCCC12*,72,6,Ring,-=----
*C1=C(*)C2CC1C1C(=*)N(*)C(=*)C21,72,5,Ring,--=-=
*C1OC2OC3C(*)OC(OCCCCC1C(*)C2*)C(*)C3*,72,6,Ring,------
*c1nnn(*)c1*,72,3,Ring,---
*C1NCCC12C(=*)Nc1ccccc12,72,2,Ring,-=
*C1CCC2C(C=CC(*)C2(*)*)C1,72,4,Ring,----
*C1COC2(CCCCC2)O1,72,1,Ring,-
*C1Cc2ccccc2C1,72,1,Ring,-
*c1cnc(*)c(*)n1,72,3,Ring,---
*C1OC2(C(=*)c3ccccc3C2=*)C(*)C12C(=*)c1ccccc1C2=*,72,6,Ring,-==-==
*C1CC(*)C(*)(*)C(*)(*)C1,72,6,Ring,------
*CNC(=O)NC*,72,2,Linker,--
*C(C)(O)C(C)O,72,1,Sub,-
*NCNC,72,1,Sub,-
*CCC(=O)C(C)C,72,1,Sub,-
*NC(=O)C(C)CC,72,1,Sub,-
*C(O)CN,72,1,Sub,-
*C(C)=CC(=O)CC(C)C(=O)O,72,1,Sub,-
*C1=CCCC2C1(*)C(*)C(*)C(*)(*)C2(*)*,71,8,Ring,--------
*C1(*)C=CC(=*)C=C1,71,3,Ring,--=
*C1=CCCC(*)C1(*)*,71,4,Ring,----
*[N+]1=CC=NC1,71,1,Ring,-
*C1CCC2(*)C(=CCC3C2CCC2(*)C3CC3C2C(*)C2CCC(*)CN23)C1,71,5,Ring,-----
*C1=C(*)C(=*)C(*)(*)CC1=*,71,6,Ring,--=--=
*C1=CC2OC(=*)C(=*)C2C(*)CC2(*)OC1(*)CC2*,71,7,Ring,-==----
*N1CC(=*)N2C(Cc3c([nH]c4ccccc34)C2(*)*)C1=*,71,5,Ring,-=--=
*c1ccc2c(c1)C(*)C(*)CO2,71,3,Ring,---
*c1ccc2c(c1)CCC1C2CCC2(*)C(*)C(*)CC12,71,4,Ring,----
*c1cc(*)c2oc(*)c(*)c2c1,71,4,Ring,----
*c1c(*)c(*)c2c(c1*)C(=*)OC2*,71,6,Ring,----=-
*C1(*)CC(=*)C(=*)C(=*)C1,71,5,Ring,--===
*C1CCC2(*)CCC3(*)C(CCC4C5(*)CC(*)C(*)C(*)(*)C5CCC43*)C12,71,9,Ring,---------
*C1=CC(=*)c2c(*)cccc2O1,71,3,Ring,-=-
*c1cc2c(c(*)c1*)C1(*)CCCC(*)(*)C1CC2,71,6,Ring,------
*C1=CC2=C(*)C(=*)C(*)(*)C(=*)C2=CN1*,71,7,Ring,--=--=-
*c1cc(*)c2c(c1*)C=CC(*)(*)O2,71,5,Ring,-----
*c1cccc2c1NC1N(*)CCC21*,71,3,Ring,---
*C1=C(*)C(*)(*)C(*)C1=*,71,6,Ring,-----=
*C=CC=C*,71,2,Linker,--
*CC(*)(C)O,71,2,Linker,--
*NC(=O)C(N*)C(C)C,71,2,Linker,--
*CCCCCCCCCCCC*,71,2,Linker,--
*OCCC(CCC(*)C)C(C)C,71,2,Linker,--
*CC(O)C(=O)O,71,1,Sub,-
*NCNCC(C)(O)CC(C)C,71,1,Sub,-
*CCC(C)CO,71,1,Sub,-
*CCC(C)=CC=O,71,1,Sub,-
*C(=O)NCC#C,71,1,Sub,-
*OC(=O)C(C)(O)C(C)OC(C)=O,71,1,Sub,-
*C(=O)COCC(=O)O,71,1,Sub,-
*n1c2c(c3ccccc31)CCN1C(=*)c3ccccc3N=C21,70,2,Ring,-=
*c1cc(*)c2c(=*)c3cc4c(c(*)c3c(=*)c2c1)-c1c(cc(*)c(*)c1*)C(*)C4*,70,10,Ring,--=-=-----
*C1c2ccccc2C(=*)N(*)C12CCCCC2,70,3,Ring,-=-
*C1=CC(*)C2C(=*)C(=*)OC2CC(*)=CCC1,70,5,Ring,--==-
*c1nn(*)c2c1C(=*)C1(*)C(=C2)Oc2c(*)c(*)c(*)c(*)c21,70,8,Ring,--=-----
*c1cc(*)c2c(c1)OC(*)C(*)O2,70,4,Ring,----
*c1ccc2c(=*)n(*)c(=*)c2c1,70,4,Ring,-=-=
*C1CCC2(*)CCCC(=*)C2C1*,70,4,Ring,--=-
*c1cc2c(=*)c3c(*)c(*)ccc3c(=*)c2c(*)c1*,70,7,Ring,-=--=--
*N1COc2ccc3c(c2C1)OC(=*)c1ccccc1-3,70,2,Ring,-=
*C1=CC=CC(*)C2(*)CC(OC(=*)N2)C(*)C2OC2(*)C(*)CC(=*)N(*)c2cc(cc(*)c2*)C1,70,11,Ring,---=---=---
*C1OC2CCCCC2C2=CCCCC21,70,1,Ring,-
*C1=CC(*)C2(*)C=COC(*)C12,70,4,Ring,----
*c1ccc2[nH]c3c(*)nccc3c2c1,70,2,Ring,--
*c1ccc2c(=*)c3c(*)c(*)c(*)cc3c(=*)c2c1,70,6,Ring,-=---=
*C(=O)C(*)O,70,2,Linker,--
*CC(=O)N(*)C,70,2,Linker,--
*NC(=O)C(NC(*)=O)C(C)C,70,2,Linker,--
*COC(=O)NC(C*)C(=O)O*,70,3,Linker,---
*C(=O)CC(*)C,70,2,Linker,--
*COC=O,70,1,Sub,-
*C(=O)OCCCCC,70,1,Sub,-
*C(C)CC(=O)CC(C)C(=O)OC,70,1,Sub,-
*=CC(C)C,70,1,Sub,=
*CS,70,1,Sub,-
*C(=O)CSCC(=O)O,70,1,Sub,-
*C1N2CC3(*)CN1CC(*)(C2)C3,69,3,Ring,---
*C1=CC(=*)c2c(*)c3c(c(*)c2O1)OC(*)C3,69,5,Ring,-=---
*C1C#CC2C=CC(*)CC(*)C2C(*)CCCC1,69,4,Ring,----
*C1C=CC(*)C(*)O1,69,3,Ring,---
*C1CC(=*)NC(*)C(=*)NC(*)C(*)C(=*)NC(*)CCC(=*)NC(=*)C(=*)NC(*)C(=*)NC(*)C(=*)N1,69,15,Ring,-=-=--=-===-=-=
*C1CCN2CC3CC(CN4C(=*)CCCC34)C2C1,69,2,Ring,-=
*C1CC2OC(=*)C(=*)C2C(*)C2(*)C(*)CC(*)C12,69,7,Ring,-==----
*C1=CC(=*)C2C(*)(*)CCCC2(*)C1*,69,6,Ring,-=----
*n1cnc2ccccc21,69,1,Ring,-
*C1=C(*)Oc2cc(=*)cc(*)c2=C1,69,4,Ring,--=-
*C1CCC2(*)C3=CCC4(*)C(*)CC(*)C4(*)C3=CCC2C1(*)*,69,8,Ring,--------
*C1C(*)C(*)(*)C2CCC3(*)C(CC=C4C5CC(*)(*)CCC5(*)CCC43*)C2(*)C1*,69,11,Ring,-----------
*C1NC(=*)C(*)NC(=*)C(*)NC(=*)C(*)C(*)OC(=*)C(*)NC(=*)C(*)NC1=*,69,13,Ring,-=-=-=--=-=-=
*NC(=O)C(*)(C)O,69,2,Linker,--
*CCNC(=*)C,69,2,Linker,-=
*OCC(*)=C,69,2,Linker,--
*CC(C*)C(=O)CC(O)C(C*)C*,69,4,Linker,----
*C=CC(C)=C*,69,2,Linker,--
*OC(*)C(=O)OCC,69,2,Linker,--
*CCC(=O)C=CCCC,69,1,Sub,-
*COC(=O)CCC(=O)OC,69,1,Sub,-
*CCCl,69,1,Sub,-
*C(=O)NC(C)C(N)=O,69,1,Sub,-
*c1ccc2nc(*)c(*)nc2c1,68,3,Ring,---
*C1CC(*)C(*)(*)C2(*)CCCC(*)(*)C12,68,7,Ring,-------
*C1=C(*)C(=*)NC(=*)N1,68,4,Ring,--==
*C1=CC2C(*)(C1=*)C(*)C1(*)OC1C1C3OC4(*)OC3(*)CC(*)C12O4,68,8,Ring,--=-----
*c1ccc2c(*)c(*)[nH]c2c1,68,3,Ring,---
*C1=CCCC(=*)C2CC(*)(*)C2CC1,68,4,Ring,-=--
*C1CC2C(=COC(*)C2*)C(=*)O1,68,4,Ring,---=
*C1CC2C(*)(*)C(=*)CCC2(*)C2=C1C1(*)C(=*)CC(*)C1(*)CC2=*,68,10,Ring,---=--=--=
*C1CC2C(*)(CCC(*)C2(*)*)C2=C1C1(*)C(=*)CC(*)C1(*)CC2=*,68,10,Ring,------=--=
*C1CCC2(*)c3ccccc3CCC12,68,2,Ring,--
*c1c(*)c(=*)c2c(*)cccc2c1=*,68,5,Ring,--=-=
*c1oc2ccc3c(c2c1*)C(=*)CC1(CCCCC1)O3,68,3,Ring,--=
*C1CC(*)C2(*)C(CCC(*)C23CO3)C1(*)*,68,6,Ring,------
*C1=CCCC(*)=CCC(*)CCC(*)=CCC1,68,4,Ring,----
*C1CSC(=*)N1,68,2,Ring,-=
*C1=NCC(*)CC1,68,2,Ring,--
*c1cc[nH]c1*,68,2,Ring,--
*C12C=COC1OC1CC2C2(*)OC12*,68,3,Ring,---
*C1CC2(*)C(CCC3(*)C2CC(*)C2C(*)CCC23*)C(*)(*)C1*,68,9,Ring,---------
*c1c(*)c(=*)n(*)c1=*,68,5,Ring,--=-=
*C1CCC(=*)CC1,68,2,Ring,-=
*C=C(C*)C(=O)O*,68,3,Linker,---
*CN(CCOC)C(*)=O,68,2,Linker,--
*C(*)CO,68,2,Linker,--
*CNC(*)C,68,2,Linker,--
*C(=O)NC(C(*)=O)C(C)C,68,2,Linker,--
*C=CC=CCCCCC,68,1,Sub,-
*C=CC=CCCC,68,1,Sub,-
*C(O)CCl,68,1,Sub,-
*C(C)OC(=O)C(C)=CC,68,1,Sub,-
*COC(=O)C=C(C)C,68,1,Sub,-
*C(=O)NC(CCSC)C(=O)OC,68,1,Sub,-
*=NCC(C)O,68,1,Sub,=
*CNC(=O)OC(C)(C)C,68,1,Sub,-
*C1=COC2(CC(*)=C1*)ON=C(*)C2*,67,5,Ring,-----
*C1CC2=CCC3C4CC5OC6(OCC(=*)C(*)C6*)C(*)C5C4(*)CCC3C2(*)C(*)C1,67,8,Ring,-=------
*=C1CCOC1=*,67,2,Ring,==
*C1C2C(*)C34OC2(*)COC(=*)c2cccnc2CCC(*)(*)C(=*)OC(C(*)C(*)C3(*)C1*)C4(*)*,67,13,Ring,---=--=------
*C1=CC(=*)Oc2c(*)cc(*)cc21,67,4,Ring,-=--
*c1ccc2c(c1)C(*)CC1C(*)(*)CCCC21*,67,5,Ring,-----
*C1CC(*)C(*)C(*)C1,67,4,Ring,----
*C1C(=*)CCC2C(*)(*)C(=*)CCC12*,67,6,Ring,-=--=-
*c1c(*)c(*)c2c(c1*)CC(*)C(*)O2,67,6,Ring,------
*c1nn(*)c2c1C1C(C2)C1(*)*,67,4,Ring,----
*c1cc(*)c2c(c1*)OC1(C(=*)C3=C(CC1*)NC(=*)CC3*)C2=*,67,8,Ring,---=-=-=
*C1OC(=*)CC2=C3CC4C(=*)C(*)(C3CCC21*)C(*)C(*)(*)C4*,67,9,Ring,-==------
*C1=CCC(*)CC1*,67,3,Ring,---
*C1=C(*)C2C(CC3C4CCC5CC(*)CCC5(*)C4CCC32*)O1,67,5,Ring,-----
*C1Oc2ccc3c(c2C1*)OC(=*)C=C3,67,3,Ring,--=
*C1CCC2(*)C(CCC(*)(*)C2*)OC1(*)*,67,7,Ring,-------
*C1=CC(*)=NC(*)C1,67,3,Ring,---
*C1=NN(*)C(=*)c2ccccc21,67,3,Ring,--=
*c1ncnc2c1n(*)c[n+]2*,67,3,Ring,---
*C1CN(*)CCO1,67,2,Ring,--
*CC(C)O*,67,2,Linker,--
*C(*)C=C,67,2,Linker,--
*C(*)CCCN,67,2,Linker,--
*CC(O)C(*)=O,67,2,Linker,--
*CC(=O)NC(*)C(=O)O,67,2,Linker,--
*CCC(=O)C*,67,2,Linker,--
*CNC(=O)CCC(=O)O,67,1,Sub,-
*CCC=C,67,1,Sub,-
*OC(=O)CCCCCC,67,1,Sub,-
*OC(=O)C(=CCCC(C)(O)C=C)CO,67,1,Sub,-
*C(=O)OCCCCNC(=N)N,67,1,Sub,-
*NS(=O)(=O)CCC,67,1,Sub,-
*C1C=CC=CCC(*)CC(*)C=CC=CCCCC(*)OC(=*)C=CC=CC1,66,5,Ring,----=
*C1=NCCC(*)N1,66,2,Ring,--
*c1ccc2c(*)c3ccoc3nc2c1*,66,3,Ring,---
*C1C(=*)Nc2ccccc2N1*,66,3,Ring,-=-
*C1C(*)C(*)(*)C(*)C2(*)CCCC(*)(*)C12,66,8,Ring,--------
*c1c2c(cc3c1OC(=*)c1ccccc1-3)CN(*)CO2,66,3,Ring,-=-
*c1ccc2c(=*)c3c(*)c(*)ccc3c(=*)c2c1*,66,6,Ring,-=--=-
*c1cc2c(cc1*)C1C(=*)c3ccc4c(c3OC1CO2)CC(*)O4,66,4,Ring,--=-
*C1=C(*)C2(CCCCC2)OC1=*,66,3,Ring,--=
*C1C(=*)Nc2ccccc21,66,2,Ring,-=
*C1OCCc2ccccc21,66,1,Ring,-
*C1=C2C(=*)OCC2COP(*)(=*)O1,66,4,Ring,-=-=
*c1cc2c(c3c1CC(*)C(*)(*)O3)CN(*)C2=*,66,6,Ring,-----=
*C1=CC(=*)C(*)=C(*)N1*,66,5,Ring,-=---
*c1ccnc(*)c1*,66,3,Ring,---
*c1ccc2c(c1)OC(=*)N2*,66,3,Ring,-=-
*C1=CC2=CC(=*)C(*)(*)C(=*)C2=CO1,66,5,Ring,-=--=
*C1CC(*)(*)OC1(*)*,66,5,Ring,-----
*C1CCC2(*)C(C1)C(=*)CC1C3CCC4C(CN5CC(*)CCC5C4(*)*)C3CC12,66,6,Ring,--=---
*c1cc(*)c2c(c1)OC1(*)C(*)C(*)C(*)C21*,66,7,Ring,-------
*c1cc2c(cc1*)-c1c(*)cc3c(c1C(*)C2)CC(*)C(*)O3,66,6,Ring,------
*c1cccc2c1C=CC(*)CC2,66,2,Ring,--
*C1CC(*)C23C(*)OC(CC2C1(*)*)CC31CO1,66,5,Ring,-----
*c1c(*)c(*)c2c(c1*)OC(*)C(*)C2=*,66,7,Ring,------=
*P(*)(*)=O,66,3,Linker,---
*NC(=O)CCNC(*)=O,66,2,Linker,--
*CCC(=O)CC(*)=O,66,2,Linker,--
*CNC(=O)OC*,66,2,Linker,--
*CNC(=O)C(NC(*)=O)C(C)C,66,2,Linker,--
*C(=O)CCOC,66,1,Sub,-
*OC(C)C(C)=O,66,1,Sub,-
*C(=O)CCCCCCC,66,1,Sub,-
*C(O)CCCCCCCCCCCCCC,66,1,Sub,-
*C(O)CC(=O)O,66,1,Sub,-
*CI,66,1,Sub,-
*OC(=O)C(C)NC(=O)OC(C)(C)C,66,1,Sub,-
*=C(C)O,66,1,Sub,=
*C(=O)NN,66,1,Sub,-
*C1=CC(=*)N(*)C1,65,3,Ring,-=-
*c1cc2[nH]c3c(c2cc1*)CCN1CC2CC(*)C1C3(*)C2,65,4,Ring,----
*C1CC2C(*)CN(*)CC2C1*,65,4,Ring,----
*c1cc(*)c2c(=*)c3c(*)cccc3c(=*)c2c1*,65,6,Ring,--=-=-
*C1=NC(=*)N(*)C(*)=C1*,65,5,Ring,-=---
*C1=CC(=*)c2c(*)c(*)c3c(c2O1)C(*)CC(=*)O3,65,6,Ring,-=---=
*C1=CCC2C3(*)CCC4C(*)(*)CCCC4(*)C3CC(*)C2(*)C1*,65,8,Ring,--------
*c1nc2cccc(*)c2[nH]1,65,2,Ring,--
*c1cc2c(cc1*)OC(*)C2,65,3,Ring,---
*C1(*)CCCC(*)(*)O1,65,4,Ring,----
*C1OC2OC3(CCCCC3)OC2C1*,65,2,Ring,--
*C1=Cc2oc(*)c(*)c2C(=*)O1,65,4,Ring,---=
*C1=C(*)C(=*)c2c(cc3c(c2*)CC(*)O3)O1,65,5,Ring,--=--
*C1=CC2C(*)C(*)CC2(*)C(*)C(*)C=CC(*)(*)C(=*)CC1*,65,10,Ring,--------=-
*c1cc(*)c2c(c1)C=CCCCC(=*)CCCC(*)OC2=*,65,5,Ring,--=-=
*c1c(*)c(*)c2c(c1*)OCC(*)C2=*,65,6,Ring,-----=
*CC(NS(*)(=O)=O)C(=O)O*,65,3,Linker,---
*C(=O)CCC(=O)OCC(*)=O,65,2,Linker,--
*C(C)CC(*)OC(C)=O,65,2,Linker,--
*CCC(C)(C=C)O*,65,2,Linker,--
*OC(=O)N(*)*,65,3,Linker,---
*NCC(*)=O,65,2,Linker,--
*C(=O)CC(*)=O,65,2,Linker,--
*CCC(=O)C(*)C(O)CC*,65,3,Linker,---
*C(=O)NCCO,65,1,Sub,-
*C(C)(O)CC(=O)CC(C)C(=O)O,65,1,Sub,-
*CNC(=O)C(C)C,65,1,Sub,-
*NCCC(C)C,65,1,Sub,-
*CC(C)(O)C(=O)O,65,1,Sub,-
*CC(=O)CC(C)C,65,1,Sub,-
*OCNC(=N)NC,65,1,Sub,-
*C(C)C=O,65,1,Sub,-
*C1CCC2C(C=CC(*)C2*)C1,64,3,Ring,---
*C1=NC(=*)c2ncn(*)c2N1,64,3,Ring,-=-
*C1OC2OC3(CCCCC3)OC2C2OC3(CCCCC3)OC12,64,1,Ring,-
*C1C(=*)C2(*)CCC1C2(*)*,64,5,Ring,-=---
*c1c[nH]nc1*,64,2,Ring,--
*c1cn(*)nc1*,64,3,Ring,---
*C1CCC(*)(*)C2C3CC(*)(C#CCCC(=*)O3)C(*)(*)C12*,64,8,Ring,----=---
*C1CCC2(*)C(CCC3(*)C2CC=C2C4CC(*)(*)CC(*)C4(*)C(*)C(*)C23*)C1(*)*,64,12,Ring,------------
*C1NC2N(C1=*)c1ccccc1C2(*)*,64,4,Ring,-=--
*C1CC2C3OC3C(C1)N2*,64,2,Ring,--
*C1OC=CC2C(*)C(*)C(*)(*)C12,64,5,Ring,-----
*C1=CCC(*)Cc2cccc(c2)CC(*)(*)NC1,64,4,Ring,----
*c1cc(*)c2c(c1)OC1(*)Oc3cc(*)c4c(c3C2C1*)OC(*)C(*)C4,64,7,Ring,-------
*C1=CN(*)c2cc3c(cc2C1=*)OCO3,64,3,Ring,--=
*C1=C(*)C(*)C2=C(O1)c1ccccc1OC2=*,64,4,Ring,---=
*C1C#CCC(*)C(*)CCCC1,64,3,Ring,---
*c1ccc2c(c1)CC(*)C1C3CC(CN21)C1=CC=CC(=*)N1C3,64,3,Ring,--=
*C1=CC2(*)C(CC3OC(=*)C(*)C4C5(*)OCC34C2C(*)C5*)C(*)C1=*,64,9,Ring,--=-----=
*C1=C(*)c2ccc3c(c2OC1=*)C1OC(=*)CC2CC(*)C=CC2c2ccc(cc2)CCC(=*)C(=*)OC1C(*)(*)O3,64,9,Ring,--==-==--
*C1CCC(*)C2(*)CC3(C(=*)COC3=*)C(*)C12,64,6,Ring,---==-
*c1cc(*)c2c(c1)OCC1c3ccc(*)c(*)c3OC21,64,4,Ring,----
*C1CCC2(*)C1CCC1(*)C2CCC2C3(*)CCC(*)C(*)(*)C3CCC21*,64,8,Ring,--------
*C(O)CCC(=C)C(O)C(*)O,64,2,Linker,--
*C=CC(C)=CC=CC(C)=CC=CC=C(C)C=CC=C(*)C,64,2,Linker,--
*C(=O)CNC(*)=O,64,2,Linker,--
*CCC=CC(=O)CC*,64,2,Linker,--
*C#CCO*,64,2,Linker,--
*NN=C(*)C#N,64,2,Linker,--
*CCCNC(=O)CO*,64,2,Linker,--
*C=CCC(*)C,64,2,Linker,--
*CNCCNC,64,1,Sub,-
*C(O)C=C(C)C,64,1,Sub,-
*OC(=O)C=CC=CC=CCCC,64,1,Sub,-
*OC(=O)C(CCSC)NC(=O)OC(C)(C)C,64,1,Sub,-
*CNC(=O)C(NC(=O)OC(C)(C)C)C(C)CC,64,1,Sub,-
*OC(=O)CC(C)(C)O,64,1,Sub,-
*CC(=O)NC(CCC)C(=O)O,64,1,Sub,-
*C=CCOC(C)=O,64,1,Sub,-
*COC(=O)C(C)=CCCC(C)(O)C=C,64,1,Sub,-
*CNC(=O)NCC,64,1,Sub,-
*CCC(=C)C,64,1,Sub,-
*C1=CC(*)C(*)CC1=*,63,4,Ring,---=
*C1CCC2(*)C3CC4C5CC3(CCC2C1(*)*)CC45*,63,5,Ring,-----
*C1=NC(*)CC(*)N1,63,3,Ring,---
*C1=CCC(*)C(=*)C=CC=C(*)COCC#CC1,63,4,Ring,--=-
*C1C2CCC(*)(C1*)C2(*)*,63,5,Ring,-----
*c1nc(*)c2nc[nH]c2n1,63,2,Ring,--
*C1=C(*)C(=*)NN1,63,3,Ring,--=
*c1cc2ncn(*)c2cc1*,63,3,Ring,---
*c1ccc2c(c1)C(=*)NC1(CCN(*)CC1)N2*,63,4,Ring,-=--
*C1=CC2OC(=*)C(=*)C2C(*)C(*)C(*)=CCC1*,63,7,Ring,-==----
*C1CC=C2CC(C1)C(=*)C=C1C2CCC2(*)C(*)CCC12,63,4,Ring,-=--
*C1CCC(*)(*)C2CCC(*)(*)C(*)C12,63,6,Ring,------
*C1CCC2(*)C(CCC3C2CCC2(*)C(*)C(*)C4OC342)C1,63,5,Ring,-----
*C1CC(*)(*)C(*)C2(*)CCCC(*)(*)C12,63,7,Ring,-------
*C1=C(*)C(*)C2C(=*)C(=*)OC2C1,63,5,Ring,---==
*C1(*)C=CCCC1=*,63,3,Ring,--=
*c1ccc2c(c1)CC(*)C(*)(*)O2,63,4,Ring,----
*C1=C2C3OC(=*)C(*)C3CCC2(*)C=CC1=*,63,5,Ring,-=--=
*C1=CCC2C(=*)C(=*)OC2CC(*)=CCC1,63,4,Ring,-==-
*c1ccc(*)c2c(*)cccc12,63,3,Ring,---
*C1=CC(=*)c2ccc(*)c(*)c2O1,63,4,Ring,-=--
*C1CCC2(*)C(*)CCC(=*)C2C1*,63,5,Ring,---=-
*c1cc2c(cc1*)C1=C(CCC1)C(=*)O2,63,3,Ring,--=
*C1=CC2CC3(*)C4CCC(*)C4CC2(*)C13*,63,5,Ring,-----
*C=CC=CC=C*,63,2,Linker,--
*CNC(=O)CCC(=O)O*,63,2,Linker,--
*C(=O)CCC(*)C,63,2,Linker,--
*N(*)*,63,3,Linker,---
*OCCN=C(N)N,63,1,Sub,-
*N=[N+]=[N-],63,1,Sub,-
*COC(=O)C(=C)CCO,63,1,Sub,-
*CNC(=O)CC(C)(C)C,63,1,Sub,-
*CC(NC(=O)OC(C)(C)C)C(=O)O,63,1,Sub,-
*C(O)CCCC(O)CCCCCC,63,1,Sub,-
*C(=O)NC(CC(N)=O)C(=O)O,63,1,Sub,-
*OC(=O)C(=CC)CCO,63,1,Sub,-
*OC(=O)CCCCCCCC=CCCCCCCCC,63,1,Sub,-
*C1=CC2C(=*)c3cccc(*)c3C(=*)C2C(*)=C1,62,5,Ring,-=-=-
*C1CCC2(*)C(=CCC3(*)C2C(*)C(*)C2(*)C(*)CCC32*)C1,62,8,Ring,--------
*c1cc(=*)c2ccccc2c1=*,62,3,Ring,-==
*C1(*)C(=*)C2CCC1C2,62,3,Ring,--=
*C1CC(*)C2(*)C(*)C(*)C3(*)C4(*)OCC3(*)C(CC4=*)C(*)C2C1=*,62,11,Ring,--------=-=
*C1=NN(*)C(=*)C=C1,62,3,Ring,--=
*c1cc2c(=*)c(*)cc(=*)c2c(*)c1*,62,6,Ring,-=-=--
*C1OC2COC(*)(*)OC2C(*)C1*,62,5,Ring,-----
*C1NC(=*)CNC(=*)C(*)NC(=*)C(*)NC(=*)C(*)NC(=*)C(*)NC1=*,62,11,Ring,-==-=-=-=-=
*C1=Nc2ccccc2C12NC(*)C1C(=*)N(*)C(=*)C12,62,5,Ring,--=-=
*C1=CCC(*)CC1=*,62,3,Ring,--=
*C1=CC(=*)N(*)C1*,62,4,Ring,-=--
*c1nnn(*)n1,62,2,Ring,--
*c1cc2c(c(*)c1*)C(=*)C(*)C2*,62,6,Ring,---=--
*C1=CC23CCC4C(*)(*)CCCC4(*)C2CCC1C3,62,4,Ring,----
*C1=Cc2ccc3c(c2OC1=*)CN(*)CO3,62,3,Ring,-=-
*c1cc(*)c2c(*)c(*)cc(*)c2c1,62,5,Ring,-----
*C1CC(*)C(*)C(*)(*)O1,62,5,Ring,-----
*C1CCC2(OC1)OC1CC3C4CCC5CC(*)CC(*)C5(*)C4CCC3(*)C1C2*,62,6,Ring,------
*C1CC2C(=*)C=C3C(C(*)CC4(*)C(*)CCC34*)C2(*)CC1*,62,8,Ring,-=------
*C1=CCC(*)C=C1,62,2,Ring,--
*C1=CC(*)C2CC(*)C(*)=C(C(*)C(*)=C(*)C(*)CC1*)C2(*)*,62,11,Ring,-----------
*c1ccc2c(c1*)c1ccnc3c4ccccc4c(=*)n2c13,62,3,Ring,--=
*C1=C(*)C(*)(*)CCC1*,62,5,Ring,-----
*C1CN2C(=*)N(*)C(=*)C2(*)c2[nH]c3ccccc3c21,62,5,Ring,-=-=-
*C1C=C2C=CC(*)C(*)C2C(*)C1,62,4,Ring,----
*c1ncsc1*,62,2,Ring,--
*C1CNCCN1*,62,2,Ring,--
*c1cccc2c(*)cccc12,62,2,Ring,--
*C1CC2CCC(C1*)N2*,62,3,Ring,---
*C1=CC2=C(CO1)C(=*)C(*)(*)C(*)C2,62,5,Ring,-=---
*C1=CCC(*)Cc2cccc(c2)CC(*)(*)NC1*,62,5,Ring,-----
*C=CC(=O)CC*,62,2,Linker,--
*CC(CO)C(C*)CO,62,2,Linker,--
*CCNC(=O)C(NC(=O)C(C)C(O)C(C)NC(=O)C(NC(*)=O)C(*)O*)C(C)O,62,4,Linker,----
*CC(O)C(*)CCC,62,2,Linker,--
*C=NNC(=O)C*,62,2,Linker,--
*CC(=O)CCCCC,62,1,Sub,-
*C(=O)NCC(N)=O,62,1,Sub,-
*CC(O)OC,62,1,Sub,-
*CN(CC(C)C)CC(C)C,62,1,Sub,-
*OC(=O)CCCCCCCC=CCC=CCCCCC,62,1,Sub,-
*C=CC=CCC,62,1,Sub,-
*C(N)C=O,62,1,Sub,-
*NCCCO,62,1,Sub,-
*C(=O)NC(C)(C)C,62,1,Sub,-
*CC(=O)NCCC,62,1,Sub,-
*C(=O)C(NC(=O)OC(C)(C)C)C(C)CC,62,1,Sub,-
*C(O)(O)CC=O,62,1,Sub,-
*C1CC2C(=*)CN(*)C(Cc3c1[nH]c1ccccc31)C2(*)*,61,5,Ring,-=---
*c1c(*)c2c3c(c1*)C(*)CC(*)C3CCC2*,61,6,Ring,------
*c1ncc2c(c1*)C(*)OC2,61,3,Ring,---
*c1ccn(*)c1,61,2,Ring,--
*C1CC2C(=*)CCC3C(C2C1)C3(*)*,61,4,Ring,-=--
*C1CCC2(*)C3=C(C(=*)CC2C1(*)*)C1(*)C(=*)CC(*)C1(*)C(*)C3=*,61,11,Ring,--=---=---=
*N1CCCC(*)(*)C1,61,3,Ring,---
*C1CCC2(*)C3=C(C(=*)CC2C1(*)*)C1(*)CCC(*)C1(*)CC3,61,8,Ring,--=-----
*C1=Cc2cc(*)c(*)c(*)c2C(=*)O1,61,5,Ring,----=
*C1=CC(=*)C(*)=CN1,61,3,Ring,-=-
*c1ccc2nc(*)c(*)cc2c1,61,3,Ring,---
*C1=Cc2c(cc3c(c2*)OCO3)CCN1*,61,3,Ring,---
*C1CCC2(*)C3=CCC45C(=*)OC(*)(*)C4C(=*)CC5(*)C3CCC2C1(*)*,61,9,Ring,--=--=---
*c1ccc2c(c1)CCNC2,61,1,Ring,-
*C1CC2C(=*)CC(*)C3C(*)C(=*)OC3C2C1=*,61,6,Ring,-=--==
*C1CCC2(*)C(CCC34OC35CCC(*)C5(*)C(*)C(*)C24)C1,61,6,Ring,------
*c1oc2ccc3c(c2c1*)C(=*)CC1(CCCCCC1)O3,61,3,Ring,--=
*C1=CC2=CCC3C(*)(*)CCCC3(*)C2CC1,61,4,Ring,----
*C1CC2(*)C(*)CCC2C2CCC3=CC(=*)CCC3(*)C12,61,5,Ring,---=-
*CCN(C*)C(=O)CC,61,2,Linker,--
*CNC(=O)C(C)NC(*)=O,61,2,Linker,--
*NC(=O)CCC(*)=O,61,2,Linker,--
*C(=O)C(NS(*)(=O)=O)C(C)CC,61,2,Linker,--
*COS(*)(=O)=O,61,2,Linker,--
*CC(C)C=CC=C(*)C,61,2,Linker,--
*CC(O)C(=O)NC(CC(C)C)C(*)=O,61,2,Linker,--
*C(CCC)CC(=O)O,61,1,Sub,-
*COC(=O)NC(C)C,61,1,Sub,-
*OC(=O)C=CSC,61,1,Sub,-
*NC(=O)CCC,61,1,Sub,-
*NC(=O)C=CC(C)=CC(C)CCCCCC,61,1,Sub,-
*SCC(NC(=O)CCC(N)C(=O)O)C(=O)NCC(=O)O,61,1,Sub,-
*OC(C)C(=O)NC(C)C(=O)O,61,1,Sub,-
*=[N+]=[N-],61,1,Sub,=
*CCC(O)C(C)(C)O,61,1,Sub,-
*C=CC=C,61,1,Sub,-
*C(O)CCCCCC,61,1,Sub,-
*C(=O)C(C)=CC,61,1,Sub,-
*S(=O)(=O)NCCCC,61,1,Sub,-
*OC(=O)C(C)(O)CC,61,1,Sub,-
*C(C)(C)C(O)C=CC,61,1,Sub,-
*C(C)CCCO,61,1,Sub,-
*c1cc2ccoc2c(*)c1*,60,3,Ring,---
*C1CC2OC(=*)C(*)C2C(*)C2(*)C(=*)C=CC12,60,6,Ring,-=---=
*C1CCC2C(*)(*)CCCC2(*)C1*,60,5,Ring,-----
*C1C2CC3CC(C2)CC1C3,60,1,Ring,-
*C1c2cc3c(cc2CCN1*)OCO3,60,2,Ring,--
*C1=CC(*)=NC1=*,60,3,Ring,--=
*N1CCS(=*)(=*)CC1,60,3,Ring,-==
*C1=CC2OC(=*)C3=COC(*)C1C32,60,3,Ring,-=-
*C1C=CC(=*)C1(*)*,60,4,Ring,-=--
*c1cc(*)c2c(c1)OC1(*)C(*)C(*)C2(*)C1*,60,7,Ring,-------
*C1CCC2(*)C(=CCC3C2CCC2(*)C(*)C(=*)CC32)C1,60,5,Ring,----=
*N1C(=*)C(=*)C(=*)N(*)C1=*,60,6,Ring,-===-=
*c1cc2c(c(*)c1*)C1=Cc3c(oc(*)c3*)C(=*)C=C1C(*)CC2,60,7,Ring,-----=-
*C1(*)c2ccccc2N2CCC(=*)NC21*,60,4,Ring,--=-
*=C1CCCC2(CCCC2)C1,60,1,Ring,=
*C1CC2C3(*)CCC(*)C(*)(*)C3CCC2(*)C2(*)CCC(*)(*)C12,60,9,Ring,---------
*n1cnc2c1N=CNC2=*,60,2,Ring,-=
*c1cc2c(*)cnc(*)c2o1,60,3,Ring,---
*C1CCC2(CCCC2)C1,60,1,Ring,-
*c1ccc2cccnc2c1*,60,2,Ring,--
*C1CC2C(=*)CCC3C(=*)C(=*)OC3C2C1=*,60,5,Ring,-====
*C1CC(*)C2SC(=*)N(*)C2C1*,60,5,Ring,--=--
*C1=CC(*)OC(*)C1=*,60,4,Ring,---=
*C1CN(*)CC1*,60,3,Ring,---
*C1C(=*)OC23OC4CC(C12)N1CCC3C41*,60,3,Ring,-=-
*CCCCCCCCC*,60,2,Linker,--
*CCCNC(=O)CC*,60,2,Linker,--
*C(C)C(*)O,60,2,Linker,--
*OC(=O)CCC(*)=O,60,2,Linker,--
*CC(=O)NC(CC)C(=O)O,60,1,Sub,-
*C(CO)C(=O)OC,60,1,Sub,-
*P(=O)(O)O,60,1,Sub,-
*C(=O)NC(CO)C(=O)O,60,1,Sub,-
*C(=O)C(CC)CC,60,1,Sub,-
*C(=O)OCCCCCC,60,1,Sub,-
*NC(=O)C=CC(=O)O,60,1,Sub,-
*S(=O)(=O)CCC,60,1,Sub,-
*c1ccc2c3c([nH]c2c1*)C1(*)CC2CC(*)C1N(CC3)C2,59,4,Ring,----
*C1=NCC(*)N1,59,2,Ring,--
*C1OC(=*)C2=C1CCC1C3(*)CCC4C(*)(*)CCCC4(*)C3CC(*)C21*,59,8,Ring,-=------
*C1(*)C(=*)CCC2(*)C1CCC1(*)C(=*)C(=*)CC12,59,7,Ring,--=--==
*C1C2C3N(*)CC4(*)CCC(*)C3(C3CC5(*)C(*)C(*)C2(*)C3C5*)C14,59,9,Ring,---------
*C1OC(=*)C1*,59,3,Ring,-=-
*C1Cc2ccccc2N1*,59,2,Ring,--
*c1cc(=*)n(*)c1=*,59,4,Ring,-=-=
*C1=CC(=*)Oc2cc3occ(*)c3cc21,59,3,Ring,-=-
*C1CCC2(*)C3=C(CCC2C1*)C1(*)CCC(*)C1(*)CC3,59,6,Ring,------
*C1(*)CCC2C(C3C1CCC3(*)*)C2(*)*,59,6,Ring,------
*[n+]1cc[nH]c1,59,1,Ring,-
*C1CCCC2(CCCC2)C1,59,1,Ring,-
*C1=CCC2CC(CC3(CCC(*)C(*)O3)O2)OC(=*)C2C=C(*)C(*)C3OCC(=CC=CC(*)C1)C23*,59,8,Ring,---=----
*c1ccc2c(c1)-n1cccc1C1(CCN(*)CC1)N2,59,2,Ring,--
*c1cc(*)c2c(c1*)Oc1c(*)c(*)c(*)c(*)c1OC2=*,59,8,Ring,-------=
*C1CN(*)CCN1,59,2,Ring,--
*C1=CC2C(*)CCC(*)C2CC1,59,3,Ring,---
*c1cc(*)c2c(c1)Oc1cc(*)c(*)c(*)c1C2=*,59,6,Ring,-----=
*C1CCC2(*)C(CCC3(*)C2C=CC2=C4CC(*)(*)CCC4(*)CCC23*)C1(*)*,59,9,Ring,---------
*c1nccnc1*,59,2,Ring,--
*C1CCC2(*)C(=CCC3C2CCC2(*)C3CC3OC32*)C1,59,4,Ring,----
*C1NC(=*)C(*)NC(=*)C(*)NC(=*)C(*)C(*)OC(=*)C(*)NC(=*)C(*)NC(=*)C(*)NC1=*,59,15,Ring,-=-=-=--=-=-=-=
*c1c(*)c(=*)c2c(c1=*)C(*)CC1C(*)(*)CCCC21*,59,8,Ring,--==----
*C1=CCC2(*)CCC3(*)C(CCC4C5(*)CCC(*)C(*)(*)C5CCC43*)C2C1*,59,9,Ring,---------
*c1ccc2c(c1*)C(*)N(*)c1c-2ccc2cc3c(cc12)OCO3,59,4,Ring,----
*c1cc2c([n+](*)c1*)N=C1C=CC=CN1C2=*,59,4,Ring,---=
*c1cc(*)c2c(c1)OC(*)(*)C=C2,59,4,Ring,----
*c1ccc2[nH]c3c(c2c1)N=CN(*)C3=*,59,3,Ring,--=
*c1cc2[nH]cc(*)c2cc1*,59,3,Ring,---
*N1C(=*)NC(=*)C1=*,59,4,Ring,-===
*NC(C(*)=O)C(C)CC,59,2,Linker,--
*CC(=O)NC(*)C,59,2,Linker,--
*C(=O)NC(*)=S,59,2,Linker,--
*CCCCC(*)O,59,2,Linker,--
*C(CC)C(=O)O,59,1,Sub,-
*CC=CCC=CCC,59,1,Sub,-
*C(CO)CO,59,1,Sub,-
*C(C)OS(=O)(=O)O,59,1,Sub,-
*SCCO,59,1,Sub,-
*C(=O)NC(CO)CC(C)C,59,1,Sub,-
*OC(C)CC,59,1,Sub,-
*C(=O)CN,59,1,Sub,-
*C(C)(C)OC(=O)C(C)=CC,59,1,Sub,-
*C(=O)C(=O)OC,59,1,Sub,-
*c1cc2c(=*)c3cc(*)c(*)c(*)c3c(=*)c2c(*)c1*,58,8,Ring,-=---=--
*C1CC=CC(=*)NC(*)C(=*)NCC(*)C(=*)OC(*)C(=*)O1,58,8,Ring,-=-=-=-=
*C1=CC(*)C2C(*)(*)CCCC2(*)C1*,58,6,Ring,------
*C1CC(*)(*)C(=*)O1,58,4,Ring,---=
*C1CC2=CCC3C4CC5OC6(CCC(=*)CO6)C(*)C5C4(*)CCC3C2(*)C(*)C1,58,6,Ring,-=----
*C1CCC2(*)C(CCC3C4CCC(*)C4(*)CC(=*)C32)C1,58,5,Ring,----=
*C1=C2C(*)C(*)C3(*)C(*)CC4OCC4(*)C3C(*)C(*)(CC1*)C2(*)*,58,11,Ring,-----------
*c1cc2c(c(*)c1*)C1CC(*)C2C2C(*)C(*)CC(*)C2C1,58,7,Ring,-------
*C1CC(*)C2(CCC3(*)C4=C(CCC32*)C2(*)CCC(*)C(*)(*)C2CC4)O1,58,8,Ring,--------
*C1OC(*)(*)OC1*,58,4,Ring,----
*c1ccc2c(c1)CCC1C2CCC2(*)C1CCC2(*)*,58,4,Ring,----
*C1CC(*)C(*)C2(O1)OC(*)(*)CC2*,58,6,Ring,------
*C1C=CC(=*)NC(*)C(=*)N(*)C(*)C(=*)OC1,58,7,Ring,-=-=--=
*C1=C(*)C(=*)C2(O1)C(=*)NC(*)(*)C2*,58,7,Ring,--==---
*C1CC(*)C2(*)CN12,58,3,Ring,---
*C1CCC2(*)C3=C(CCC2C1)C1CCC(*)C1(*)CC3,58,4,Ring,----
*c1csnn1,58,1,Ring,-
*C1CC(*)(*)C2CCC3=CC(*)(*)CCC3C2(*)C1,58,6,Ring,------
*C1CC2(*)C3CC=C4C(CCC(*)C4(*)*)C3(*)C(=*)CC2(*)C1*,58,9,Ring,------=--
*C1CC(=*)c2ccccc2O1,58,2,Ring,-=
*C1=C2C(CCC3(*)C(*)CCC23*)C2(*)CC(*)C(*)CC2C1=*,58,8,Ring,-------=
*C1CC(=*)C(=*)C(*)C1,58,4,Ring,-==-
*C1=C(*)C(*)CC1,58,3,Ring,---
*C1=[O+]c2c(*)c(*)c(*)c(*)c2C(=*)C1,58,6,Ring,-----=
*C1CC2(*)C(=CC1=*)CCC(*)C2*,58,5,Ring,--=--
*C1=C(*)C(*)NC(*)CC#Cc2ccccc2CC1,58,4,Ring,----
*OCC(*)NCC,58,2,Linker,--
*OC(=O)C(*)=C,58,2,Linker,--
*OC(=O)OCC,58,1,Sub,-
*=CC#N,58,1,Sub,=
*C(C)CCCC,58,1,Sub,-
*CNCNCC(C)(O)CC(C)C,58,1,Sub,-
*OC(=O)CC[N+](=O)[O-],58,1,Sub,-
*C(=O)NC(CC(C)C)C(=O)NCC(N)=O,58,1,Sub,-
*CCC(C)CCOC(C)=O,58,1,Sub,-
*OCN=[N+](C)[O-],58,1,Sub,-
*NC(=O)C(CC(=O)O)NC(=O)CCCCC,58,1,Sub,-
*C1=COc2cc3c(c(*)c2C1=*)OCO3,57,3,Ring,--=
*C1CCC2(*)C3CC(*)C4(*)C(*)CCC4(*)C3CCC2(*)C1,57,7,Ring,-------
*C1CCC2(NC1)OC1CC3C4CCC5CC(*)CCC5(*)C4CCC3(*)C1C2*,57,5,Ring,-----
*C1=CCC2CC(CC3(C=CC(*)C(*)O3)O2)OC(=*)C2C=C(*)C(*)C3OCC(=CC=CC(*)C1*)C23*,57,9,Ring,---=-----
*N1C(=*)c2ccccc2N(*)C1=*,57,4,Ring,-=-=
*C1=CC2=C(*)C(=*)C(*)(*)C(*)C2CO1,57,6,Ring,--=---
*C1CCC(*)(*)CC1*,57,4,Ring,----
*c1ccc2c(c1)oc1c(*)c3c(nc12)N(*)NC3=*,57,4,Ring,---=
*C1CCC2(*)CCC3(*)C(CCC4C5(*)C(*)C(*)C(*)(*)C5CCC43*)C12,57,9,Ring,---------
*c1cccc2c1C(=*)C1(*)OC1(*)C2=*,57,5,Ring,-=--=
*c1c2c(c(*)c3c1OC14C(=CC5CC1C(*)(*)OC4(*)C5=*)C3=*)C=CC(*)(*)O2,57,9,Ring,-----==--
*C1CC(=*)OC(*)C1*,57,4,Ring,-=--
*c1cc(*)c2c(c1*)OC(*)(*)C=C2,57,5,Ring,-----
*C1CCC2(*)C3CCC(*)(*)CC3=CCC2C1(*)*,57,6,Ring,------
*C1=CC(=*)Oc2c1cc1c(*)coc1c2*,57,4,Ring,-=--
*C1C2C3N(*)CC4(*)C(*)CC(*)C3(C3CC5(*)C(*)CC2(*)C3C5*)C14,57,9,Ring,---------
*c1coc2c1C(*)C1(*)C(CCC(*)C1*)C2,57,5,Ring,-----
*C1CN(*)C1=*,57,3,Ring,--=
*C1=CSC(=*)N1,57,2,Ring,-=
*c1cc2c(c(*)c1*)C(*)CCC2*,57,5,Ring,-----
*C1CC2C(*)CN(*)C(Cc3c1[nH]c1ccccc31)C2*,57,4,Ring,----
*C1CCC2(*)C(C(*)CC3(*)C2CCC2(*)C(*)C(*)C(*)C23)C1*,57,9,Ring,---------
*C1CC(*)(*)C(*)C2OC(=*)C(=*)C12,57,6,Ring,----==
*CCC(=O)OC*,57,2,Linker,--
*CCCCCCCCCCC(*)O,57,2,Linker,--
*C(=O)N=*,57,2,Linker,-=
*C(CC(=O)O)NC(=O)CON=*,57,2,Linker,-=
*CC(C)OC(*)=O,57,2,Linker,--
*COC(C)(C)C=C,57,1,Sub,-
*CC(=O)NC,57,1,Sub,-
*CCCCCCCCCCCCCC,57,1,Sub,-
*NC(=O)NCCC,57,1,Sub,-
*OC(=O)CC(O)CC,57,1,Sub,-
*C(C)C=CC(CC)C(=C)C,57,1,Sub,-
*CC=C(C)CCC=C(C)CCC=C(C)CCC=C(C)C,57,1,Sub,-
*CC(=O)C=C(C)C,57,1,Sub,-
*=NOCC(=O)O,57,1,Sub,=
*C(OC(C)=O)C(C)(C)O,57,1,Sub,-
*CCCC=C,57,1,Sub,-
*CN(CCOC)CCOC,57,1,Sub,-
*SCC(=O)OCC,57,1,Sub,-
*CC(O)C(O)C(O)CO,57,1,Sub,-
*C1=CCC(*)OC(=*)C(*)=CC=CCC(*)C(*)=CC(*)C(*)C(*)=C1,56,9,Ring,--=------
*c1cnc(*)cn1,56,2,Ring,--
*C1CC(=*)Nc2cccc3c2c1cn3*,56,3,Ring,-=-
*C1Nc2ccccc2C(=*)N1*,56,3,Ring,-=-
*[C+]1C=C2C(=N1)CCC1CCCC1C2*,56,2,Ring,--
*c1ccc2c(c1)OCC1c3ccc(*)c(*)c3OC21,56,3,Ring,---
*C1=CC2C(=*)C3(C=C(*)C(*)C3(*)C1*)C(*)CC1(*)C2C1(*)*,56,10,Ring,-=--------
*C1CC2(*)CC1OC(=*)C2(*)*,56,5,Ring,--=--
*c1nc(=*)c(=*)n1*,56,4,Ring,-==-
*c1cc2c(cc1*)C(*)C#CC1CC(*)CC(*)CC1C(=*)CC(=*)CC2,56,7,Ring,-----==
*C1=C(*)C(*)(*)C(=*)C(*)(*)C1=*,56,8,Ring,----=--=
*c1cc(*)c2c(c1)CC(*)O2,56,3,Ring,---
*C1CCC2(*)C(C1)C(*)CC1C3CCC4C(*)C5CCC(*)CN5CC4C3CC12,56,5,Ring,-----
*C1CCC2(*)C(=CCC3C4CCC(*)CC4(*)CCC32)C1,56,4,Ring,----
*C1=CCCC2(*)OC2C(*)C(*)C(*)C1,56,5,Ring,-----
*C1=C(*)C2(*)C3C(=*)N(*)C(=*)C3C1(*)C1C(=*)N(*)C(=*)C12,56,10,Ring,---=-=-=-=
*c1nc(*)n2ncc(*)c2n1,56,3,Ring,---
*C1=CC(=*)Nc2ccccc21,56,2,Ring,-=
*C1=NC(*)C(*)=NC(*)C(*)=NC(*)C(*)C(*)=NC(*)C(*)=NC(*)C(*)C(*)=NC(*)CCC(=*)N(*)C1=*,56,17,Ring,--------------=-=
*C1CC(=*)N(*)C1*,56,4,Ring,-=--
*C1Cc2c([nH]c3ccccc23)CN1*,56,2,Ring,--
*C1CC(*)(*)C(=*)C2(*)C(*)CC3C(*)(*)C(*)C(*)C(*)C3(*)C12,56,12,Ring,---=--------
*C1CC2CCC3C4CCC(*)C4(*)CCC3C2(*)CC1*,56,5,Ring,-----
*C1=CC23CCC4C(*)(*)CCCC4(*)C2CC1C1C(=*)N(*)C(=*)C13,56,7,Ring,----=-=
*c1cc(*)c2c(c1)Oc1c(*)ccc(*)c1C2=*,56,5,Ring,----=
*C1=NN(*)C(=*)C1*,56,4,Ring,--=-
*OC(CC)C(C)C(O)C(C)C(O)C(*)C,56,2,Linker,--
*CCC(=O)CC(CC*)O*,56,3,Linker,---
*CC(=O)NCC(*)O,56,2,Linker,--
*CCC(C)(C)C(*)(C)O,56,2,Linker,--
*C=CC(C)=CC*,56,2,Linker,--
*C(C)(CCCC(C)CCCC(C)CCCC(C)C)OC(*)(C)CCCC(C)CCCC(C)CCCC(C)C,56,2,Linker,--
*C(C)CCC(*)C,56,2,Linker,--
*CNCCCOC,56,1,Sub,-
*N(C)C=O,56,1,Sub,-
*CCCC(C)(C)O,56,1,Sub,-
*CNC(=O)CC(C)(C)CC(=O)O,56,1,Sub,-
*C(C)CNCC(C)O,56,1,Sub,-
*CCCCCCCCCC(C)C,56,1,Sub,-
*C(=O)C(N)C(C)C,56,1,Sub,-
*CC(=O)N(CC)CC,56,1,Sub,-
*CC(=O)NC(CCCC)C(=O)O,56,1,Sub,-
*OCC(=O)NC(C)C(=O)O,56,1,Sub,-
*=CBr,56,1,Sub,=
*C(=O)NCCCCN=C(N)N,56,1,Sub,-
*C1CC2(*)C(CC=C3C4CC(*)(*)CCC4(*)CCC32*)C2(*)CCC(*)C(*)(*)C12,55,10,Ring,----------
*C1CC2=CCC3C4CCC(*)C4(*)CC(*)C3C2(*)C(*)C1,55,6,Ring,------
*C1=CC2C(CCC(*)=CCC1)C2(*)*,55,4,Ring,----
*C1=Nc2ccccc2N(*)C1=*,55,3,Ring,--=
*c1cc(*)c2c(c1)C(*)OC2=*,55,4,Ring,---=
*C1=C(*)c2c(*)cccc2OC1=*,55,4,Ring,---=
*C1(*)CCC2C(=*)CCC3C(C21)C3(*)*,55,5,Ring,--=--
*c1cc2c(c(*)c1*)OC(*)C(*)C2*,55,6,Ring,------
*C1CCC2(*)C(=CCC3C2CCC2(*)C(*)CCC32)C1*,55,5,Ring,-----
*C1NC(=*)C(*)NC(=*)C(*)N(*)C(=*)C(*)NC(=*)C(*)NC(=*)C(*)N(*)C(=*)C(*)NC1=*,55,16,Ring,-=-=--=-=-=--=-=
*C1CC(*)C2(*)C(CC(*)C3(*)C2CCC2(*)C(*)OC(=*)C4OC423)C1(*)*,55,10,Ring,-------=--
*C1CC(=*)CC(*)(*)C1(*)*,55,6,Ring,-=----
*C1CCC2(*)CC(=*)C(=*)CC2C1(*)*,55,6,Ring,--==--
*C1Cn2ccnc2CO1,55,1,Ring,-
*C1=CC(=*)Oc2cccc(*)c21,55,3,Ring,-=-
*C1=Nc2c(nc(*)n2*)C(=*)N1,55,4,Ring,---=
*C1=C(*)c2cc(*)c(*)c(*)c2OC1=*,55,6,Ring,-----=
*c1ncnn1*,55,2,Ring,--
*C1C(=*)OC2CC3(*)CCCC(*)(*)C3(*)CC21,55,6,Ring,-=----
*c1oc2ccc3c(c2c1*)C(=*)CC1(CCCC1)O3,55,3,Ring,--=
*C1CCC=CC(*)C(*)C(*)OC1=*,55,5,Ring,----=
*C1CC(=*)Oc2cc3c(cc21)OCO3,55,2,Ring,-=
*C1CC2=CCC3C(=*)OC4COC5(*)OC=C(CCC3C2(*)CC1*)C45,55,5,Ring,-=---
*C1CCC2(*)C(=CCC3C(=*)OC4COC5(*)OC=C(CCC32)C45)C1,55,4,Ring,--=-
*C1=C2C(CCC3(*)C4C(CC#CC(*)CC5C6CC(*)CCC6=CCC5C(*)CC(*)C4(*)*)CC23*)C2(*)CC(*)C(*)CC2C1=*,55,13,Ring,------------=
*C1C=C2CCN3Cc4cc5c(cc4C(C1*)C23)OCO5,55,2,Ring,--
*c1cccc(=*)c1=*,55,3,Ring,-==
*C1=CC2=C(N=C3C=CC=CN3C2=*)N(*)C1=*,55,4,Ring,-=-=
*C1OC=CC2(*)C(*)C3OC3(*)C12,55,4,Ring,----
*c1cc2c(cc1*)C(*)C#CC1CC(*)CC(*)CC1C(=*)C(*)C(=*)CC2,55,8,Ring,-----=-=
*c1cc(*)c2c(c1)Oc1cc(*)cc(*)c1C2=*,55,5,Ring,----=
*C=CC(*)O,55,2,Linker,--
*C(=O)C=C(*)O,55,2,Linker,--
*CCCCC(*)=O,55,2,Linker,--
*CCCCCC(O)C*,55,2,Linker,--
*C(C)(O)CCC(O)C(C)(C)O,55,1,Sub,-
*CC(CCC(=C)C)C(=C)C,55,1,Sub,-
*CC(C)C(=O)O,55,1,Sub,-
*OC(=O)C=CC(=O)O,55,1,Sub,-
*SCC(NC(=O)CCC(O)(NCNC)C(=O)O)C(=O)NC(O)C(=O)O,55,1,Sub,-
*CCCC(=O)OC,55,1,Sub,-
*CCCN([O-])C(C)=O,55,1,Sub,-
*=CCl,55,1,Sub,=
*C1C=CC(=*)C(*)(*)C(*)C(*)C2C(=*)C(=*)OC2C1,54,8,Ring,-=----==
*C1CCC(*)C(*)(*)C1,54,4,Ring,----
*C1COC(*)O1,54,2,Ring,--
*C1=CC(*)C2CC(*)CCC2(*)C1=*,54,5,Ring,----=
*C1(*)C=C2C(=*)CC3C(*)(*)CCCC3(*)C2CC1,54,6,Ring,--=---
*c1cc2c(cc1*)C(*)C(*)C(*)O2,54,5,Ring,-----
*c1ncnc2nc[nH]c12,54,1,Ring,-
*C1=CC(*)(*)C2OC2C1=*,54,4,Ring,---=
*C1CC2(*)C3CC4C5(*)CCC(*)C4(C3N(*)C5)C3CC1C(*)C32*,54,7,Ring,-------
*C1=C2C(CC1*)OC1C3OCC4(*)C(*)CC(*)C(*)(C34)C(*)C21*,54,8,Ring,--------
*c1cc(*)c(*)s1,54,3,Ring,---
*C1CC(*)(*)C(*)O1,54,4,Ring,----
*C1CC2=CCC3C4CC(*)C(*)C4(*)CCC3C2(*)C(*)C1,54,6,Ring,------
*C1CC2C(=*)CC3C4CCC(*)C4(*)CCC3C2(*)CC1*,54,6,Ring,-=----
*c1ccc2c(c1)C(*)Cc1c3c(cc(*)c1-2)OC(*)C(*)C3,54,5,Ring,-----
*C1=CC(=*)OC1(*)*,54,4,Ring,-=--
*N1c2ccccc2CCc2ccccc21,54,1,Ring,-
*C1OC(*)C2OC(*)(*)OC12,54,4,Ring,----
*C1=CC2OC(=*)C(*)C2CCC(*)=CCC1,54,4,Ring,-=--
*C1CCC2C3CC(=*)C4CC(=*)CCC4(*)C3CCC12*,54,5,Ring,-==--
*c1cc(*)c2c(c1*)C(*)C(*)CC2,54,5,Ring,-----
*c1cc2c(c(*)c1*)C(*)C(*)OC2=*,54,6,Ring,-----=
*C1=C2CCC3C4(*)CC(*)C(=*)C(*)(*)C4C(*)CC3(*)C2(*)CC1=*,54,10,Ring,---=-----=
*c1ccc2c(c1)N1C(=*)OCC1CCN(*)C2,54,3,Ring,-=-
*c1ccc2c(c1)OC(*)CC2,54,2,Ring,--
*c1ccc2c(c1)C1CN(*)CCC1N2*,54,3,Ring,---
*C1CCCC(*)(*)C1*,54,4,Ring,----
*C1CCC(*)C(=*)O1,54,3,Ring,--=
*c1ccc2c(c1)C(=*)N(*)C=N2,54,3,Ring,-=-
*C1CC2C(=*)OC1C1C2N(*)C(=*)N1*,54,5,Ring,-=-=-
*C1=CC2=C(*)C(=*)C(*)(*)C(*)C2=CO1,54,6,Ring,--=---
*C1CC2c3[nH]c4ccccc4c3CCN2CC1*,54,2,Ring,--
*c1cc2c(c(*)c1*)C(*)C(*)C(*)O2,54,6,Ring,------
*n1c2ccccc2c2ccccc21,54,1,Ring,-
*CC(NC(=O)C(C)NC=O)C(*)=O,54,2,Linker,--
*CC(NC(*)=O)C(*)=O,54,3,Linker,---
*CNC(=S)NC*,54,2,Linker,--
*C(Cl)C(*)Cl,54,2,Linker,--
*C(C)C(=O)N(C)CCC#N,54,1,Sub,-
*OOCC(O)C(O)C(O)C(O)CO,54,1,Sub,-
*OCCCN(C)C,54,1,Sub,-
*CCC(N)C(=O)O,54,1,Sub,-
*C(=O)NCC(=O)OC,54,1,Sub,-
*C=C(C)CO,54,1,Sub,-
*OC(=O)NCC=C,54,1,Sub,-
*C(C)=CC(C)CC,54,1,Sub,-
*OCC(=O)NC(C(=O)O)C(C)C,54,1,Sub,-
*C(=O)NCCC(=O)O,54,1,Sub,-
*C(Cl)(Cl)Cl,54,1,Sub,-
*C1CCCCC1(*)*,53,3,Ring,---
*C1=CC(*)C2C=C(*)C(*)CC=C(*)C3C=CC4C(*)C(*)CC(*)C4C3(*)C(=*)C3=C(*)C2(C1)OC3=*,53,12,Ring,---------=-=
*C1CC2C(*)(*)C(*)CCC2(*)C(*)C1=*,53,7,Ring,------=
*C1C=CC=CC(=*)OC(*)C(*)C=CC=CC(=*)OC1*,53,6,Ring,-=--=-
*c1cccc2c1OCO2,53,1,Ring,-
*C1(*)CC(*)(*)OO1,53,4,Ring,----
*C1=C(*)C(*)CC1*,53,4,Ring,----
*C1=C2C=[N+](*)C=C2N=C1,53,2,Ring,--
*C1=CC(*)C2(*)OC2C1*,53,4,Ring,----
*C1=CCCC2C1(*)CC(*)C(*)C2(*)*,53,6,Ring,------
*C1=CC2C(*)(CCC(*)C2(*)*)CC1=*,53,6,Ring,-----=
*C1=C2C(=*)CC(*)C(*)C2(*)Oc2ccc(*)c(*)c21,53,7,Ring,-=-----
*C1CC=C2C(CCCC2(*)*)C1(*)*,53,5,Ring,-----
*C1CCC(*)C(*)(*)O1,53,4,Ring,----
*C1=CC2(*)C(*)OC(*)C(*)(C1*)C2*,53,7,Ring,-------
*c1cc2c(cc1*)-c1c(*)c(*)c(*)c3c1C(C2)N(*)CC3,53,6,Ring,------
*C1=C2CC(*)C3C4(*)CCC(=*)C(*)(*)C4CCC3(*)C2(*)CC1,53,8,Ring,---=----
*C1CC(*)(*)C1,53,3,Ring,---
*c1c[nH]c2cn(*)cc12,53,2,Ring,--
*C1CC2Cc3cccc(c3)Cc3cccc(c3)C34CCCCC3CCc3ccc(cc34)CC2C1*,53,2,Ring,--
*C1CCC2(*)CCC3(*)C(=CCC4C5(*)CCC(*)C(*)(*)C5CCC43*)C12,53,8,Ring,--------
*C1CCC2C(=CCC3C2(*)CCC2(*)C(*)CCC32*)C1(*)*,53,7,Ring,-------
*C1CCC2(*)C(CC(=*)C3C4CCC(*)C4(*)CCC32)C1,53,5,Ring,--=--
*c1c2c(nc3ccccc13)N(*)CC2,53,2,Ring,--
*C1CCC2(*)C3CCC4CC3(CCC2C1(*)*)CC4(*)*,53,6,Ring,------
*C1=CN=C2C=[N+](*)C=C12,53,2,Ring,--
*C1NC(=*)C(*)C(=*)C(*)OC(=*)CC(*)C(*)NC(=*)C(*)C(*)OC(=*)C(*)N(*)C(=*)C2CCCN2C1=*,53,16,Ring,-=-=-=--=--=--==
*c1cc2c(c(*)c1*)-c1c(cc3c(c1*)OCO3)C(*)C(*)C(*)(*)C2*,53,9,Ring,---------
*CC(C*)CO,53,2,Linker,--
*C(=O)NN=C(*)*,53,3,Linker,---
*NC(=O)C(*)=O,53,2,Linker,--
*OC(=O)C(O)C(*)NC(*)=O,53,3,Linker,---
*S(=O)(=O)NN=*,53,2,Linker,-=
*OC(*)O,53,2,Linker,--
*NC(=O)C(CC(C)C)N(C)C(*)=O,53,2,Linker,--
*C=CC=C(C)C(=O)O,53,1,Sub,-
*C(=O)Cl,53,1,Sub,-
*C=CC(=O)OCC,53,1,Sub,-
*NC(C)(C)C,53,1,Sub,-
*COC(=O)CCCCCCCCCCCCCCCCC,53,1,Sub,-
*C(=O)NC(CC(=O)O)C(=O)O,53,1,Sub,-
*CCC(=O)NC(C)C,53,1,Sub,-
*C(=O)NC(C(=O)OC)C(C)CC,53,1,Sub,-
*C[As](C)(C)=O,53,1,Sub,-
*C(N)CC(=O)O,53,1,Sub,-
*CC(=O)NC(CCSC)C(=O)O,53,1,Sub,-
*C(C)CCC(=O)OCC,53,1,Sub,-
*OCC(O)C(=C)C,53,1,Sub,-
*C1CC(*)C2(*)C(CCC3C2CCC2(*)C(*)CCC32*)C1,52,6,Ring,------
*C1=C2C(*)C(=*)C3(*)CC(=CC(*)C(CC1*)C2(*)*)C(*)CC3*,52,10,Ring,--=-------
*C12CCCCC1CCc1ccccc12,52,1,Ring,-
*C1CCC2(*)C(*)C(*)C34C(*)C(=*)CC(C(*)C23C1=*)C4(*)*,52,10,Ring,-----=-=--
*N1CCCC2(C1)Nc1cccnc1NC2=*,52,2,Ring,-=
*C1Oc2cc3c(cc2C1*)C=CC(=*)O3,52,3,Ring,--=
*c1nnsc1*,52,2,Ring,--
*=C1CNC(=*)C1=*,52,3,Ring,===
*C1C=CC(*)(*)C(*)C(*)C(*)C(=*)C(*)C2C(*)C(*)CC2(*)C1=*,52,12,Ring,------=----=
*C1CC23OCOC24C(*)C2C5(*)CCC(*)C2(C2CC1C(*)C23)C4N(*)C5,52,6,Ring,------
*C1NC(=*)C(*)NC(=*)C(*)NC(=*)C(*)NC(=*)C(*)NC1=*,52,10,Ring,-=-=-=-=-=
*C1C2(*)CCC(O2)C1(*)*,52,4,Ring,----
*C1C2C=C3C4CC(=*)OC(*)C4(*)CCC3C(*)(C2=*)C(*)C1(*)*,52,9,Ring,-=---=---
*c1c2c(c(*)c3c1OC(*)CC3=*)C=CC(*)(*)O2,52,6,Ring,---=--
*c1ccc2c(c1*)CC(*)O2,52,3,Ring,---
*C1CC2C=CC3C4CC(=*)OC(*)CCCC(*)C(*)C(=*)C4=CC3C2C1,52,6,Ring,-=---=
*C1CCC2(*)C(C1)C(*)CC1C3CCC4C(CN5CC(*)CCC5C4(*)*)C3CC12,52,6,Ring,------
*C1=CC(*)C2(COC(*)OC2)C(*)C1,52,4,Ring,----
*C1=CCC(*)C(*)=CC2OC(=*)C(*)C2CC1,52,5,Ring,---=-
*C1=COC(*)C2C(*)CC(*)C12,52,4,Ring,----
*c1ccc(*)c2c1cc(*)n2*,52,4,Ring,----
*C1C=CC(=*)CC1,52,2,Ring,-=
*C1C=CC(*)(*)C(=*)C(*)C(*)C(=*)C(*)C2C(*)C(*)(*)CC2(*)C1=*,52,13,Ring,---=--=-----=
*C1CCC2(*)C3CCC4(*)C(*)CC(*)C4C3CC(*)C2(*)C1,52,7,Ring,-------
*C1NC(=*)C(*)NC(=*)C2CCCCN2C(=*)C(*)NC1=*,52,7,Ring,-=-==-=
*c1ccc2[nH]c3c(c2c1)CCN1C(=*)CN(*)C(=*)C31*,52,5,Ring,-=-=-
*C1=CC2=C(C(=*)O1)C(*)CC(=*)O2,52,4,Ring,-=-=
*C1=CC(*)C(*)C(*)C(*)C(*)CC(*)=CC=CC(*)C(*)OC(=*)C(*)=C1,52,11,Ring,---------=-
*C1=C2C(*)C(*)C3(*)CCC(*)C(=*)C3C(*)C(CC1*)C2(*)*,52,10,Ring,-----=----
*CC(O)C(*)(C)O,52,2,Linker,--
*CC=C(C)CC(*)NC(=N)NC,52,2,Linker,--
*CC(N*)C(=CC(=O)O)CN=C(N)N,52,2,Linker,--
*C=C(NC(*)=O)C(=O)NCC*,52,3,Linker,---
*C(=C)C=CC=C(*)COCC(O)CO,52,2,Linker,--
*CC(O)O*,52,2,Linker,--
*C=CO*,52,2,Linker,--
*CC(NC(=O)CCC(=O)OCC(*)=O)C(=O)OC,52,2,Linker,--
*OC(C)(C=C)CCC=C(C)C,52,1,Sub,-
*C(OC(C)=O)C(C=C(C)C)OC(C)=O,52,1,Sub,-
*[N+](C)(C)C,52,1,Sub,-
*C(CNC)NCC(C)O,52,1,Sub,-
*CC(=O)NCC(C)C,52,1,Sub,-
*C(C)CCCOC(C)=O,52,1,Sub,-
*OC(=O)C(=CC)N=C=S,52,1,Sub,-
*C(C)(O)CCCC(C)CCCC(C)CCCC(C)C,52,1,Sub,-
*CCC(=O)C=C(CO)CCC,52,1,Sub,-
*CC(=O)NCC(=O)NCC(=O)O,52,1,Sub,-
*C(=O)C=CC(C)CC,52,1,Sub,-
*C(C)=CCO,52,1,Sub,-
*OCCCC(C)C,52,1,Sub,-
*C1=C2CC3CCC(*)C2(CC1(*)*)C31C[N+](*)=CCC1*,51,6,Ring,------
*C1=CC2=C(C(=*)N1)C(*)CC(=*)O2,51,4,Ring,-=-=
*C1CCC2(*)CCC3(*)C(=CC(=*)C4C5(*)CCC(*)C(*)(*)C5CCC43*)C2C1*,51,10,Ring,---=------
*C1(*)CC=C2C(CCC3C(*)(*)CCCC23*)C1,51,5,Ring,-----
*c1cc2c(*)c(*)n(*)c2c2ccccc12,51,4,Ring,----
*C1=CC=CC(=*)O1,51,2,Ring,-=
*C1c2ccccc2C(=*)N(*)C12CCCC2,51,3,Ring,-=-
*C1=C2CC3CCC(*)C2(CC1(*)*)C31CN(*)C=CC1*,51,6,Ring,------
*c1cc(*)c2c(c1)Oc1c(*)cc(*)c(*)c1C2=*,51,6,Ring,-----=
*c1ccc2c(c1)C(*)C(*)CC2,51,3,Ring,---
*C1CC(=*)NCC(=*)NC(*)C(=*)NC(*)C(=*)NC(*)C(=*)NC(*)C(=*)O1,51,11,Ring,-==-=-=-=-=
*c1ccc2c(c1)C(=*)CC(*)O2,51,3,Ring,-=-
*c1ccc2c(c1)OC1(*)C(=*)c3c(cc(*)c(*)c3*)OC21*,51,7,Ring,--=----
*c1cc2c(c(*)c1*)-c1c(cc(*)c(*)c1*)C(=*)OC(*)C(*)OC2=*,51,10,Ring,------=--=
*C1=C(*)C2=NC1=CC1=NC(=CC3=NC(=CC4=NC(=C2)C(*)=C4*)C(*)=C3*)C(*)=C1*,51,8,Ring,--------
*C1CC2OC2(*)C(=*)C1*,51,4,Ring,--=-
*c1cc2c(c(*)c1*)-c1c(cc(*)c(*)c1*)C(*)C(*)C(*)C2,51,9,Ring,---------
*C1=COc2cc3c(c(*)c2C1=*)C=CC(*)(*)O3,51,5,Ring,--=--
*C1=CCC(*)C1(*)*,51,4,Ring,----
*c1cccc2c1CCC1CCCC3C=Cc4ccccc4C231,51,1,Ring,-
*C1CCC23COC(=*)C2=CCCC3C1(*)*,51,4,Ring,-=--
*N1CCNC1=*,51,2,Ring,-=
*C12CCCCC1C=Cc1ccccc12,51,1,Ring,-
*C1=CC(=*)c2c(*)cc3c(=*)c4ccc(*)c(*)c4c(=*)c3c2O1,51,7,Ring,-=-=--=
*C1CCCc2ccccc21,51,1,Ring,-
*C=CC(=O)OCCC*,51,2,Linker,--
*CCNC(=O)C(C)O*,51,2,Linker,--
*NC(=O)C(C)N*,51,2,Linker,--
*C(*)CC(*)O,51,3,Linker,---
*CC=C(C)CO*,51,2,Linker,--
*CC=C(*)C,51,2,Linker,--
*NCCCC(*)=O,51,2,Linker,--
*SC(*)=O,51,2,Linker,--
*CCC(O)CC(*)*,51,3,Linker,---
*CC(C)OC(=O)C(*)C,51,2,Linker,--
*[O+]=*,51,2,Linker,-=
*C=CNC(*)=O,51,2,Linker,--
*CCCC(=O)NC*,51,2,Linker,--
*CC(NC(=O)CON=*)C(=O)O,51,2,Linker,-=
*C(*)CCNC(*)C,51,3,Linker,---
*CC(O)CCCCCC(O)CCCCC(*)O,51,2,Linker,--
*COC(=O)C(C)(C)C,51,1,Sub,-
*=CC=CCCCC(=O)OC,51,1,Sub,=
*C(=O)C(C)C(C)O,51,1,Sub,-
*OC(=O)NC,51,1,Sub,-
*=[N+](C)C,51,1,Sub,=
*CCC(=O)C=CCCCCC,51,1,Sub,-
*C(C)C=C(C)C(C)C(C)C,51,1,Sub,-
*C(C)C(C)=O,51,1,Sub,-
*C(=O)NCCN(C)C,51,1,Sub,-
*CC(=O)NCC(=O)O,51,1,Sub,-
*NC(=O)NC(CCCNC(=N)N)C(=O)O,51,1,Sub,-
*OC(=O)C=CC=CCCC,51,1,Sub,-
*CCC(=O)N(CC)CC,51,1,Sub,-
*OC(=C)C,51,1,Sub,-
*OCC(=O)OCC=C,51,1,Sub,-
*NC(=O)C(CC)CC,51,1,Sub,-
*C=CC(O)C(C)O,51,1,Sub,-
*CCC(=O)[O-],51,1,Sub,-
*C(C)(C)C(=O)OC,51,1,Sub,-
*OCCCCCCCCCCCC,51,1,Sub,-
*C1=CNC(=*)NC1=*,50,3,Ring,-==
*c1ccc2[nH]c(*)cc2c1,50,2,Ring,--
*C1CCC2(*)C(CCC(*)C23CCC(*)(*)O3)C1(*)*,50,7,Ring,-------
*C1OC(=*)C(*)(*)C1*,50,5,Ring,-=---
*c1c2c3c4c(*)c(c5c6c4c1CCC6=CC1CCCC51)C(=*)CN1Cc4c(cccc4C1=*)CC#COC1C(*)C(COC(*)C=C2)OC(O3)C1(*)*,50,8,Ring,--==----
*C1=CC(=*)C=C(*)O1,50,3,Ring,-=-
*C1=C(*)C2(*)CCCC(*)(*)C2CC1=*,50,6,Ring,-----=
*C1CCC2(*)CCC(*)C(=*)C2C1,50,4,Ring,---=
*C1=C(*)C(*)C(*)C(*)C1=*,50,6,Ring,-----=
*c1ccc2c(c1*)CCC1C(*)(*)CCCC21*,50,5,Ring,-----
*C1=CC(=*)Oc2ccccc21,50,2,Ring,-=
*C1CN2C(=*)CC2O1,50,2,Ring,-=
*c1cncc(*)n1,50,2,Ring,--
*C1CCC(*)(*)C23OC(*)(*)C(CC(*)C12*)C3*,50,8,Ring,--------
*C1=CC(*)CC(*)O1,50,3,Ring,---
*C1NC(=*)C(*)N2C(=*)c3ccccc3N=C12,50,4,Ring,-=-=
*C1=COC(*)=C(*)C1=*,50,4,Ring,---=
*c1cc(*)c2c(c1*)CC(*)OC2=*,50,5,Ring,----=
*C1=C(*)N2CCc3cccc(c32)C1=*,50,3,Ring,--=
*c1cc(*)c2c(c1*)OCC(*)C2=*,50,5,Ring,----=
*c1ccc2c(c1)CCN2*,50,2,Ring,--
*c1cccc2cccc(*)c12,50,2,Ring,--
*C1CC2(*)C=CC(*)(*)C3(C(*)CCC(*)(*)C13)C2(*)*,50,9,Ring,---------
*C1=CC2CC(*)CCC2C(*)(*)C1*,50,5,Ring,-----
*c1ccc2c(oc3c(*)c4cn[nH]c4nc32)c1*,50,3,Ring,---
*C1CC2Cc3cccc(c3)Cc3cccc(c3)Cc3cccc(c3)CC2C1*,50,2,Ring,--
*C1=CC2(*)CCC=CCCCCN3CCC1C1(CC4C=CCCCCN4C21)C3,50,2,Ring,--
*C1C(=*)CCC2(*)CCC3(*)C(CCC4C5(*)CCC(*)C(*)(*)C5CCC43*)C12,50,9,Ring,-=-------
*C1C2C(=*)N(*)C(=*)C2C2c3ccccc3C=CN12,50,4,Ring,-=-=
*C1=C2C(*)C(*)C3(*)C(*)CC(*)C4(CO4)C3C(*)C(*)(CC1*)C2(*)*,50,11,Ring,-----------
*C1NC(=*)C(*)C(*)OC(=*)C(*)N(*)C(=*)C2CCCN2C(=*)C(*)OC(=*)C(*)N(*)C1=*,50,14,Ring,-=--=--==-=--=
*c1ccc2c(c1)C(*)Cc1c3c(c4c(c1-2)OC(*)CC4)OC(*)C(*)(*)C3,50,6,Ring,------
*c1cc2c(c(*)c1*)-c1c(cc(*)c(*)c1*)C(=*)OC1C3OC(=*)c4cc(*)c(*)c5c4C4C(=CC(=*)C(*)(O5)C4(*)*)C(=*)OC1C(COC2=*)OC3*,50,17,Ring,------==--=---==-
*C1COCC1*,50,2,Ring,--
*CC(C=*)CCO,50,2,Linker,-=
*CCCCCCCCCCCCCC*,50,2,Linker,--
*CN(C)C(=O)C(*)C,50,2,Linker,--
*CNS(=O)(=O)C*,50,2,Linker,--
*C(*)CC,50,2,Linker,--
*C(*)C=O,50,2,Linker,--
*C(=*)C,50,2,Linker,-=
*CCCC(C)C*,50,2,Linker,--
*CC(NC(=O)OC(C)(C)C)C(=O)N*,50,2,Linker,--
*NCOC,50,1,Sub,-
*=CNC(N)=O,50,1,Sub,=
*CCCCCCCN,50,1,Sub,-
*CCCCCCCC(=O)OC,50,1,Sub,-
*=NN,50,1,Sub,=
*C=CCOC,50,1,Sub,-
*OCC(=O)NC(CCSC)C(=O)O,50,1,Sub,-
*OC(C)C(=O)NC(CCC)C(=O)O,50,1,Sub,-
*NC(=O)C(C(C)CC)N(C)C,50,1,Sub,-
*c1cc(*)c2c(c1*)Oc1c(c(*)c(*)c3c1C(*)OC3=*)OC2=*,49,8,Ring,------==
*C1CCC2(*)C(CCC3(*)C2CCC2C4C5OCC4(CCC5(*)*)CCC23*)C1(*)*,49,8,Ring,--------
*C1=C2C(C(*)C1*)C(*)(*)CC(*)C1(*)C2OC(=*)C1(*)*,49,10,Ring,-------=--
*C1=C(*)c2ccc3c(c2OC1=*)C1OC(=*)CC2CC(*)CCC2c2ccc(cc2)CCC(=*)C(=*)OC1C(*)(*)O3,49,9,Ring,--==-==--
*c1ccc2ccc(*)cc2c1,49,2,Ring,--
*C1CCC2(*)C3CCC45C(=*)OC(*)(*)C4C(=*)CC5(*)C3=CCC2C1(*)*,49,9,Ring,--=--=---
*C1OC(=*)C(*)C1(*)*,49,5,Ring,-=---
*C1=CC(=*)N(*)C(=*)N1*,49,5,Ring,-=-=-
*C1=COC(*)C2C(*)C(=*)CC12,49,4,Ring,---=
*C1C(*)C2(C(=*)Nc3ccccc32)C2C=Cc3ccccc3N12,49,3,Ring,--=
*c1cc2c(*)c(*)n(*)c2cc1*,49,5,Ring,-----
*C1=C(*)C(=*)c2cccc(*)c2O1,49,4,Ring,--=-
*C1=C(*)C(=*)N(*)C=C1,49,4,Ring,--=-
*c1ccc2cc1Oc1ccc(cc1)CC1C(=*)N(*)C(C2)C(=*)NC(*)C(=*)NC(*)C(=*)N(*)C(*)C(=*)NC(*)C(=*)N1*,49,14,Ring,-=-=-=-=--=-=-
*c1c2[nH]c(c1*)C=c1[nH]c(c(*)c1*)=Cc1[nH]c(c(*)c1*)C=c1[nH]c(c(*)c1*)=C2,49,8,Ring,--------
*C1=CC(*)(*)C(=*)C1=*,49,5,Ring,---==
*c1cc2c(c3c1C1=C(CCCC1)C(=*)O3)CCC(*)(*)O2,49,4,Ring,-=--
*C1=C(*)c2cc(*)c(*)cc2NC1=*,49,5,Ring,----=
*C1=CCN(*)CC1,49,2,Ring,--
*C1C2C(=*)C(=*)OC2C(*)C(*)(*)C1*,49,7,Ring,-==----
*C1CCC2C1C1C(*)CC(*)C21*,49,4,Ring,----
*C1CC(=*)CC(*)O1,49,3,Ring,-=-
*C1CC2C(*)(CCC(*)C2(*)*)C2=C1C1(*)C(=*)CC(*)C1(*)C(*)C2=*,49,11,Ring,------=---=
*C1CCC2(*)C3CCC4C(=CC(=*)C5C(*)(*)C(*)CCC45*)CC3(*)CCC2C1(*)*,49,10,Ring,--=-------
*C1CC2C(*)(*)CCCC2(*)C2CCC3CC12CC3=*,49,5,Ring,----=
*c1cc(*)c2c(c1)Oc1ccccc1C2=*,49,3,Ring,--=
*c1ccc2nc(*)c(*)c(*)c2c1,49,4,Ring,----
*C1OC(=*)C(*)C(*)C1*,49,5,Ring,-=---
*C1CCC2(*)C3CC(*)C4(*)C(*)(*)CCC4(*)C3(*)C=CC2(*)C1,49,9,Ring,---------
*C1NC(=*)N(*)C2NC(=*)N(*)C(*)C12,49,6,Ring,-=-=--
*C1CC2(*)C(*)CCC(=*)C2C2OC(=*)C(=*)C12,49,6,Ring,---===
*C1=CC(=*)c2ccccc2N1,49,2,Ring,-=
*C1=CCC(*)=N1,49,2,Ring,--
*C1CC(=*)NC2=C1C(=*)OC2(*)*,49,5,Ring,-==--
*C1=CC(=*)c2c(*)c3c4c(c2O1)C1c2ccnc(*)c2C(CCc2ccc(*)cc2C1*)C1CCc2cc(*)ncc2CC1C(*)(O4)C(*)C3,49,9,Ring,-=-------
*C1=CC(=*)Oc2cc(*)c(*)c(*)c21,49,5,Ring,-=---
*c1cc2oc3ccccc3c2cc1*,49,2,Ring,--
*C1(*)OC(=*)C(=*)C(=*)O1,49,5,Ring,--===
*C(=O)NC(C)(C)C(*)=O,49,2,Linker,--
*CC(*)C(=O)OC,49,2,Linker,--
*CC(=O)N(C*)CCOC,49,2,Linker,--
*OC(*)CO,49,2,Linker,--
*CCC(C)NC(=O)C*,49,2,Linker,--
*COC(=O)NC(C)C(=O)O*,49,2,Linker,--
*OCCO*,49,2,Linker,--
*C(C)OC(C)(C)C=C,49,1,Sub,-
*C(O)CC(=O)OC,49,1,Sub,-
*CC(=O)NC(C(=O)O)C(C)C,49,1,Sub,-
*C(C)C(OC(C)=O)C(C)CC,49,1,Sub,-
*C(=O)NC(CC(C)C)C(=O)OC,49,1,Sub,-
*C(=O)C(C)N,49,1,Sub,-
*OC(CCCCC)CCCCCCCCCC(=O)O,49,1,Sub,-
*C(O)CC=C(C)C,49,1,Sub,-
*C(=O)N(C)CC(N)=O,49,1,Sub,-
*C(O)CC(C)C,49,1,Sub,-
*SCC(NC(=O)CCC(NCNC)C(=O)O)C(=O)NC(O)C(=O)O,49,1,Sub,-
*CCC=C(C)C(=O)O,49,1,Sub,-
*CCC(=O)NCC#C,49,1,Sub,-
*C(Cl)Cl,49,1,Sub,-
*C(=O)C(N)CC(C)C,49,1,Sub,-
*NC(=O)C(O)COS(=O)(=O)O,49,1,Sub,-
*CCC(O)CC(O)CC(=O)O,49,1,Sub,-
*SCC=C,49,1,Sub,-
*CCCCCCCCCCC(C)C,49,1,Sub,-
*SCC(=O)O,49,1,Sub,-
*C(C)CCNC(=O)C(O)C(O)C(COC)N(C)C,49,1,Sub,-
*C1CCC2(*)C(=CCC3C2CCC2(*)C3CC3OC4(CCC(*)(*)O4)C(*)C32)C1,48,6,Ring,------
*C1C=C2C3C(*)C(*)CCC3(*)CCC2(*)C2(*)CCC3C(*)(*)C(*)CCC3(*)C12,48,10,Ring,----------
*C1=CC=CC(*)C(*)CC(*)C(*)C(*)CCC(*)C(*)CC2(*)OC(CC(*)CC(*)CC(*)CC(*)C(*)=CC=CC(*)C(*)OC1=*)CC(*)C2*,48,19,Ring,----------------=--
*C1=C2CCC3C4(*)CC(*)C(=*)C(*)(*)C4CCC3(*)C2(*)CC1=*,48,9,Ring,---=----=
*C1=CC2=C(*)C=N[C+]2C=C1,48,2,Ring,--
*C1C(*)N1*,48,3,Ring,---
*c1cc2c(c(*)c1*)-c1c(cc3c(c1*)OCO3)C(*)C(*)C(*)C2*,48,8,Ring,--------
*N1CC2Oc3ccccc3C(=*)N(*)C2C1,48,3,Ring,-=-
*c1cc2c(c3c1CC1(O3)C(*)CCC3C(*)(*)C(*)C(*)CC31*)CN(*)C2=*,48,9,Ring,--------=
*c1ccc2c(c1*)OC(*)CC2,48,3,Ring,---
*C1CC(*)C2(OC2*)C(*)O1,48,4,Ring,----
*C1C(*)C2(*)C(*)OCC3(C1*)C2CC(*)C1(*)C3C(=*)C(*)C2(*)C(*)CC3OC321,48,11,Ring,-------=---
*C1C=C2CCC3C(CCC4(*)C(*)CCC34)C2(*)CC1,48,4,Ring,----
*C1=CC2OC(=*)C3(*)C2C(CC2(*)OC1=CC2=*)OC3(*)*,48,7,Ring,-=--=--
*C1CC2(*)CCCN3CCc4c(n1c1ccccc41)C32,48,2,Ring,--
*c1c(*)c(*)c2c(=*)c(*)c(*)c(=*)c2c1*,48,8,Ring,---=--=-
*C1=CC(*)C(*)N=N1,48,3,Ring,---
*C1CC(*)C(*)(*)CC1(*)*,48,6,Ring,------
*C1NC(=*)C(*)N(*)C(=*)C(*)NC(=*)C(*)N(*)C(=*)CN(*)C(=*)C(*)NC(=*)C(*)N(*)C(=*)C(*)N(*)C(=*)C(*)N(*)C(=*)C(*)N(*)C(=*)C(*)NC1=*,48,28,Ring,-=--=-=--=-=-=--=--=--=--=-=
*C1CC(*)(*)CC2C3=CCC4C5(*)CCC(*)C(*)(*)C5CCC4(*)C3(*)CCC12,48,9,Ring,---------
*C1=CC2(*)C(c3cc(*)c(*)cc3N2*)C1*,48,6,Ring,------
*c1cc2c(cc1*)C1CC(*)CC(*)C3Cc4cc(*)c(*)cc4C4CC(*)C(C2)C1C43*,48,8,Ring,--------
*C1=CC2OC(=*)C(=*)C2C(*)CC2(*)OC2CC1,48,5,Ring,-==--
*C1OC(*)(*)C2OC12*,48,4,Ring,----
*c1ccc2c(=*)c(=*)[nH]c2c1,48,3,Ring,-==
*c1cc2c3cn(cc3c1)-c1nc(*)ccc1COC(*)CC(*)CCc1ccc(*)c(c1)OC2,48,5,Ring,-----
*C1CC(=*)NC1*,48,3,Ring,-=-
*C1C(*)C(*)(*)C2CCC3(*)C(CC=C4C5CC(*)(*)CCC5(*)CC(*)C43*)C2(*)C1*,48,12,Ring,------------
*c1ccc2c(c1*)C(*)(*)C(*)C(=*)N2,48,6,Ring,-----=
*C1C2=C3C(=*)OC(=CCC(*)C(*)SSCNc4cc1ccn4)C31CCC2C2CCc3c(c(=*)oc3=*)C21,48,6,Ring,-=--==
*C1CCC2(*)C(C1)C(*)CC1C2CCC2(*)C(*)CC(*)C12,48,6,Ring,------
*C1CC(=*)C(=*)OC2CCN3CC=C(COC(=*)C1(*)*)C23,48,6,Ring,-===--
*C1CCC2(*)C3CCC4(*)C(*)CCC4(*)C3CCC2C1(*)*,48,7,Ring,-------
*C1C=C2C(=*)OCC23CCC(*)C(*)(*)C3C1,48,5,Ring,-=---
*C1=[O+]c2cc(*)ccc2C(=*)[C-]1*,48,4,Ring,--=-
*C1CCCC1=*,48,2,Ring,-=
*C1CCC2(*)CCC3(*)C(CC(*)C4C5(*)CCC(*)C(*)(*)C5CCC43*)C12,48,9,Ring,---------
*OCC(C)=CCCC(C)=CCCC(C)=CCCC(C)(C=C)O*,48,2,Linker,--
*COC(=O)NC(CCC)C(=O)O*,48,2,Linker,--
*CC(*)CCO*,48,3,Linker,---
*NN=C(*)C,48,2,Linker,--
*CC(*)C(*)=O,48,3,Linker,---
*OC(=O)C(CC)NS(*)(=O)=O,48,2,Linker,--
*CC(*)OC(=O)C(C)CC,48,2,Linker,--
*NCCS(=O)(=O)O,48,1,Sub,-
*CC=CC(C)C(C)O,48,1,Sub,-
*OCC(=O)NCC(=O)O,48,1,Sub,-
*C(C)=CC(C)CC(C)CC,48,1,Sub,-
*C=CC(C)(O)C(O)C(C)CC,48,1,Sub,-
*NC(=O)C(CC(C)C)N(C)C,48,1,Sub,-
*C(C)CCCCCC,48,1,Sub,-
*OC(=O)C=C(C)CCC=C(C)C,48,1,Sub,-
*OCC(=O)NC(C(=O)O)C(C)CC,48,1,Sub,-
*C(=O)C(CC(C)C)NC(=O)OC(C)(C)C,48,1,Sub,-
*OC(C)C(=O)NC(CC(C)C)C(=O)O,48,1,Sub,-
*NC(=O)CN(C)C,48,1,Sub,-
*CC(=O)NC(C)C(=O)O,48,1,Sub,-
*CCCCCCCCCCCCCCCCC,48,1,Sub,-
*OC(=O)C(C)C(C)C,48,1,Sub,-
*CC(C)CO,48,1,Sub,-
*COP(=O)([O-])OCC[N+](C)(C)C,48,1,Sub,-
*OC(=O)C(C)CO,48,1,Sub,-
*C(=O)C(N)C(C)CC,48,1,Sub,-
*C(=O)NC(=C)C(=O)NC(=C)C(N)=O,48,1,Sub,-
*C1C(*)C1*,47,3,Ring,---
*c1cc2c(c(*)c1*)CCN(*)C2*,47,5,Ring,-----
*C1=CCOC1*,47,2,Ring,--
*c1ccc2c(c1)C(*)(*)C(=*)N2,47,4,Ring,---=
*C1(*)CCCC(*)(*)C1(*)*,47,6,Ring,------
*C1CCC2(*)C(CCC3(*)C2CCC2C4CC(*)(*)CCC4(*)CCC23*)C1(*)*,47,9,Ring,---------
*C1CCC2C3CC(=*)C4=CC(=*)CCC4(*)C3CCC12*,47,5,Ring,-==--
*C1OC2CC3OC(*)C(*)C(*)C3(*)OC2C1*,47,6,Ring,------
*C12CCC(=*)CC1CCC1C2CCC2(*)C1CCC2(*)*,47,5,Ring,-=---
*C1CCC2(*)C3=C(CCC2C1*)C1CCC(*)C1(*)CC3,47,5,Ring,-----
*c1cn2c3c(nc2n1*)N(*)C(=*)N(*)C3=*,47,6,Ring,---=-=
*c1cc(*)c2c(c1)OC(*)C1c3ccc(*)c(*)c3OC21,47,5,Ring,-----
*C1COC2(*)CC1OC(=*)C2=*,47,4,Ring,--==
*C1=C2CC(*)CCC2(*)CCC1,47,3,Ring,---
*c1cc2c(cc1*)C(=*)NCC2,47,3,Ring,--=
*C1CC(*)C2CCCN(*)C2C1,47,3,Ring,---
*C1C=CC(=*)N1*,47,3,Ring,-=-
*C1CCC2C34CCC5(*)C(*)CCC5(*)C3C=CC2(OC4)C1(*)*,47,6,Ring,------
*C1=NC2(*)N(CC1)c1ccccc1C2(*)*,47,4,Ring,----
*C1CCC(*)(*)C2CCC(*)(*)C2C1,47,5,Ring,-----
*C1=Nc2ccccc2C1(*)*,47,3,Ring,---
*C1=CC(=*)Oc2cc3c(cc21)OCO3,47,2,Ring,-=
*C1CC(*)(*)OC(*)C1(*)*,47,6,Ring,------
*c1cc(*)c2c(*)c3c(c(*)c2c1)C(*)C(*)OC3,47,6,Ring,------
*C1CCC2(*)C3CCC4(*)C(*)CCC4C3CC3OC32C1,47,4,Ring,----
*C1=C(*)C(*)(*)CC=C1,47,4,Ring,----
*c1ccc(*)c2c1Oc1cc(*)c3c(c1C2=*)C(*)C(*)CO3,47,6,Ring,---=--
*C1CCC(=*)C(*)C1,47,3,Ring,-=-
*C12CCC3C(CCC4=CC(=*)CCC43*)C1CCC2=*,47,4,Ring,-=-=
*c1c(*)c(=*)c2c(c1=*)C(*)C(*)C1C(*)(*)CCCC21*,47,9,Ring,--==-----
*C1=C(*)c2cccc3c2N(CC3)C1=*,47,3,Ring,--=
*c1ccc2c(c1)C(=*)CC1C(*)(*)CCCC21*,47,5,Ring,-=---
*C1CCC2(*)C3=C(CCC2C1(*)*)C1CCC(*)C1(*)CC3,47,6,Ring,------
*c1cc2c(c(*)c1*)C13CCCC(*)(*)C1C(OC3=*)C2*,47,7,Ring,-----=-
*COP(=O)(O)OP(=O)(O)OC*,47,2,Linker,--
*CNC(=O)C(NC(*)=O)C(C)CC,47,2,Linker,--
*OC(*)(C)CCC=C(C)CO,47,2,Linker,--
*OCC=*,47,2,Linker,-=
*NCCC(*)=O,47,2,Linker,--
*CCCNC(=O)CC(*)*,47,3,Linker,---
*C(*)=CCC(*)C,47,3,Linker,---
*CCCOC(C)=O,47,1,Sub,-
*C(C)(O)CCCCCC,47,1,Sub,-
*OC(=O)CC(C)OC(C)=O,47,1,Sub,-
*NCO,47,1,Sub,-
*C(C)CCC(O)C(C)(O)CO,47,1,Sub,-
*COC(=O)C(C)C(C)O,47,1,Sub,-
*C(=O)NC(CCCCN)C(=O)O,47,1,Sub,-
*CCCCCCCCC(C)C,47,1,Sub,-
*OCC(=O)NC(CCC)C(=O)O,47,1,Sub,-
*C(C)CCC(=O)NCCS(=O)(=O)O,47,1,Sub,-
*c1ccc2cc3c(cc2c1)C(*)C(*)CC3,46,3,Ring,---
*c1ccc2nc(*)oc2c1,46,2,Ring,--
*C1CC2=C(CC1*)C(*)(*)CCC2,46,4,Ring,----
*C1=CCC23CCC(C(*)(*)OC2=*)C3(*)CC1,46,5,Ring,---=-
*C1C(=*)N(*)C(*)C1*,46,5,Ring,-=---
*C1CC2(*)CN3C4CC56CC(=*)C7C(*)C5C(C1)(C42)C3C6(*)C7*,46,6,Ring,--=---
*c1cc(*)c2c(c1)C1OC(=*)C(*)N1c1c-2c(=*)c2cccc(*)c2c1=*,46,7,Ring,--=-=-=
*C1=C2C(*)C(*)C3C4(*)CCC(=*)C(*)(*)C4CCC3(*)C2(*)CC1=*,46,10,Ring,----=----=
*C1=C2C3C(*)(C=CC(*)CC34CC(*)C(*)CC4C1=*)CC1(*)C(*)CCC21*,46,9,Ring,-----=---
*C1c2ccccc2CCN1*,46,2,Ring,--
*C1CCC2(*)C3=C(CCC2C1(*)*)C1(*)C(*)CC(*)C1(*)CC3,46,8,Ring,--------
*N1CCC2(C1)Nc1cccnc1NC2=*,46,2,Ring,-=
*C1CN(*)CC12CCCC2,46,2,Ring,--
*c1nc(=*)n(*)c1=*,46,4,Ring,-=-=
*C1C2=C(Oc3ccccc3C2=*)C(=*)N1*,46,4,Ring,-==-
*C1(*)CC2CN(CCc3c([nH]c4ccccc34)C(*)(*)C2)C1,46,4,Ring,----
*c1ncc(*)c2c1[nH]c1ccccc12,46,2,Ring,--
*C1=C2C3C(C=CC(*)CC34CC(*)C(*)CC4C1=*)CC1(*)C(*)CCC21*,46,8,Ring,----=---
*c1cc(*)c2c(c1)C(*)NC(=*)C1NC(=*)C(NC(=*)C3NC(=*)C(*)NC(=*)C(*)C(*)c4ccc(c(*)c4)Oc4cc3cc(c4*)Oc3ccc(cc3*)C1*)c1ccc(*)c-2c1,46,16,Ring,---====-=-------
*c1ccc2c(=*)c(*)c(*)c(=*)c2c1*,46,6,Ring,-=--=-
*C1=CCCc2cc(*)cc(c2)NC(=*)CC(*)C=CC=CC=CCC(*)C(*)C1*,46,7,Ring,--=----
*N1CCCN(*)CCN(*)CCCN(*)CC1,46,4,Ring,----
*C1CCOC1*,46,2,Ring,--
*c1sc(*)c(*)c1*,46,4,Ring,----
*C1CC(*)C(*)C(*)C=CC(=*)OC(*)C(*)C=CC=CC1=*,46,8,Ring,----=--=
*C1=C2C(=*)c3c(*)ccc(*)c3OC2(*)C(*)C(*)C1,46,7,Ring,-=-----
*C1=C2Nc3ccccc3C23CC[N+]2(*)CC(=*)C1CC32,46,3,Ring,--=
*C1CCC2(*)C3=C(CCC2C1(*)*)C1(*)CCC(*)C1(*)C(*)C3,46,8,Ring,--------
*C1CCC2(*)C1CCC1C3(*)CCC(*)C(*)(*)C3CC(*)C12*,46,8,Ring,--------
*c1cc2c(c(*)c1*)C(*)N(*)CC2,46,5,Ring,-----
*C1CCC2(OC1)OC1CC3C4CC(*)C5CC(*)C(*)CC5(*)C4CCC3(*)C1C2*,46,7,Ring,-------
*c1nc(*)c(*)nc1*,46,4,Ring,----
*C1C2C3N(*)CC4(*)CCC(*)C3(C3CC5(*)C(*)CC2(*)C3C5*)C14,46,8,Ring,--------
*C1=C2C(CC1*)OC(*)CC1C2(*)C(*)C2OCC3(*)C(*)CC(*)C1(*)C23,46,9,Ring,---------
*C1CCOC(*)(*)C1*,46,4,Ring,----
*c1cc2c(cc1*)-c1c(*)c(*)cc3c1C(C2)[N+](*)(*)CC3,46,6,Ring,------
*C1CC2(*)OC(*)(O1)OC2(*)*,46,5,Ring,-----
*C1OC(*)(*)C(*)(*)C(*)C1*,46,7,Ring,-------
*C1c2ccccc2Oc2ccccc21,46,1,Ring,-
*C1CCC(*)N(*)C1,46,3,Ring,---
*NC(=O)C(*)NC(*)=O,46,3,Linker,---
*C(O)C(*)CO,46,2,Linker,--
*C(=O)NCC(*)N(C)C,46,2,Linker,--
*C#CC(C)=CC=CC(C)=CC=CC=C(C)C=CC=C(C)C=C*,46,2,Linker,--
*OC(*)C(=O)O,46,2,Linker,--
*CCNC(=O)C(N*)C(C)CC,46,2,Linker,--
*OC(C)(C)C(O)CCC(*)C,46,2,Linker,--
*C(=O)NC(*)*,46,3,Linker,---
*NC(CCSC)C(*)=O,46,2,Linker,--
*CCCCO*,46,2,Linker,--
*OC(=O)C(O)C(*)N(C)C,46,2,Linker,--
*CCCC(C)=O,46,1,Sub,-
*OC(C)C(=O)NC(CCCC)C(=O)O,46,1,Sub,-
*C(C)(O)CCCC(C)(C)O,46,1,Sub,-
*OCCCCCCCCCCCCCCCC,46,1,Sub,-
*C(=O)NCCCOC(C)C,46,1,Sub,-
*=C(Br)CC,46,1,Sub,=
*C(C)(C)OO,46,1,Sub,-
*C(Cl)CC=CC#C,46,1,Sub,-
*C(=O)NC(CCC(N)=O)C(=O)O,46,1,Sub,-
*C(C)C=CC(C)CC,46,1,Sub,-
*OC(=O)C(CCC)NC(=O)OC(C)(C)C,46,1,Sub,-
*C(=O)C(C)(C)NC(C)=O,46,1,Sub,-
*OC(=O)COC(C)=O,46,1,Sub,-
*CCCCN=C(N)N,46,1,Sub,-
*C(C(=O)O)C(C)O,46,1,Sub,-
*CC(=O)CC,46,1,Sub,-
*C(CC(O)C(C)C(O)C(C)C=C(C)C(C)=CC=CC(C)=CC#N)OC,46,1,Sub,-
*C(C)C(O)CCC(C)(C)O,46,1,Sub,-
*C(C)CCCC(C)C(=O)O,46,1,Sub,-
*C1(*)CC2CC(*)(*)C1(*)O2,45,5,Ring,-----
*C1COC(*)(*)C1,45,3,Ring,---
*c1cc(*)n(*)c1*,45,4,Ring,----
*C1=CC(=*)c2c(*)cc3c(=*)c4c(*)cc(*)c(*)c4c(=*)c3c2O1,45,8,Ring,-=-=---=
*C1=C(*)C(=*)CCC1,45,3,Ring,--=
*c1cccc2ccn(*)c12,45,2,Ring,--
*C1=CC(*)=C(*)C(=*)N1,45,4,Ring,---=
*c1nnn[nH]1,45,1,Ring,-
*C1=NC2C(=*)NCC(*)C2N1,45,3,Ring,-=-
*C1=CCC2C(*)(CCC3C(*)(*)CCCC32*)C1*,45,6,Ring,------
*C1CCC2(CO2)C(*)C1*,45,3,Ring,---
*C1CC(*)C(*)CC1*,45,4,Ring,----
*C1NC(=*)NC1=*,45,3,Ring,-==
*C1C=CC23c4cc5c(cc4CN(CC2*)C3C1)OCO5,45,2,Ring,--
*c1cc2c(cc1*)C(*)CC2,45,3,Ring,---
*c1ccc2c(c1)oc1c(*)c3cn[nH]c3nc12,45,2,Ring,--
*C1CCC2(*)C1C(*)CC1C(*)(*)C(*)CCC12*,45,7,Ring,-------
*C1NC(=*)C2C(*)CCN2C1=*,45,4,Ring,-=-=
*c1cc(*)c2c(=*)cc(*)c(=*)c2c1,45,5,Ring,--=-=
*C1=Cc2ccc3c(c2OC1=*)C1OC(=*)CC(*)Cc2ccc(cc2)CCC(=*)C(=*)OC1C(*)(*)O3,45,8,Ring,-==-==--
*C1CC=CCC(*)C(*)O1,45,3,Ring,---
*C1CC2OCC3(CC(*)C(*)C(*)O3)OOC2C(*)O1,45,5,Ring,-----
*c1cc2c(cc1*)N(*)C1(*)C=CC(*)C21,45,5,Ring,-----
*C1CC2(*)C3=C(CCC2(*)C1*)C1(*)CCC(*)C(*)(*)C1CC3,45,8,Ring,--------
*N1CCC(=*)NC1=*,45,3,Ring,-==
*C1=C(*)C(=*)C(*)=C(*)N1,45,5,Ring,--=--
*C1OC23C=CC4C1(CCC1(*)C(*)CCC41*)C2CCC(*)C3(*)*,45,7,Ring,-------
*c1cccc2c3c([nH]c12)CCN(*)C3,45,2,Ring,--
*C1CCC(*)(*)C2C(*)C3(*)OCC12C1CCC2C(=*)C(=*)C13C2*,45,8,Ring,-----==-
*c1cc(*)c2c(=*)c3c(*)c(*)ccc3c(=*)c2c1,45,6,Ring,--=--=
*C1=NC(*)C(*)=Nc2ccccc21,45,3,Ring,---
*C1C=CC(*)(*)C1,45,3,Ring,---
*C1=NC(=*)CC(*)C1,45,3,Ring,-=-
*C1CCC2(*)C(*)CCC2C1*,45,4,Ring,----
*N1C=CC(=*)N(*)C1=*,45,4,Ring,-=-=
*C1=CC2C(*)CC=C(*)C2CC1,45,3,Ring,---
*C1CCC(*)C(*)C1=*,45,4,Ring,---=
*C1=CC(=*)Oc2c(*)c(*)cc(*)c21,45,5,Ring,-=---
*C1CCC2(*)C3=CCC4(*)C5CCC(*)C5(*)CCC4(*)C3CCC2C1(*)*,45,8,Ring,--------
*C1C2C(*)(*)C(=*)CCC2(*)C2=C3C1(*)C=CC1(*)CC(*)C(*)(CC2=*)C31*,45,11,Ring,---=-----=-
*C1CC(=*)NC1=*,45,3,Ring,-==
*C1CC(*)(*)C(*)CN1*,45,5,Ring,-----
*CCNC(=S)NC*,45,2,Linker,--
*CCC(=O)NC(*)C(=O)O,45,2,Linker,--
*CC(CO)NC(*)=O,45,2,Linker,--
*C(C)C=*,45,2,Linker,-=
*OCC(=O)NC(*)C(=O)O,45,2,Linker,--
*OC(*)(C)CC=CC(C)(C)O,45,2,Linker,--
*C(=O)NC(*)C(Cl)(Cl)Cl,45,2,Linker,--
*CC(NC(=O)C(C*)NC(*)=O)C(=O)O,45,3,Linker,---
*C(=O)OC(*)C(C=O)OC(*)=O,45,3,Linker,---
*CCCCCCC(*)=O,45,2,Linker,--
*C(=O)COC(=O)CCC(=O)NC(C(=O)O)C(*)O,45,2,Linker,--
*C(COC(C)=O)OC(C)=O,45,1,Sub,-
*COCC(C)C,45,1,Sub,-
*N=C(N)NC,45,1,Sub,-
*SCCCC,45,1,Sub,-
*CC(C(=O)[O-])[N+](C)(C)C,45,1,Sub,-
*CC(=O)NC(CCCNC(N)=O)C(=O)O,45,1,Sub,-
*CC=CCCCC(=O)OC,45,1,Sub,-
*OC(=O)C(C)(O)CCl,45,1,Sub,-
*N(C)CCN(C)C,45,1,Sub,-
*P(=O)(OCC)OCC,45,1,Sub,-
*C(C)CCCCC,45,1,Sub,-
*OC(=O)C=CC=CC,45,1,Sub,-
*C(=O)C(CCSC)NC(=O)OC(C)(C)C,45,1,Sub,-
*CN(CCC)CCC,45,1,Sub,-
*NC(=O)C(O)CCN,45,1,Sub,-
*CCC(=O)NCCOC,45,1,Sub,-
*OCC(=O)NC(C(=O)O)C(C)O,45,1,Sub,-
*C(C)(O)CCC=C(C)CO,45,1,Sub,-
*CCC(CC(O)CCCCC)OC(C)=O,45,1,Sub,-
*OCCCCCCCCCC,45,1,Sub,-
*C(=O)OCC(O)CO,45,1,Sub,-
*OCC(=O)NCCC(=O)O,45,1,Sub,-
*C1Cc2ccccc21,44,1,Ring,-
*c1cc[n+](*)cc1*,44,3,Ring,---
*C1=C(*)C(=*)C(*)C(*)(*)C1,44,6,Ring,--=---
*C1=CC(*)C(*)OC1=*,44,4,Ring,---=
*C1c2ccccc2C(=*)N(*)C1*,44,4,Ring,-=--
*N1C(=*)C2C3C=CC(C2C1=*)N(*)C3=*,44,5,Ring,-==-=
*C1=C(*)C2=C3CC(*)C(=*)C(C3)c3cc4c(cc3CCC(*)COc3c5c(c(*)c(c32)O1)OC(*)C5)=NCC=4,44,7,Ring,---=---
*C1CCC2(*)C(CCC3(*)C2CCC24OCC5(CCC(*)(*)CC52)C(=*)CC34*)C1(*)*,44,9,Ring,-----=---
*C1NC(=*)C(*)N(*)C(=*)C(*)N2C(=*)C(CCC2*)NC(=*)C(=*)NC(=*)C(*)C(*)OC1=*,44,14,Ring,-=--=-=-===--=
*c1cc(*)c2c(c1*)OC(*)CC2,44,4,Ring,----
*C1CCC(=*)C1(*)*,44,4,Ring,-=--
*N1C2=C(CCCC2)C(=*)C2=C1CCC2,44,2,Ring,-=
*C1C2(CCC3C(*)(*)CCCC31*)CO2,44,4,Ring,----
*C1=C(*)C(=*)c2ccccc2N1,44,3,Ring,--=
*C1CC(*)(*)C2CC(*)C(=*)C(*)C2(*)C1,44,7,Ring,----=--
*c1cc2c(c(*)c1*)-c1c(cc(*)c(*)c1*)C(=*)OC1C(OC2=*)C(*)OC2COC(=*)c3cc(*)c(*)c(*)c3-c3c(*)c(*)c(*)c(*)c3C(=*)OC21,44,18,Ring,------==-=-------=
*C1(*)COC(=*)C1,44,3,Ring,--=
*C1=CCC(*)C2C=C(*)C3(*)C=CC(*)(O3)C(*)CC12,44,6,Ring,------
*C1CCC2(*)C3CCC4CC3(CCC2C1(*)*)CC4=*,44,5,Ring,----=
*C1NC(*)C(*)C(*)C1*,44,5,Ring,-----
*c1cc2c(c(*)c1*)C(=*)OC(*)C2,44,5,Ring,---=-
*C1CCC2(*)C(*)CC3(*)C(CCC4C5(*)CCC(*)C(*)(*)C5CCC43*)C12,44,9,Ring,---------
*C1=NC(*)C(=*)N2CCCC12,44,3,Ring,--=
*c1cc(*)c2cccnc2c1*,44,3,Ring,---
*c1ccc2c(c1)OC(*)C(*)C2,44,3,Ring,---
*C1CCC2(*)C(CCC3C2CCC2(*)C(*)CC4OC432)C1,44,4,Ring,----
*C1CC(*)C2C(C=CC(*)C2*)C1,44,4,Ring,----
*c1c(*)c(*)n(*)c1*,44,5,Ring,-----
*N1N=Nc2ccccc2C1=*,44,2,Ring,-=
*c1cccc2c1C1(*)C(*)CCCC1CC2,44,3,Ring,---
*C1C=CC2(*)OC1C(*)C(*)C2*,44,5,Ring,-----
*C1CC(*)C(=*)C(*)C1,44,4,Ring,--=-
*C1CCC(*)(*)C(*)C=CC(*)C(*)OC(=*)C1,44,7,Ring,------=
*C1(*)CCCC2(*)C1CCC13CC4C(CC12)C4(*)C3,44,4,Ring,----
*C1=CC(*)C2(*)CCC(*)(*)C2C(*)C1,44,6,Ring,------
*c1ccc2c(c1)CCc1c(*)c(*)cc(*)c1-2,44,4,Ring,----
*C1COC23CC4(CO2)C(CCC2C5(*)CCC(*)C(*)(*)C5CCC24*)C3C1(*)*,44,8,Ring,--------
*C1CC(=*)NC(*)C(=*)NC(*)C(=*)NC(*)C(=*)NC(*)C(=*)N2CCCC2C(=*)NC(*)C(=*)NC(*)C(=*)N1,44,15,Ring,-=-=-=-=-==-=-=
*C1CN1*,44,2,Ring,--
*C1=CC2OC(=*)C(=*)C2CC(*)C(*)=CCC1,44,5,Ring,-==--
*C1=CC(=*)Oc2cc(*)c3c(c21)OC(*)CC3=*,44,5,Ring,-=--=
*C1CC2(*)C(*)CCC(*)C2C2OC(=*)C(=*)C12,44,6,Ring,----==
*C1C(*)(*)CCC2C1(*)CCC1C(*)(*)CCCC12*,44,7,Ring,-------
*C1=NC(=*)NC(=*)C1(*)*,44,5,Ring,-==--
*c1ccc2c(c1*)C(=*)N(*)N=C2,44,4,Ring,--=-
*c1cc(*)c2c(c1)OCC(*)(*)C2=*,44,5,Ring,----=
*C1=CC2C(*)CCC(*)(*)C2C(=*)OC1,44,5,Ring,----=
*C1=CC(*)=C2CC(*)CCC2(*)C1,44,4,Ring,----
*C1C2C=CC3N1C3(*)C2*,44,3,Ring,---
*C1CCC2C3C4OC4C4(*)CC=CC(=*)C4(*)C3CCC12*,44,5,Ring,--=--
*C1=C(*)C2C(C1)C2(*)*,44,4,Ring,----
*C1CC2=C(O1)C1(*)CC(*)C(*)(*)C(*)(C2=*)C1=*,44,8,Ring,------==
*c1nccc2c1C=CC(*)(*)C2*,44,4,Ring,----
*c1cc2cccc(*)c2c(*)c1*,44,4,Ring,----
*C1C(=*)CC(*)N2C(=*)C3C(*)C4C=CC3(O4)C12,44,5,Ring,-=-=-
*c1cc2c(cc1*)C(=*)N(*)CC2,44,4,Ring,--=-
*C(CC)C(=O)NCC=CC=C(C)C(OC)C(*)C,44,2,Linker,--
*C(C)C=C(C)C=CC(=*)O,44,2,Linker,-=
*NC(*)C,44,2,Linker,--
*CNCCC(*)CCC(C)C,44,2,Linker,--
*CC(C)=CCO*,44,2,Linker,--
*CC(=O)C(C)=CC=CC(C)=CC=CC=C(C)C=CC=C(C)C=C=*,44,2,Linker,-=
*CCN=*,44,2,Linker,-=
*OC(*)C(N)=O,44,2,Linker,--
*C=CC(C)=CC=CC(C)=CC=CC=C(C)C=CC=C(C)C=CC(*)=O,44,2,Linker,--
*CC(O)C(O)C*,44,2,Linker,--
*COC(=O)NC(CC)C(=O)O*,44,2,Linker,--
*C(=O)NC(*)C(C)O,44,2,Linker,--
*CCC(O)CC(O)CC*,44,2,Linker,--
*C(O)CCC(O)C(O)CCCCCCCCCCCC,44,1,Sub,-
*NCC=C(C)CO,44,1,Sub,-
*CC(=O)NC(CC(C)C)C(=O)O,44,1,Sub,-
*COC(=O)C(OC(=O)CC(C)C)C(C)C,44,1,Sub,-
*CC=C(C)CCC(O)C(=C)C,44,1,Sub,-
*C(CO)CCC(O)C(C)(C)O,44,1,Sub,-
*CNC(=O)C(CC)CC,44,1,Sub,-
*CNC(=O)CCCC(=O)O,44,1,Sub,-
*C(O)CCCC,44,1,Sub,-
*N=N,44,1,Sub,-
*OC(=O)C(CC)NC(=O)OC(C)(C)C,44,1,Sub,-
*S(=O)(=O)C(C)C,44,1,Sub,-
*C(C)C=C(C)C(=O)C(C)CC(C)C(=O)O,44,1,Sub,-
*C(=O)NCCC(N)=O,44,1,Sub,-
*OCC(NC(=O)CCCCCCCCCCCCCCCCCCCCCCC)C(O)C=CCCCCCCCCCCCCC,44,1,Sub,-
*C(CO)OC,44,1,Sub,-
*CC(C)C(Cl)(Cl)Cl,44,1,Sub,-
*OCC=C(C)CCC=C(C)CCC=C(C)C,44,1,Sub,-
*OC(=O)C(C)(CC)OC(C)=O,44,1,Sub,-
*C1=CC(=*)C2C3C1C2(*)C(*)CC(*)C3(*)*,43,7,Ring,-=-----
*N1CCN2C(=*)NCC2C1,43,2,Ring,-=
*c1ccc2c(=*)c(*)cc(=*)c2c1,43,4,Ring,-=-=
*c1nc2c(*)cccc2o1,43,2,Ring,--
*C1=C(*)C(*)(*)C(*)(*)C1=*,43,7,Ring,------=
*c1[nH]c2c(*)cccc2c1*,43,3,Ring,---
*c1cc2c3ccccc3n3c(=*)c4c(*)c(*)ccc4c(n1)c23,43,4,Ring,-=--
*c1ccc2c(c1*)C#CCc1cc(c3c(c1*)OC(*)C(*)C3)CCC(*)CC(=*)CC2,43,7,Ring,------=
*C1CC(*)C(*)C(*)C1=*,43,5,Ring,----=
*C1C(*)C(*)(*)C2CCC3(*)C(CC=C4C5CC(*)(*)CCC5(*)C5CNc6nc[nH]c6CC5C43*)C2(*)C1*,43,11,Ring,-----------
*C1CCN2Cc3ccccc3N=C12,43,1,Ring,-
*C1CC2(*)COC(*)(C1)C2(*)*,43,5,Ring,-----
*C1=C(*)c2ccc3c(c2OC1=*)C1OC(=*)CC(*)Cc2ccc(cc2)CCC(=*)C(=*)OC1C(*)(*)O3,43,9,Ring,--==-==--
*C1C(*)(*)C(=*)CC2OC34CC(=*)OC(*)C3(*)CCC(C4=*)C21*,43,9,Ring,---==--=-
*C1C(=*)CCC1(*)*,43,4,Ring,-=--
*n1cc[nH+]c1,43,1,Ring,-
*c1ccc2c(c1*)OCC(*)C2,43,3,Ring,---
*C1CCC2(*)C3=C(CCC12*)C1(*)CCC(=*)C(*)(*)C1CC3=*,43,8,Ring,----=--=
*C1=NC(*)C(=*)N2CCCC2C(=*)N(*)CC(=*)N(*)C(*)C(=*)OC(*)C1*,43,11,Ring,--==-=--=--
*N1CCC2(CC1)NC(=*)c1ccccc1N2*,43,3,Ring,-=-
*C1=CC(=*)CCC1,43,2,Ring,-=
*C1=C2C(*)CC3(*)CCC(*)C(=*)C3C(*)C(C(*)C1)C2(*)*,43,9,Ring,----=----
*=C1OC(=*)C23CCC(C=C12)C1CCc2c(c(=*)oc2=*)C13,43,4,Ring,====
*C1COC(*)(*)CC1=*,43,4,Ring,---=
*c1ccc2[nH]c3c(c2c1)CCN(*)C3,43,2,Ring,--
*c1ccc2c(c1)N(*)c1ccccc1S2,43,2,Ring,--
*C1OCCO1,43,1,Ring,-
*C1CN(*)C1,43,2,Ring,--
*c1ccc2c(c1)CN(*)CCC1COC(=*)N21,43,3,Ring,--=
*C1=CC2C(CCC3(*)OC3C3C(*)C(*)CC3(*)C1=*)C2(*)*,43,8,Ring,-----=--
*C1C=Cc2ccccc2C1*,43,2,Ring,--
*C1CC2(*)C(=*)C(=*)C(=*)C(*)(C2=*)C1(*)*,43,9,Ring,--===-=--
*c1cc(*)c2c(=*)c3ccccc3c(=*)c2c1*,43,5,Ring,--==-
*c1cc(*)c2c(c1*)OCO2,43,3,Ring,---
*C1=CC(=*)Oc2c1ccc1c2C(*)CC(=*)O1,43,4,Ring,-=-=
*c1cccc2cocc12,43,1,Ring,-
*C1CCC(*)C23OC(*)(*)C(CC(*)C12*)C3*,43,7,Ring,-------
*C12CCC3C(CCC4CC(=*)CCC43*)C1CCC2=*,43,4,Ring,-=-=
*C1CNC(=*)C12CCCC2,43,2,Ring,-=
*C1=C(*)C2(CCCCCC2)OC1=*,43,3,Ring,--=
*C1C=C2C(CCC(*)C2(*)*)C2(*)CCC3(*)C(*)C(*)CC3(*)C12,43,9,Ring,---------
*C1=CCC2CC(CC3(CCC(*)C(*)O3)O2)OC(=*)C2C=C(*)C(*)C3OCC(=CC=CC(*)C1*)C23*,43,9,Ring,---=-----
*C1CC2C3(*)CCC4C(*)(*)CCCC4(*)C3CC(*)C2(*)C(*)C1*,43,9,Ring,---------
*c1cc(=*)[nH]c1=*,43,3,Ring,-==
*C1CC2C3(CC1C(=*)C3*)C1CC3C4(*)CCC(*)C32C1N(*)C4,43,6,Ring,-=----
*C1CC2(*)OC3(CC(*)C(*)C(*)O3)OC2C(*)O1,43,6,Ring,------
*C1CC2C(*)(*)C(*)CCC2(*)C2(CO2)C1*,43,6,Ring,------
*NC(=O)NS(*)(=O)=O,43,2,Linker,--
*OCC(*)C(=O)NCC=CC=C(C)C(OC)C(*)C,43,3,Linker,---
*CNCCC(*)C(C)C,43,2,Linker,--
*OC(=O)C(CCCC)NS(*)(=O)=O,43,2,Linker,--
*COC(=O)NCC(=O)O*,43,2,Linker,--
*C=CC(C)=CC(C)C(O)C*,43,2,Linker,--
*CCCCCC(=O)N*,43,2,Linker,--
*CCNC(=O)N*,43,2,Linker,--
*OCCNC(*)=O,43,2,Linker,--
*CC(O)C(*)C,43,2,Linker,--
*CCC(*)(C)O,43,2,Linker,--
*=CC=O,43,1,Sub,=
*C=C(C)C=C,43,1,Sub,-
*OC(C=C)CCCCC,43,1,Sub,-
*CC(=O)NCCC(=O)O,43,1,Sub,-
*C(C)=CC(C)CCCCC(=O)O,43,1,Sub,-
*NC(=O)CC(C)(C)CC(=O)O,43,1,Sub,-
*C(CC)OC(C)=O,43,1,Sub,-
*CNCC(C)C,43,1,Sub,-
*C(C)CCC(C)C(C)(C)O,43,1,Sub,-
*OC(=O)OC,43,1,Sub,-
*OCC(=O)NCC(=O)NC(C(=O)O)C(C)CC,43,1,Sub,-
*CC(=O)C(C)C,43,1,Sub,-
*COC(=O)NCCC,43,1,Sub,-
*OC(=O)CCC(C)C,43,1,Sub,-
*C1=C2CC3C(*)(*)C4CC4C3(*)C3CC4=C5C(C(=*)C(=*)C(*)C5(*)C5CC45)C23OC1=*,42,9,Ring,----==--=
*C1=CCCC2(*)OC2CC2C(=*)C(=*)OC2C(*)C(*)=CCC1,42,6,Ring,--==--
*C1CC2(*)C3=CCC(*)C(*)(*)C3=CCC2(*)C1*,42,7,Ring,-------
*=C1NC(=*)C(=*)N1,42,3,Ring,===
*C1=C2C(*)C(*)C(*)C3CCC(*)C3=CC2(*)C(*)C1,42,7,Ring,-------
*C1CCC2(*)C(CCC3(*)C2CC=C2C4CC(*)(*)C5CC4(C(=*)O5)C(*)CC23*)C1(*)*,42,10,Ring,-----=----
*C1=COC(*)C(*)C1(*)*,42,5,Ring,-----
*C1=CC23CC1CCC2C1(*)CCCC(*)(*)C1CC3*,42,5,Ring,-----
*C1C=C2C=CCCC2CC1*,42,2,Ring,--
*C1=C(*)C(=*)C(*)CC1,42,4,Ring,--=-
*C1CCC2(*)C3CCC4(*)C(=C3C(*)C(*)C2C1)CC(*)C4*,42,7,Ring,-------
*C1CCC2C3=CCC4CC(=*)CCC4(*)C3CCC12*,42,4,Ring,-=--
*C1CC(*)C(*)C2(O1)OC(*)(*)C(*)C2*,42,7,Ring,-------
*C1=CC=C(*)CC1,42,2,Ring,--
*C1CCC2C3CSSCC(*)C(*)CCC2C(C1)CC3*,42,4,Ring,----
*c1cc2cc(*)c1C(*)CCCCC(*)C(*)c1cc(*)c(c(*)c1)C(*)CCCCC(*)C2*,42,10,Ring,----------
*C1=CCCC(=*)C2CC(*)(*)C2CC1=*,42,5,Ring,-=--=
*c1ccc2c(n1)N(*)C(*)CCN(*)C2,42,4,Ring,----
*=C1NC(=*)C(=*)C(=*)N1,42,4,Ring,====
*C1CNCC2(*)C(*)OC(*)C(*)C2OCSSCC1*,42,6,Ring,------
*C1=NCCN1,42,1,Ring,-
*C1CCC2(*)C(CCC3C4CCCC4(*)CCC32)C1,42,3,Ring,---
*c1ccc2c(c1)N=C1CCCN1C2=*,42,2,Ring,-=
*C1CCC2(*)C(*)CCC(=*)C2C1,42,4,Ring,---=
*C1COCc2nc3cccnc3n21,42,1,Ring,-
*c1cc2c3ccccc3n3c(=*)c4ccccc4c(n1)c23,42,2,Ring,-=
*C1=C(*)C(=*)C(*)(*)C(=*)C1=*,42,7,Ring,--=--==
*c1ccc2c3c(cc(*)c2c1)C(*)C(*)C(*)O3,42,5,Ring,-----
*C1=CC2OC(=*)C(=*)C2C(*)CC2(*)CCC1(*)O2,42,6,Ring,-==---
*C1=CC(=*)N(*)C(*)=C1,42,4,Ring,-=--
*C1=C(*)C2(*)C(=*)C(*)(CC(*)C2(*)*)C1=*,42,9,Ring,---=----=
*c1ccc(*)c2c(*)cc(*)c-2c1,42,4,Ring,----
*c1ccc2c(c1)OC(*)CC2*,42,3,Ring,---
*C1=CCCC(=*)C2C(*)OC=C(*)C2CC1,42,4,Ring,-=--
*C1CCC(*)OC1,42,2,Ring,--
*C1CC2C(*)(CCC(*)C2(*)*)C2=C1C1(*)C(*)CC(*)C1(*)CC2,42,9,Ring,---------
*C1CN(*)C2COC(*)C12,42,3,Ring,---
*C1CC2OC(*)(C1*)n1c3ccccc3c3c4c(c5c6ccccc6n2c5c31)C(=*)NC4,42,4,Ring,---=
*C1CC(=*)OC2=C1C(=*)Oc1ccccc12,42,3,Ring,-==
*C1CNCC2(*)C(*)OC(*)C(*)C2(*)OCSSCC1*,42,7,Ring,-------
*C1C(=*)C(=*)C(=*)CC1(*)*,42,6,Ring,-===--
*C1CC(*)C2(*)C(CCC3(*)C2CC=C2C4CC(*)(*)CCC4(*)CCC23*)C1(*)*,42,10,Ring,----------
*c1cc(*)c2c(c1)Oc1c(*)c(*)cc(*)c1C2=*,42,6,Ring,-----=
*OC(=O)C(*)NC(=O)OC(C)(C)C,42,2,Linker,--
*SS*,42,2,Linker,--
*C(=O)NC(C(*)=O)C(C)CC,42,2,Linker,--
*COC(=O)NC(*)C(=O)O*,42,3,Linker,---
*CCNC(*)N,42,2,Linker,--
*CCNC(=O)CS*,42,2,Linker,--
*[N+]#N,42,1,Sub,-
*OCC(=O)NC(CC(C)C)C(=O)O,42,1,Sub,-
*=CC(C)=O,42,1,Sub,=
*OC(C)C(=O)NC(C(=O)O)C(C)C,42,1,Sub,-
*C(C)CCCC(C)COC(C)=O,42,1,Sub,-
*OCC(=O)NC(CCCC)C(=O)O,42,1,Sub,-
*C(=O)CCC(C)C,42,1,Sub,-
*OCC(=O)NCCCC(=O)O,42,1,Sub,-
*OC(=O)C(NC(=O)OC(C)(C)C)C(C)C,42,1,Sub,-
*C(O)C(O)C(O)C(O)CO,42,1,Sub,-
*C(Br)Br,42,1,Sub,-
*C1CNC(*)C(*)C1,41,3,Ring,---
*C1C2CCC(C2)C1(*)*,41,3,Ring,---
*c1ccc2c3c1OC1(*)C4(*)C=CC5(CC4*)C(C2)N(*)CCC351,41,5,Ring,-----
*c1c2c(cc3c1OCO3)C(*)C1C(=*)OCC1C2,41,3,Ring,--=
*C1CC(*)C2(*)C(=*)C3(CC(*)C(*)CO3)OC2C1,41,6,Ring,---=--
*c1ccc2nc(*)nc(*)c2c1,41,3,Ring,---
*C1=CN(*)CCC1,41,2,Ring,--
*C1=CC2c3c(*)cc(*)cc3OC3(*)Oc4cc(*)ccc4C(C1)C23,41,5,Ring,-----
*c1ccc2c(c1*)C(*)NC(*)C2,41,4,Ring,----
*c1ccc2c(c1*)-c1c(*)c(*)cc3c1C(C2)N(*)CC3,41,5,Ring,-----
*N1C(=*)C2(c3ccccc31)N1CC3(*)CN2CC(*)(C1)C3=*,41,5,Ring,-=--=
*c1cn2c3c(c[nH]c13)CCC(*)(*)C1=C3C(C2)C(*)C2C4(*)CCC(=*)C(*)(*)C4CCC2(*)C3(*)CC1=*,41,11,Ring,-----=----=
*C1=NCCCC(*)(*)N1,41,3,Ring,---
*c1cccc2c1C(=*)OC2*,41,3,Ring,-=-
*C1CCC2(*)C(CCC3=C4CCC(*)C4(*)CCC32)C1,41,4,Ring,----
*C1=C2C(*)C(*)C3(*)C(*)CC(*)C(=*)C3CC2(*)CC1*,41,9,Ring,------=--
*C1=NC(=*)NC(=*)C1=*,41,4,Ring,-===
*C1CCOC(*)C1,41,2,Ring,--
*C1CC2CC(*)N(*)C2CC1*,41,4,Ring,----
*C1(*)CC23CCC4C(*)(*)C(=*)CCC4(*)C2CCC1C3,41,6,Ring,----=-
*c1cc(*)c2c(c1)C(*)C(*)C2*,41,5,Ring,-----
*c1cccc2c1nc1n2C(*)COC1,41,2,Ring,--
*C1=CC(=*)C2=C(O1)C(*)C(*)C(*)C2*,41,6,Ring,-=----
*C1C2OCC3(*)C(*)CC(*)C4(COC(*)(*)C4C1(*)*)C23,41,8,Ring,--------
*C1=CC2OC(=*)C3(*)OC23C(*)C2C(*)C(*)CC(*)C2(*)C(*)C(*)C1,41,10,Ring,-=--------
*C12CCC(C1)C(*)(*)C2=*,41,4,Ring,---=
*c1cc2c(cc1*)-c1c(*)c(*)cc3c1C(C2)[N+](*)(*)C(*)C3,41,7,Ring,-------
*C1CC(*)N2CCC=C3OC(=*)C(*)C3C2C1,41,4,Ring,--=-
*C1=C(*)C(=*)c2c(*)cc3c(c2O1)C=CC(*)(*)O3,41,6,Ring,--=---
*C1(*)CC2(*)OC(=*)CC2OO1,41,4,Ring,---=
*C1=CC(=*)C(*)C1*,41,4,Ring,-=--
*C1=C(*)C(=*)c2cc(*)ccc2O1,41,4,Ring,--=-
*c1cccc2c1CC(=*)NC2*,41,3,Ring,-=-
*C1=CC2=CC(=*)C(*)(*)C(*)C2=CO1,41,5,Ring,-=---
*C1=CC2C(CCC2(*)*)C(*)(*)CC1,41,5,Ring,-----
*C1=CC2C(*)CCC(=*)C2CC1,41,3,Ring,--=
*C1=[N+](*)C=C2N=CC=C21,41,2,Ring,--
*C1=C(*)C(=*)CC(*)C1,41,4,Ring,--=-
*C1OC(=*)CC2C1(*)CCC1C3(*)C(=*)C(*)(C(*)C(*)(*)C3*)C3OC213,41,10,Ring,-=--=-----
*C1=C2OC(*)CC23CC(*)C(*)(*)C(*)(C1=*)C3=*,41,8,Ring,------==
*C1C=CCCC1*,41,2,Ring,--
*C1=CC2C(CCC3(*)C2CCC3(*)*)C2(*)CCC(*)C=C12,41,6,Ring,------
*c1cc2c(cc1*)C1CC3C(=COC(*)C3*)C(=*)N1CC2,41,5,Ring,----=
*C1OCC2OC3(OC2C1*)OC(*)C(*)(*)C1OCOC13,41,5,Ring,-----
*C1CCC2(*)C(CCC3C2CCC2(*)C3CC(*)C2(*)*)C1,41,6,Ring,------
*C=CC=CC=C(C)C(*)=O,41,2,Linker,--
*OCC(O)C(O)C(O*)C(CO)NC(C)=O,41,2,Linker,--
*C(*)C(C)C,41,2,Linker,--
*CNC(=O)C(C*)NC(=O)OC(C)(C)C,41,2,Linker,--
*CCNC=*,41,2,Linker,-=
*CCOC*,41,2,Linker,--
*OC(C)C(=O)NC(C(=O)O)C(C)CC,41,1,Sub,-
*CCC(O)O,41,1,Sub,-
*COC(=O)CC(=O)OC,41,1,Sub,-
*CNC(=O)C(C)(C)C,41,1,Sub,-
*CCC(=C)C(O)CO,41,1,Sub,-
*CC(OC)OC,41,1,Sub,-
*C(C)C(O)CC(CC)C(C)C,41,1,Sub,-
*C(O)C(C)=O,41,1,Sub,-
*OC(=O)NCCC,41,1,Sub,-
*C=CC=CC=CC,41,1,Sub,-
*CC=CCCC,41,1,Sub,-
*OC(=O)C(C)=CCCC(C)=CCO,41,1,Sub,-
*C(=O)CCCCCCCCC,41,1,Sub,-
*C=C(Cl)Cl,41,1,Sub,-
*C(C)CC(O)CC(C)C,41,1,Sub,-
*C(=O)CCCC(=O)O,41,1,Sub,-
*C(C)(O)C=C,41,1,Sub,-
*CCC(C)C(C)=O,41,1,Sub,-
*C(CCCO)NCC(C)O,41,1,Sub,-
*C=NNC(N)=O,41,1,Sub,-
*C(CC(=O)O)C(=O)O,41,1,Sub,-
*C1(*)CCC2(*)CC12,40,3,Ring,---
*C1OC(=*)C2OC23C1(*)CCC1C2(*)C=CC(=*)C(*)(*)C2CC(*)C13*,40,9,Ring,-=--=----
*c1cnc2c(n1)C(=*)N(*)C(=*)N2*,40,5,Ring,-=-=-
*C1CNC2(CC3OC4(*)CC(*)CC(O4)C3O2)C(*)C1,40,4,Ring,----
*C1CC(*)C2(*)OC3CC4(*)C(CCC5C4CCC4(*)C(*)CCC54*)CC3OC2O1,40,7,Ring,-------
*C1CCC2(*)C1C(*)CC1(*)C2CCC2C3(*)CCC(*)C(*)(*)C3C(*)CC21*,40,10,Ring,----------
*C1NCCC2(*)CCCCC12,40,2,Ring,--
*C1CC2CC3(C(*)C2=*)C1C12COC3(*)C(*)C1C(*)(*)CCC2*,40,8,Ring,--=-----
*c1cc[n+](*)c(*)c1,40,3,Ring,---
*C1CCC2(*)C(C1)C(*)C(*)C1C3CCC(*)C3(*)CCC12,40,6,Ring,------
*C1CC2C(=*)NC(*)C(=*)NC(*)C(=*)N3CC(*)C(*)C3C(=*)NC(*)C(*)CC(*)C(=*)NC(*)C(=*)N2C1,40,15,Ring,-=-=-=--=---=-=
*C1=CC(*)(*)C(*)=CC1=*,40,5,Ring,----=
*C1CC2C(*)(CC(*)C3CC32*)C2=CCC(*)(*)CC21,40,6,Ring,------
*c1cc2c(c(*)c1*)C(*)CC(=*)O2,40,5,Ring,----=
*C1NC(=*)C(*)NC(=*)C(*)NC(=*)C(*)NC(=*)C2CCCN2C(=*)C(*)NC(=*)C(*)NC(=*)C(*)NC1=*,40,15,Ring,-=-=-=-==-=-=-=
*c1cc2c([nH]1)C1C=CC3(CCCC3C13CCCC3)C2*,40,2,Ring,--
*C1=CCC(*)(*)C(*)C(*)C1=*,40,6,Ring,-----=
*C1NC(=*)C(*)N(*)C1=*,40,5,Ring,-=--=
*c1cc2c(cc1*)C1C=CC[N+]3(*)C(*)Cc4cc(*)c(*)c-2c4C13,40,6,Ring,------
*C1CCC2C(*)(*)C3CC12CCC3(*)*,40,5,Ring,-----
*c1ccc2c(c1)c(=*)c(=*)n2*,40,4,Ring,-==-
*C1=CC2C=CCCCCC3C=CC4C(*)CCCC4C3(*)C(=*)OC3=C(*)C2(CC1*)OC3=*,40,7,Ring,---=--=
*C1=CCC2(*)CCC(*)(*)C2C(*)C1,40,5,Ring,-----
*C1CC2CSCN2C12C(=*)N(*)c1ccccc12,40,3,Ring,-=-
*c1cccc2ncccc12,40,1,Ring,-
*C1=CN=C(*)C1,40,2,Ring,--
*C1=CC2(*)CC(*)CCC2C(*)C1*,40,5,Ring,-----
*C1CC=C2C(CCC3(*)C(*)CCC23*)C1(*)*,40,6,Ring,------
*=C1C(=*)c2ccccc2C1=*,40,3,Ring,===
*C1=CC2C(CCC(=*)C(*)C3C(*)C(*)CC3(*)C1=*)C2(*)*,40,9,Ring,-=----=--
*C1=CC(*)OC1,40,2,Ring,--
*c1ccc(*)c2c1CC(*)OC2=*,40,4,Ring,---=
*C1CC[N+]2(*)CCCC12,40,2,Ring,--
*C1CCC2(*)C(=CCC3C2CCC24CN(*)C(*)C2CCC34)C1,40,4,Ring,----
*C1c2cc3c(cc2OC(*)(*)C1*)OC(=*)C=C3,40,5,Ring,----=
*C1CCC2=C(CCCC2(*)*)C1(*)*,40,5,Ring,-----
*C1N2C(=*)CC2S(=*)(=*)C1(*)*,40,6,Ring,-===--
*C1=CC(=*)Oc2cc(*)c3c(*)c(*)oc3c21,40,5,Ring,-=---
*C1C=CC(*)(*)C(=*)C(*)C(*)C(=*)C(*)C2C(*)C(*)CC2(*)C1=*,40,12,Ring,---=--=----=
*C1CC2c3ccccc3C1c1ccccc12,40,1,Ring,-
*c1cc2c3c(oc(=*)c4c(*)c(*)c(*)c(oc2=*)c4-3)c1*,40,7,Ring,-=---=-
*C1CCC2C3C=CC4=CC(=*)CCC4(*)C3CCC12*,40,4,Ring,-=--
*c1cccc2c1N(*)C1CCC3(*)CCCN4CCC21C43,40,3,Ring,---
*C1CCC(*)(*)c2ccccc21,40,3,Ring,---
*C1CC2CCC1(*)OC2(*)*,40,4,Ring,----
*C1=C2NCCC(*)N2c2cc(=*)c(*)cc2=C1,40,4,Ring,--=-
*C1CC=CC=CC(=*)C(*)CC(*)C(*)C(*)C(*)CC(=*)O1,40,8,Ring,-=-----=
*c1c(*)c(*)c2c(c1*)CC(*)O2,40,5,Ring,-----
*C1=C(*)C(=*)c2c(cc3c(c2*)OCO3)O1,40,4,Ring,--=-
*N1C(=*)C23CC4(*)c5ccccc5NC4N2C(=*)C1(*)SS3,40,5,Ring,-=-=-
*C(=O)CC(O)CCC(*)C,40,2,Linker,--
*C=CC(=O)OC(C(=O)O)C(O)(C*)C(=O)O,40,2,Linker,--
*OC(C)C(=O)NC(*)C(=O)O,40,2,Linker,--
*NCCCCCC(*)=O,40,2,Linker,--
*OC(*)NC,40,2,Linker,--
*CC(N*)C(=O)O,40,2,Linker,--
*CNC(=O)O*,40,2,Linker,--
*COC(=O)NC(CCCC)C(=O)O*,40,2,Linker,--
*OC(=O)C(CCC)NS(*)(=O)=O,40,2,Linker,--
*OCCCCCCC,40,1,Sub,-
*C(=N)NCCNC,40,1,Sub,-
*CCCCCCCCCC=CCCCC,40,1,Sub,-
*OCCN(C)C,40,1,Sub,-
*C(C=O)=CC,40,1,Sub,-
*C(C)C(=O)N(C)CC#C,40,1,Sub,-
*C(=O)CC(C)O,40,1,Sub,-
*CCCCCCCCC(C)CC,40,1,Sub,-
*C(C)CCC(=O)NCC(=O)O,40,1,Sub,-
*NC(=O)COCC(=O)O,40,1,Sub,-
*SCC(N)C(=O)O,40,1,Sub,-
*C(=O)OCC=C,40,1,Sub,-
*NC(=O)CCC(N)C(=O)O,40,1,Sub,-
*C(CO)CCC=C(C)C,40,1,Sub,-
*CCC=CC,40,1,Sub,-
*CC(=O)NCCNC(C)=O,40,1,Sub,-
*CNS(=O)(=O)CCC,40,1,Sub,-
*C(O)CC(C)=O,40,1,Sub,-
*OC(C)C(=O)NCC(=O)O,40,1,Sub,-
*OC(=O)C(CC(C)C)NC(=O)OC(C)(C)C,40,1,Sub,-
*CCC(=O)NC(C(=O)O)C(C)CC,40,1,Sub,-
*CCCN(C)CCCC,40,1,Sub,-
*C1OC=C2C(=*)N3CCc4c([nH]c5ccccc45)C3CC2C1*,39,3,Ring,-=-
*C1=CC(*)(*)C(*)C1=*,39,5,Ring,----=
*C1=COc2c(*)c3c(c(*)c2C1=*)C=CC(*)(*)O3,39,6,Ring,---=--
*c1cc2c(cc1*)C(=*)C(=*)C2,39,4,Ring,--==
*C1=CC(=*)Oc2cc(*)c3c(c21)OC(=*)CC3*,39,5,Ring,-=-=-
*C1OC(=*)C2OC23C1(*)CCC1C24COC(=*)CC2OC(*)(*)C4CC(=*)C13*,39,8,Ring,-=-=--=-
*c1cn(*)c2cc[nH]c12,39,2,Ring,--
*C1CC#COC(*)C2OC(*)C(*)(CC1*)C(*)C2*,39,7,Ring,-------
*C1C2C(=*)C(*)(C(*)C1(*)*)C1CCC3(*)C(*)OC(=*)CC3C13OC23,39,9,Ring,-=------=
*C1=CCC2C(*)(*)C(=*)CCC2(*)C1*,39,6,Ring,---=--
*C1=CCC(*)OC1,39,2,Ring,--
*C1=CC2C3C(=*)N(*)C(=*)C3C1C1C(=*)N(*)C(=*)C21,39,7,Ring,-=-==-=
*C1CC(*)(*)CC2C3=CCC4C5(*)CCC(=*)C(*)(*)C5CCC4(*)C3(*)CCC12*,39,10,Ring,----=-----
*C1=CC(=*)c2c(ccc(*)c2*)O1,39,4,Ring,-=--
*C1CCC(=*)N(*)C(*)C(=*)NC(*)C(=*)NC(*)C(=*)NC(*)C(*)C(=*)NC(*)C(=*)NC(*)C(*)C(=*)N1,39,17,Ring,-=--=-=-=--=-=--=
*C1=Cc2c(*)cc(*)c(*)c2C(=*)C(*)=C1,39,6,Ring,----=-
*c1cc2c(c(*)c1*)-c1c(cc3c(c1*)OCO3)CC(*)C(*)(*)C2*,39,8,Ring,--------
*c1cc(*)c2c(c1)OC(*)CC2*,39,4,Ring,----
*C1CCC2C(CC=C3CC(*)C(*)CC32*)C1=*,39,5,Ring,----=
*c1cc2c(c(*)c1*)CCC1C2(*)C(=*)CC2(*)C(*)C(*)CC12*,39,9,Ring,----=----
*C1NCCc2ccccc21,39,1,Ring,-
*C1=CC(*)C2C=C(*)C(*)CC=C(*)C3C=CC4C(*)C(*)CC(*)C4C3(*)C(*)=C3C(=*)OC2(C1)C3=*,39,12,Ring,----------==
*C1=Nc2ccccc2N(*)C1,39,2,Ring,--
*C1=NC=Cc2ccc(cc2)OC(*)C(*)C(*)=NC1*,39,5,Ring,-----
*N1CCCc2ccccc21,39,1,Ring,-
*c1cc(*)c2c(c1)OC(=*)C=C2,39,3,Ring,--=
*c1ccc2c(c1)C1(C(=*)N2)N2CCCC2C(*)C12C(=*)Nc1ccccc12,39,4,Ring,-=-=
*C1=Cc2cc(*)c(*)cc2CCN1*,39,4,Ring,----
*c1cc2c(*)cccc2[nH]1,39,2,Ring,--
*C1CC2C(*)CCC(*)C(*)C(*)CCC2(*)C1,39,6,Ring,------
*C1CC(*)(*)C(*)(*)C(*)O1,39,6,Ring,------
*c1cc2c(*)coc2c(*)c1*,39,4,Ring,----
*N1CC2NS(=*)(=*)c3cccnc3OC2C1,39,3,Ring,-==
*c1nc2cnccc2[nH]1,39,1,Ring,-
*C12CN3CC(*)(CN(C1)C3(*)*)C2=*,39,5,Ring,----=
*C1(*)OC1(*)*,39,4,Ring,----
*C1CCC2(*)C(CCC3C2C(*)C(*)C2(*)C(*)CCC32*)C1,39,7,Ring,-------
*C1CC2C=CC1C2,39,1,Ring,-
*C1CSC(*)N1*,39,3,Ring,---
*C1c2ccoc2CC2C1CCC1C(*)(*)CCCC21*,39,4,Ring,----
*C1C(=*)C2(*)C(=*)CC(*)C2(*)C(*)C1*,39,8,Ring,-=-=----
*C1=Nc2ccc(*)cc2C(=*)N1*,39,4,Ring,--=-
*C1=CC(=*)c2c(cc3c(c2*)C2CCCCC4(OC4*)C(=*)OC2C(*)(*)O3)O1,39,7,Ring,-=--=--
*C1=CC2OC(=*)C(=*)C2C(*)CC2(*)C=CC1(*)O2,39,6,Ring,-==---
*C1=CC2=CC(=*)C3(*)OC(=*)C(*)C3C2=CO1,39,5,Ring,-=-=-
*c1ccc2occc2c1*,39,2,Ring,--
*c1ccc2c(c1)ncn2*,39,2,Ring,--
*C1=NC(*)C(*)=NC(*)C(*)=NC(*)C(*)=NC(*)C(*)=NC(*)C(*)=NC(*)C(*)=NCCC1*,39,14,Ring,--------------
*C1=C2Nc3cc(*)c(*)cc3C23CCN2CC=CC(*)(C1)C23,39,4,Ring,----
*C1=NC2(*)N(CC1)c1ccc(*)cc1C2(*)*,39,5,Ring,-----
*OCC(*)(O)CCC=C(C)C,39,2,Linker,--
*CCCCC(=O)NCC*,39,2,Linker,--
*C=CCOC(=O)C=C*,39,2,Linker,--
*COC(NC(*)=O)C(Cl)(Cl)Cl,39,2,Linker,--
*CCCNC(=O)C(C)O*,39,2,Linker,--
*CCC=C(C)CCC=C(C)CCCC(C)C=*,39,2,Linker,-=
*C=CC=CC(=O)O*,39,2,Linker,--
*CCCCCC(C(=O)O)C(*)O,39,2,Linker,--
*C=CC(C)=CC(*)O,39,2,Linker,--
*OP(*)(*)=O,39,3,Linker,---
*CCC(=O)CC(O)C*,39,2,Linker,--
*CCC(O)CC*,39,2,Linker,--
*CC(O)C(=O)NC(C(*)=O)C(C)CC,39,2,Linker,--
*CC(C(*)=O)N(C)C,39,2,Linker,--
*C(*)C#N,39,2,Linker,--
*CCN(C)CC*,39,2,Linker,--
*NC(=O)C(C)O,39,1,Sub,-
*CNC(=O)C(NC(=O)OC(C)(C)C)C(C)C,39,1,Sub,-
*NC(=O)CC(N)CCCN,39,1,Sub,-
*OCC=C(C)CCC(O)C(C)(C)O,39,1,Sub,-
*C(Br)CO,39,1,Sub,-
*CN(C)CC=C,39,1,Sub,-
*C=CC=CCCCCCCCCC,39,1,Sub,-
*CCC(C)(C)C,39,1,Sub,-
*CC(=O)NCCCC(=O)O,39,1,Sub,-
*C(C)CC(=O)C=C(C)C(=O)O,39,1,Sub,-
*OCC(O)CNC(C)C,39,1,Sub,-
*COCCCC,39,1,Sub,-
*CC(NC(C)=O)C(=O)O,39,1,Sub,-
*C(C)C(O)CCC(C)CO,39,1,Sub,-
*C(=O)CC=C(C)C,39,1,Sub,-
*CNC(C(=O)O)C(C)CC,39,1,Sub,-
*OC(=O)C(=CCOC(C)=O)CO,39,1,Sub,-
*OCC=C(C)CO,39,1,Sub,-
*COC(=O)CCCCCCCC=CCCCCCCCC,39,1,Sub,-
*OC(C)(C)C,39,1,Sub,-
*C=CC(C)=CC=CC(C)=CC=CC=C(C)C=CC=C(C)C=CC=C(C)CCC=C(C)C,39,1,Sub,-
*OC(=O)C(C)(C)O,39,1,Sub,-
*C(=O)C(N)CCSC,39,1,Sub,-
*C(=O)NCCCCC,39,1,Sub,-
*C1CC(*)N(*)C1=*,38,4,Ring,---=
*C1NC(=*)C2CCCN2C(=*)C(*)N(*)C(=*)C(*)NC(=*)C(*)N(*)C(=*)C(*)OC(=*)C(*)N(*)C(=*)C(*)NC(=*)C(*)N(*)C1=*,38,21,Ring,-==--=-=--=-=--=-=--=
*C1=NC(=*)C(*)(*)C(=*)N1,38,5,Ring,-=--=
*C1=CCC(*)C(*)=CC2OC(=*)C(=*)C2CC1,38,5,Ring,---==
*C1=CC2=CC(=*)C3(*)OC(=*)C(*)=C3C2=CO1,38,5,Ring,-=-=-
*C1=CC2OC(=*)C3(*)OC23C(*)C2C(*)(*)C(*)C=CC2(*)C(*)C(*)C1*,38,11,Ring,-=---------
*c1ccc2c(c1)CC(*)c1c3c(cc(*)c1-2)OC(*)C(*)C3,38,5,Ring,-----
*C1=COC(*)C2C1=CC(*)C2(*)*,38,5,Ring,-----
*c1cc2c(c(*)c1*)OC(*)(*)CC2,38,5,Ring,-----
*C1CCC2C(*)(*)CCCC2(*)C1(*)*,38,6,Ring,------
*C1CCC2(*)C(CCC3(*)C2CC=C2C4CC(*)(*)CCC4(*)C(*)C(*)C23*)C1(*)*,38,11,Ring,-----------
*N1CCC2COC(=*)N2c2ccccc2C1,38,2,Ring,-=
*C1CCC2=C3C=CC4=CC(=*)CCC4(*)C3CCC21*,38,4,Ring,-=--
*C1=CCC(*)CCC(*)=CCC1,38,3,Ring,---
*C1C=CC2CCCC2C1*,38,2,Ring,--
*C1CC2C(=CC1(*)*)CCC1C(*)(*)C(*)CCC21*,38,7,Ring,-------
*C1C2OCC3(*)C(*)CC(*)C(*)(C(*)C1(*)*)C23,38,8,Ring,--------
*C1OC(=*)C2OC23C1(*)CC1CCC2C(=*)OCC45C2OC(*)(*)C4C(=*)C(*)C3(*)C15,38,9,Ring,-=-=--=--
*C1CN2CCC1CC2,38,1,Ring,-
*C1CC(=*)C2CC(*)C3(CO3)C2C2OC(=*)C(=*)C12,38,5,Ring,-=-==
*c1cc2ccoc2c2c1OC1OC3(CSSC4(CCC5(CCC(*)C5)C4*)C(CCC(*)CCCC3*)NCCO2)C2(*)CC3C=CC(*)C(*)C3C1(*)C2*,38,10,Ring,----------
*C1(*)CCC2(*)C(CCC3C4CCC(=*)C4(*)CCC32)C1,38,5,Ring,---=-
*c1ccc2c(c1)CC(*)C1C3CC(CN4C(=*)C=CC=C34)CN21,38,3,Ring,--=
*C1CC2(*)CCC1C(*)(*)O2,38,4,Ring,----
*c1ccc2occ(*)c2c1*,38,3,Ring,---
*N1C(=*)CC(=*)C1=*,38,4,Ring,-===
*C1C(=*)C(*)C(=*)C(*)(*)C1=*,38,7,Ring,-=-=--=
*C1CC(=*)NC(*)C(=*)N2CC(*)C(*)C2C(=*)NC(*)C(=*)NC(*)C(=*)N1,38,11,Ring,-=-=--=-=-=
*c1cc2c(c3c1OC(*)C(*)O3)OC(=*)C=C2,38,4,Ring,---=
*C1=CN(*)C(=*)N(*)C1=*,38,5,Ring,--=-=
*C1CCC2(*)C3=CCC4(*)C(*)CCC4C34C=CC2(C1)OO4,38,4,Ring,----
*c1cc(*)c2c(c1)Oc1ccc(*)cc1C2=*,38,4,Ring,---=
*c1cc2ccc3c(*)cc(*)c(*)c3c2cc1*,38,5,Ring,-----
*c1ccc(*)c2c(=*)c3c(*)c4c(c(*)c3c(=*)c12)C(*)CC(*)(*)C4*,38,10,Ring,--=--=----
*C1CC2(*)C(C(*)CC3(*)C2CC=C2C4CC(*)(*)CCC4(*)C(*)CC23*)C(*)(*)C1*,38,12,Ring,------------
*c1cc(*)c2c(=*)c(*)c(*)c(=*)c2c1*,38,7,Ring,--=--=-
*c1ccc2c(c1*)C(=*)OC(*)C2,38,4,Ring,--=-
*c1cscn1,38,1,Ring,-
*C1C2CC3(OC2(*)*)C(*)CCC(*)C3(*)C1*,38,7,Ring,-------
*c1cc2c([nH]1)CC1(CCCC1)C1CCCC1C2*,38,2,Ring,--
*C1CCC2(*)C3CCC45C(=*)OC(CC4(*)C3=CCC2C1(*)*)C5*,38,7,Ring,--=----
*C1=C(*)C2(C(=*)Nc3ccccc32)C(*)=C(*)O1,38,5,Ring,--=--
*c1cc2c(c3c1C(=*)CC(*)O3)C=CC(*)(*)O2,38,5,Ring,-=---
*C1=CC(=*)c2cc(*)c(*)c(*)c2O1,38,5,Ring,-=---
*c1cc2c(c(*)c1*)C(=*)C(*)(*)C2*,38,7,Ring,---=---
*C1=CCC(*)C2(*)CC(*)C3C(=*)C(=*)OC3C12,38,6,Ring,----==
*C1OC2CC3OC4CC5OC6CC7OC8CC9OC%10CC%11OC(*)(*)C(*)CC%11OC%10CC9OC8CCC7(*)OC6(*)CCC(*)C5OC4C(*)C3(*)OC2CC1=*,38,10,Ring,---------=
*C1C=CC2CC3C(*)C4C=CC1C2C43,38,2,Ring,--
*C1=CC(=*)NC(*)=N1,38,3,Ring,-=-
*c1cc(*)c2c(c1)CCc1cc(*)c(*)cc1-2,38,4,Ring,----
*C1=CC(=*)c2c(c(*)c3cc(*)cc(*)c3c2*)O1,38,6,Ring,-=----
*C1CC(=*)CO1,38,2,Ring,-=
*C1CC=CC(*)(*)C1,38,3,Ring,---
*C1=Cc2cc3c(cc2NC1=*)OCO3,38,2,Ring,-=
*C1C=C2C(*)CC3C(CCC4(*)C(*)CCC34)C2(*)CC1,38,5,Ring,-----
*C1OC(*)C2(*)C(*)C=CC1(*)C2*,38,6,Ring,------
*C1OCC2(CO1)CC1C=CC2C1,38,1,Ring,-
*c1cc(*)c2c(c1)OC(*)(*)C2=*,38,5,Ring,----=
*c1cnc2ccccn12,38,1,Ring,-
*C1CC(=*)OC(*)(*)C2CC(=*)C3(*)C(CCC4(*)C(*)OC(=*)C5OC543)C12*,38,10,Ring,-=--=---=-
*C(=O)NC(NC(*)=S)C(Cl)(Cl)Cl,38,2,Linker,--
*OCCS*,38,2,Linker,--
*CNCCC(*)C*,38,3,Linker,---
*C(=O)OC(*)*,38,3,Linker,---
*N=[N+](*)[O-],38,2,Linker,--
*CC(NC(=O)NC(CCSC)C(=O)NC(C(=O)NC=*)C(C)N(C)C(*)=O)C(=O)O,38,3,Linker,-=-
*C=CC(=O)NC*,38,2,Linker,--
*CCNC(*)C,38,2,Linker,--
*CCC(O)CC=CC(*)*,38,3,Linker,---
*NC(=O)CNC(=O)CC(*)*,38,3,Linker,---
*OC(=O)C(C)O*,38,2,Linker,--
*OCC(C)CCC(=O)O*,38,2,Linker,--
*C(=O)NC(CC(C)C)C(=O)NC(CC(C)C)C(=O)NC(C)(C)C(*)=O,38,2,Linker,--
*OCC(C)=CCCC(*)C,38,2,Linker,--
*COP(O)(=S)O*,38,2,Linker,--
*OC(C)C(=O)NC(CCSC)C(=O)O,38,1,Sub,-
*CNC(=S)NCCOC,38,1,Sub,-
*C=CCCC(=O)O,38,1,Sub,-
*C(=O)C(NC(=O)OC(C)(C)C)C(C)C,38,1,Sub,-
*C(=O)CC(C)(C)CC(=O)O,38,1,Sub,-
*CCCCCCCCCCCCCCCCCC,38,1,Sub,-
*COC(=O)C=C(C)CCO,38,1,Sub,-
*COC(=O)C(O)(C(C)C)C(C)OC,38,1,Sub,-
*C(=O)COC(=O)CCC(=O)O,38,1,Sub,-
*C(=O)C(C)CCCCCCCC,38,1,Sub,-
*C(=O)CN(C)C,38,1,Sub,-
*CC(=O)N(C)CC#C,38,1,Sub,-
*CCN(C)C(C)=O,38,1,Sub,-
*C(O)C(O)C=CCC,38,1,Sub,-
*OC(=O)NC(C)C,38,1,Sub,-
*OCC(=O)NCC(=O)NC(C(=O)O)C(C)C,38,1,Sub,-
*CCCCCCCC=CCCCCCCCC,38,1,Sub,-
*CCCNC(N)=O,38,1,Sub,-
*C(N)=S,38,1,Sub,-
*C1CC2N(CCC23C(=*)Nc2ccccc23)CC1*,37,3,Ring,-=-
*c1c2c(oc1=*)=CC1(*)CCC(*)(O1)C(*)CC2*,37,6,Ring,-=----
*c1cc(*)c2c(c1*)OC(*)CC2*,37,5,Ring,-----
*C1=CC2=C(*)C(=*)C(*)(*)C(=*)C2=CO1,37,6,Ring,--=--=
*N1CCc2c(n(*)c3ccccc23)C1=*,37,3,Ring,--=
*C1=C2C(=*)C3C(CC=C4CC(*)CCC43*)C2CCC12OC1CC(*)CNC1C2*,37,6,Ring,-=----
*c1ccc2c(c1)OCC(*)C2*,37,3,Ring,---
*C1=CC(=*)CC(*)O1,37,3,Ring,-=-
*C1=C2CCC3C4(*)CC(*)C(=*)C5(*)CCCCC(*)(*)CNC(CC3(*)C2(*)CC1=*)C54,37,10,Ring,---=-----=
*C1CC2C(*)(CCC(*)C2(*)*)C2=C1C1(*)C(*)CC(*)C1(*)CC2=*,37,10,Ring,---------=
*C1=CC(=*)c2c(*)cc3c(=*)c4cccc(*)c4c(=*)c3c2O1,37,6,Ring,-=-=-=
*C1=C2OC(*)(*)C(*)CC23CC(*)C(*)(*)C(*)(C1=*)C3=*,37,10,Ring,--------==
*c1cc2ccccc2cc1*,37,2,Ring,--
*c1cc2c(cc1*)C1(*)CCCC(*)(*)C1CC2=*,37,6,Ring,-----=
*c1cc2c(c(*)c1*)C(=*)C(*)C2,37,5,Ring,---=-
*C1CCC2(*)C(=CCC3C2CC(*)C2(*)C(*)(*)CCC32*)C1,37,7,Ring,-------
*C1CC2(*)C(*)CCC(=*)C2C(*)C1*,37,6,Ring,---=--
*C1CCC2C(CCC3C2CCC2(*)C(*)CCC32)C1,37,3,Ring,---
*c1c(*)c(*)c(=*)c(=*)c1*,37,6,Ring,---==-
*C1=COC(*)C2C(*)OC(=*)CC12,37,4,Ring,---=
*C1OC(*)C2C(*)OCC12,37,3,Ring,---
*C1CC(*)C2(*)C3=CCC4C(*)(*)C(=*)CCC4(*)C3=CCC12*,37,8,Ring,-----=--
*c1oc2c(c1*)C(=*)Oc1ccccc1-2,37,3,Ring,--=
*C1=CC2(CC(*)=NO2)C(*)C(*)C1=*,37,5,Ring,----=
*C1CCC2CN3CCc4c([nH]c5ccccc45)C3CC2C1*,37,2,Ring,--
*C1=CC(*)C2C(=*)C(=*)OC2CC(=*)C(*)CC1,37,6,Ring,--===-
*C1C2=C(CC(*)(*)CC2=*)Nc2ccccc2N1*,37,5,Ring,---=-
*C1C(=*)CC2(*)C3CCc4cocc4C3(*)CCC2C1(*)*,37,6,Ring,-=----
*C1CC(*)C23CC(CC(*)C2(*)C1*)C(*)(*)O3,37,7,Ring,-------
*C1CC2(CCCC2)C2(CCCC23CCCC3)C1,37,1,Ring,-
*c1ccc2cccc(*)c2c1*,37,3,Ring,---
*C1NC(=*)C(*)NC(=*)C(*)NC(=*)C(*)NC(=*)C(*)NC(=*)C(*)NC1=*,37,12,Ring,-=-=-=-=-=-=
*c1ccc2cccc(*)c2n1,37,2,Ring,--
*c1nn(*)c(=*)c1=*,37,4,Ring,--==
*c1cc2cc3c(c(*)c2c(*)c1*)C(=*)CC(*)(*)C3,37,7,Ring,----=--
*c1cc(=*)c(=*)o1,37,3,Ring,-==
*C1CCN(*)C1=*,37,3,Ring,--=
*C1C(*)(*)CCC2OC(*)(*)C(=*)CCC21*,37,7,Ring,-----=-
*c1cnc2nc(*)nc(*)c2n1,37,3,Ring,---
*c1cc2c(cc1*)C1(*)C(=*)c3ccc4c(c3OC1CO2)CC(*)O4,37,5,Ring,---=-
*C1CCC2C(*)C(=*)OC3OC4(*)CCC1C32OO4,37,4,Ring,--=-
*C1=CCC2COC(*)C1C2,37,2,Ring,--
*C1=COC(*)C2C1=CC(*)C21CO1,37,3,Ring,---
*C1CC2(*)C3CCC4(*)C(*)CCC4C3=CCC2C(*)C1*,37,6,Ring,------
*C1CC(=*)C2(*)C3=C(C(=*)C(*)C12*)C1(*)CCC(=*)C(*)(*)C1CC3=*,37,11,Ring,-=-=---=--=
*C1=Cc2c(*)c(*)cc(*)c2C(=*)O1,37,5,Ring,----=
*C1CCC2(*)CCC3(*)C(=CCC4C5(*)CC(*)C(*)C(*)(*)C5C(*)CC43*)C2C1*,37,11,Ring,-----------
*c1cc2cc(*)c(*)cc2[nH]1,37,3,Ring,---
*C1CCN(*)Cc2ncccc2N1*,37,3,Ring,---
*C1CC2C=Cc3ccccc3C2C1,37,1,Ring,-
*c1cc2c(=*)c(*)c(*)c(=*)c2c(*)c1*,37,7,Ring,-=--=--
*C1=CCC2C(=*)CCC(*)C(*)C12,37,4,Ring,-=--
*C1CC2CC(O1)C(*)O2,37,2,Ring,--
*C1CC2(*)OC(*)C(*)(C1)O2,37,4,Ring,----
*c1cc(*)c2c(c1)CC(*)C(*)(*)O2,37,5,Ring,-----
*C1=CC2(*)C(*)C(*)C(C1=*)C2*,37,6,Ring,----=-
*c1c2c(cc3c1OC(*)C3)C=CC(=*)O2,37,3,Ring,--=
*c1cc2c(c(*)c1*)C(=*)OC(*)C2*,37,6,Ring,---=--
*N1CC2(*)CN(*)CC(*)(C1)C2=*,37,5,Ring,----=
*C1(*)CCC2CC21*,37,3,Ring,---
*C1C=C2C3CC(*)(*)CCC3(*)CCC2(*)C2(*)CCC3C(*)(*)C(*)CCC3(*)C12,37,10,Ring,----------
*C1=CC2C=C(*)C(*)CC23OC(=*)C(=C3*)C(=*)C2(*)C(C=CC3C(*)C(*)CC(*)C32)C(*)=CCC1*,37,12,Ring,---=-=------
*C1CCC2N(C1)CC1C(C(*)C(*)C3(*)C1CC14OC5(*)C(*)CCC1(*)C5C(*)C(*)C34)C2(*)*,37,11,Ring,-----------
*C1CCC2(*)C(=CCC3C2CCC2(*)C3CC3OC4(CCC(*)CN4*)C(*)C32)C1,37,6,Ring,------
*c1nc(=*)c(=*)[nH]1,37,3,Ring,-==
*C1=C2C=CC=C[C+]2N=C1,37,1,Ring,-
*C1CC(*)C(*)(*)C(*)C1=*,37,6,Ring,-----=
*C1=C(*)C(=*)c2c(*)cccc2O1,37,4,Ring,--=-
*C1=CC2(*)C(=CC1=*)OC(*)C2*,37,5,Ring,--=--
*c1c2c(c(*)c3c1OCO3)C[N+](*)(*)CC2,37,4,Ring,----
*c1cc(*)c2cccc(*)c2n1,37,3,Ring,---
*c1c(*)c(*)c2c(c1*)OC(=*)c1c(*)c(*)c(*)c(*)c1O2,37,9,Ring,----=----
*C1=CC2OC(=*)C(=*)C2C(*)C(*)C2(*)OC1=CC2=*,37,7,Ring,-==---=
*C1CC(*)(*)OC(*)(*)C1*,37,6,Ring,------
*N1CCC=CC1=*,37,2,Ring,-=
*C1CC2C(*)(CCC3C(*)(*)CCCC32*)O1,37,5,Ring,-----
*C1COC2OC(*)C(*)C(*)C2O1,37,4,Ring,----
*C1CC2OC(=*)C3(*)CCCC(*)(C23)C1(*)*,37,6,Ring,-=----
*C1=CCCC(=*)C(*)C2OC(=*)C(=*)C2C(*)C1*,37,7,Ring,-=-==--
*C=CC(=O)OCC=*,37,2,Linker,-=
*CCCCC(CC*)O*,37,3,Linker,---
*CC(C)=C(C*)CO,37,2,Linker,--
*C(=O)NCCNC(*)=O,37,2,Linker,--
*CC(C)C(C)C(*)O,37,2,Linker,--
*C=CC=CC(O)CC(OP(=O)(O)O)C(O)(C=C*)CCN,37,2,Linker,--
*CC(O)C(C)C=CC(O)CCC(O)C(*)O,37,2,Linker,--
*C(=O)NN=C(*)C,37,2,Linker,--
*CCCC(CC*)COS(=O)(=O)O,37,2,Linker,--
*C(=O)NCCC(*)*,37,3,Linker,---
*NC(=O)C(CC(C)C)N*,37,2,Linker,--
*C(C)C=CC(=C)C(C)C,37,1,Sub,-
*=CC(=O)OCCN(C)C,37,1,Sub,=
*CC(=O)NCCCN(C)C,37,1,Sub,-
*C(C)C(O)C(C)CCC(=O)C(C)C(OC)C(C)C=CN(C)C=O,37,1,Sub,-
*C(O)C=CC,37,1,Sub,-
*OCC(O)C(O)CO,37,1,Sub,-
*CC(=O)NCCC(C)C,37,1,Sub,-
*CC(O)C(C)O,37,1,Sub,-
*=CCSSSC,37,1,Sub,=
*S(=O)(=O)N(C)C,37,1,Sub,-
*C[N+](C)(C)C,37,1,Sub,-
*=NOCC(=O)NC(C(=O)O)C(C)O,37,1,Sub,=
*CC(=O)NCCCCCC(=O)O,37,1,Sub,-
*C(C)=CC=CC(C)(C)O,37,1,Sub,-
*C(=O)NO,37,1,Sub,-
*CC[N+](C)(C)C,37,1,Sub,-
*COC(=O)CCCCCCCC=CCC=CCCCCC,37,1,Sub,-
*OC(=O)CCCCCCCCCCCCCCCCCCC,37,1,Sub,-
*CCC(=O)C(CCCCC)C(O)CCCCC,37,1,Sub,-
*C(C)C(O)CC(C)C(C)C,37,1,Sub,-
*C(=O)NC(C(=O)NC(C)C(=O)O)C(C)CC,37,1,Sub,-
*C(C)(O)CCCCO,37,1,Sub,-
*NC(=O)C(N)CO,37,1,Sub,-
*C1CCC(*)(*)C2C3CC(*)(*)C(*)CCC(*)(*)C(O3)C12,36,8,Ring,--------
*C1CCC2(*)CCCC(=*)C2(*)C1,36,4,Ring,--=-
*C1=Cc2cc(*)ccc2N(*)C1=*,36,4,Ring,---=
*C1CCC2C3CCC4CC(=*)CCC4(*)C3CC(*)C12*,36,5,Ring,-=---
*C1CC(*)(*)CCN1,36,3,Ring,---
*C1C(=*)C=CC1(*)*,36,4,Ring,-=--
*C1=CCC2(*)OC3=C(CC12)C(=*)C(*)CC3,36,4,Ring,--=-
*C1CCC2(*)C(=CCC3C2C(*)CC2(*)C(*)C(*)CC32)C1,36,6,Ring,------
*C1CCC(*)(*)C2CC(*)C34C(=*)C(=*)C(CCC3C12*)C4*,36,8,Ring,----==--
*c1c2c(c(*)c3c1OCO3)C(*)N(*)CC2,36,4,Ring,----
*n1ccc2[nH]ccc21,36,1,Ring,-
*C1CCC2(*)C(=CCC3C2CCC2(*)C4C5COC4(*)OC32O5)C1,36,4,Ring,----
*c1cc(*)c2c(=*)c(*)c(*)c(=*)c2c1,36,6,Ring,--=--=
*c1ccc2c(=*)c3ccccc3c(=*)c2c1,36,3,Ring,-==
*C1CCC2(*)C(CCC34CCC(*)C(*)(CCC32)C4=*)C1,36,5,Ring,----=
*c1ccc2[nH]c(=*)c(=*)c2c1,36,3,Ring,-==
*c1ncnc2c1cnn2*,36,2,Ring,--
*C1C2C(*)C34OC2(*)COC(=*)c2cnccc2C(*)C(*)(*)C(=*)OC(C(*)C(*)C3(*)C1*)C4(*)*,36,14,Ring,---=---=------
*c1ccc2c(c1)OC(*)C2*,36,3,Ring,---
*C1=C(*)C(=*)C(*)O1,36,4,Ring,--=-
*C1OC=C2C(=*)OCC=C2C1*,36,3,Ring,-=-
*C1=C2C(*)C(*)C3(*)C(*)CC(*)C(=*)C3CC(CC1*)C2(*)*,36,10,Ring,------=---
*C1CC2OC2C=CC(*)C(*)CC(*)C(*)C(*)C(*)CC(=*)O1,36,8,Ring,-------=
*C12CCC(=*)N1c1ccccc1C(=*)N2,36,3,Ring,-==
*C1CC(*)(*)C(*)C(*)C(*)C(*)C(=*)OC(*)C(*)C(*)C(*)C1=*,36,13,Ring,-------=----=
*C1=CCC(*)C=CC(*)C(*)C(*)C=C(*)C(=*)c2c(*)c(*)cc3c(=*)c(c(*)c(=*)c23)NC(=*)C(*)=CC=CC=CC(*)C(*)CC1=*,36,17,Ring,------=--=-==---=
*N1CCNC(=*)C1,36,2,Ring,-=
*N1CCC2(CC1)NCCc1[nH]cnc12,36,1,Ring,-
*C1=CC(=*)Oc2cc(*)c3c(*)coc3c21,36,4,Ring,-=--
*C1C(*)C23C(OC(=*)C2*)OC24C(=*)OC1C32C(*)C1OC(=*)C(*)C14*,36,9,Ring,--=-=-=--
*C1CCOC(*)O1,36,2,Ring,--
*C1Cc2[nH+]cn(*)c2CN1*,36,3,Ring,---
*C1C2C3N(*)CC4(*)C(*)CC(*)C3(C14)C1(*)CC3(*)C(*)C(*)C2(*)C1C3*,36,11,Ring,-----------
*C1=CC(*)C(=*)CC(*)C(*)C(*)OC(=*)C2CCCCN2C(=*)C(=*)C2(*)OC(C(*)CC(*)C1)C(*)CC2*,36,14,Ring,--=---===-----
*c1cc(*)c2c(c1*)Oc1c(*)cccc1C2=*,36,5,Ring,----=
*c1ccc2cc1OC1CCCCC1CSSCC2*,36,2,Ring,--
*C1(*)CCC(=*)CC1,36,3,Ring,--=
*N1CCCCS1(=*)=*,36,3,Ring,-==
*C1CC2C(=CCC3C2(*)CCC2(*)C(*)C(*)CC32*)C(*)(*)C1*,36,9,Ring,---------
*C1=Nc2ccccc2SC(*)C1,36,2,Ring,--
*C1C(=*)OC2C(*)C(*)C3(*)C(*)C(*)C4C(*)C3(OC4(*)COC(=*)c3cnccc3C1*)C2(*)*,36,13,Ring,-=-------=---
*C1=Nc2ncc(*)nc2C(=*)N1,36,3,Ring,--=
*[N+]12CCCC3CN4C(=*)CCCC4C(CCC1)C32,36,2,Ring,-=
*C1CC2(*)C3CCC4C(*)(*)C(*)CCC45CC35C(*)CC2(*)C1*,36,8,Ring,--------
*C1CC(=*)OC2CC3(OC(*)C2*)OC(*)(CC(=*)O1)C(*)CC3(*)*,36,9,Ring,-=---=---
*c1ccc2c3c1OC1C(=*)CCC4(*)C(C2)N(*)CCC314,36,4,Ring,-=--
*C1CCC2N(C1)CC1C3CC4C56CCCC4(CC(*)C5CC(*)C4(CCC(*)C4)C6)C3CCC1C2(*)*,36,6,Ring,------
*C1CCOC1,36,1,Ring,-
*C1CCC2(*)C(*)CCC(*)(*)C2C1,36,5,Ring,-----
*C1C(*)(*)C=CC(=*)OC1(*)*,36,6,Ring,---=--
*c1cc2c(c(*)c1*)CN(*)C2=*,36,5,Ring,----=
*C1CCC2OC3C(CCCCC3(*)*)C2CC1,36,3,Ring,---
*C1CC(*)C23COC(*)C1(*)C2CC(*)C1(*)C3C(=*)C(*)C2(*)C(*)CC3OC321,36,10,Ring,------=---
*C1CCC2(*)CC3C(*)CC(*)C3C(*)(*)CC=C12,36,6,Ring,------
*C1C2(*)CCC(C2)C1(*)*,36,4,Ring,----
*N1CC2NS(=*)(=*)c3ccccc3OC2C1,36,3,Ring,-==
*C1C2OC2C2(*)C3=CC(=*)OC(*)C34OC4C3OC(=*)C1(*)C32,36,6,Ring,--=-=-
*C1=CC(=*)C(*)C(*)C1*,36,5,Ring,-=---
*C1CC2OC(=*)C(=*)C2C(*)C2(*)C(=*)C=CC12,36,6,Ring,-==--=
*C1=Nc2ccccc2C1=*,36,2,Ring,-=
*C1C(*)C(*)C2(*)OC2C1*,36,5,Ring,-----
*C1=CN=C(*)C(=*)N1,36,3,Ring,--=
*C1NC(=*)C2CC3(*)c4ccccc4N(*)C3N2C1=*,36,5,Ring,-=--=
*C1=C(*)C(=*)C(*)C1,36,4,Ring,--=-
*CC(NC(*)=O)C(=O)OCC(*)=O,36,3,Linker,---
*C=CC(=O)OCC*,36,2,Linker,--
*C(=O)NC(C)C(*)=O,36,2,Linker,--
*OC(=O)C(C)NS(*)(=O)=O,36,2,Linker,--
*CCC(CC(=O)C*)OC(C)=O,36,2,Linker,--
*C(=*)C(=O)O,36,2,Linker,-=
*C=CC(O)C(O)C*,36,2,Linker,--
*CCC(=O)C(CCCCC)C(*)O,36,2,Linker,--
*N=C(N)SCC(*)=O,36,2,Linker,--
*NC(=O)C(CO)NC(*)=O,36,2,Linker,--
*OC(=O)C(*)NS(*)(=O)=O,36,3,Linker,---
*CN(CCCOC)C(*)=O,36,2,Linker,--
*C(=C)C(CC=C(C)C)OC(=O)C(C)=CC,36,1,Sub,-
*OC(=O)C=C(C)CO,36,1,Sub,-
*C(C)(C)CC(C)(C)C,36,1,Sub,-
*NC(=O)CC(O)CCCCCCCCCCC,36,1,Sub,-
*C(C)(O)CC(=O)C=C(C)C,36,1,Sub,-
*C(C)CCC(=C)C(C)CO,36,1,Sub,-
*C(C)C=CC(C)C(C)CO,36,1,Sub,-
*=CC(=O)N(C)CCO,36,1,Sub,=
*O[Si](C)(C)C(C)(C)C,36,1,Sub,-
*NCCC,36,1,Sub,-
*CCCCC(C)C,36,1,Sub,-
*CC(C)N,36,1,Sub,-
*C(OC(C)=O)C(C)C,36,1,Sub,-
*OC(=O)C(NC(=O)OC(C)(C)C)C(C)CC,36,1,Sub,-
*NC(=O)CCCCCCCCCCC,36,1,Sub,-
*C(C)C(=O)CC,36,1,Sub,-
*SCC(N)=O,36,1,Sub,-
*CC=C(C)CCC=C(C)CCC=C(C)CCC=C(C)CCC=C(C)CCC=C(C)CCC=C(C)CCC=C(C)C,36,1,Sub,-
*CCOS(=O)(=O)O,36,1,Sub,-
*CCCCCO,36,1,Sub,-
*CP(=O)(O)O,36,1,Sub,-
*C(C)C(=O)NC(C)C,36,1,Sub,-
*C=CC=CC=CCCC,36,1,Sub,-
*NC(=O)CCCCCCCCC(C)CC(C)CC,36,1,Sub,-
*C(C)CC(C)=O,36,1,Sub,-
*C1C(=*)N(*)CC(=*)N1*,35,5,Ring,-=-=-
*C1C(=*)CCC2C1C(=*)CC1C(*)(*)C(*)CCC21*,35,7,Ring,-==----
*c1cnc(*)n1*,35,3,Ring,---
*C1=C2C(*)C3(*)C(CCC(*)C3*)CC2(*)OC1=*,35,7,Ring,------=
*c1cc2c(*)ccc(*)c2[nH]1,35,3,Ring,---
*c1ccc2c(oc3c(*)c4cnn(*)c4nc32)c1*,35,4,Ring,----
*c1ccc(*)c2c1C(=*)CCC2*,35,4,Ring,--=-
*c1cc2c(=*)cc(*)c(=*)c2c(*)c1*,35,6,Ring,-=-=--
*c1cc2c3cc1CC(*)OC(=*)C(=*)CC(*)C#CC3CC(=*)O2,35,6,Ring,--==-=
*C1CCC2(*)C(C1)C(=*)C1=C3C2CCC2(*)C(*)CC(CC1)C32*,35,6,Ring,--=---
*C1CCC23CCC4CC5(*)CCCCC5c5ccc6cccc(c6c5C42)C3C1,35,2,Ring,--
*C1=CC2(*)C3C(=*)N(*)C(=*)C3C1C1C(=*)N(*)C(=*)C12,35,8,Ring,--=-==-=
*C1=C(*)Oc2cc(*)cc(*)c2C1,35,4,Ring,----
*c1cc(*)c2c(c1*)OC(=*)c1c(*)cc(*)c(*)c1O2,35,7,Ring,---=---
*c1n[nH]c(=*)c1=*,35,3,Ring,-==
*c1c(*)c(*)c2ccccc2c1*,35,4,Ring,----
*C1CCC2(*)C3CCC4(*)C(=C3CCC2C1*)CCC4*,35,5,Ring,-----
*C1(*)CCCC(=*)C2C1CCC2(*)*,35,5,Ring,--=--
*c1cc2c3cn(cc3c1)-c1nc(*)cc3c1COC(CCCC(*)C#C3)CC(*)CCc1ccc(*)c(c1)OC2,35,5,Ring,-----
*c1cc2c(c(*)c1*)OC(*)(*)C=C2,35,5,Ring,-----
*C1CCC2(*)CCC3(*)C(=CCC4C5(*)CCC(=*)C(*)(*)C5CCC43*)C2C1*,35,9,Ring,----=----
*c1ccc2c(=*)c3c(*)c(*)cc(*)c3c(=*)c2c1*,35,7,Ring,-=---=-
*N1CC2Oc3ncccc3C(=*)N(*)C2C1,35,3,Ring,-=-
*c1cc(*)c2c(=*)c3c(*)c(*)c(*)c(*)c3c(=*)c2c1,35,8,Ring,--=----=
*C1CCC2(OC1)OC1CC3C4CC(=*)C5CC(*)CCC5(*)C4CCC3(*)C1C2*,35,6,Ring,-=----
*C1Cc2c(ccc3c2OC(=*)C=C3)O1,35,2,Ring,-=
*C1C2c3ccccc3C(c3ccccc32)C1*,35,2,Ring,--
*C1CCC2C3CC=C4CC=CC(=*)C4(*)C3CCC12*,35,4,Ring,-=--
*C1c2ccccc2C(=*)N1*,35,3,Ring,-=-
*C1CC2CC(*)(OC2(*)*)C(*)O1,35,5,Ring,-----
*C1CCCC(*)(*)C1=*,35,4,Ring,---=
*C1C2CC3c4[nH]c5ccccc5c4CC1N3CC2=*,35,2,Ring,-=
*C1CC2(*)C3CCC4C(*)(*)C(*)CCC45CC35CC(*)C2(*)C1*,35,8,Ring,--------
*c1nc[nH]n1,35,1,Ring,-
*C1(*)C2CCC(C2)C1(*)*,35,4,Ring,----
*c1c2cc3c(c1*)OC(=*)CC3C#CC(*)CC1=CC(*)Cc3cccc(c3)CC3C(=*)CCC4C3CC3CCCCC3C4(*)C(C2)OC1=*,35,8,Ring,--=--=-=
*C1CCC2C3CCC4CC(=*)C=CC4(*)C3CCC12*,35,4,Ring,-=--
*C1=CC(*)C(*)C(*)CC(*)=CCC1,35,5,Ring,-----
*C1=C(*)C(*)(*)C(*)C(*)C1,35,6,Ring,------
*C1C2CCC3C(*)(*)C4CC(*)C(*)(*)C4(*)C(*)CC13CC2(*)*,35,10,Ring,----------
*N1CC2CC1C(=*)Nc1ccccc1O2,35,2,Ring,-=
*C1=Cc2c(*)c(*)[o+]c3cc(*)cc(c23)O1,35,4,Ring,----
*c1cc2c3cc1CSSCC1CC(*)(C=CC(=*)CCc4ccc(*)c(c4)OCCc4ccc(*)c(c4)C3CC(=*)c3cc[nH]c3CC#C2)CC1*,35,7,Ring,--=--=-
*C1C(=*)OC2=CCCN3C(*)CCCC3C21,35,3,Ring,-=-
*C1=CC=CCC(*)OC(=*)CC(*)C(*)CC(*)CC(*)CC(*)C1*,35,9,Ring,--=------
*c1cc2c(cc1*)C(*)N(*)C(=*)C2,35,5,Ring,----=
*C1CCC2(*)C(CCC34OC(*)C5CCC(=*)C5(*)C(CC32)O4)C1,35,5,Ring,---=-
*C1=NC(=*)C(*)(*)C(*)=N1,35,5,Ring,-=---
*C1CCC2(*)C(CCCC2(*)*)C1(*)*,35,6,Ring,------
*N1COc2ccc3c(c2C1)OC(=*)C1=C3CCCC1,35,2,Ring,-=
*C1CC2C3OC3C(C1)[N+]2(*)*,35,3,Ring,---
*c1ccc2c(c1)N=C1CCCCCN1C2=*,35,2,Ring,-=
*C12CCN(CC1)CC2,35,1,Ring,-
*C1=C2C(CC1*)OC1C(*)C3C(*)(*)C=CC(=*)C3(*)C(*)C21*,35,9,Ring,-----=---
*C1C=CC=CC1,35,1,Ring,-
*C1=C2CC3CCC(*)C2(CC1=*)C3(*)*,35,5,Ring,--=--
*C1C2C(*)(*)C(=*)C=CC2(*)C2CCC3(*)C(=CCC3*)C2(*)C1*,35,9,Ring,---=-----
*C12CCC(CC1=*)C2(*)*,35,4,Ring,-=--
*c1cc(*)c2ccc(*)[o+]c2c1,35,3,Ring,---
*c1ccc2c(=*)c3c(*)c(*)c(*)c(*)c3c(=*)c2c1,35,7,Ring,-=----=
*c1ccc2c(c1)[nH]c1c(*)nccc12,35,2,Ring,--
*C1Cc2ccccc2C(=*)O1,35,2,Ring,-=
*c1cc(=*)c2c(*)cccc2c1=*,35,4,Ring,-=-=
*c1ccc2c(=*)c3cc(*)c(*)c(*)c3c(=*)c2c1,35,6,Ring,-=---=
*C1C=CC(=*)C(*)C1,35,3,Ring,-=-
*C1=CC2(*)C(*)C(*)C(*)(C1=*)C2*,35,7,Ring,-----=-
*C1CC2=CCC3C(=*)C(*)(*)CCC3C2(*)CC1*,35,6,Ring,-=----
*c1cc(*)c2c(c1)C(=*)C(*)C2*,35,5,Ring,--=--
*C1CCC2CC1C2(*)*,35,3,Ring,---
*C1OC2COP(*)(=*)OC2C1*,35,4,Ring,--=-
*C1NC(=*)C(*)C(*)OC(=*)C(*)N(*)C(=*)CN(*)C(=*)C2C(*)CC(*)N2C1=*,35,13,Ring,-=--=--=-=--=
*C1=CN(*)C(*)=NC1=*,35,4,Ring,---=
*c1ccc2c(c1)OCCC1CN(*)CCC1CC(=*)N2,35,3,Ring,--=
*C1COc2c(ccc3c2C=CC(*)(*)O3)C1,35,3,Ring,---
*OC(=O)CON=*,35,2,Linker,-=
*C=C(C)C(=O)N*,35,2,Linker,--
*CC(COC)C(*)CO,35,2,Linker,--
*COC(=O)NC(C(=O)O*)C(C)C,35,2,Linker,--
*CC(N)C(=O)N*,35,2,Linker,--
*NC(=O)C(NC(*)=O)C(C)CC,35,2,Linker,--
*CNC(=O)C(C*)NC(*)=O,35,3,Linker,---
*C(=O)CC(*)O,35,2,Linker,--
*CNC(=O)C(=O)N*,35,2,Linker,--
*CC(=O)CC(=O)C=C(*)CO,35,2,Linker,--
*C(=O)C(*)CC(C)C,35,2,Linker,--
*OC(*)(C)CC=CC(C)(C)OO,35,2,Linker,--
*CC(O)C=CC=CCC(O)C(O)C(O)CC=CC(=C)CCC(O)C(O)C(O)C(C)C*,35,2,Linker,--
*OC(*)C(NC(*)=O)C(=O)NC(C)C(O)CC(=O)NC(C(=O)NC(O*)C(*)O)C(C)O,35,5,Linker,-----
*CCC(=O)N(C)C*,35,2,Linker,--
*CCC=C(C)C*,35,2,Linker,--
*CCNC(=O)CCC(=O)O*,35,2,Linker,--
*NNC(*)=O,35,2,Linker,--
*C#CC#CC,35,1,Sub,-
*C(C)OC(=O)C(C)C,35,1,Sub,-
*COC(=O)C=CC,35,1,Sub,-
*NC(=O)CCCCCCC,35,1,Sub,-
*C(C)(O)CC,35,1,Sub,-
*OC(=O)CC(=O)OC,35,1,Sub,-
*CC(CCC(C)(C)O)C(=C)C,35,1,Sub,-
*C(O)CCC(C)C,35,1,Sub,-
*OC(=O)C(=CC)COC(=O)C(=CC)CO,35,1,Sub,-
*OC(=O)CCC(=O)OC,35,1,Sub,-
*OCC(=O)NC(CSC)C(=O)O,35,1,Sub,-
*NCC(C)(C)C,35,1,Sub,-
*CC#C,35,1,Sub,-
*=NOCC(=O)NCC(C)(C)C(O)C(=O)O,35,1,Sub,=
*CCCCCC(C)C,35,1,Sub,-
*CNC(=O)C(CC(C)C)NC(=O)OC(C)(C)C,35,1,Sub,-
*NC(CO)C(C)=O,35,1,Sub,-
*OC(=O)C[N+](C)(C)C,35,1,Sub,-
*C(=O)NCCCO,35,1,Sub,-
*C(=O)SC,35,1,Sub,-
*C(C)=NNC(N)=O,35,1,Sub,-
*CN(CCCC)CCCC,35,1,Sub,-
*CC=CC=C,35,1,Sub,-
*CSCC(NC(C)=O)C(=O)O,35,1,Sub,-
*CC(C)OC(C)=O,35,1,Sub,-
*OCC(NC(=O)CCCCCCCCCCCCCCCCC)C(O)C=CCCCCCCCCCCCCC,35,1,Sub,-
*C1CC(=*)CCC1(*)*,34,4,Ring,-=--
*C1=C(*)C(*)CCC1=*,34,4,Ring,---=
*C1NC(=*)C(*)NC(=*)C2CCCN2C(=*)C(*)NC(=*)C(*)NC(=*)C2CCCN2C(=*)C(*)NC1=*,34,12,Ring,-=-==-=-==-=
*C1=c2ccccc2=NC1,34,1,Ring,-
*C1=CC(=*)c2c(*)ccc(*)c2O1,34,4,Ring,-=--
*C1(*)CCC2C3CCC4=CC(=*)CCC4C3CCC21*,34,4,Ring,--=-
*C1CC(=*)C2(*)C(CCC3(*)C(*)OC(=*)C4OC432)C1(*)*,34,8,Ring,-=---=--
*C1=CCC2C(CC1*)OC(=*)C2*,34,4,Ring,--=-
*c1ccc2c(c1)C(=*)C1=C(O2)C(=*)N(*)C1*,34,5,Ring,-==--
*c1[nH]cc[n+]1*,34,2,Ring,--
*c1cc(*)c2c(c1*)Oc1c(*)ccc(*)c1C2=*,34,6,Ring,-----=
*C12CCOC3(CCCCC3)C1CCc1ccccc12,34,1,Ring,-
*C1=Cc2ccccc2C(=*)O1,34,2,Ring,-=
*C1=NC2C(*)CN=C(*)C2N1,34,3,Ring,---
*C1CCC2(*)C(C1)C(*)CC1C2CCC2(*)C1CC1OC3(OCC(*)CC3*)C(*)C12,34,7,Ring,-------
*c1ccc2c(c1)CCC2,34,1,Ring,-
*c1cc(*)c2c(c1*)CCC(*)(*)O2,34,5,Ring,-----
*C1CCC2(*)C1CCC1C3CCC(*)C3(*)CCC12,34,4,Ring,----
*C1CC(=*)NC(*)C(=*)NC(*)C(=*)NC(*)C(=*)O1,34,8,Ring,-=-=-=-=
*C1=CN(*)C(=*)N1,34,3,Ring,--=
*c1ccc2c(c1*)C#CCc1cc(c3c(c1*)OCC(*)C3)CCC(*)CC(=*)CC2,34,6,Ring,-----=
*C1CC2NC(=*)CC2C1*,34,3,Ring,-=-
*c1nnc2n1NC1(CCCCC1)C(*)S2,34,2,Ring,--
*C1CCC2(*)C(CCC3C2CC(=*)C2(*)C3CC3OC(*)(*)C(*)C32)C1,34,7,Ring,--=----
*C1=CCC(*)C2(*)CCC3C(*)C(=*)OC3C12,34,5,Ring,----=
*C1CC2(*)C3=CCC4C(*)(CCC(*)C4(*)*)C3=CCC2(*)C1*,34,8,Ring,--------
*c1c(*)c(*)c2c(c1*)C(=*)OC1C2OC(*)C(*)C1*,34,8,Ring,----=---
*c1c(*)c(*)c2c(c1*)CC(*)C(*)(*)O2,34,7,Ring,-------
*C1CC(*)C(*)(*)C(*)C1*,34,6,Ring,------
*c1nn[nH]n1,34,1,Ring,-
*=C1NCCc2cc3c(cc21)OCO3,34,1,Ring,=
*C1=CCC2C3C(*)CCC2(*)C13,34,3,Ring,---
*C1=CC(=*)NC(=*)N1,34,3,Ring,-==
*c1csc(*)c1,34,2,Ring,--
*C1CC2CCC3C(*)C(*)N=C(N1)N23,34,3,Ring,---
*C1=CC(*)C2=CC(*)=C(*)OC2=C1,34,4,Ring,----
*c1cc2c(cc1*)OCC(*)C2,34,3,Ring,---
*C1CC2C(*)(*)CCCC2(*)C2CCC(*)(*)C=C12,34,6,Ring,------
*C1CCC2(*)C(=*)C(*)CC=C2C1,34,4,Ring,--=-
*C1CC2(*)C(CCC3(*)C2CC=C2C4CC(*)(*)CC(*)C4(*)CCC23*)C(*)(*)C1*,34,11,Ring,-----------
*c1ccc2c(c1)CCC1C(*)CCC21*,34,3,Ring,---
*C1=CC(*)(*)C(*)=C(*)C1=*,34,6,Ring,-----=
*C1=CC2OC3C(*)C(*)C(*)(C2(*)CC1)C31CO1,34,5,Ring,-----
*c1c2c(cc3c1OC(=*)C1=C3CCC1)CN(*)CO2,34,3,Ring,-=-
*C1C(=*)N(*)C1*,34,4,Ring,-=--
*c1cc2c(cc1*)-c1c(*)c(*)cc3c1C(C2)NCC3,34,4,Ring,----
*C1CCC2(*)CCC3(*)C(CCC4C(*)(*)C(*)CCC43*)C12,34,7,Ring,-------
*C1C(*)C2C=CC(=*)C2(*)C(*)C2C(=*)C(=*)OC12,34,7,Ring,--=--==
*N1CCN2CC(=*)Nc3ccccc3OCC2C1,34,2,Ring,-=
*C1=C(*)c2cc(*)cc(*)c2OC1=*,34,5,Ring,----=
*C1CC2OC3(OC2*)C(*)C2(*)C4CCC5C(*)(*)C(*)CCC56CC46CC(*)C2(*)C13,34,9,Ring,---------
*C1=C(*)c2cc3[nH]c(cc4nc(cc5[nH]c(cc1n2)c(*)c5*)C(*)=C4*)c(*)c3*,34,8,Ring,--------
*C1=Cc2ccc3c(c2OC1=*)C1OC(=*)CC2CC(*)C=CC2c2ccc(cc2)CCC(=*)C(=*)OC1C(*)(*)O3,34,8,Ring,-==-==--
*C1CC2CCC3C(CCC4(*)C(*)C(*)CC34)C2(*)CC1*,34,6,Ring,------
*C1CC2OC(=*)C3=CCCC(C1(*)*)C32*,34,5,Ring,-=---
*c1cc2[nH]ccc2n1*,34,2,Ring,--
*C1=CC(=*)C2(*)C(=*)c3c(cc4cc(*)c(*)c(*)c4c3*)C(=*)C2(*)C1*,34,11,Ring,-=-=----=--
*C1CC(*)C(*)CN1,34,3,Ring,---
*C1CCC2(*)C(CCC3(*)C2C(=*)C=C2C4CC(*)(*)CC(*)C4(*)CCC23*)C1(*)*,34,11,Ring,---=-------
*C1=C(*)C2(*)C(=*)OC1C1C(=*)N(*)C(=*)C12,34,7,Ring,---==-=
*c1ccc2c(c1)OCC2,34,1,Ring,-
*c1ccc2cc1-c1cc(ccc1*)C1CC(*)C(*)C3CCCC(CC(*)CC2)N13,34,5,Ring,-----
*C1CC2C(=*)NC(*)C(=*)N2C1,34,4,Ring,-=-=
*C1=CC2=C(*)C(=*)C3(*)OC(=*)C(*)=C3C2=CN1*,34,7,Ring,--=-=--
*c1cc(*)c2c(c1)Oc1c(*)cccc1C2=*,34,4,Ring,---=
*C1=C(*)C(*)(*)CC(=*)C1=*,34,6,Ring,----==
*C1CCC2(*)CCC3(*)C(CCC4C5(*)C(*)CC(*)C(*)(*)C5CCC43*)C12,34,9,Ring,---------
*C1C2=C(C(=*)N(*)C2)C2(*)CCCC(*)(*)C2C1*,34,7,Ring,-=-----
*c1cc(*)c2c(=*)ccc(=*)c2c1*,34,5,Ring,--==-
*C1=Cc2cc3c(cc2OC1=*)OC(*)C3,34,3,Ring,-=-
*C1c2ccoc2CC2C1C(*)C(*)C1C(*)(*)CCCC21*,34,6,Ring,------
*C1CSSCC(*)C(=*)NC(*)C(=*)NC(*)C(=*)NC(*)C(=*)NC(*)C(=*)N1,34,11,Ring,--=-=-=-=-=
*C1CC2(*)C3CCC4C(*)(*)C(=*)CCC45CC35CCC2(*)C1*,34,7,Ring,----=--
*C1CCC(*)(*)C2C(*)C3(*)OC(*)C12C1CCC2C(=*)C(=*)C13C2*,34,9,Ring,------==-
*c1cc(*)c2c(c1)C(*)c1cc(*)c(*)c(*)c1C2=*,34,7,Ring,------=
*c1cccc2c(=*)c3cc4c(c(*)c3c(=*)c12)C(*)CC(*)(*)C4,34,7,Ring,-=-=---
*C1CCC2(*)C3CC(=*)OC3CCC2C1(*)*,34,5,Ring,--=--
*C1=NC(=*)N(*)N=C1,34,3,Ring,-=-
*C1CCC(*)(*)C2C(*)C3(*)OCC12C1CCC2C(=*)C(*)C13C2*,34,8,Ring,-----=--
*c1c2c(cc3c1OC(=*)C1=C3CCCC1)CN(*)CO2,34,3,Ring,-=-
*C1=CC=CC(=*)c2c1c(*)n(*)c2*,34,5,Ring,-=---
*C1C2CCC3C(*)(*)C4C5OC5C(*)(*)C4(*)C(*)CC13CC2(*)*,34,9,Ring,---------
*C1=CC2C=C(*)C(*)C3C(*)NC(=*)C23C(=*)CC(*)C(*)C(*)CC1,34,9,Ring,----==---
*CCC(=O)N(C*)CCOC,34,2,Linker,--
*C(=O)CCNC(*)=O,34,2,Linker,--
*C=CC(*)CC(O)CC*,34,3,Linker,---
*CC(O)C(=O)NC(CCC(N)=O)C(=O)N*,34,2,Linker,--
*OC(=O)C(*)O,34,2,Linker,--
*C(=O)NNC(*)=O,34,2,Linker,--
*CCCCC(=O)NC*,34,2,Linker,--
*C(*)(O)CCC,34,2,Linker,--
*NC(C)C(*)=O,34,2,Linker,--
*C=C(NC(*)=O)C(=O)N*,34,3,Linker,---
*CNC(C*)C(=O)O,34,2,Linker,--
*NC(C(*)=O)C(C)C,34,2,Linker,--
*C=C(CO)C(=O)OC*,34,2,Linker,--
*CCC(=O)CC(CCC(C*)CC)OC(C)=O,34,2,Linker,--
*OC(*)(C)CCC(O)C(=C)C,34,2,Linker,--
*C=CC(C)C(C)O,34,1,Sub,-
*C(C)C(OC)C(C)C(=O)O,34,1,Sub,-
*C=CC(=O)CC(=O)CCCCC,34,1,Sub,-
*COC(=O)CC[N+](=O)[O-],34,1,Sub,-
*SCCNC(C)=O,34,1,Sub,-
*OC(=O)CCCCC(C)C,34,1,Sub,-
*OCCCN,34,1,Sub,-
*C(N)CO,34,1,Sub,-
*=NOCC(=O)NC(C(=O)O)C(C)CC,34,1,Sub,=
*C(C)=CC(=O)O,34,1,Sub,-
*SC#N,34,1,Sub,-
*CCC(=O)NC(CC)C(=O)O,34,1,Sub,-
*C(C)(C=C)CCC=C(C)C,34,1,Sub,-
*CC(=O)C(=O)O,34,1,Sub,-
*NCCCCC,34,1,Sub,-
*COC(=O)C(O)(C(C)O)C(C)(C)O,34,1,Sub,-
*C(C)NC(C)=O,34,1,Sub,-
*C(C)CC=CC(C)(C)OO,34,1,Sub,-
*C(O)COC(C)=O,34,1,Sub,-
*NC(=O)CCC(N)=O,34,1,Sub,-
*C(C)CCC=C(C)C(=O)OC,34,1,Sub,-
*NC(=O)C(C)N,34,1,Sub,-
*NC(=O)CNC,34,1,Sub,-
*=C(C#N)C#N,34,1,Sub,=
*C1CC(=*)OC(*)CC2CC(=*)C(*)C(*)(O2)C(*)(*)C=CC2CC(=*)CC(CC3(*)OC(C1)CC(*)C3(*)*)O2,33,13,Ring,-=-=----=----
*=c1[nH]c(=*)c(=*)c1=*,33,4,Ring,====
*C1CCC2(*)C(CC=C3C4CC(*)(*)CCC4(*)CCC32*)C1(*)*,33,8,Ring,--------
*C1CC2=CCC3C(CCC4(*)C(*)CCC34)C2(*)CC1*,33,5,Ring,-----
*C1=CC(=*)C2=C(*)CCC3C(*)C(=*)OC3C12,33,5,Ring,-=--=
*C1CCC(=*)OC1*,33,3,Ring,-=-
*C1=CC=CC=CC(*)CC(*)C(=*)C(*)C(*)C(*)=CC(*)C(=*)CC(*)OC(=*)C2CCCCN2C(=*)C(=*)C2(*)OC(CCC2*)CC1*,33,16,Ring,---=----=-===---
*C1CSCN1*,33,2,Ring,--
*c1ccc2c(c1)C#CCC1=NC=CC1C(=*)CC2*,33,3,Ring,-=-
*C1=CCC(*)=[O+]1,33,2,Ring,--
*C1=C2C(*)C(*)C3(*)CCC(*)C(=*)C3C(*)C(*)(CC1=*)C2(*)*,33,11,Ring,-----=--=--
*C1CC2(*)CCC1C2(*)*,33,4,Ring,----
*C1CCC2C(=CCC3C2(*)CCC2(*)C4CC(*)(*)CCC4(*)CCC32*)C1(*)*,33,9,Ring,---------
*C1CC(*)(*)C(=*)C(*)C(*)C(*)C(*)OC(=*)C(*)C(*)C(*)C1*,33,13,Ring,---=----=----
*c1ccc2c(c1)OCC1c3cc4c(cc3OC21)OCO4,33,1,Ring,-
*c1ccc2c(c1)N1C(*)C(*)C3(C(=*)c4ccccc4C3=*)C1C=C2,33,5,Ring,---==
*c1cc(*)c2c(*)c(*)ccc2c1,33,4,Ring,----
*C1NC(=*)c2ccccc2N(*)C1=*,33,4,Ring,-=-=
*C12CCC3(CC1=CCC1C2CCC2(*)C1CCC2(*)*)OCCO3,33,4,Ring,----
*C1=NCCc2c1[nH]c1ccccc21,33,1,Ring,-
*C1OC2OC(*)C(*)C(*)C2OC1*,33,5,Ring,-----
*C1OCC2=CCC3C4(*)CCC5C(*)(*)CCCC5(*)C4CC(*)C3(*)C21,33,7,Ring,-------
*C1=CC(*)OC1*,33,3,Ring,---
*N1COc2ccc3c(c2C1)OC(=*)C1=C3CCC1,33,2,Ring,-=
*c1cccc2c1NC(=*)C21N2CCCC2C(*)C12C(=*)Nc1ccccc12,33,4,Ring,-=-=
*C1(*)C=CC(=*)CC1,33,3,Ring,--=
*C1CCC2CC3C(C=CN4CNCC34)CC2C1*,33,2,Ring,--
*C1CC2CCC(C1)N2,33,1,Ring,-
*C1CC1=*,33,2,Ring,-=
*C1=C2CC3C(=*)CCCC3(*)CC2(*)OC1=*,33,5,Ring,-=--=
*c1c2c(cc3c1C(=*)N(*)CC3)OCO2,33,3,Ring,-=-
*C1C=CC(*)(*)C2NC(=*)C3(CCCC3)C12,33,4,Ring,---=
*c1ccc2c(c1)C=CC1N2C(*)C(*)C12C(=*)Nc1ccccc12,33,4,Ring,---=
*C1=CN(*)C=c2c1n[nH]c2=*,33,3,Ring,--=
*C1CCC2(*)CC(*)CC(=*)C2C1,33,4,Ring,---=
*C1=CC(*)CC(*)OC(=*)CC(*)NC(=*)C(*)N(*)C(=*)C(*)NC(=*)C(*)C1,33,12,Ring,---=-=--=-=-
*C1(*)CCC2C(*)(CCC3C(*)(*)CCCC32*)C1,33,6,Ring,------
*c1cc2c([nH]c3ccccc32)c(*)c1*,33,3,Ring,---
*c1cc2c(c(*)c1*)COC2=*,33,4,Ring,---=
*C1=C2C3=CCC4C5(*)CCC(*)C(*)(*)C5CCC4(*)C3(*)CCC2(*)CCC1*,33,9,Ring,---------
*C1CCC2(*)C(C1)C(=*)C=C1C3CCC(*)C3(*)CCC12,33,5,Ring,--=--
*C1=C(*)C2=NC1=CC1=NC3=C(C4=NC(=CC5=NC(=C2)C(*)=C5*)C(*)C4*)C(*)C(=*)C3=C1*,33,9,Ring,-------=-
*c1ccc2nc(*)c3c(c2c1)OC(*)C3,33,3,Ring,---
*c1ccc2c(c1)[O+]=C[C-](*)C2=*,33,3,Ring,--=
*C1COCc2nc3ccccc3n21,33,1,Ring,-
*C1C(=*)CCC2C(*)(*)CC(=*)CC12*,33,6,Ring,-=--=-
*C1=CC(*)C2C(=*)C(=*)OC2C=C(*)C(*)CC1*,33,7,Ring,--==---
*C1OC(=*)C=C2C1(*)CCC13OC4(*)OC(C21O4)C1(*)C(*)C2(*)CC1(*)C3(*)C2*,33,10,Ring,-=--------
*c1ccc2c3c1OCC(*)C3CC1C#CCC3CC(*)(*)CSSCC(*)C(*)CCC3C(*)CC(*)C3(CCNCC3)C21,33,8,Ring,--------
*C1CCC2=CC(=*)C(=*)CC2(*)C1*,33,5,Ring,-==--
*C1=CCC(*)CC2C=CCC(CC(*)C(*)C(*)CC(*)C(*)C(*)OC(=*)C=CC(*)=CCC(*)CC3C=CCC(CC(*)C(*)C(*)CC(*)C(*)C(*)OC(=*)C=C1)O3)O2,33,18,Ring,--------=--------=
*C1CC(*)C2(*)C3C(*)CC4(*)C(*)CCC4(*)C3CCC2(*)C1,33,8,Ring,--------
*C1Nc2ccccc2NC2=C1C(=*)CC(*)(*)C2,33,4,Ring,-=--
*C1CC2OC2(*)C(*)C1*,33,4,Ring,----
*c1ccc2c(c1)C#CCc1[nH]ccc1C(=*)CC2*,33,3,Ring,-=-
*c1cc2c(cc1*)C(=*)CC(*)O2,33,4,Ring,--=-
*C1C=CC2=CCCC(*)C2C1*,33,3,Ring,---
*C1CCC(*)N1,33,2,Ring,--
*c1ccc2c3c([nH]c2c1)C1CC2C(CC(*)C(*)C2*)CN1CC3,33,4,Ring,----
*c1nc2c(*)cccc2c(*)c1*,33,4,Ring,----
*C1=C(*)N2CCCc3cccc(c32)C1=*,33,3,Ring,--=
*c1cc(*)c(*)nc1*,33,4,Ring,----
*NC(=O)C(CCC(N)=O)NC(*)=O,33,2,Linker,--
*C=CC(=O)CC(=O)C=C*,33,2,Linker,--
*C(NC(=O)C(N)C(C)C(*)O)C(=O)O,33,2,Linker,--
*COC(=O)NCCC(=O)O*,33,2,Linker,--
*OC=*,33,2,Linker,-=
*CCCCCCCCCCCCCC(C)O*,33,2,Linker,--
*COC(=O)NC(CCSC)C(=O)O*,33,2,Linker,--
*CNC(=O)C(CC(C)C)NC(*)=O,33,2,Linker,--
*OC(=O)C(CC(C)C)NS(*)(=O)=O,33,2,Linker,--
*CCCCCCCC(O)CC(=O)CC*,33,2,Linker,--
*N=CC(O)OC(CO)C(C=N*)O*,33,3,Linker,---
*C=C(*)CO,33,2,Linker,--
*CN(CCC(*)C(C)C)C(C)=O,33,2,Linker,--
*COC(=O)NCCCC(=O)O*,33,2,Linker,--
*CC=C(C)CC=CC(C)=CC(C)C(O)C(C)=CC,33,1,Sub,-
*OCC(O)CCCCCCCCCCCCC(O)C(=O)O,33,1,Sub,-
*OC(=O)CNC(=O)OC(C)(C)C,33,1,Sub,-
*CC=C(C)C=CC(O)C(C)C=CC(=O)O,33,1,Sub,-
*C(=O)CCl,33,1,Sub,-
*C(C)CC(C)CCCC=CCCCNC(=N)NC,33,1,Sub,-
*C(O)C=C,33,1,Sub,-
*C(C)C=CC,33,1,Sub,-
*CCC(=O)NC(C)C(=O)O,33,1,Sub,-
*C(=O)CC(N)C(=O)O,33,1,Sub,-
*=CCC=C(C)C,33,1,Sub,=
*C(O)C(=C)C,33,1,Sub,-
*C=CC(N)=O,33,1,Sub,-
*C(=O)OCCCCCCCC,33,1,Sub,-
*OC(=O)O,33,1,Sub,-
*CNC(=O)C(C)N,33,1,Sub,-
*N(C)CC(C)(C)C,33,1,Sub,-
*NC(C)CC,33,1,Sub,-
*C1=CC=C(*)CCC2OC2(*)CCC=C(*)CC1,32,4,Ring,----
*c1ccc2c(c1*)-c1c(*)c(*)cc3c1C(C2)[N+](*)(*)CC3,32,6,Ring,------
*c1cc(*)c2c(c1)C(=*)OC2*,32,4,Ring,--=-
*C1=CC2C3C(*)C(*)C(*)C3(*)C(*)CC2(*)C(*)C(*)C1*,32,10,Ring,----------
*C1CC2(*)OC(*)(CC2*)C(*)CC2OC(=*)C(=*)C12,32,7,Ring,-----==
*c1cc2c(c(*)c1*)-c1c(cc3c(c1*)OCO3)CC(*)C(*)C2*,32,7,Ring,-------
*c1nc[nH]c2ncnc1-2,32,1,Ring,-
*c1ccc2[nH]c3c(*)nc(*)cc3c2c1,32,3,Ring,---
*C1=CC23CC1CCC2C1(*)CCC(*)C(*)(*)C1CC3*,32,6,Ring,------
*C1=CC(=*)C(*)C2(*)C1CC1OC(=*)C(*)C3C(*)C(*)C4(*)OCC13C42,32,9,Ring,-=--=----
*C1Cc2c[nH]c3cccc(c23)C(*)N1,32,2,Ring,--
*c1cc2c(c(*)c1*)C(=*)c1c(ccc(*)c1*)C2(*)*,32,8,Ring,---=----
*c1c(*)c(=*)c2c(*)c3c(c(*)c2c1=*)C(=*)C1(*)C2C3OC1(*)C(*)C(*)C2*,32,12,Ring,--=--==-----
*C1=Cc2c(*)ccc3c2C(Cc2c4c(c5c(c2-3)OC(*)CC5)OC(*)C(*)(*)C4)C1*,32,7,Ring,-------
*C1=CCCC1,32,1,Ring,-
*C1=CC(*)C2C1C1OC(=*)C(=*)C1C(*)C(*)C2(*)*,32,8,Ring,--==----
*C1=CC(=*)Oc2c1c1c(c3c2C(*)C(*)C(*)O3)C=CC(*)(*)O1,32,7,Ring,-=-----
*c1cc2c(cc1*)C1Oc3c(cc4c(c3*)OCO4)C1CO2,32,3,Ring,---
*c1cc2c(c(*)c1*)-c1c(cc(*)c(*)c1*)CC(*)C(*)C2,32,8,Ring,--------
*C1CC(*)C2SC(=*)NC2C1*,32,4,Ring,--=-
*C1CNC(=*)C12CCCCC2,32,2,Ring,-=
*C1C23CC4N5CC(=*)C(CC5C2N(*)c2ccccc23)C41*,32,4,Ring,-=--
*C1CCC2C3CC=C4CC(=*)CCC4(*)C3CCC12*,32,4,Ring,-=--
*C1CC(*)C2(CO2)C2(*)C(*)CC(*)C(*)(*)C12,32,7,Ring,-------
*C1OC2(OC3C(*)OC(*)C(*)C3O2)C(*)C(*)C1*,32,7,Ring,-------
*c1cc2c(cc1*)N(*)C1=NC(=*)NC(=*)C1=N2,32,5,Ring,---==
*=C1Oc2ccccc2C(=*)C1=*,32,3,Ring,===
*c1ccc2c3c1OC1(*)C(*)C(*)C=C4C(C2)N(*)CCC431,32,5,Ring,-----
*C1C(=*)NC(=*)C1*,32,4,Ring,-==-
*c1cn2c3c(c[nH]c13)CCC(*)(*)C1=C3C(C2)C(*)C2C(*)(CCC4C(*)(*)C(=*)C5c6cc[nH]c6C6CCC5(C6)C42*)C3(*)CC1=*,32,11,Ring,-------=--=
*c1cc2ccc(*)c(*)c2o1,32,3,Ring,---
*C1OC(=*)C=C2C1(*)CCC1C3(*)CCC(*)C(*)(*)C3CC(*)C21*,32,9,Ring,-=-------
*c1cc2c(c(*)c1*)C(=*)CCC2*,32,5,Ring,---=-
*C1C2(*)c3ccccc3NC2N2C(=*)C3(*)SSSSC12C(=*)N3*,32,6,Ring,--=-=-
*c1cccc2c1C1(CCN3CC(*)C(*)CC31)C(=*)N2,32,4,Ring,---=
*C1CCc2ccccc2NC1=*,32,2,Ring,-=
*C1CC2C(=*)N3CCN(*)CC3C(=*)N2C1,32,4,Ring,-=-=
*C1CC(*)C23CC(C(*)C(*)C2(*)C1*)C(*)(*)O3,32,8,Ring,--------
*c1ccc2c(c1)N(*)c1ccccc1CC2,32,2,Ring,--
*c1cccc2c(=*)c3c(*)c4c(c(*)c3c(=*)c12)CCC(*)(*)C4*,32,8,Ring,-=--=---
*c1cc2c(c(*)c1*)C(=*)C(*)(*)C2,32,6,Ring,---=--
*C1CC2(*)C3CC=C4C(CC(=*)C(*)C4(*)*)C3(*)C(=*)CC2(*)C1*,32,10,Ring,--=----=--
*C1=NN(*)C(=*)S1,32,3,Ring,--=
*C1CCC2N(C1)CC1C3C4C=CCC56CC7(CCC(*)C7)C(*)CC5C(*)CC(C3CCC1C2(*)*)C46,32,6,Ring,------
*C1CCC2(*)C3=CCC4(*)C5CC(*)(*)CCC5(*)CCC4(*)C3=CCC2C1(*)*,32,9,Ring,---------
*c1nc2c([nH]1)C(=*)N(*)C(=*)N2*,32,5,Ring,-=-=-
*C1COC2(C=CC(=*)C=C2)O1,32,2,Ring,-=
*C1CC23COC(=*)C2=CCCC3C(*)(*)C1*,32,5,Ring,-=---
*C1CCC2C(*)(CCC(*)C2(*)*)C1=*,32,6,Ring,-----=
*C1CCCC2(*)c3ccccc3C=CC12,32,2,Ring,--
*C1(*)CCC2(CCCC2)C1,32,2,Ring,--
*C1CCCC(*)C(*)N1,32,3,Ring,---
*C1(*)CCC2(*)CCC3(*)C(=CC(=*)C4C5(*)CCC(=*)C(*)(*)C5CCC43*)C2C1,32,10,Ring,----=-=---
*C1CC=C2C1(*)CCC1C2(*)C(*)CC2C(*)(*)C(*)CC(*)C21*,32,9,Ring,---------
*C1=C(*)C2=C3CC(*)C(=*)C(C3)c3cc4cc[nH]c4cc3CCC(*)COc3c4c(c(*)c(c32)O1)OC(*)C4,32,7,Ring,---=---
*C1CC(*)C2CCC34CC(CCC3C2(*)C1)C(=*)C4*,32,5,Ring,---=-
*C1CCC2(OC1)OC1CC3C4CC=C5CC(*)C(*)CC5(*)C4CCC3(*)C1C2*,32,6,Ring,------
*N1C(=*)C2C3C=CC(*)(O3)C2C1=*,32,4,Ring,-=-=
*C1=C(*)c2ccc3c(c2OC1=*)C1OC(=*)CC2CC(*)C=CC2c2ccc4cc2CC#CCC(*)(O3)C1OC(=*)C(=*)CC4,32,8,Ring,--==--==
*C1CC2C(*)(CCC(*)C2(*)*)C2=CCC3(*)C4C(*)CC(*)C4(*)CCC3(*)C21,32,10,Ring,----------
*C1=CC(=*)c2c(cc3cc(*)cc(*)c3c2*)O1,32,5,Ring,-=---
*C1CC2(*)C3=CCC4(*)C(*)CCC4(*)C3CC(*)C2C(*)C1*,32,8,Ring,--------
*C1C2OC(=*)C(=*)C2C(*)C2(*)OC(CC2*)CC1(*)*,32,8,Ring,-==-----
*C1CCC2(*)C(CCC3C4CC(=*)C(=*)C4(*)CCC32)C1,32,5,Ring,--==-
*N1CCC2(C1)C(=*)Nc1ccccc12,32,2,Ring,-=
*C1CC(*)CC(*)C(*)C(*)C=CC=CC(*)C(*)OC(=*)C(*)C(*)C=CC(*)C(*)CC(*)C(*)C(*)CCC(*)C(*)CC2(*)OC(C1)CC(*)C2*,32,20,Ring,-------=------------
*C1=C(*)c2cccc3c2N(CCC3)C1=*,32,3,Ring,--=
*C1=CCC2CC(CC3(CC(*)C(*)C(*)O3)O2)OC(=*)C2C=C(*)C(*)C3OCC(=CC=CC(*)C1*)C23*,32,10,Ring,----=-----
*CCCC(C)=CC=CC(C)CCC=C(C)C*,32,2,Linker,--
*CC(CO)NC(=O)C(CCC(N)=O)NC(=O)C(CCC(N)=O)NC(=O)C(C)(C)NC(=O)C(C)(C)NC(=O)C(NC(*)=O)C(C)C,32,2,Linker,--
*CCCOC(*)=O,32,2,Linker,--
*OCC(O)C(*)O,32,2,Linker,--
*COP(=O)([O-])OP(=O)(O)OC*,32,2,Linker,--
*C=CC(=O)C=C(O)C=C*,32,2,Linker,--
*CNC(=O)CCC(*)C,32,2,Linker,--
*OC(=O)CC(O)CC(OC(=O)CC(O)CC(O*)C(C)CC)C(C)CC,32,2,Linker,--
*CC=C(C)CC(=O)C*,32,2,Linker,--
*CCC(C)NC(=O)CO*,32,2,Linker,--
*CSCC(NC(=O)CO*)C(=O)O,32,2,Linker,--
*CC(NS(*)(=O)=O)C(*)=O,32,3,Linker,---
*CCC(O)CC(CC*)OC(C)=O,32,2,Linker,--
*CNC(=O)C(N*)C(C)CC,32,2,Linker,--
*C(*)CCCO,32,2,Linker,--
*CCCCCCCCCCCCCCCCCCC,32,1,Sub,-
*CNC(=O)C(C)NC(=O)OC(C)(C)C,32,1,Sub,-
*OP(=O)(O)OP(=O)(O)O,32,1,Sub,-
*CNC(=O)C(N)C(C)CC,32,1,Sub,-
*OCCCCCCCCC,32,1,Sub,-
*C(=O)OCC(O)COC(C)=O,32,1,Sub,-
*C(C)CCC(=O)C(=C)C,32,1,Sub,-
*OCC(NC(=O)CCCCCCCCCCCCCCCCCCCCC)C(O)C=CCCCCCCCCCCCCC,32,1,Sub,-
*N(C)C(=O)CN,32,1,Sub,-
*OC(=O)CCCCCCCC=CCC=CCC=CCC,32,1,Sub,-
*CCOCO,32,1,Sub,-
*C=CCCCC,32,1,Sub,-
*CCC=C(C)C=O,32,1,Sub,-
*C(=O)NCC(=O)OCC,32,1,Sub,-
*NC(=O)CCCC(=O)O,32,1,Sub,-
*C(C)(O)CC=CC(C)(C)OO,32,1,Sub,-
*C=C[N+](=O)[O-],32,1,Sub,-
*C(C)CCC(O)C(C)O,32,1,Sub,-
*C(OC)C(=O)O,32,1,Sub,-
*=CC(=O)OCCNC,32,1,Sub,=
*SC(C)C,32,1,Sub,-
*OCC(C)CC,32,1,Sub,-
*C(O)CCO,32,1,Sub,-
*C(C)=CCC,32,1,Sub,-
*C=CC(O)CO,32,1,Sub,-
*SCC(N)C(=O)OCC,32,1,Sub,-
*CCC(=O)NC(CCSC)C(=O)O,32,1,Sub,-
*CCC(=O)NC(CCC)C(=O)O,32,1,Sub,-
*OCC(COC(=O)CCCCCCCC=CCC=CCC=CCC)OC(=O)CCCCCCCC=CCC=CCC=CCC,32,1,Sub,-
*OC(=O)CC(C)(O)CC(=O)OC,32,1,Sub,-
*COCCC,32,1,Sub,-
*COC(=O)C(O)(C(C)OC)C(C)(C)O,32,1,Sub,-
*CCC=C(C)C(O)CC=C(C)CCC=C(C)C,32,1,Sub,-
*C(=O)OC(C)CC,32,1,Sub,-
*OC(C)C(=O)NCCC(=O)O,32,1,Sub,-
*CC(C)(O)C=C,32,1,Sub,-
*NC(=O)C(CCC(=O)O)NC(=O)C(CC(C)C)NC(=O)CC(O)CCCCCCC,32,1,Sub,-
*CCC(=O)NC(CCCC)C(=O)O,32,1,Sub,-
*C[S+](C)[O-],32,1,Sub,-
*CC=CC(C)(C)OO,32,1,Sub,-
*OC(=O)CC(O)CCCCC,32,1,Sub,-
*C(CC=C(C)C)OC(C)=O,32,1,Sub,-
*C1=CC(*)C(*)CCC(*)=CCC1,31,4,Ring,----
*C1NC(=*)C(*)NC(=*)C(*)NC(=*)C(*)NC(=*)C(*)NC(=*)C(*)NC(=*)C(*)NC(=*)C(*)NC1=*,31,16,Ring,-=-=-=-=-=-=-=-=
*C1CCC2(*)C3=C(C(*)C4OC42C1)C1CCC(*)C1(*)CC3,31,5,Ring,-----
*c1cc2c3cn(cc3c1)-c1nc(*)cc3c1COC(CCCC(*)C#C3)CC(*)CCc1cc(c(*)cc1*)OC2,31,6,Ring,------
*C1=NC2CC#Cc3c(*)cc(*)c(*)c3C3C4CC(*)CC(C4=CC(C2)C3*)c2cc(*)cc(c2)Cc2cccc(c2)C2(CCCCC2)N1,31,7,Ring,-------
*c1c(*)c(*)c2c(*)c3c(cc2c1*)CC1C(*)C(*)C(*)C(*)(*)C1(*)C3=*,31,12,Ring,-----------=
*c1cc(*)c2c(*)c(*)c(*)c3c2c1C(=*)C(*)(*)C3=*,31,9,Ring,-----=--=
*c1cc2[nH]c(*)c(*)c2cc1*,31,4,Ring,----
*C1CNC(=*)C(*)NC(=*)C(=*)NC(=*)C(*)NC(=*)C(*)NC1=*,31,10,Ring,-=-===-=-=
*C1CC2CCN(*)C2C2c3cc4c(cc3C(=*)OC12)OCO4,31,3,Ring,--=
*C1=C2OC(*)C(*)C(=*)C2=C(*)C(*)(*)C1=*,31,8,Ring,---=---=
*C1=CC(=*)c2c(cc3c(*)c(*)cc(*)c3c2*)O1,31,6,Ring,-=----
*C1CCC2(*)C3CCC(*)(*)OC3(*)CCC2C1(*)*,31,7,Ring,-------
*C1=c2oc(=*)c3c2C(CC1)CC1C2CCC4(C5=CCC(*)C(*)SSCNc6cc(ccn6)C(*)C2=C4C(=*)O5)C31,31,6,Ring,-=---=
*C1=CCC(*)C=CC(*)C(*)C(*)C=C(*)C(=*)c2c(*)c(*)cc3c(=*)c(c(*)c(=*)c23)NC(=*)C=CC=CC=CC(*)C(*)CC1=*,31,16,Ring,------=--=-==--=
*c1nnc(*)c(*)n1,31,3,Ring,---
*C1(*)CC1(*)*,31,4,Ring,----
*c1cc(*)c2c(c1)Oc1cc(*)c(*)cc1C2=*,31,5,Ring,----=
*C1=CC(*)C(*)C1=*,31,4,Ring,---=
*C1SC(=*)NC1=*,31,3,Ring,-==
*C1NC(*)C2C(=*)C1C(*)NC2*,31,5,Ring,--=--
*c1ccc2c(c1*)C(=*)C1(*)C3CC(*)C(*)C1(O2)C(=*)O3,31,7,Ring,--=---=
*C1OC(*)C(*)O1,31,3,Ring,---
*C1CCC2(*)OC(*)C1O2,31,3,Ring,---
*C1=CC=CC(*)=CCC(*)NC(=*)C(*)=CC(*)=CC=CC=CC(*)(*)C(*)C=CC=C1,31,9,Ring,---=-----
*N1CCC2CC(=*)Nc3cccnc3OCCC2C1,31,2,Ring,-=
*N1C(=*)C2Cc3c([nH]c4ccccc34)CN2C1=*,31,3,Ring,-==
*C1CCC2(*)C3CCC4(*)C(=C3C(*)C3OC32C1)CCC4*,31,5,Ring,-----
*c1cc(*)c2c(c1)COC21OC(*)C(*)C(*)C1*,31,6,Ring,------
*C1CC(*)(*)C(*)(*)C2CCCC3(CO3)C12*,31,6,Ring,------
*C1OC(=*)CC2=C3CC4(*)C(=*)C(*)(C3CCC21*)C(*)C(*)(*)C4*,31,10,Ring,-=-=------
*c1c2c(nc3c1CCC3)CCCC2,31,1,Ring,-
*C1=C2CC(*)CCC(*)C2CC1=*,31,4,Ring,---=
*c1coc(*)c1*,31,3,Ring,---
*C1CCC2(*)C3CCC4(*)C(*)C(*)CC4(*)C3CCC2(*)C1,31,7,Ring,-------
*c1ccc2c(*)c(*)ccc2c1,31,3,Ring,---
*c1oc(=*)c(=*)c1*,31,4,Ring,-==-
*C1=C(*)c2cc(*)[o+]c3cc(*)cc(c23)O1,31,4,Ring,----
*C1CNC(=*)C2NC(=*)NC12,31,3,Ring,-==
*C1CCC2(*)CCC3(*)C(CCC4C5(*)CCC(=*)C(*)(*)C5C(*)CC43*)C12,31,9,Ring,----=----
*C1CCC2(*)C(CCC3(*)C2CC=C2C4CC(*)(*)CCC4(*)C(=*)CC23*)C1(*)*,31,10,Ring,------=---
*C1OC2(*)CC(=*)C3CC2(*)C13*,31,5,Ring,--=--
*c1cc(*)c2c(c1)C1(C(=*)N2)N2CCCC2C(*)C12C(=*)Nc1ccccc12,31,5,Ring,--=-=
*c1cc2c(c(*)c1*)Oc1cc(*)c(*)c(*)c1C2=*,31,7,Ring,------=
*c1c(*)c(=*)c2c(c1=*)CC1C(*)N3C(*)c4c(c(=*)c(*)c(*)c4=*)CC3C2N1*,31,11,Ring,--==--=--=-
*C1=CC(*)CC2(*)CCC(O2)C23CCC(*)(CC(O2)C2OC(*)(CC2=*)C(*)C2CCC4(CCCC(O4)C(*)C(=*)OC4CC(*)OC4C=C1)O2)O3,31,10,Ring,-----=--=-
*N1CCC2(CC1)NCCc1nc[nH]c12,31,1,Ring,-
*C1(*)CCC2=C(CCC3C(*)(*)CCCC23*)C1,31,5,Ring,-----
*C1CCC2(*)C(CCC3(*)C2CCC(*)C32COC(=*)C2)C1(*)*,31,7,Ring,----=--
*C1CCC2(*)C3=CCC4(*)C(*)CCC4C3=CCC2C1,31,4,Ring,----
*C1CCC2(*)C(=CCC3C2CCC2(*)C3CC3OC(*)C(*)C(*)C32)C1,31,6,Ring,------
*C1CC=CCC1*,31,2,Ring,--
*C1=C2Nc3ccccc3C23CCN2CCCC(*)(C1)C23,31,2,Ring,--
*C1=CCC2=C(*)CC(*)C3C(=*)C(=*)OC3C12,31,5,Ring,---==
*C1C2C(=*)C(=*)C(*)(C(=*)C2(*)*)C1*,31,8,Ring,-==-=---
*C1C=C2CCC3C(CCC4(*)C3CCC4(*)*)C2(*)CC1,31,5,Ring,-----
*C1CCC2(*)C3=CC=C4C5CC(*)(*)CCC5(*)CCC4(*)C3(*)CCC2C1(*)*,31,9,Ring,---------
*C1=NCCc2cc(*)ccc21,31,2,Ring,--
*C1CC(*)(*)C2CCC34CC(CCC3C2(*)C1)C(=*)C4*,31,6,Ring,----=-
*C1=CCC(*)=CC1,31,2,Ring,--
*C1CCC2(*)OC(*)(*)CCC2C1(*)*,31,6,Ring,------
*c1ccc2c(c1)C1(NC(*)CC1*)C(=*)N2,31,4,Ring,---=
*C1C=CC23c4cc5c(cc4C(*)N(CC2*)C3C1)OCO5,31,3,Ring,---
*C1C=CC(*)(*)C(*)C1,31,4,Ring,----
*C1C2=C(C(=*)CC3(*)C(*)CC(*)C23*)C2(*)CCC(=*)C(*)(*)C2C1*,31,11,Ring,-=-----=---
*C1=CCC(*)C(*)=CC(*)C(*)(*)CCC1,31,6,Ring,------
*S(=O)(=O)N=*,31,2,Linker,-=
*C(CO)CC=*,31,2,Linker,-=
*OC(=O)C(*)C,31,2,Linker,--
*C(=O)C(*)CC,31,2,Linker,--
*NC=C(*)C#N,31,2,Linker,--
*NO*,31,2,Linker,--
*C=CC(=O)OC(C*)C(=O)OC,31,2,Linker,--
*NC(=O)C=CC(=O)O*,31,2,Linker,--
*OC(C=CC(*)C)C(C)C,31,2,Linker,--
*CCS*,31,2,Linker,--
*CCNC(=O)C(NC(*)=O)C(C)C,31,2,Linker,--
*NC(=O)CCNC(=O)CC(*)*,31,3,Linker,---
*C(C)CC=*,31,2,Linker,-=
*C(=O)CCC(*)=O,31,2,Linker,--
*CCC(*)=C,31,2,Linker,--
*CCC(=O)C=CCCCC(C)CC*,31,2,Linker,--
*CP(*)(*)=O,31,3,Linker,---
*CC(OC(=O)C(C)=CC)C(*)=C,31,2,Linker,--
*CC=C(C)CCC(=O)NC*,31,2,Linker,--
*CC(*)=NN*,31,3,Linker,---
*CCC(NC(=O)C(COS(=O)(=O)O)OC)C(=O)N*,31,2,Linker,--
*C=CC(=O)NC(*)=S,31,2,Linker,--
*CC(*)NC(=N)NC,31,2,Linker,--
*C(=O)NCC(=O)NCC(=O)O,31,1,Sub,-
*C(=O)NC(CC(C)C)C(=O)NC(C)(C)C(=O)NC(C)(C)C(=O)NC(CCC(N)=O)C(=O)NC(CO)CC(C)C,31,1,Sub,-
*CC(=O)OC(C)(C)C,31,1,Sub,-
*=C=CC(C)=O,31,1,Sub,=
*CCCN(CC)CC,31,1,Sub,-
*CCC(=O)NCC(=O)NCC(=O)O,31,1,Sub,-
*C(C(=O)O)C(C)CC,31,1,Sub,-
*OCC(=O)N(C)C,31,1,Sub,-
*OC(=O)C=CC=CC(C)CC,31,1,Sub,-
*[O],31,1,Sub,-
*C(C)Cl,31,1,Sub,-
*C(C)(O)CC(=O)C(C)C(C)C,31,1,Sub,-
*CCC(=O)NCC(=O)O,31,1,Sub,-
*C(C)CCC=C(CO)CO,31,1,Sub,-
*CC(O)OCCCO,31,1,Sub,-
*NC(=O)C(C)C(O)C(C)C,31,1,Sub,-
*C(C)CC=CC(=C)C,31,1,Sub,-
*CCCCCC=C,31,1,Sub,-
*NN,31,1,Sub,-
*CCC(=O)NC(C(=O)O)C(C)C,31,1,Sub,-
*COC(=O)C(=C)C,31,1,Sub,-
*=CC(O)C(C)O,31,1,Sub,=
*CC=C(C)CCCC(C)(C)O,31,1,Sub,-
*C(C)=CC=CC(C)C=CCC(C)C,31,1,Sub,-
*OCNC(=N)NCCCCO,31,1,Sub,-
*C(C)CCCC=CCCCNC(=NC)NC,31,1,Sub,-
*C(C)CCCCCCCCCC,31,1,Sub,-
*NCC(C)(O)C(O)COC,31,1,Sub,-
*CC(=O)NCCCO,31,1,Sub,-
*OC(CO)NC,31,1,Sub,-
*C(=O)NC(CO)C(C)C,31,1,Sub,-
*NC(=O)C=CC(C)OC(C)=O,31,1,Sub,-
*COCCOC,31,1,Sub,-
*OCC(=O)NCCCCCC(=O)O,31,1,Sub,-
*C[N+](=O)[O-],31,1,Sub,-
*CCC(=O)NC(CC(C)C)C(=O)O,31,1,Sub,-
*CCCN([O-])C(=O)C=C(C)CCO,31,1,Sub,-
*C1C(*)C2(*)C(CCCC23CO3)C2(*)CCC3(COC(=*)C3)OC12*,30,6,Ring,----=-
*C1=COC(*)C2C(*)CC(=*)C12,30,4,Ring,---=
*C1CCC2(*)C3CCC4(*)C(*)C(*)C5OC54C3CCC2(*)C1,30,6,Ring,------
*c1ccc2ncc(*)c(*)c2c1,30,3,Ring,---
*c1ccc2oc(=*)c(=*)c2c1,30,3,Ring,-==
*C1CCC2(*)C1C(*)CC1C3CCC(*)C(*)(*)C3CCC12*,30,7,Ring,-------
*C1C2C=CC(CC2)C1*,30,2,Ring,--
*C1=CC(*)C2C(=*)C(=*)OC2C=C(*)C(*)CC1,30,6,Ring,--==--
*C1(*)NC(=*)C(*)(*)NC1=*,30,6,Ring,--=--=
*C1CC23CCC[N+]4(*)CCC5(c6ccccc6NC15CC2)C34,30,2,Ring,--
*C1=NC(=*)C(*)=NC(*)C(*)=NC(*)C(*)=NC(*)CC(*)=NC(*)C(*)=NC(*)C(*)C(*)=NC(*)CC1,30,15,Ring,-=-------------
*C1=C(*)C2(*)CCCC(*)(*)C2C(*)C1*,30,7,Ring,-------
*C1CC(*)C(*)(*)OC1(*)*,30,6,Ring,------
*c1cc2c(c(*)c1*)CNC2=*,30,4,Ring,---=
*C1=CC(*)C2C1C1OC(=*)C(=*)C1C(*)CC2(*)*,30,7,Ring,--==---
*C1OCC2(*)C(*)OCC12*,30,4,Ring,----
*C1CC2(*)C(=*)C(*)(*)C3C4C(CC(*)C3(*)C(*)C2C1*)C4(*)*,30,11,Ring,--=--------
*c1cc(*)c2c(c1)oc1c(*)c3cnn(*)c3nc12,30,4,Ring,----
*C1CC(=*)Oc2ccc3c(c21)OC1(CCCCC1)CC3=*,30,3,Ring,-==
*C1C(*)C(*)(*)C23OC(*)(*)C(CC(*)C2(*)C1*)C3*,30,10,Ring,----------
*c1cc2cc(*)c(*)c(*)c2cc1*,30,5,Ring,-----
*C1CCC2CCCCC2C1*,30,2,Ring,--
*C1CC2(*)OC(*)(*)CCC2C2(*)CCCC(*)(*)C12,30,7,Ring,-------
*C1CC(*)C2(*)C3=C(C(=*)CC12*)C1(*)CCC(=*)C(*)(*)C1CC3=*,30,10,Ring,---=--=--=
*C1=NC(=*)Nc2ncc(*)nc21,30,3,Ring,-=-
*C1=CC2(CC1)C(*)CCC(*)C2*,30,4,Ring,----
*C1CC(=*)OC(*)C(*)C(*)CC=Cc2nc(co2)-c2nc(co2)-c2nc(co2)C(*)C(*)C(*)CC(*)C1,30,9,Ring,-=-------
*C1CC2C(=*)OCC3C4CCC(*)C4(*)CCC3C2(*)CC1*,30,6,Ring,-=----
*C1=CCN(*)C1,30,2,Ring,--
*C1CC2(*)C3CCC4C(*)(CCC(*)C4(*)*)C3=CCC23C(=*)OC(*)(*)C13,30,9,Ring,------=--
*C1CC2(*)C3=CCC4C(*)(*)C(=*)CCC4(*)C3CCC2(*)C1*,30,8,Ring,----=---
*C1OCC(=*)C1=*,30,3,Ring,-==
*C1=CCC(*)(*)C(*)C1,30,4,Ring,----
*C1CCC(*)C(=*)C1=*,30,4,Ring,--==
*c1ccc2ccc3c(c2c1)CSSCCCCC(*)CC(=*)CCc1ccc(*)c(*)c1-3,30,5,Ring,--=--
*C1=C(*)C(*)C2=C(CC(*)C3(Oc4c(*)c(*)cc(*)c4C3=*)C2=*)N1,30,9,Ring,-------==
*c1coc2c1C(*)C1(*)C(*)CCC(*)C1C2=*,30,6,Ring,-----=
*C1CC(*)N2CCCCC2C1,30,2,Ring,--
*C1CCC2(*)C(CCC3C4CC(*)C(=*)C4(*)CCC32)C1,30,5,Ring,---=-
*c1cc(*)c2c(c1)C(*)c1ccc(*)c(*)c1C2=*,30,6,Ring,-----=
*C1=C2OC(=*)C34C5=C6CCC23C2(OC(=*)c3c(*)cccc32)C4CC(*)C=CC5CC2C(*)CC3=C(C62)N2CC4CC(CN(C4)C(*)C1)C2CC3,30,7,Ring,-==----
*C1NC(=*)COC1*,30,3,Ring,-=-
*C1CC=C2C1(*)CCC1C2(*)C(*)C2OCC3(*)C(*)CC(*)C1(*)C23,30,8,Ring,--------
*C1=CC(=*)OC2=C1C(=*)N(*)C=C2,30,4,Ring,-==-
*C12CC34C=CC(=*)C(*)(*)C3C(CC1C4)O2,30,4,Ring,-=--
*C1CC2=CC(=*)C=CC2(*)C2CCC3(*)C(*)CCC3C12,30,5,Ring,-=---
*c1ccc2c(c1)C(*)C(*)C(*)O2,30,4,Ring,----
*C1=CCCc2cc(*)cc(c2*)NC(=*)CC(*)C=CC=CC=CCC(*)C(*)C1*,30,8,Ring,---=----
*C1=CC(=*)c2cc3c(cc2O1)OC(*)(*)C(*)C3,30,5,Ring,-=---
*C1(*)CCCC2(*)OC12*,30,4,Ring,----
*c1c2c(cc3c1-c1c(cc4c(c1*)OCO4)C(*)C(*)C(*)C3*)OCO2,30,6,Ring,------
*C1NC(=*)C(=*)NC(=*)C(*)NC(=*)C(*)NC(=*)C2CCCN2C(=*)C2CCCN2C(=*)CNC(=*)C(*)NC(=*)C(*)C(*)NC(=*)C2CCCN2C(=*)C(*)NC1=*,30,19,Ring,-===-=-====-=--==-=
*C1CC(=*)OC(*)(*)C(*)C1(*)*,30,7,Ring,-=-----
*C1NC(=*)CNC(=*)C(*)NC(=*)C(*)NC(=*)C2CCCCN2C(=*)C(*)C(*)NC(=*)C2CCCN2C(=*)C(*)NC(=*)C(*)NC(=*)CNC1=*,30,17,Ring,-==-=-==--==-=-==
*c1ccc2c(*)ccnc2c1,30,2,Ring,--
*c1cccc2c1-c1ccccc1C2=*,30,2,Ring,-=
*C1Cc2ccc(cc2)OC(=*)C(*)NC(=*)C(*)NC(=*)C(*)NC(=*)C2CCCN2C(=*)C(*)NC(=*)C(*)NC(=*)C(*)NC1=*,30,15,Ring,-=-=-=-==-=-=-=
*C1C=CC(*)C=C1,30,2,Ring,--
*c1cccc2c1COC2*,30,2,Ring,--
*C1CC2C(*)(*)C(=*)CCC2(*)C2=C1C1(*)CCC(*)C1(*)CC2,30,8,Ring,---=----
*C1=CC2=C(*)C(=*)C3(*)OC(=*)C(*)C3C2=CO1,30,6,Ring,--=-=-
*C1=CC2C3(*)CCC(*)C(*)(*)C3CCC2(*)C2(*)C(=*)C(*)(*)C(=*)C12*,30,12,Ring,-------=--=-
*c1cc(*)c2c(c1*)CC(*)N(*)C2*,30,6,Ring,------
*C1=CC=CC(*)C(*)C(*)C(*)C(*)C(*)C(*)C(*)C=COC2(*)Oc3c(*)c(*)c4c(=*)c(c(*)c(=*)c4c3C2=*)N=C1*,30,17,Ring,------------=-==-
*c1c(*)c(*)c2c(c1*)C=CC(=*)O2,30,5,Ring,----=
*c1ccc2c(ccc3c(*)c(*)cc(*)c32)c1,30,4,Ring,----
*C12CC3CC(C1)CC(*)(C3)C2,30,2,Ring,--
*c1cc2c(cc1*)C(*)CCC2*,30,4,Ring,----
*C1CCC2(*)C3CCC4(*)C(CC5CCCCC54*)C3CC3OC32C1,30,4,Ring,----
*C1COC(=*)N1*,30,3,Ring,-=-
*C1CC2OC(=*)C(=*)C2CC2(*)C(*)CC(*)C12,30,6,Ring,-==---
*c1cccc2c1OC(=*)NC2*,30,3,Ring,-=-
*C1OC(=*)C(=*)C1=*,30,4,Ring,-===
*c1cc2ccoc2cc1*,30,2,Ring,--
*c1cccc2c1[nH]c1c(*)ncc(*)c12,30,3,Ring,---
*C1CC=CC(=*)C(*)C(*)c2coc(n2)-c2coc(n2)-c2coc(n2)C=CCC(*)C(*)C(*)OC(=*)C1,30,8,Ring,-=-----=
*C1NC(=*)CCCNC(=*)C(*)NC(=*)C(*)NC(=*)C(*)NC(=*)C(*)NC(=*)C(*)NC1=*,30,13,Ring,-==-=-=-=-=-=
*C1C2=C(CN(*)C2=*)Nc2cccc3[nH]cc1c23,30,3,Ring,--=
*C1=CCC2C(=*)C(*)CC(*)C(*)C12,30,5,Ring,-=---
*C1CC2=CC(=*)CCC2(*)C2CCC3(*)C(*)CCC3C12,30,5,Ring,-=---
*C1=CC(=*)C(*)C2(*)C1CC1OC(=*)C(*)C3C4(*)OCC13C2C(*)C4*,30,9,Ring,-=--=----
*c1cc2[nH]c3c(c2cc1*)N=CN(*)C3=*,30,4,Ring,---=
*C=NNC(=O)CO*,30,2,Linker,--
*C=NCCC(*)*,30,3,Linker,---
*CCCCCCC(N)C*,30,2,Linker,--
*C=CC(C)=CC=CC(C)=CC=CC=C(C)C=CC=C(C)C=CC=C(C)C=CC(O*)C(C)(C)O,30,2,Linker,--
*C(=O)C(CCSC)NS(*)(=O)=O,30,2,Linker,--
*=NN=*,30,2,Linker,==
*OC(=O)C=*,30,2,Linker,-=
*CCN=C(N)NC*,30,2,Linker,--
*CC(=O)N(C*)CCCOC,30,2,Linker,--
*OCC(=O)NCC(*)O,30,2,Linker,--
*CN(C)C(C)C(*)O,30,2,Linker,--
*CC(O)C(=O)NC(C*)C(*)=O,30,3,Linker,---
*NC(=O)C(NC(=O)C(CCCN)NC(*)=O)C(C)CC,30,2,Linker,--
*NC(=O)C(*)NC,30,2,Linker,--
*OC(*)(C)CCC(OO)C(=C)C,30,2,Linker,--
*C(CNC(=O)CON=*)CC(=O)O,30,2,Linker,-=
*COC(=O)CC(=O)OC*,30,2,Linker,--
*CCC(C)CC,30,1,Sub,-
*OC(C)C(=O)NCC(=O)NCC(=O)O,30,1,Sub,-
*OC(=O)C(=C)C(O)COC(C)=O,30,1,Sub,-
*=NC(C)(C)C,30,1,Sub,=
*C(C)CCO,30,1,Sub,-
*NC(=O)CSCC(=O)O,30,1,Sub,-
*C(C)CCC(=C)C(C)C(=O)OC,30,1,Sub,-
*SCCC,30,1,Sub,-
*C(OC)C(C)C,30,1,Sub,-
*C(C)CCC(OO)C(=C)C,30,1,Sub,-
*OCC(O)C(O)C(O)C(O)C=O,30,1,Sub,-
*CC(=O)NCC(=O)NC(C(=O)O)C(C)C,30,1,Sub,-
*C(=O)NCCC(=O)OC,30,1,Sub,-
*CC=C(C)CCC=C(C)CCC=C(C)CCC=C(C)CCC=C(C)CCC=C(C)CCC=C(C)CCC=C(C)CCC=C(C)C,30,1,Sub,-
*C(C)(O)COC(C)=O,30,1,Sub,-
*CC=CNC(=O)C=CC=NOC,30,1,Sub,-
*OCC(=O)NCC(=O)NCC(=O)O,30,1,Sub,-
*OC(=O)CCCCCCC(=O)O,30,1,Sub,-
*OCCC(N)C(=O)O,30,1,Sub,-
*=NOC,30,1,Sub,=
*CC(=O)CCC,30,1,Sub,-
*NC(=O)C(OC)C(O)C(O)C(O)C=CC(C)C,30,1,Sub,-
*C(=O)CCCCCCCCCCC,30,1,Sub,-
*C(C)C=CC(C)C(C)(C)O,30,1,Sub,-
*C(N)C(=O)OC,30,1,Sub,-
*OC(=O)C=C(C)C(C)(C)OC(C)=O,30,1,Sub,-
*CC(CC)CCCC,30,1,Sub,-
*=CC(C)O,30,1,Sub,=
*C(C)CCC(O)(C=C)C(C)C,30,1,Sub,-
*CCC(C)=CCCC(C)=O,30,1,Sub,-
*C(O)C(C)(C)OC,30,1,Sub,-
*C1=C(*)C(*)C(*)(*)C(*)C1=*,29,7,Ring,------=
*C1CCC2(*)C(C1)CC(*)C1C2CC(=*)C2(*)C(*)CCC12,29,6,Ring,---=--
*C1CC(*)C2CC(OC1*)C(*)O2,29,4,Ring,----
*c1ccc2nccnc2c1,29,1,Ring,-
*C1=C(*)c2cc3c(cc2OC1=*)OC1(CCCCC1)CC3,29,3,Ring,--=
*c1oc2ccc3c(c2c1*)C(=*)CC1(CCC(*)CC1)O3,29,4,Ring,--=-
*C1=C(*)C(*)(*)SC1=*,29,5,Ring,----=
*C1=CC2OC(=*)C3(*)OC23C(*)C2C(*)(*)C(*)C=CC2(*)C(*)CC1*,29,10,Ring,-=--------
*C1CNC(*)C(*)C1*,29,4,Ring,----
*C1=CCC(*)C(*)=CC2OC(=*)C(*)C2C(*)C1,29,6,Ring,---=--
*c1ncn(*)n1,29,2,Ring,--
*C12c3c4cccc3CCC1C1(CCCCC1)OCC2CC4,29,1,Ring,-
*C1CCCCNC(=*)C(*)NC(=*)C(*)NC(=*)C(*)NC(=*)C(*)NC1=*,29,10,Ring,-=-=-=-=-=
*C1CCC(=*)NC(=*)C(=*)NC(*)C(=*)NC(*)C(=*)NC(*)C(*)C(=*)NC(*)C(=*)NC(*)C(*)C(=*)N1,29,16,Ring,-===-=-=--=-=--=
*C1C=CC(=*)C(*)C1(*)*,29,5,Ring,-=---
*C1CC(=*)NC(*)C(*)NC(=*)C(*)NC1=*,29,7,Ring,-=--=-=
*N1CCN(*)C(=*)C1=*,29,4,Ring,--==
*C1=CC(=*)CC(*)C1*,29,4,Ring,-=--
*C1=CC(*)C2C(=*)CC(*)C3C(=*)C(=*)OC3C12,29,6,Ring,--=-==
*C1CCC2C3C(=*)CC4CC(=*)CCC4(*)C3CC(=*)C12*,29,6,Ring,-==-=-
*C1CCC2(*)C3=C(CCC2C1)C1=CCC(*)C1(*)CC3,29,4,Ring,----
*C1C(*)C(*)C(*)(*)C2C3CC(*)(*)C(*)CCC(*)(*)C(O3)C12,29,10,Ring,----------
*c1cc2c(cc1*)C1(CSC3c4c(*)c(*)c5c(c4C(COC1=*)N1C(*)C4Cc6cc(*)c(*)c(*)c6C(C31)N4*)OCO5)NCC2,29,10,Ring,----=-----
*C1CCC2(OC1)OC1CC3C4CC(*)C5(*)CC(*)C(*)CC5(*)C4CCC3(*)C1C2*,29,8,Ring,--------
*C1=CC(=*)Oc2c1cc1c(*)c(*)oc1c2*,29,5,Ring,-=---
*c1ccc2c(c1)C1(C(=*)N2)C2C(=*)N(*)C(=*)C2C2CCCN21,29,5,Ring,-==-=
*c1cc2c(cc1*)C1CCC3(*)C(*)CCC3C1CC2,29,4,Ring,----
*C1OC(*)(*)C(*)C1(*)*,29,6,Ring,------
*C1CC(*)C2(*)C(CC(*)C3(*)C2CCC2(*)C(*)C(=*)C4OC423)C1(*)*,29,10,Ring,-------=--
*C1CCC2C3CCC4=CC(=*)CCC4C3CCC12*,29,3,Ring,-=-
*c1cc2c(cc1*)C(=*)C(*)CO2,29,4,Ring,--=-
*N1C(=*)NC2NC(=*)NC21,29,3,Ring,-==
*c1cc2c(c3c1C(*)CC(=*)O3)C1=C(CCC1)C(=*)O2,29,4,Ring,--==
*C1CC2(*)C(=CC1=*)C=CC(*)C2*,29,5,Ring,--=--
*=C1COC(=*)C1,29,2,Ring,==
*C1=CC(*)CC(*)(*)C1(*)*,29,6,Ring,------
*c1cc2c(c3c1C(=*)c1ccccc1N3*)CC(*)O2,29,4,Ring,-=--
*C1=CCCC2C(*)(*)C(*)C(*)C(*)C12*,29,7,Ring,-------
*c1cc(*)c2c(c1)OCC(*)O2,29,3,Ring,---
*c1cc2c(c(*)c1*)CC1c3c(c(*)c(*)c(*)c3-2)CCN1*,29,7,Ring,-------
*C1=C(*)c2cc3[n-]c4c(c5nc(cc6[n-]c(cc1n2)c(*)c6*)C(*)C5*)CC(=*)c4c3*,29,8,Ring,------=-
*C1CCC2(*)C(CCC3(*)C2CCC24OC(*)C5(C(*)CC(*)(*)CC52)C(*)CC34*)C1(*)*,29,11,Ring,-----------
*C1=C(*)c2cc3c4c(c2OC1=*)CCCN4CCC3,29,3,Ring,--=
*c1c(*)c(*)c2c(c1*)OC(*)CC2*,29,6,Ring,------
*C1CC2(*)C(CCC3(*)C2CC=C2C4C(*)C(=*)CCC4(*)CCC23*)C(*)(*)C1*,29,10,Ring,----=-----
*C1=Cc2cc3c(cc2NC1=*)OCCO3,29,2,Ring,-=
*C1=CC=C2C3CCC4CC(=*)CCC4(*)C3CCC12*,29,4,Ring,-=--
*C1CC2(*)C(CCC3(*)C2CC=C2C4CC(=*)CCC4(*)CCC23*)C(*)(*)C1*,29,9,Ring,---=-----
*C1OCC23C(*)CC(*)C4(*)COC(C(*)C(*)(*)C12)C43,29,7,Ring,-------
*C1=C2CCCN2C(=*)NC1*,29,3,Ring,-=-
*c1cc(*)c2[nH]c(*)c(*)c2c1,29,4,Ring,----
*C1=NC(*)C(*)=NCC(*)C(=*)OC(*)C(=*)OC(*)CC=C1,29,8,Ring,----=-=-
*C1=Nc2ccccc2C12CCN1CC(*)C(*)CC12,29,3,Ring,---
*C1=C(*)N(*)C=CC1=*,29,4,Ring,---=
*C1=CCC2C1C1OC(=*)C(=*)C1C(*)CC2(*)*,29,6,Ring,-==---
*C1CCC2(*)C(CCC3C2CCC2(*)C3CC3OC4(NCC(*)CC4*)C(*)C32)C1,29,6,Ring,------
*c1cc(*)c2c(=*)c3cc(*)c(*)cc3c(=*)c2c1,29,6,Ring,--=--=
*C1NC(=*)C2(*)CCCN2C1=*,29,4,Ring,-=-=
*C1Cc2c([nH]c3ccccc23)C(*)N1*,29,3,Ring,---
*C1=C(*)NC(=*)N1,29,3,Ring,--=
*C1OC(=*)C(*)C(*)C(*)(*)C(*)C(*)C1*,29,9,Ring,-=-------
*c1ccc2c(c1)OC(=*)C1=C2OC(*)(*)C1*,29,5,Ring,-=---
*C1C(=*)N(*)C(*)(*)C(=*)N1*,29,7,Ring,-=---=-
*c1ccc2c(c1*)CCc1c(*)c(*)cc(*)c1-2,29,5,Ring,-----
*c1cc2c(cc1*)-c1c(cc(*)c(*)c1*)CC2,29,5,Ring,-----
*C1C2(*)c3ccccc3NC2N2C(=*)C3(*)SSSC12C(=*)N3*,29,6,Ring,--=-=-
*N1CCc2nc[nH]c2C1,29,1,Ring,-
*C1CC2(*)C3C(*)C1CC3(*)C13C(*)CCC4(*)CN(*)C1C2(*)C(*)C43,29,9,Ring,---------
*C1=NC(*)C(*)=NC(*)C(*)C(*)=NC(*)CCC(=*)N(*)C(=*)C(*)=NC(*)C(*)=NC(*)C(*)=NC(*)C1,29,16,Ring,-------=-=------
*C1(*)CCC1,29,2,Ring,--
*C1=CCC2C(=*)CC(*)C3C(=*)C(=*)OC3C12,29,5,Ring,-=-==
*C1=CC(*)C(*)(*)CC1*,29,5,Ring,-----
*C1C(*)C(*)(*)C2(*)C(*)CC34CC(*)(*)C(CCC3C(*)(*)C12)C4*,29,11,Ring,-----------
*c1ccc2c(*)nc(*)nc2c1,29,3,Ring,---
*c1cc(*)c2c(c1)C(*)CCC2*,29,4,Ring,----
*c1c(*)c(*)c2c(c1*)OC13C(=CC4CC1C(*)(*)OC3(*)C4=*)C2=*,29,9,Ring,-------==
*c1cc2c(cc1*)-c1c(c(*)nn1*)C2,29,4,Ring,----
*C1=NC(*)C(*)=NC1=*,29,4,Ring,---=
*C1c2cccc3c2C24CCN1C1N(*)CCC12c1ccccc1NC4N3*,29,3,Ring,---
*C1CCC2=CC3=CCC4(*)C(*)CCC4(*)C3CCC2C1(*)*,29,6,Ring,------
*C1=CCCC2(*)C(*)OC3(C(=*)C(=*)OC23)C(*)C1*,29,7,Ring,---==--
*c1cc2c(c(*)c1*)-c1c(cc(*)c(*)c1*)C(*)C(*)C(*)C2*,29,10,Ring,----------
*c1cc(*)c2c(c1)Oc1c(*)c(*)c(*)c(*)c1C2=*,29,7,Ring,------=
*C1NC(=*)NC1*,29,3,Ring,-=-
*C1CC2C(*)(*)CCCC2(*)C(*)C1(*)*,29,7,Ring,-------
*C1=C(*)C(=*)C1=*,29,4,Ring,--==
*c1c(*)c(=*)c2c(*)ccc(*)c2c1=*,29,6,Ring,--=--=
*c1cc2c(cn1)[nH]c1ccccc12,29,1,Ring,-
*c1ccc(*)c2c1OC(*)(*)CC2=*,29,5,Ring,----=
*C1C(=*)NC(=*)C2=Nc3ccccc3C(=*)N21,29,4,Ring,-===
*C1NC(=*)C2C(*)CCN2C(=*)C(*)OC(=*)CCNC(=*)C(*)N(*)C(=*)C(*)N(*)C1=*,29,13,Ring,-=-=-==--=--=
*C1=CC2(*)C(c3c(cc(*)c(*)c3*)N2*)C1*,29,7,Ring,-------
*C1C(=*)CC(*)(*)CC1=*,29,5,Ring,-=--=
*NCCO*,29,2,Linker,--
*CCCC(C)CCC*,29,2,Linker,--
*C(*)CCN,29,2,Linker,--
*C(=O)OC(*)O,29,2,Linker,--
*CC(*)(O)C(O)C(O)C(O)CO,29,2,Linker,--
*C(=O)NC(C(=O)NC(*)C)C(C)C,29,2,Linker,--
*CCCCCCCCC(*)=O,29,2,Linker,--
*CCC=C(C)CCC=C(C)CC*,29,2,Linker,--
*NC(*)C(*)=CC(=O)O,29,3,Linker,---
*CN(C*)CCOC,29,2,Linker,--
*OC(*)C(CO)O*,29,3,Linker,---
*CC(O)C(=O)O*,29,2,Linker,--
*CCCCCCCC=CCCCCCCC*,29,2,Linker,--
*C(C)CCC(C)C(C)(C)OC(C)=O,29,1,Sub,-
*CC(=O)NCCCOC,29,1,Sub,-
*OC(=O)CC(O)CCCCCCCCCCC,29,1,Sub,-
*CCS(=O)(=O)O,29,1,Sub,-
*SC(C)=O,29,1,Sub,-
*C(=O)OCCCCCCCCCCCCCCCC(=O)N(CCCN)CC(O)CCN,29,1,Sub,-
*OCC(NC(=O)CCCCCCCCCCCCCC=CCCCCCCCC)C(O)C=CCCCCCCCCCCCCC,29,1,Sub,-
*=NOCC(=O)NC(CO)C(=O)O,29,1,Sub,=
*C(C)=NNC(=O)OCC,29,1,Sub,-
*CCCCCCCC=C,29,1,Sub,-
*OC(=O)CCNC(=O)OC(C)(C)C,29,1,Sub,-
*CCCCCCCO,29,1,Sub,-
*CCC(C)COC(C)=O,29,1,Sub,-
*C(=O)NCCCCCC,29,1,Sub,-
*NC(=O)C(O)CO,29,1,Sub,-
*C(C)CC(=O)CC(C)(C)O,29,1,Sub,-
*CCCC(Cl)Cl,29,1,Sub,-
*CC(C)C(Cl)Cl,29,1,Sub,-
*C(CO)C(=O)O,29,1,Sub,-
*C=C(C)C=O,29,1,Sub,-
*OC(C(O)CN)C(N)C(O)CO,29,1,Sub,-
*CCCCC(=O)OC,29,1,Sub,-
*CC=C(C)CCC=C(C)CCC=C(C)CCC=C(C)CCC=C(C)CCC=C(C)C,29,1,Sub,-
*CC(=O)NC(CSC)C(=O)O,29,1,Sub,-
*C(C)C(=O)NC(C)(C)C,29,1,Sub,-
*CC(CO)CCO,29,1,Sub,-
*C(=O)OCCCCCCC,29,1,Sub,-
*OCC(NC(=O)CCCCCCCCCCCCCCC)C(O)C=CCCCCCCCCCCCCC,29,1,Sub,-
*C=CC(OC)C(C)C(=CC(=O)OC)OC,29,1,Sub,-
*C1=CC=CC2C1(*)CCC(*)C2(*)*,28,5,Ring,-----
*c1cc2c3c(c1*)-c1ccccc1CC3N(*)CC2,28,3,Ring,---
*c1cccc2c1[nH]c1c(*)nccc12,28,2,Ring,--
*C1=C(*)C2(*)CCC(*)C1C2*,28,5,Ring,-----
*C1CC2(*)C3CCC4C(=CC3=CCC2(*)C1*)CCC(*)C4(*)*,28,7,Ring,-------
*C1=CC(*)(*)C(*)OC1*,28,5,Ring,-----
*C1CC=CCCCC(=*)O1,28,2,Ring,-=
*C1=CC=CC=CC=CC=CC(*)C(*)OC(=*)C(*)C(*)CC(*)CC(*)CC(*)CC(*)CC(*)CC1*,28,12,Ring,---=--------
*C1=C2C=CN=C2C=[N+]1*,28,2,Ring,--
*C1CCC2(*)C1CC(*)C1C3(*)CCC(*)C(*)(*)C3CCC12*,28,8,Ring,--------
*C1=C2C(*)C(*)C3(*)CCC(*)C(=*)C3CC(CC1*)C2(*)*,28,9,Ring,-----=---
*C1CCC2(*)C(CCC3(*)C2CC=C2C4CC5(*)CC(OC5=*)C4(*)CCC23*)C1(*)*,28,9,Ring,----=----
*C1=C(*)N[S+](*)N1,28,3,Ring,---
*c1sc[n+](*)c1*,28,3,Ring,---
*C1CC2(*)C(CCC3C4CCC(*)C4(*)CCC32)C(*)C1*,28,6,Ring,------
*c1ccc2cc3ccccc3cc2c1,28,1,Ring,-
*C1=C2CC3(*)CCC(*)C2(CC1)C3(*)*,28,5,Ring,-----
*C1=CCCC(*)=CC2OC(=*)C(=*)C2CCC(*)=CCC1,28,5,Ring,--==-
*C1NC(=*)C(*)NC(=*)C(*)NC(=*)C(*)NC(=*)C(*)NC(=*)C(*)NC(=*)C(*)NC1=*,28,14,Ring,-=-=-=-=-=-=-=
*C1CC(=*)NC(*)C(=*)NC(*)C(=*)NC(*)C(=*)NC(*)C(=*)NC(*)C(=*)NC(*)C(=*)NC(*)C(=*)N1,28,16,Ring,-=-=-=-=-=-=-=-=
*C1CC2C(*)CCCC2NC1*,28,3,Ring,---
*c1ccc2cc1OCc1ccc3c(c(*)ccc3c1)CC#COC(*)CC(=*)CC2,28,4,Ring,---=
*C1C=CCCC2(CC3CCC4C(*)C5(CCCC(*)O5)NC(=N2)N34)O1,28,3,Ring,---
*c1ccc2nc(*)cn2c1,28,2,Ring,--
*C1CC2(*)C(=CCC2*)C2(*)C(*)CC3C(*)(*)C(=*)C=CC3(*)C12,28,9,Ring,-------=-
*c1cc2c(c(*)c1*)OC(*)CC2=*,28,5,Ring,----=
*C1=CCC2C1C1OC(=*)C(*)(*)C1C(*)CC2(*)*,28,7,Ring,-=-----
*C1=C(*)C2=C(CCCC2)NC1=*,28,3,Ring,--=
*C1CCC2(*)C(CCC3(*)C4CCC5(*)CCC(*)(*)CC5C4=CCC32)C1(*)*,28,8,Ring,--------
*C1=CC(=*)c2cc3c(c(*)c2O1)OC1(CC=CC(*)C1)C(*)C3,28,5,Ring,-=---
*C1CCC2(C1)C(=*)OCC13C(C(=*)C(*)C4(*)C1CCC1(*)C(*)OC(=*)C5OC514)C(*)(*)OC23,28,10,Ring,-==----=--
*C1CC2Cc3cccc(c3)Cc3cccc(c3)C3(CCCCC3)c3cccc(c3)CC2C1*,28,2,Ring,--
*C1CCC2C(=*)CCC3C(C12)C3(*)*,28,4,Ring,-=--
*C1CCC2(*)C3C(*)CC4(*)C(*)CCC4C3CC(*)C2(*)C1,28,7,Ring,-------
*C1CC2=CCCC(*)(*)C2CC1*,28,4,Ring,----
*C1c2c(ccc3c2OCO3)-c2ccc3cc4c(cc3c2N1*)OCO4,28,2,Ring,--
*c1ccc2ccc3c(c2c1)CSSCC(*)CCC(*)CC(=*)CCc1ccc(*)c(*)c1-3,28,6,Ring,---=--
*C1CC2C(*)(*)C(*)CCC2(*)C(*)(*)C1*,28,8,Ring,--------
*C1CCC2(*)CC1(*)CCC1C2CC1(*)*,28,5,Ring,-----
*C1CCC2(*)C(CCC34CCC(*)C(*)(CCC32)C4=*)C1*,28,6,Ring,----=-
*C1CC2=C(CCC3(*)C(*)CCC23)C23COC(*)(C(*)C2)C(*)(*)C13,28,7,Ring,-------
*C1C#CCC2CC3(*)C4=C5NC(*)C(=*)CC(*)CSSCC6C(*)C(*)CC(*)(C4CCC3(*)C2C(*)(*)C(*)CC(*)C2CC=C3CCC(*)CC3C2C1)C6C5=*,28,15,Ring,---=----------=
*C1CC(*)N2C(*)Cc3c([nH]c4ccccc34)C2C1,28,3,Ring,---
*c1cc2c(cc1*)C1Cc3ccc(*)c(*)c3C[N+]1(*)CC2,28,5,Ring,-----
*c1cc(*)c2c(c1*)OC(*)(*)C(*)C2,28,6,Ring,------
*C1CCC(*)(*)C#CCC(*)C(*)C1,28,5,Ring,-----
*N1CCC2(CC1)Nc1cccnc1NC2=*,28,2,Ring,-=
*C1CC2C(C(*)CC3(*)C2CCC3(*)*)C2(*)C=CC(=*)C=C12,28,7,Ring,------=
*c1c[n+](*)cn1*,28,3,Ring,---
*C1=CC(=*)c2cc(*)cc(*)c2O1,28,4,Ring,-=--
*C1CCCC2(CCCC(*)C2*)N1,28,3,Ring,---
*=C1NC(=*)C(=*)NC1=*,28,4,Ring,====
*C1C=CC(=*)c2ccccc21,28,2,Ring,-=
*C1=CC(=*)c2cc3c(c(*)c2O1)OC1(CCCC(*)C1)C(*)C3,28,5,Ring,-=---
*c1cc(*)c2c(*)c(*)oc2c1,28,4,Ring,----
*C1C[N+](*)(*)CCO1,28,3,Ring,---
*C1=COC(*)C2C(*)C(*)CC12*,28,5,Ring,-----
*c1cc(*)c2c(c1)C(*)(*)c1cc(*)cc(*)c1C2=*,28,7,Ring,------=
*C1CC(=*)C2(*)C3CCC4(*)C(*)CCC4C3CC3OC32C1*,28,6,Ring,-=----
*c1ccc2c3c1OC1CC(*)C=CC31CCN(*)C2,28,3,Ring,---
*N1C2=C(CCC2)C(=*)c2ccccc21,28,2,Ring,-=
*C1=CCC2(*)C3CCC4CC(*)CCC4(*)C3CCC12*,28,5,Ring,-----
*C1CCC2(*)C3(*)CCC4(*)C(*)CCC4C3=CC(*)C2(*)C1,28,7,Ring,-------
*c1cc(*)c2c(c1)OC(=*)c1ccccc1-2,28,3,Ring,--=
*C1CCC2(*)C3CC4OC(=*)C(=*)C4C4(*)CC34CCC12*,28,6,Ring,--==--
*c1ccc2c(n1)-c1csc(n1)C(*)NC(=*)c1csc(n1)C(*)NC(=*)c1csc(n1)C(=*)NC(=*)C(*)NC(=*)c1csc-2n1,28,9,Ring,--=-===-=
*C1CC(*)(*)C(=*)C(*)O1,28,5,Ring,---=-
*C1CCC2(*)C(CCC3C2C(=*)CC2(*)C3CCC2(*)*)C1,28,6,Ring,--=---
*C1C=CS(=*)(=*)C1,28,3,Ring,-==
*C1CC2OC3(OC2*)C1C1(*)CCC24CC25CCC(*)C(*)(*)C5CC=C4C1(*)C3*,28,8,Ring,--------
*C1CCC(*)(*)C2C(*)C3(*)OCC12C1CCC2CC13C(*)C2=*,28,7,Ring,------=
*C1=CC(=*)CC(*)(*)C1=*,28,5,Ring,-=--=
*c1cc2c(c(*)c1*)C(=*)c1c(*)cc(*)c(*)c1O2,28,7,Ring,---=---
*C1=CC(*)C=C2OC(*)=C(*)C=C12,28,4,Ring,----
*C1CC2C(=*)C(=*)C3C(CCC4(*)C(*)CCC34*)C2(*)CC1*,28,8,Ring,-==-----
*C1=CC2C3OC4(*)OC3(*)CC(*)C2(O4)C2C=C(*)C(=*)C2(*)C1,28,7,Ring,-----=-
*c1cc2c(c(*)c1*)-c1c(*)c(*)c(*)c(*)c1C(=*)OCC1OC(=*)c3cc(*)c(*)c(*)c3-c3c(*)c(*)c(*)c4c3C(=*)OC(C1OC2=*)C1OC(=*)c2c-4c(*)c(*)c(*)c2C1*,28,22,Ring,-------==------===----
*C1CCC2(*)C3CCC4(*)C(*)CC(*)C4C3CC(*)C2C1*,28,7,Ring,-------
*c1ccc2c(c1)CCNC2*,28,2,Ring,--
*c1cnc2cc(*)ccc2c1,28,2,Ring,--
*C1C(=*)C(*)C2OC2(*)C1*,28,5,Ring,-=---
*C1=CC2(CCCC2)C(*)C(*)C1*,28,4,Ring,----
*C1OC2CC(=*)OC2C1*,28,3,Ring,-=-
*c1ncoc1*,28,2,Ring,--
*C1=COc2c3c(c(*)c(*)c2C1=*)OC(*)(*)C=C3,28,6,Ring,---=--
*C1=CCCC(*)C12CCC(*)C2,28,3,Ring,---
*C1CC=C2C(=CCC3(*)C(*)CCC23*)C1(*)*,28,6,Ring,------
*C1CCC(*)N1*,28,3,Ring,---
*c1c(*)c2c(c3c1OC(*)(*)C=C3)OC(*)CC2=*,28,6,Ring,-----=
*c1nnc2c3ccccc3n(*)c2n1,28,2,Ring,--
*c1cc(*)c2c(*)c(*)[nH]c2c1,28,4,Ring,----
*C1=CC(=*)CC2(*)CCC(*)CC12,28,4,Ring,-=--
*c1cc(*)c2c(*)c3c(cc2c1)CC(*)C(*)C3=*,28,6,Ring,-----=
*c1cc(*)c2c(c1)C(=*)C1(*)OC(*)(*)C(*)CC1(*)C2=*,28,9,Ring,--=-----=
*c1ncnc2ccccc12,28,1,Ring,-
*N1C(=*)NC(=*)c2c1ncn2*,28,4,Ring,-==-
*C1CC(=*)OC12CCCCC2,28,2,Ring,-=
*C1C=CC(*)C(*)OC(=*)CCC1*,28,5,Ring,---=-
*C1=CCC2(*)COC(*)C1C2,28,3,Ring,---
*C1CCCN(*)C1*,28,3,Ring,---
*C1=CC(=*)CC(*)C12CCC(*)C2,28,4,Ring,-=--
*C1=C(*)N(*)C(*)C1=*,28,5,Ring,----=
*C1CC(=*)C2(*)C3=C(C(=*)CC12*)C1(*)CCC(=*)C(*)(*)C1CC3=*,28,10,Ring,-=-=--=--=
*C1CC2(*)C(CCC3(*)C2CC=C2C4CC(*)(*)C(*)CC4(*)CCC23*)C(*)(*)C1*,28,11,Ring,-----------
*C1C2=C(CC(*)(*)C3CC(*)(*)CC13)C(=*)OC2,28,6,Ring,-----=
*C1=C2CCC(*)(*)C3(CCC(*)C3*)C2CCC(*)Cc2cccc(c2)CCC(*)CNC2C(=*)NC(*)c3cccc(c32)CC1=*,28,10,Ring,-------=-=
*C1CC2C(=*)C=C3C(CC4C=CCC(*)(*)C5CCC3(*)C45*)C2(*)CC1*,28,8,Ring,-=------
*C1CCC23COC4(C=CC5C6(*)CCC(*)C(*)(*)C6CCC5(*)C4(*)CC2*)C3C1*,28,9,Ring,---------
*C1=C(*)CCC1,28,2,Ring,--
*C1=C2C(*)C(*)C3(*)C(*)CC(*)C(=*)C3C(*)C(CC1*)C2(*)*,28,11,Ring,------=----
*C1=CCC=C(*)C(*)CC(=*)OC2CC(CC1)OC2*,28,5,Ring,---=-
*c1cnoc1*,28,2,Ring,--
*c1cnc2ccccc2c1*,28,2,Ring,--
*C1=CC=CC(*)C1*,28,3,Ring,---
*c1c(*)[n+](*)cn1*,28,4,Ring,----
*C1=CC2OC(=*)C(=*)C2C(*)C(*)C(*)=CC(*)C1,28,7,Ring,-==----
*c1cn(*)c2ncnc(*)c12,28,3,Ring,---
*c1cn2c3c(c[nH]c13)CCC(*)(*)C1=C3C(C2)C(*)C2C(*)(CCC4C(*)(*)C(=*)CC5(CCC(*)C5)C42*)C3(*)CC1=*,28,12,Ring,-------=---=
*C1=CCCC2(*)OC2C2OC(=*)C(=*)C2CC1,28,4,Ring,--==
*C(=O)NCCCCNC(*)=O,28,2,Linker,--
*CCCN(C*)CC,28,2,Linker,--
*CC(CO)C(*)*,28,3,Linker,---
*C(*)CNCC(C)O,28,2,Linker,--
*C(Br)C(*)Br,28,2,Linker,--
*C(C)=CC(*)O,28,2,Linker,--
*CC(C*)C(O)CC(=O)C(*)(C*)CO,28,4,Linker,----
*OCCOC(*)=O,28,2,Linker,--
*CC(*)OC,28,2,Linker,--
*CNC(=O)CCC(*)=O,28,2,Linker,--
*CC(O)C(C)(C)O*,28,2,Linker,--
*CN(C*)CCCOC,28,2,Linker,--
*C#CC=C*,28,2,Linker,--
*CCNC(=O)CNC(*)=O,28,2,Linker,--
*OC(=O)C(O)C(*)NC(=O)C(C)=CC,28,2,Linker,--
*C(*)C=C(C)C,28,2,Linker,--
*CC(=O)NCC(=O)N*,28,2,Linker,--
*C=C(C)CCC*,28,2,Linker,--
*NC(=O)C(CCSC)NC(*)=O,28,2,Linker,--
*CC(CC(C)C(=O)O)NC(*)=O,28,2,Linker,--
*C(=O)NC(*)C(C)Cl,28,2,Linker,--
*CCC(=O)C(C*)C(O)CC*,28,3,Linker,---
*CC=CCCO*,28,2,Linker,--
*OCC(C)CCC(=O)C(*)C,28,2,Linker,--
*CC(=O)NC(C*)C(=O)OC,28,2,Linker,--
*C=CC(*)C=C,28,2,Linker,--
*C(=O)NC(*)CC(=O)O,28,2,Linker,--
*C(CCCC(C)C)COS(=O)(=O)[O-],28,1,Sub,-
*C(C)=CCCC(C)C,28,1,Sub,-
*COC(=O)NS(=O)(=O)O,28,1,Sub,-
*C(=O)C=CC(C)(C)O,28,1,Sub,-
*C(C)C(=O)CCC(C)CNC(C)=O,28,1,Sub,-
*NCC=C(C)C,28,1,Sub,-
*COO,28,1,Sub,-
*C(C)CCC(C)(O)C(C)(C)C,28,1,Sub,-
*CC=C(C=O)CC=O,28,1,Sub,-
*C=C(C)C(=O)OC,28,1,Sub,-
*C(C)N(C)C(C)=O,28,1,Sub,-
*NCCCC(C)C,28,1,Sub,-
*C(=O)COC(=O)CC,28,1,Sub,-
*C(CC(C)C)C(=O)O,28,1,Sub,-
*CCC(=CC(=O)O)COC(C)=O,28,1,Sub,-
*CC(=O)NCC(=O)NC(C(=O)O)C(C)CC,28,1,Sub,-
*CC(OC)C(C)CCC(=O)C(C)C(OC)C(C)C=CN(C)C=O,28,1,Sub,-
*OC(=O)CCCCCCC(=O)NC(CCCNC(=N)N)C(=O)O,28,1,Sub,-
*C(CO)CCC,28,1,Sub,-
*C(=O)NC(C(=O)NC(C)C(=O)O)C(C)C,28,1,Sub,-
*C=CC#C,28,1,Sub,-
*NC(=O)CCCCCCCCCCCCCCC,28,1,Sub,-
*C(O)C(N)C(=O)O,28,1,Sub,-
*CC(C(=O)O)[N+](C)(C)C,28,1,Sub,-
*C(=O)C(C)=O,28,1,Sub,-
*C1OC2OC(*)C(*)(*)C2(*)C1*,27,6,Ring,------
*c1cc2c(*)c(*)c(*)cc2o1,27,4,Ring,----
*C1C=CC(*)C(*)C(*)OC(=*)CC1,27,5,Ring,----=
*C1CCC(*)(*)C(=*)C1,27,4,Ring,---=
*C1=CNC(=*)C2=C1OC(=*)CC2*,27,4,Ring,-==-
*c1n(*)c2ccccc2[n+]1*,27,3,Ring,---
*c1cccc2c1C(*)CC(*)O2,27,3,Ring,---
*C1C(=*)NC23CCCCC2C1c1ccccc1O3,27,2,Ring,-=
*C1CC2(*)C(C(*)C(*)C34CC(CC(*)C23)C(=*)C4=*)C(*)(*)C1*,27,10,Ring,-----==---
*C1CC2(*)C(*)CCC3(CO3)C2C2OC(=*)C(=*)C12,27,5,Ring,---==
*C1=NC(*)CN1,27,2,Ring,--
*C1CCC2(*)C(=CCC3C2CCC2(*)C(*)CC(*)C32)C1,27,5,Ring,-----
*C1=C(*)C(=*)C(*)C(*)O1,27,5,Ring,--=--
*N1C(=*)Nc2ccccc21,27,2,Ring,-=
*C1=CC(*)C2C(CC(*)=CCC1)OC(=*)C2*,27,5,Ring,---=-
*C1CC(=*)CC(*)(*)C1*,27,5,Ring,-=---
*C1=CC(*)C23CC1C(*)(*)C2CCC3*,27,5,Ring,-----
*c1cccc2nc3c(*)ccc(*)c3nc12,27,3,Ring,---
*c1ccc2c(c1)C(=*)c1c(cc(*)c(*)c1*)O2,27,5,Ring,-=---
*c1csc(*)c1*,27,3,Ring,---
*c1cc(*)c2c(c1)C1(C(=*)N2)C2C(=*)N(*)C(=*)C2C2CCCN21,27,6,Ring,--==-=
*c1ccc2c(c1)NC(=*)CO2,27,2,Ring,-=
*C1=CC=CCC(*)(*)C(*)CCC1=*,27,5,Ring,----=
*C1CC2C3(*)CCC(*)C(*)(*)C3CCC2(*)C2(*)CCC34CCC(*)(OC3=*)C(*)(*)C4=C12,27,11,Ring,--------=--
*c1ccc2ccc3c(c2c1)CSSC1CCC(CC1*)C(*)CC(=*)CCc1ccc(*)c(*)c1-3,27,6,Ring,---=--
*c1cc2c(c(*)c1*)C1C=CC(*)C2C(*)C1,27,5,Ring,-----
*C1=NCC(*)CSSCC(*)N1,27,3,Ring,---
*C1CCNC(=*)C(*)NC(=*)C(*)NC(=*)C(*)NC(=*)C(*)NC(=*)C(*)NC(=*)C(*)NC1=*,27,14,Ring,-=-=-=-=-=-=-=
*C1CC2OC2C=CC(=*)C(*)CC(*)C(*)C(*)C(*)CC(=*)O1,27,8,Ring,-=-----=
*C1CCc2c(c(=*)oc2=*)C1*,27,4,Ring,-==-
*C1CC2C(=*)CCC3C(OC(=*)C3(*)*)C2C1=*,27,6,Ring,-==--=
*C1=CC2OC(CC=CC=CC(=*)OC3CC(C=CCC=C1)OC(*)C3(*)*)CC(*)C2*,27,7,Ring,-=-----
*C12CCC(=*)C=C1C(=*)CC1C2CCC2(*)C1CCC2(*)*,27,6,Ring,-==---
*C1C(=*)N(*)C(*)C(=*)N1*,27,6,Ring,-=--=-
*C1CC2=CCC3C4=C(CCC3C2(*)C(*)C1)C1C(OC2(OCC(*)C(*)C2*)C1*)C4=*,27,8,Ring,-------=
*C12CCC3C(CCC4CCCCC43*)C1CC(=*)C2=*,27,4,Ring,--==
*C1C(*)(*)CCC2C1(*)CCC1(*)C3CC(*)(*)CCC3(*)CCC21*,27,9,Ring,---------
*C1NC(=*)CN(*)C(=*)C(*)C(*)OC(=*)C(*)NC(=*)C(*)NC(=*)C(*)NC(=*)CNC(=*)C(*)NC(=*)C(*)NC(=*)C(*)NC1=*,27,20,Ring,-=-=--=-=-=-==-=-=-=
*C1=C(*)C2OC(*)(*)C(*)CC23OC3C1*,27,6,Ring,------
*C1=CC2=C(C(=*)O1)C(*)C1C3(*)CCC(*)C(*)(*)C3CC(*)C1(*)O2,27,9,Ring,-=-------
*C1=CCC(*)C2(*)CCC3C(=*)C(=*)OC3C12,27,5,Ring,---==
*C1=C(*)N(*)C(=*)NC1*,27,5,Ring,---=-
*C1C(=*)C2CCC3(*)C4(*)CCCC(*)(*)C4CCC13C2,27,6,Ring,-=----
*C1CCC2C3=CC(=*)OC3(*)CCC12*,27,4,Ring,-=--
*c1cc2c(c(*)c1*)C(*)NC(*)C2,27,5,Ring,-----
*c1ccc(*)c2ncccc12,27,2,Ring,--
*C1=C(*)C(=*)C(*)(*)C1=*,27,6,Ring,--=--=
*C1Cc2c(ccc3c2OC(=*)C=C3)OC1(*)*,27,4,Ring,-=--
*C1=C(*)C(*)(*)C(=*)C2(CC3C(CCC3(*)*)C(*)(*)C2)C1=*,27,10,Ring,----=----=
*=C1CCCC1,27,1,Ring,=
*C1=CC2C(*)CCC(*)C2(*)CC1,27,4,Ring,----
*c1cc2c(cc1*)C1(*)CCCC(*)(*)C1C=C2,27,5,Ring,-----
*C1CCC(*)C2(O1)OC(*)CC2*,27,4,Ring,----
*c1nsc(*)n1,27,2,Ring,--
*C1=CC(=*)OCC23CCC(*)=CC2OC2CC(OC(=*)C=CC=CC(*)OCC1)C3(*)C21CO1,27,6,Ring,-=-=--
*c1cc2c(c(*)c1*)-c1c(cc(*)c(*)c1*)CC(*)(*)C(*)C2,27,9,Ring,---------
*c1cc(*)c2c(c1*)C(=*)OC(*)C2,27,5,Ring,---=-
*C1NC(=*)CNC(=*)C(*)NC(=*)C(*)NC(=*)C(*)NC(=*)C(*)NC(=*)C(*)NC(=*)C(*)NC(=*)C(*)NC(=*)C(*)NC(=*)C(*)NC(=*)C(*)NC(=*)C(*)NC(=*)C(*)C(*)OC(=*)C(*)NC(=*)C(*)NC1=*,27,32,Ring,-==-=-=-=-=-=-=-=-=-=-=-=--=-=-=
*C1=CN=C(*)C(=*)N1*,27,4,Ring,--=-
*C1CCCNC1*,27,2,Ring,--
*C1C2C(*)(*)CCCC2(*)C2CCC3CC2(CC3(*)*)C1*,27,7,Ring,-------
*c1cc2c(c3c1CC(*)C(*)O3)C(*)CC(=*)O2,27,5,Ring,----=
*C1CC2CCC(O2)C(*)C(=*)OC(*)CC2CCC(O2)C(*)C(=*)OC(*)CC2CCC(O2)C(*)C(=*)OC(*)CC2CCC(O2)C(*)C(=*)O1,27,12,Ring,--=--=--=--=
*C1=COC(=*)C(*)=C1*,27,4,Ring,-=--
*C1CCC2(OC1)OC1CC3(*)C4CC=C5CC(*)CCC5(*)C4CCC3(*)C1C2*,27,6,Ring,------
*C1=NC(*)C(*)=NC(*)C(*)=NC(*)C(*)=NC(*)C(*)=NC(*)C(*)=NC1,27,11,Ring,-----------
*C1CCC2(*)C3=CCC(*)(*)CC3CCC2C1(*)*,27,6,Ring,------
*C1=CC2C3=C(C(*)CCc4cc(*)c(*)c(*)c43)C2C1=*,27,6,Ring,-----=
*C1C(*)C(*)C(*)(*)C1*,27,6,Ring,------
*c1cc(*)c2c(*)c3c(cc2c1)CC(*)(*)CC3=*,27,6,Ring,-----=
*C1NC(=*)C(*)NC(=*)C(*)C(*)OC(=*)C(*)NC1=*,27,9,Ring,-=-=--=-=
*c1cc(*)c2c(c1*)OC1(C(=*)C3=C(CC1*)NC1=C(C(=*)NC(=*)N1*)C3*)C2=*,27,10,Ring,---=-==--=
*C1C(=*)NC(*)(*)C2=Nc3ccccc3C(=*)N21,27,5,Ring,-=--=
*c1cc(*)c2c(c1)C(*)NC(=*)C1NC(=*)C(NC(=*)C3NC(=*)C(*)NC(=*)C(*)C(*)c4ccc(cc4)Oc4cc3cc(c4*)Oc3ccc(cc3*)C1*)c1ccc(*)c-2c1,27,15,Ring,---====-=------
*C1C2(*)C=C3C4CC(=*)OC(*)C4(*)CCC3C(*)(C2=*)C(*)C1(*)*,27,10,Ring,--=---=---
*C1COC(*)(*)C(*)C(*)C1,27,5,Ring,-----
*N1c2ccccc2C(=*)N2CCc3c(n(*)c4ccccc34)C21,27,3,Ring,-=-
*C1CC2(*)NC(=*)C1C(=*)N2,27,4,Ring,--==
*c1ccc2c(c1)C(*)(*)C(=*)N2*,27,5,Ring,---=-
*C1Cc2nc[nH]c2CN1*,27,2,Ring,--
*C1C(=*)N(*)C2(C(=*)OC2*)C1(*)*,27,7,Ring,-=-=---
*c1ccc2cc1Oc1ccc(cc1)CC1c3cc(c(*)cc3CCN1*)Oc1c(*)c(*)cc3c1C(C2)N(*)CC3,27,6,Ring,------
*C1=NNC(=*)NC1=*,27,3,Ring,-==
*C1CCC2(OC1)OC1CC3C4CC=C5CC(*)CCC5(*)C4CC(=*)C3(*)C1C2*,27,6,Ring,---=--
*C1C=CC=CCC(*)C(*)C(*)(*)C(=*)C(*)C(*)C(*)C(=*)C(*)C(*)C(*)C=CC(=*)OC2C(*)C(CC1)OC1(CCC(*)C(*)O1)C2*,27,18,Ring,-----=---=---=----
*C1CCNC(=*)C=CC(*)NC(=*)C(*)C1,27,5,Ring,-=-=-
*c1c(*)c(*)c2c(=*)c(*)cc(=*)c2c1*,27,7,Ring,---=-=-
*C1=Nc2ccc(*)cc2C12NC(*)C1C(=*)N(*)C(=*)C12,27,6,Ring,---=-=
*C1CCCC(*)C(=*)NCCCC(*)C(*)CC1,27,5,Ring,--=--
*n1nnc2ccccc21,27,1,Ring,-
*C1C=CC(=*)C(*)(*)C1,27,4,Ring,-=--
*C12CCC3C(CCC4CCCCC43*)C1CCC2=*,27,3,Ring,--=
*C1=CC2(*)c3ccccc3N(*)C23NC(=*)C(=*)N3C1=*,27,6,Ring,---===
*C1=CC2C(*)C(*)CC2(*)C(=*)C(*)=CC2C(CC1)C2(*)*,27,8,Ring,----=---
*C1=C2Nc3c(*)cccc3C23CC[N+]2(*)CC(=*)C1CC32,27,4,Ring,---=
*C1CCC(=*)C2C3CC(*)(*)C(*)CCC(*)(*)C(O3)C12,27,7,Ring,-=-----
*C1CC2OC(*)C(*)C(*)C2OC1*,27,5,Ring,-----
*C1CCC(*)C23CCC(*)(*)C2C13,27,4,Ring,----
*C1=NC(*)(*)CO1,27,3,Ring,---
*c1cc(*)c2c(c1)Oc1cccc(*)c1C2=*,27,4,Ring,---=
*c1ccc2c3c(cccc13)CC2,27,1,Ring,-
*C1CC=C2C1(*)CCC1C3(*)CCC(=*)C(*)(*)C3CC(*)C21*,27,8,Ring,---=----
*C1CC23OCOC24C(*)C2C5(*)CCC(*)C2(C4N(*)C5)C2(*)CC1C(*)C23,27,7,Ring,-------
*C1CCC[N+]1(*)*,27,3,Ring,---
*CC(*)O*,27,3,Linker,---
*CCNC(=O)C(CCSC)N*,27,2,Linker,--
*C(=C)C=CC=C(*)COCCO,27,2,Linker,--
*C(=C)CCC(*)O,27,2,Linker,--
*C=C(O*)C(=O)O,27,2,Linker,--
*CC(NC(*)=O)C(=O)OCC,27,2,Linker,--
*C(NC(=O)CON=*)C(=O)O,27,2,Linker,-=
*C(=O)NC(CCC(N)=O)C(=O)NC(C)(C)C(*)=O,27,2,Linker,--
*C=CCOC(*)=O,27,2,Linker,--
*CC(NC(=O)CC(N)C(=O)O)C(=O)N*,27,2,Linker,--
*C(NC(=O)CON=*)C(=O)OC,27,2,Linker,-=
*C=CC(=O)OC(C(=O)O)C(*)CNCC,27,2,Linker,--
*NC(=O)CS(*)(=O)=O,27,2,Linker,--
*C(*)CCNC(=O)CC(*)*,27,4,Linker,----
*CC(=O)NCC(*)=O,27,2,Linker,--
*CC(O)CN*,27,2,Linker,--
*CC(C)OC(=O)CC(C)OC(*)=O,27,2,Linker,--
*C=CC(C)=CC=CC(C)=CC=CC=C(C)C=CC=C(C)C=C=*,27,2,Linker,-=
*CC(CO)C(C*)CO*,27,3,Linker,---
*CCC(*)(C)C,27,2,Linker,--
*CC(O)C(*)O,27,2,Linker,--
*CCC(C*)CO,27,2,Linker,--
*C(=O)COC(=O)CCC(=O)NC(*)CC(=O)O,27,2,Linker,--
*CC(*)CCC(C)C,27,2,Linker,--
*C=CCCCCCCC,27,1,Sub,-
*CCC(C)(C=C)OC(C)=O,27,1,Sub,-
*CCC(CC(CCCCC)OC(C)=O)OC(C)=O,27,1,Sub,-
*C(=O)OCCO,27,1,Sub,-
*CC(C)(O)CC(=O)O,27,1,Sub,-
*CC(=O)NC(CO)CCSC,27,1,Sub,-
*C(C)C=CC(C(C)C)C(C)C,27,1,Sub,-
*F,27,1,Sub,-
*C(=O)NC(=C)C(=O)NC(=C)C(=O)O,27,1,Sub,-
*C(=O)NCCCC(=O)OC,27,1,Sub,-
*C(C)C(=C)C,27,1,Sub,-
*CCC(=O)NCCCC(=O)O,27,1,Sub,-
*CNC(=O)COCC(=O)O,27,1,Sub,-
*CC=C(C)CCC=C(C)CCC(O)C(C)(C)O,27,1,Sub,-
*C(C)(C)[N+]#[C-],27,1,Sub,-
*=[O+]C,27,1,Sub,=
*OC(=O)C=CCCC,27,1,Sub,-
*=CCC(C)C,27,1,Sub,=
*CC(OC)C(C)CCC(=O)C(C)C(CC=CN(C)C=O)OC,27,1,Sub,-
*OC(=O)C=CC(C)=CC(CO)CCO,27,1,Sub,-
*C(O)CCCC(C)C,27,1,Sub,-
*CCC(=O)NCCC(=O)O,27,1,Sub,-
*NC(=O)OCC=C,27,1,Sub,-
*CCCC=CCCCCCC,27,1,Sub,-
*CCC(=O)C(CCCCC)C(O)CC(O)CCC,27,1,Sub,-
*C(=O)OCCN(CC)CC,27,1,Sub,-
*CCC(=O)NC(CCCNC(N)=O)C(=O)O,27,1,Sub,-
*=COC(C)=O,27,1,Sub,=
*C(=O)NC(CO)CCCNC(=N)N,27,1,Sub,-
*=CC=CC,27,1,Sub,=
*COC(=O)C(=CC)CO,27,1,Sub,-
*C1CCC2(*)C3CCC4(*)C(*)C(*)C(*)C4C3CC(*)C2(*)C1,26,8,Ring,--------
*C1C2=C(C(=*)C(*)C3(CC3*)C2=*)C2(*)CCCC(*)(*)C2C1*,26,9,Ring,-=--=----
*C1=Cc2ccc3c(c2OC1=*)C1OC(=*)CC2CC(*)CCC2c2ccc(cc2)CCC(=*)C(=*)OC1C(*)(*)O3,26,8,Ring,-==-==--
*c1cc2oc3c(*)c(*)c(*)c(*)c3c2cc1*,26,6,Ring,------
*C1CC2OC(=*)C(=*)C2C(*)CC2(*)OC1=CC2=*,26,6,Ring,-==--=
*C1CC(*)C23COC(*)(*)C2C2(*)C(OC4(*)C5CC(OC6OC=CC65*)C42*)C2OCC1(*)C23,26,9,Ring,---------
*C1=NC(*)C(*)=C1*,26,4,Ring,----
*C1=CC2(*)C(*)CC3C4(*)CCCC(*)(*)C4CCC3(*)C2CC1*,26,8,Ring,--------
*c1cc2c(c(*)c1*)CC(*)(*)C2,26,5,Ring,-----
*C1=CCC(*)C=CC(*)=CC(*)C2(*)C(=*)OC(CC(*)C=C1)C(*)C2=*,26,9,Ring,-----=--=
*C1(*)C2CCC(=*)C1C2,26,3,Ring,--=
*C1CCC2(*)C(=CCC3C2CCC2(*)C3CCC23OC3(*)*)C1,26,5,Ring,-----
*C1=CC(=*)c2c(*)c3c4c(c2O1)C1c2ccnc(*)c2C(CCc2ccc(*)cc2C1*)CC(*)C(*)(O4)C(*)C3,26,9,Ring,-=-------
*C1=CC2C(*)C(*)CC2(*)C(*)C(*)C=CC(*)(*)C(*)CC1*,26,10,Ring,----------
*C1C(=*)N(*)c2ccccc21,26,3,Ring,-=-
*C1CCC2(*)C(C1)C(=*)CC1C3CCC4C(*)C5CCC(*)CN5CC4C3CC12,26,5,Ring,--=--
*C1C=CC(*)(*)OO1,26,3,Ring,---
*c1cc(*)c2c(c1*)OC(*)C2*,26,5,Ring,-----
*C1CC(*)(*)C23CC(CC(*)C2(*)C1*)C(*)(*)O3,26,8,Ring,--------
*c1cc2c(cc1*)C1CC(*)C3C(C#CC(*)CCCCC3*)C=C1CC2,26,5,Ring,-----
*C1C=CC(*)O1,26,2,Ring,--
*C1COC(=*)C(*)NC(=*)C(*)NC(=*)C(=*)NC(=*)C(*)NC(=*)C(*)NC(=*)C(*)NC(=*)C(*)NC(=*)C(*)NC1=*,26,18,Ring,-=-=-===-=-=-=-=-=
*C1CC2(*)C(CCC3C4CC(=*)C(*)C4(*)CCC32)C(*)C1*,26,7,Ring,--=----
*C1=C2CCC3C(CCC4(*)C(*)CCC34)C2(*)CCC1=*,26,5,Ring,----=
*C1CC2(*)C(CCC3C4CCC(*)C4(*)CCC32)CC1=*,26,5,Ring,----=
*C1CC(=*)C(*)C(*)C1,26,4,Ring,-=--
*C1=CC2OC(=*)C(=*)C2C(*)CC(*)(*)C=CC1=*,26,7,Ring,-==---=
*C1CCC2(*)C(=CCC3C4CC(*)C(=*)C4(*)CCC32)C1,26,5,Ring,---=-
*c1cc(*)c2c(c1)OC(*)C2,26,3,Ring,---
*C1=CC(*)(*)C(*)CC1=*,26,5,Ring,----=
*C1(*)Cc2ccccc21,26,2,Ring,--
*C1=CC(*)c2ccccc21,26,2,Ring,--
*C1=C(*)C2(*)CCC(*)C(*)(*)C2CC1,26,6,Ring,------
*C1CC2(*)C(*)CC(=*)CC2C(*)C1*,26,6,Ring,---=--
*C1C(=*)C2OC2C(*)C2(*)C3OC3C(*)C(*)C2C(*)C2(*)C(*)C(=*)OC12,26,10,Ring,-=-------=
*C1C2CC3(*)C(=*)C1(*)C(=*)C(*)(C3=*)C2(*)*,26,9,Ring,--=-=-=--
*c1coc2c1C(*)C1(*)C(CCC(*)C1*)C2=*,26,6,Ring,-----=
*C1CCC2(*)C1C(=*)CC1C3(*)CCC(*)C(*)(*)C3CCC12*,26,8,Ring,--=-----
*c1n[nH]c2ccccc12,26,1,Ring,-
*C1CC2(OC(=*)OC2*)C(*)C(*)O1,26,5,Ring,-=---
*C1=Nc2ccccc2NC(*)(*)C1,26,3,Ring,---
*c1cc2c(c(*)c1*)C(=*)c1c(*)cccc1O2,26,5,Ring,---=-
*C1=C(*)c2ccc3c(c2OC1=*)C1OC(=*)CC2CC(*)CCC2c2ccc4cc2CC#CCC(*)(O3)C1OC(=*)C(=*)CC4,26,8,Ring,--==--==
*C1CCC(*)(*)CC1(*)*,26,5,Ring,-----
*C1=C(*)c2cc3[nH]c4c(c3*)C(=*)C(*)c4c3nc(cc4[nH]c(cc1n2)c(*)c4*)C(*)C3*,26,9,Ring,---=-----
*C1CCC2(*)C3CCC4CC(=*)CCC4(*)C3CCC12*,26,5,Ring,--=--
*c1ccc2c3c(c[nH]c13)CC(*)NC(=*)C(*)N2*,26,5,Ring,--=--
*C1=CC(*)(*)C(*)C(*)C1=*,26,6,Ring,-----=
*C1C(*)(*)C(=*)N(*)C1(*)*,26,7,Ring,---=---
*=c1ccccc1=*,26,2,Ring,==
*c1cc(*)c2c(c1)Oc1c(cc(*)c(*)c1*)OC2=*,26,6,Ring,-----=
*C1=CCC23CC1C(*)(*)C2CCC3*,26,4,Ring,----
*N1CCCCCC1=*,26,2,Ring,-=
*C1=CC(=*)Oc2c1ccc1oc(=*)c(=*)c21,26,4,Ring,-===
*C1CCC=NN1*,26,2,Ring,--
*C1(*)OC(*)(*)C(*)(*)C(*)(*)C1(*)*,26,10,Ring,----------
*C1C(=*)OC2C(*)C(*)C3(*)C(*)C(=*)C4C(*)C3(OC4(*)COC(=*)c3cccnc3C1*)C2(*)*,26,13,Ring,-=----=--=---
*C12CC(CC3CCCNC31)C1CCCCN1C2,26,1,Ring,-
*c1cc2c(cc1*)NC(*)C2,26,3,Ring,---
*c1ncnc2c1c(*)nn2*,26,3,Ring,---
*C1C=CN=C1,26,1,Ring,-
*C12CCC(O1)C(*)(*)CO2,26,3,Ring,---
*c1cc2c(c(*)c1*)C1(*)CCCC(*)(*)C1CC2=*,26,7,Ring,------=
*C1=C(*)C(*)C2CC3C(=C(*)C2(*)C1=*)C(=*)c1c(*)cccc1C3(*)*,26,10,Ring,-----==---
*C1CC(*)C2(*)C3C(OCC13*)C(*)C1(*)C3=CCC(*)C3(*)C(*)CC12,26,9,Ring,---------
*c1cc2oc3c(*)c(*)cc(*)c3c2cc1*,26,5,Ring,-----
*c1ccc2c(c1)C(=*)CC(*)(*)O2,26,4,Ring,-=--
*C1CC(*)C2=C(CC3C(*)CCC3(*)O2)C1=*,26,5,Ring,----=
*C1=NC(*)C(*)=NC(*)C(=*)N(*)C(*)C(*)=NC(*)C(*)=NCCCCC1*,26,11,Ring,----=------
*C1CCC2(*)C(CCC3(*)C2C=CC24OCC5(CCC(*)(*)CC52)CCC34*)C1(*)*,26,8,Ring,--------
*C1=CCCC(*)(*)C=CC(*)CC1,26,4,Ring,----
*C1CC(*)C(*)(*)C1*,26,5,Ring,-----
*C1(*)CC(=*)CC1(*)*,26,5,Ring,--=--
*C1(*)CCCC2(*)C1CCC13CC(CCC12)C(=*)C3=*,26,5,Ring,---==
*c1cc2c(cc1*)CN1C(=*)N(*)C(=*)C1C2,26,5,Ring,--=-=
*C1=CC(=*)Oc2cc3c(cc21)CCCC3,26,2,Ring,-=
*C1=Cc2ccc(*)cc2OC1,26,2,Ring,--
*c1cc(*)c2c(c1*)OC1(C2)C(*)CCC2C(*)(*)C(*)C(*)CC21*,26,9,Ring,---------
*c1cc2c(*)c(*)oc2c(*)c1*,26,5,Ring,-----
*C1=NC(=*)N(*)C(=*)C1*,26,5,Ring,-=-=-
*C1CC(=*)OCC2OC(OC(*)CC(=*)OCC3OC(O1)C(*)C(*)C3*)C(*)C(*)C2*,26,10,Ring,-=-=------
*C1C=CC(*)C1*,26,3,Ring,---
*[N+]1=CC=C2N=CC=C21,26,1,Ring,-
*c1ccc2c(c1)C(*)Cc1c3c(c4c(c1-2)OC(*)CC4)OC(*)C(*)C3,26,5,Ring,-----
*C1CC(*)N(*)C1*,26,4,Ring,----
*C1=NCCC1,26,1,Ring,-
*c1ccc2c(*)cn(*)c2c1,26,3,Ring,---
*C1CCC2(*)C1C(*)CC1C3(*)C(*)CC(*)C(*)(*)C3CCC12*,26,9,Ring,---------
*C1CC(=*)NC(*)C(=*)NC(*)C(*)C(=*)NC(*)CCC(=*)NC(=*)C(=*)NCC(=*)NC(*)C(=*)N1,26,14,Ring,-=-=--=-====-=
*C1=CC(*)C2OC2C1=*,26,3,Ring,--=
*c1ccc2c(c1)N(*)C1C(*)(*)C(*)C3(*)C=CCN4CCC21C43,26,6,Ring,------
*c1[cH-]c(*)c(*)n1,26,3,Ring,---
*c1ccc2c(*)c(*)cc(*)c2c1,26,4,Ring,----
*C1CCC2C(=*)C(=*)OC2C2(*)C(=*)CCC12*,26,6,Ring,-==-=-
*C1CC(*)C2(CC(=*)C3(*)C4=C(CCC32*)C2(*)CCC(*)C(*)(*)C2CC4)O1,26,9,Ring,--=------
*C1=CC(*)C2C(=*)C(=*)OC2CC2(*)OC2CC1,26,5,Ring,--==-
*=C1NC(=*)C(=*)S1,26,3,Ring,===
*N1CCC(=*)CC1,26,2,Ring,-=
*C1CCNC(*)CC(=*)NCCCN(*)C1,26,4,Ring,--=-
*C1CC2c3cccc4[nH]cc(c34)CC2N(*)C1,26,2,Ring,--
*C1C(*)C2(*)CCC34CC35CCC(*)C(*)(*)C5CCC4C2(*)C1*,26,8,Ring,--------
*C1=C2C(*)C(*)C3(*)CCC(*)C4(CO4)C3C(*)C(CC1*)C2(*)*,26,9,Ring,---------
*C1CC2C(*)(*)C(*)CC(*)C2(*)C2(CO2)C1,26,6,Ring,------
*C1CCC2(*)C(=CCC3C2CCC2(*)C3CC3OC4(CCC(*)C(*)O4)C(*)C32)C1,26,6,Ring,------
*C1=C(*)C(=*)CC(*)O1,26,4,Ring,--=-
*C1=CC(=*)c2c(*)c3c(c(*)c2O1)OC(*)(*)C=C3,26,6,Ring,-=----
*C1CC(*)OC(*)(*)C1,26,4,Ring,----
*c1cc(*)c2c(c1*)Oc1ccc(*)c(*)c1C2=*,26,6,Ring,-----=
*C1C=CC(=*)C2(*)C3CCC4(*)C(CCC4(*)*)C3CC3OC132,26,6,Ring,-=----
*C1=CN2C(=*)C(*)=C(*)N=C2C=C1,26,4,Ring,-=--
*C1=NCCC(=*)OC(*)C(=*)N2CCCC2C(*)=NC(*)C(=*)N(*)C(*)C(=*)N(*)C1*,26,12,Ring,-=-=--=--=--
*c1ccc2c(=*)c(*)cc(=*)c2c1*,26,5,Ring,-=-=-
*c1cccc2c(=*)c3c(*)c4c(cc3c(=*)c12)C(*)CC(*)(*)C4*,26,8,Ring,-=-=----
*C1CC2(*)C(=*)C(*)C3OC3C(*)(*)C(*)C(*)C(*)C(=*)C(*)C2C1*,26,12,Ring,--=------=--
*=c1oc2ccccc2c1=*,26,2,Ring,==
*C1CC(=*)C(=*)OC2CCN(*)CC=C(COC(=*)C1(*)*)C2=*,26,8,Ring,-==-=--=
*C1CC(*)C(*)C2(O1)OC(*)CC2*,26,5,Ring,-----
*C1=CCC2(*)C(*)CCC(*)(*)C2C1,26,5,Ring,-----
*C1NC(=*)C(=*)NC(=*)C(*)NC(=*)C(*)NC(=*)C(*)C(*)OC(=*)C(*)NC(=*)C(*)N(*)C(=*)CNC1=*,26,17,Ring,-===-=-=--=-=--==
*c1cc(*)c2cc(*)n(*)c2c1,26,4,Ring,----
*C1C(*)C23CCC(=*)C2C(*)(C(*)CC3)C(*)CC1(*)*,26,8,Ring,--=-----
*C1CC2(*)C3C(*)C1CC3C13C(*)CC(*)C4(*)CN(*)C1C2C(*)C43,26,8,Ring,--------
*c1ccc2c(c1)CCc1cc(*)cc(*)c1-2,26,3,Ring,---
*C1=C(*)c2c(cc(*)c3c2OC(*)CC3=*)OC1=*,26,6,Ring,----==
*OC(C)C(*)OC(C)=O,26,2,Linker,--
*C(*)CC(CNC)C(N)O,26,2,Linker,--
*C(=O)C(*)CCC,26,2,Linker,--
*CC(*)CC(CO)O*,26,3,Linker,---
*C(=O)NC(C)C(=O)NC(*)C,26,2,Linker,--
*C(=O)C(*)*,26,3,Linker,---
*CC(NC(=O)CON=*)C(=O)OCC,26,2,Linker,-=
*OCC(=O)NC(*)C,26,2,Linker,--
*CC(*)OC(=O)C(C)=CC,26,2,Linker,--
*CN(CCC(*)C(C)C)C(=O)CC,26,2,Linker,--
*CC(C)CCCCCC(O)C(O)C(O)C(O)C(*)O,26,2,Linker,--
*CC(*)CCCOC,26,2,Linker,--
*CCC=CCC(C*)CC*,26,3,Linker,---
*CCC(=O)NC(C)CC*,26,2,Linker,--
*CC=CC=CC=C(C)C(O)C(C)(C)C(=O)NCC=CC=CC(O)C(C)CC(*)OC,26,2,Linker,--
*NC(=O)CON=*,26,2,Linker,-=
*C=CC(=O)CC(=O)CCC*,26,2,Linker,--
*C(C)CCC(CCO)C(C)C,26,1,Sub,-
*OC(C=CCCCO)C(O)C#CC#CC=CC,26,1,Sub,-
*OC(=O)NC(C)=O,26,1,Sub,-
*NCC(C)(O)CCOC,26,1,Sub,-
*C(=O)NCCCOCCCC,26,1,Sub,-
*CC(C)CCCC,26,1,Sub,-
*C(C)CCC(O)C(O)C(O)CO,26,1,Sub,-
*SCC#C,26,1,Sub,-
*OC(=O)C(C)(C)OC(C)=O,26,1,Sub,-
*COC(=O)CC(=O)[O-],26,1,Sub,-
*OC(=O)C(=C)C(C)O,26,1,Sub,-
*CCC(C)C(=C)C,26,1,Sub,-
*=CC=C(C)C,26,1,Sub,=
*OC(C)C(=O)NCCCC(=O)O,26,1,Sub,-
*C(C)C(O)CCCNC(=N)N,26,1,Sub,-
*=NOCC(=O)NC(CS)C(=O)O,26,1,Sub,=
*=NOCC(=O)NC(C)C(=O)NC(CCCC)C(=O)O,26,1,Sub,=
*CCC(OO)C(=C)C,26,1,Sub,-
*CCCCCCCC=CCCCCCC,26,1,Sub,-
*CC#CC,26,1,Sub,-
*CC(O)C=C(C)C,26,1,Sub,-
*C(=O)NC(C(=O)NC(C(=O)O)C(C)C)C(C)CC,26,1,Sub,-
*C(O)(CO)CO,26,1,Sub,-
*C(=O)COC(=O)CCC(=O)NC(C(=O)O)C(C)CC,26,1,Sub,-
*C(=O)NC(=CC)C(=O)NCC(C)O,26,1,Sub,-
*CCCCC(N)C(=O)O,26,1,Sub,-
*NC(=O)C(COS(=O)(=O)O)OS(=O)(=O)O,26,1,Sub,-
*CC(CCC)N(C)C,26,1,Sub,-
*C(C)C(OC(C)=O)C(C)=CC,26,1,Sub,-
*OC(=O)C=CC=CC=CC=CC(=O)O,26,1,Sub,-
*OC(=O)CCCCCNC(=O)OC(C)(C)C,26,1,Sub,-
*COC(=O)C=CC=CCCCCC,26,1,Sub,-
*CCC(=O)CC,26,1,Sub,-
*OC(=O)C(C)(O)C(C)Cl,26,1,Sub,-
*C(=O)NCCCN(C)C,26,1,Sub,-
*c1cc(*)c2c(c1)CC1C(*)(CCC3C1(*)CCC1C(*)(*)C(*)CCC13*)O2,25,8,Ring,--------
*C1C=CC(=*)NCC(*)C(=*)N2CCCC2C(=*)NC(*)C(=*)C(=*)NC(*)C(=*)N1,25,10,Ring,-=-==-==-=
*C1CC2CC(=*)CCC2(*)C2CC(*)C3(*)C(*)CCC3C12,25,6,Ring,-=----
*C1CCC2(*)C(=CCC3(*)C2CC(*)C2(*)C(*)CC(*)C32*)C1,25,8,Ring,--------
*C1CC2(*)C(*)C(=*)CCC2C(*)(*)C1*,25,7,Ring,---=---
*C1=CC2C(CC(*)C(=*)C(*)C3C(*)C(*)CC3(*)C1=*)C2(*)*,25,10,Ring,--=----=--
*C1=CC(*)C(*)C2(*)C1CC1OC(=*)C(*)C3C4(*)OCC13C2C(*)C4*,25,9,Ring,----=----
*C1CCC2(*)C(CCC3(*)C2CCC2C4C5OC(=*)C4(CCC5(*)*)CCC23*)C1(*)*,25,9,Ring,---=-----
*C1C(=*)C2CC13C1CC4C5(*)CCC(*)C4(C1N(*)C5)C3CC2=*,25,6,Ring,-=---=
*C1CCC2=CCCC(*)C2(*)C1,25,3,Ring,---
*C1CC2C3CCC4=CC(=*)CCC4(*)C3CCC2(*)C1(*)*,25,6,Ring,-=----
*c1cccc2c1C(*)C(=*)NC2*,25,4,Ring,--=-
*C1NC(=*)CNC1=*,25,3,Ring,-==
*=C1CCC(=*)C1=*,25,3,Ring,===
*C1CCC2(CCC(*)(*)C(*)O2)OC1*,25,5,Ring,-----
*C1C(=*)C=C2C1(*)CCC1C3(*)C=CC(=*)C(*)(*)C3CC(*)C21*,25,9,Ring,-=--=----
*C1=C(*)CC(*)(*)CC1,25,4,Ring,----
*C1=CNC(=*)C=C1,25,2,Ring,-=
*C1NC(=*)C(=*)NC(=*)C(*)NC(=*)C(*)C(*)OC(=*)C(*)NC1=*,25,11,Ring,-===-=--=-=
*c1ccc2c(=*)ccc(=*)c2c1,25,3,Ring,-==
*c1ccc2c(c1)NC(=*)N(*)C2=*,25,4,Ring,-=-=
*C1C(=*)OC2C(*)C3CCCCN4C(*)CC(C12)C34,25,4,Ring,-=--
*C1=CCC2(*)C(=*)C(*)=C(*)C2CC=C(*)C(*)CCC(*)=CCC1,25,8,Ring,--=-----
*C1CCC(=*)C2CC(*)(*)C2CC(=*)C1=*,25,6,Ring,-=--==
*C1C=C2C3CC(*)(*)CCC3(*)CCC2(*)C2(*)CCC3C(*)(*)C(*)C(*)CC3(*)C12,25,11,Ring,-----------
*C1=CCC2CC1C(*)OC2(*)*,25,4,Ring,----
*c1cc2c([nH]1)C1C=CC3(CCCC3C1)C2*,25,2,Ring,--
*C1=COC(*)C2CN3CCC4(C(=*)Nc5ccccc54)C3CC12,25,3,Ring,--=
*C1CC2(*)C3(*)CC4C5(*)CCC(*)C4(C3N(*)C5)C3CC1C(*)C32*,25,8,Ring,--------
*C1=CCC(*)(*)C=CC(*)C2(*)OC2CC1,25,5,Ring,-----
*C1=CC(*)C2(*)CCC3(*)CCC(*)=C3C2CC1*,25,6,Ring,------
*C1CC(*)C(*)CC(*)C(*)O1,25,5,Ring,-----
*C1(*)CC23CCC4c5ccoc5CCC4(*)C2CCC1C3,25,3,Ring,---
*C1CC2CCC3C(CCC4(*)C(*)CCC34*)C2(*)CC1*,25,6,Ring,------
*c1cc[nH]n1,25,1,Ring,-
*C1=COc2cc3c(c(*)c2C1=*)CC(*)O3,25,4,Ring,--=-
*C1C=CC=CC=CC=CCC(*)OC(=*)C=CC2OC2CC(*)CC2(*)CC(*)C(*)C(C1)O2,25,7,Ring,--=----
*C1OC(=*)c2c1ccc1c2OCO1,25,2,Ring,-=
*C1C2CC3OC(=*)C1C3O2,25,2,Ring,-=
*C1CCC23CC24CCC2(*)C(*)CCC2(*)C4CCC3C1,25,4,Ring,----
*C1=CC=C2C3Cc4ccc(*)c5c4C2(CCN3*)C1(*)O5,25,4,Ring,----
*c1c(*)c2c(c3c1OC(*)C3(*)*)OC13C(=CC4(*)CC1C(*)(*)OC3(*)C4=*)C2=*,25,11,Ring,---------==
*c1ccc2c(c1)CCCC2,25,1,Ring,-
*c1cc2c(=*)c(*)c(*)c(=*)c2c2c1C(*)(*)C(*)O2,25,8,Ring,-=--=---
*C1=CCC2(*)C(*)CC(*)(*)C2C(*)C1,25,6,Ring,------
*C1CC(*)(*)CCC1(*)*,25,5,Ring,-----
*C1CC2C(*)(*)CCCC2(*)C2CC3C4CC12CC34*,25,5,Ring,-----
*C1CC2C(=*)CNC(Cc3c1[nH]c1ccccc31)C2*,25,3,Ring,-=-
*C1OC(=*)C2OC23C1(*)CCC1C2(*)C=CC(=*)OC(*)(*)C2CC(*)C13*,25,9,Ring,-=--=----
*C1CCC(*)(*)OC1,25,3,Ring,---
*C1CCN2C(=*)C(*)NC(=*)C(*)N(*)C(=*)C(*)NC(=*)CNC(=*)C(*)NC(=*)C(*)C(*)OC(=*)C2C1,25,15,Ring,-=-=--=-==-=--=
*C1CC2(*)C3=CCC4(*)C5C(*)CC(*)C5(*)CCC4(*)C3C(*)CC2C(*)(*)C1*,25,11,Ring,-----------
*c1nc2c(*)cccc2[nH]1,25,2,Ring,--
*C1CCC2(*)C(C=CC3C2CCC2(*)C3CCC2(*)*)C1,25,5,Ring,-----
*C1CCC2(*)CCCC(*)(*)C2C1*,25,5,Ring,-----
*C1=CCC2C(*)C1C2(*)*,25,4,Ring,----
*c1ccc2ccc3c(c2c1)C1CCC(CC(*)CSS1)C(*)CC(=*)CCc1ccc(*)c(*)c1-3,25,6,Ring,---=--
*c1ccc2cc3c(cc2c1)C1C(*)C=CC(C3)C1*,25,3,Ring,---
*C1C2C(*)C3(*)C4CC(=*)OC(*)C4(*)C(*)CC3C3(*)C(*)C1(*)CC23*,25,11,Ring,---=-------
*C1=C(*)c2c(cc(*)c(*)c2*)OC1=*,25,6,Ring,-----=
*C1=CC(*)C2C(=*)C(=*)OC2CC2(*)OC1=CC2=*,25,6,Ring,--==-=
*C1CCC2C(C1)OC1(CC(*)C(*)CO1)C21CO1,25,3,Ring,---
*C1CCC2(C=CC=CC2*)Cc2c[nH]cc2CC(*)c2ccnc(c2)N(*)c2cccc3cn(cc23)C(*)CC(=*)C1,25,6,Ring,-----=
*C1CC2(OC1=*)c1ccccc1N1C(=*)C(*)N(*)C12,25,5,Ring,-==--
*c1cc2c(cc1*)C1C=CC[N+]3(*)CCc4cc(*)c(*)c-2c4C13,25,5,Ring,-----
*C1(*)CCC(=*)C1(*)*,25,5,Ring,--=--
*C1C=C2CC3CCCC34CC3CC5(*)C(*)OC(=*)C6OC65C5(*)C(*)C(=*)C6C1(*)OC21C4C(=*)OCC61C35,25,9,Ring,---=--=-=
*C1CC2CN3CCc4c([nH]c5ccccc45)C(*)(C2)C13,25,2,Ring,--
*C1=C2Nc3ccccc3C23CCN2CC(=*)C1CC23,25,2,Ring,-=
*c1ccc2cc1-c1cc(c(*)c(*)c1*)CCCCC(*)CC2,25,5,Ring,-----
*c1cc2c(c(*)c1*)C(=*)c1c(ccc(*)c1*)O2,25,6,Ring,---=--
*C1=NN=C(*)C1=*,25,3,Ring,--=
*C1C(=*)C2=CCC(*)C2(*)C(*)C1*,25,6,Ring,-=----
*C1CC2(*)C3C=CC4C(*)(*)C(*)CCC45CC35CCC2(*)C1*,25,7,Ring,-------
*C1C(=*)OC2CC34C5CC(*)C36C(OC(=*)C6*)OC4(C(=*)O5)C21*,25,7,Ring,-=-=-=-
*C1CC2(OC1=*)c1ccccc1N1C(=*)C(*)(*)N(*)C12,25,6,Ring,-==---
*C1CC23CN(*)CC(CCC4=C2C1CC4)C31CCC(*)(*)OC1,25,4,Ring,----
*C1=CCC(=*)C(*)(*)C1*,25,5,Ring,-=---
*C1CC(=*)Oc2ccc3c(c21)OC(*)(*)CC3=*,25,5,Ring,-=--=
*C1CCCC2C=CC=CC12,25,1,Ring,-
*C1=CCC(*)(*)C=CCC2(*)OC2CC1,25,4,Ring,----
*C1=CC=CC(*)C2(*)CC(OC(*)=N2)C(*)C2OC2(*)C(*)CC(=*)N(*)c2cc(cc(*)c2*)C1,25,11,Ring,-------=---
*C1CCC2(*)C(C1)C(*)CC1C2CCC2(*)C1CC1OC(*)(*)C(*)C12,25,7,Ring,-------
*C1CCC23CC1(*)CCC2C(*)(*)CC3*,25,5,Ring,-----
*c1cc2c(c(*)c1*)CCC(*)(*)O2,25,5,Ring,-----
*C1=CCC2(*)C(*)=COC(*)C12,25,4,Ring,----
*C1=CCC2CC(CC3(CCC(*)C(*)O3)O2)OC(=*)C2C=C(*)C(*)CC2(*)C(*)=CC=CC(*)C1,25,9,Ring,---=-----
*c1ccc2c(c1)N(*)CC2,25,2,Ring,--
*C1CCC2(*)C(C1)C(*)CC1C3CC(*)C(*)C3(*)CCC12,25,6,Ring,------
*C1CC(=*)NC(*)C(=*)NC(*)C(=*)NC(*)C(=*)NC(*)C(=*)NC(*)C(=*)O1,25,12,Ring,-=-=-=-=-=-=
*C1CC(=*)C2(*)C(CCC(*)(*)C23OC3*)C1(*)*,25,8,Ring,-=------
*c1cc(*)c2c(c1)Oc1c(ccc(*)c1*)C2=*,25,5,Ring,----=
*c1cc2c(cc1*)C1=C(CCCC1)C(=*)O2,25,3,Ring,--=
*C1CCC(*)C(*)(*)C1*,25,5,Ring,-----
*C1=CC2OC2C(*)=CC2OC(=*)C(=*)C2C(*)C1*,25,6,Ring,--==--
*C1OC(*)C2OC(*)(*)OC2C1*,25,5,Ring,-----
*C1OC(=*)C2OC23C1(*)CCC1C2(*)C=CC(=*)OC(*)(*)C2CC(=*)C13*,25,9,Ring,-=--=--=-
*N1CCN2C(=*)c3ccccc3NC(=*)C2C1,25,3,Ring,-==
*c1cn2ccccc2n1,25,1,Ring,-
*C1COC(*)(*)C1*,25,4,Ring,----
*C1=CCC2(*)C(*)CCC34C5=C6CC1(C=C1C(=c7ccccc7=CC13)Cc1cccc(c1)-c1ccc(nc1)NCCCC(*)C(=*)CCC(*)C1C(*)CC6(*)C1(*)CC5)C24,25,9,Ring,----=----
*c1ccc2cccc(*)c2c1,25,2,Ring,--
*C1C2CN3CCC(O2)C13,25,1,Ring,-
*C1CC2C(=*)C3CCC4CC3(CC(*)C2(*)C1(*)*)CC4(*)*,25,8,Ring,-=------
*N1CCCC2(CCOC(*)(*)C2)C1,25,3,Ring,---
*C1NC=CC2(OC(*)C(*)C(*)C2*)C1*,25,6,Ring,------
*N1CC(=*)C(=*)C1=*,25,4,Ring,-===
*c1ccc2c(c1)CCC(*)C2*,25,3,Ring,---
*C1C(=*)C2(*)C(=*)OC1C2(*)*,25,6,Ring,-=-=--
*C1CCC2(*)C3CCC45CCCC4C2(*)C1N5C3,25,3,Ring,---
*C1C(=*)CC2(*)C1CCC1C3(*)CCC(*)C(*)(*)C3CCC12*,25,8,Ring,-=------
*c1cc(*)c2c(c1*)CCCc1c(*)cccc1-2,25,4,Ring,----
*C1CCC2C1CC1C3C(=CCCN1C2*)OC(=*)C3*,25,4,Ring,--=-
*C1CC(*)(*)C1*,25,4,Ring,----
*C1CC2C=CCCCC3OC(*)(CC(*)C3*)C(*)C3OC(*)C(*)C(OC(=*)CC4CC(*)CC5(CC(*)(*)CC(CC(=*)C(*)C(*)C(*)C(=*)CC6CC(*)CC(C1)(O2)O6)O5)O4)C3*,25,18,Ring,-------=---=---=--
*C1CC2CC3(C(=*)C2=*)C1C12COC3(*)C(*)C1C(*)(*)CCC2*,25,8,Ring,-==-----
*c1ccc2c(c1*)CC1C2CC=C2CC(*)CCC21*,25,4,Ring,----
*C1=CC2C(CC(*)C(*)=CC3C(*)C(*)CC3(*)C1=*)C2(*)*,25,9,Ring,------=--
*c1cc2cc(*)c(*)cc2c(*)n1,25,4,Ring,----
*[N+]1=C2C=CN=C2C=C1,25,1,Ring,-
*c1c2c(c(*)c3c1OC1(*)CC(*)C(*)C(*)(*)C1C3)C(=*)OC2,25,8,Ring,-------=
*C1CCC2CCC1C2*,25,2,Ring,--
*C1=NCCCC1,25,1,Ring,-
*c1cccc2c1cc(*)c1c(*)cc3c(c12)OCO3,25,3,Ring,---
*C1CC2(*)OC(=CC2=*)C(=*)CC2OC(=*)C(=*)C12,25,6,Ring,--====
*c1cc2c(cc1*)C(*)C(*)C(*)C2=*,25,6,Ring,-----=
*C1=CC2=C(*)C(=*)C3(*)OC(=*)C(*)=C3C2=CO1,25,6,Ring,--=-=-
*c1ccc2c(c1)OC(*)(*)C(*)CO2,25,4,Ring,----
*NC(=O)CCCCCCCOC(=O)C=C(C)C(*)O,25,2,Linker,--
*CC(O)CC(=O)C(C)C=C(*)C,25,2,Linker,--
*C=NCC(O)OC(CO)C(CN=C*)O*,25,3,Linker,---
*CC(=O)NC(C*)CO,25,2,Linker,--
*C(=*)C(=O)OC,25,2,Linker,-=
*CCNS(*)(=O)=O,25,2,Linker,--
*CC(*)CC(O*)C(O)CO,25,3,Linker,---
*CSCC(NC(=O)C*)C(=O)O,25,2,Linker,--
*NC(=O)NC(*)C,25,2,Linker,--
*CCC(O)CC(*)O,25,2,Linker,--
*CC(COC)O*,25,2,Linker,--
*CC(NC(=O)CCC(=O)O*)C(=O)OC,25,2,Linker,--
*C(=O)C(NS(*)(=O)=O)C(C)C,25,2,Linker,--
*C(=O)CS(*)(=O)=O,25,2,Linker,--
*NN*,25,2,Linker,--
*OC(C)C(C)C(O)C(C)C(O)C(*)C,25,2,Linker,--
*C(CC(C)C)NC(=O)C(*)O,25,2,Linker,--
*CCCC(*)O,25,2,Linker,--
*NC(=O)C(=CC)NC(=O)C(NC(=O)C(CC(C)C)NC(=O)C(CCC(N)=O)NC(=O)C(NC(=O)C(NC(=O)C(CC(C)C)NC(=O)C(CO)NC(=O)C(NC(=O)C(CC(C)C)NC(=O)C(CO)NC(*)=O)C(C)C)C(C)C)C(C)C)C(C)C,25,2,Linker,--
*CC(C*)NC(*)=O,25,3,Linker,---
*CCCCCCCC(O)CCCCC(*)O,25,2,Linker,--
*C=CC(=O)OC(*)C*,25,3,Linker,---
*COP(=O)(O)OP(=O)(O)OCC(C)(C)C(O)C(=O)NCCC(=O)NCCSC(*)=O,25,2,Linker,--
*C=C(NC(*)=O)C(=O)NC(C*)C(=O)O,25,3,Linker,---
*COC(=O)NCCCC,25,1,Sub,-
*C(C)(O)C(=O)CC(O)C(C)(C)O,25,1,Sub,-
*CCCC(N)CCC(C=O)CCCO,25,1,Sub,-
*CC(=O)NC(CO)CC(C)C,25,1,Sub,-
*C(CCCC(C)C)COS(=O)(=O)O,25,1,Sub,-
*CC[N+](C)(C)[O-],25,1,Sub,-
*=NOCC(=O)NC(CCSC)C(=O)O,25,1,Sub,=
*CCCCCCCCC(=O)O,25,1,Sub,-
*C(C)C(OC)C(C)CCC(=O)C(C)C(CC=CN(C)C=O)OC,25,1,Sub,-
*CC(=O)N(C)CC=C,25,1,Sub,-
*NC(=O)C(CCC(=O)O)NC(=O)CCCCC,25,1,Sub,-
*C(C)(C=C)CO,25,1,Sub,-
*C=CC(C)=CCO,25,1,Sub,-
*C(=O)OCCN(C)C,25,1,Sub,-
*CC(N)C(=O)OC,25,1,Sub,-
*C(C)CCC(=C)C(C)(C)C,25,1,Sub,-
*CCCCCCCCCCCC(C)C,25,1,Sub,-
*OC(C)(C)C=C,25,1,Sub,-
*C(=O)NC(O)C(=O)O,25,1,Sub,-
*C(C)OC(=O)CC(C)C,25,1,Sub,-
*=C(O)C(C)CC(C)CC=CC,25,1,Sub,=
*CC(O)CC(=O)O,25,1,Sub,-
*B(O)O,25,1,Sub,-
*C(=C)CCC(O)C(=C)C,25,1,Sub,-
*CCCNC(=O)C=C(C)CCO,25,1,Sub,-
*CC=C(C)CCCC(C)CCCC(C)CCCC(C)C,25,1,Sub,-
*CCCCCCCCCCC(=O)O,25,1,Sub,-
*NCCCOC,25,1,Sub,-
*CCCCCCCCCCC(C)=O,25,1,Sub,-
*SCC(O)C(=O)O,25,1,Sub,-
*=NOCC(=O)NC(C)C(=O)NC(CCC)C(=O)O,25,1,Sub,=
*C(C)CCC(CC)=C(C)C,25,1,Sub,-
*CCNC(=N)NC,25,1,Sub,-
*OCC(=O)OCCCC,25,1,Sub,-
*CC(CO)CCCO,25,1,Sub,-
*CCC(C)C(=O)O,25,1,Sub,-
*CNC(=O)C(CCSC)NC(=O)OC(C)(C)C,25,1,Sub,-
*C(=O)NC(C)C(=O)NC(C(=O)O)C(C)C,25,1,Sub,-
*C(=O)NC(C(=O)NC(C(=O)O)C(C)CC)C(C)C,25,1,Sub,-
*C(C(=O)O)C(C)C,25,1,Sub,-
*COC(=O)CCCC,25,1,Sub,-
*CC(O)CC(C)O,25,1,Sub,-
*OC(CC(C)O)OC(C)CO,25,1,Sub,-
*=CC=CC(CCC(=O)OC)OC(C)=O,25,1,Sub,=
*C(=O)NC(C(=O)NC(CC(C)C)C(=O)O)C(C)C,25,1,Sub,-
*C(C)CCC(C)(C)C(=C)C,25,1,Sub,-
*CC(N)C=O,25,1,Sub,-
*OP(=O)(O)OP(=O)(O)OCC=C(C)CCC=C(C)CCC=C(C)CCC=C(C)CCC=C(C)CCC=C(C)CCC=C(C)CCC=C(C)CCC=C(C)CCC=C(C)CCC=C(C)C,25,1,Sub,-
*OC(=O)C(NC(C)=O)C(C)C,25,1,Sub,-
*COC(=O)C(O)(CC)C(C)O,25,1,Sub,-
*OOC,25,1,Sub,-
*NC(=O)CC(O)CCCCCCCCCCCCNC(=N)N,25,1,Sub,-
*C(=O)OCC(CO)OC(C)=O,25,1,Sub,-
*CC(O)C(N)=O,25,1,Sub,-
*c1nccc2cc3c(cc12)OCO3,24,1,Ring,-
*C1=CC2C(*)C(*)CC2(*)C(=*)C(*)C=CC(*)(*)C(=*)CC1*,24,10,Ring,----=---=-
*C1CCC2(*)C3CCC4(*)C(*)CC(*)C4C3(*)CC(*)C2(*)C1,24,8,Ring,--------
*C1NC(=*)N2CC(*)C(*)(*)C23NC(=*)NC13,24,6,Ring,-=---=
*c1cc2c(cc1*)C1Cc3ccc(*)c(*)c3CN1CC2,24,4,Ring,----
*c1c(*)c2c(c3c1OC(*)(*)C=C3)OC(*)C(*)C2=*,24,7,Ring,------=
*C1CCC2N(C1)CC1C(C(*)C(*)C3(*)C1CC14OC5(*)C(*)CCC1(*)C5CCC34)C2(*)*,24,9,Ring,---------
*c1cc2c(=*)c3c(*)c(*)c(*)c(*)c3c(=*)c2c(*)c1*,24,9,Ring,-=----=--
*C1(*)CCC2(*)C(CC=C3C2CCCC3(*)*)C1,24,5,Ring,-----
*=C1SCCS1,24,1,Ring,=
*c1ccc2c(c1)C(=*)NC(*)C(=*)N2,24,4,Ring,-=-=
*C1CC2(*)C(*)C=C3C4CCC(*)C4(*)CC(*)C3(*)C2(*)CC1*,24,9,Ring,---------
*C1CC(*)C(=*)N1,24,3,Ring,--=
*C1CC2(*)C(=*)C(*)(*)C=CC(*)(*)C(*)C(*)C(*)C(=*)C(*)C2C1*,24,13,Ring,--=-------=--
*C1CCC(*)C2(*)CCC3C(=*)C(=*)OC3C12,24,5,Ring,---==
*C1=COC(*)C2C(*)(*)CCC12*,24,5,Ring,-----
*C1CCC(*)(*)C2C(*)C3(*)OCC12C1CCC2CC13C(=*)C2=*,24,7,Ring,-----==
*C1CCC2(*)C(CC(*)C34CC(=*)C(CCC23)C4)C1(*)*,24,6,Ring,---=--
*C1(*)C=CC(*)(*)CC1,24,4,Ring,----
*C1C(*)(*)CCC2C(*)(*)C(=*)CCC12*,24,7,Ring,-----=-
*C1CCC2(*)C(CCC3C2C(=*)C(*)C2(*)C(*)CCC32*)C1,24,7,Ring,--=----
*C1=C2C(=*)C(*)(C#CC=CC#CC2*)CC1=*,24,5,Ring,-=--=
*C1C=CCCC=CCC2C=CC(OC(=*)C=CC=CC=CC3OC4CC3OC(C=CCC3OC(CC(*)C3*)C1*)C4*)C(*)O2,24,7,Ring,-=-----
*c1ccc[n+](*)c1*,24,3,Ring,---
*c1cc(*)c2c(c1*)OC(*)(*)CC2,24,5,Ring,-----
*C1CC2CSCN2C12C(=*)Nc1ccccc12,24,2,Ring,-=
*C1=Nc2ncccc2NC12CCCN(*)C2,24,2,Ring,--
*c1cc2occc2c(*)c1*,24,3,Ring,---
*C1=C(*)C(=*)C23COc4c5c(cc(c42)C(*)C(*)C(*)CC3=C1)OCO5,24,6,Ring,--=---
*C1=CC2OC23CC(*)CCC3(*)C1=*,24,4,Ring,---=
*C1=CC(=*)C2(*)OC2C1=*,24,4,Ring,-=-=
*C1=CC(=*)CC2C1(*)CC(*)C(*)C2(*)*,24,7,Ring,-=-----
*C1CCC2(*)OC3=C(CC12)C(=*)C1(*)COC3C1,24,4,Ring,--=-
*C1C(=*)OC2CCN3CC=C(COC(=*)C(*)(*)C1(*)*)C23,24,7,Ring,-==----
*C1CC2(*)C3C(*)CC4C(*)(*)C(*)CCC45CC35CCC2(*)C1*,24,8,Ring,--------
*C1CC(*)C2(*)C(*)C3C(=*)C(=*)OC3C(*)C(*)C12,24,8,Ring,----==--
*c1cc(*)c2c(=*)c3ccccc3c(=*)c2c1,24,4,Ring,--==
*C1C(=*)NC(=*)C1=*,24,4,Ring,-===
*C1=CCC(*)C(*)C1=*,24,4,Ring,---=
*c1cc(*)n2nc(*)c(*)c2n1,24,4,Ring,----
*C1=C2OC(=*)C34C5=C6CCC23C2(OC(=*)c3c(*)cccc32)C4CC(*)C=CC5CC2C(*)CC3=C(C62)N2CC4CC(CN5C(*)C1CCC45)C2CC3,24,7,Ring,-==----
*c1cc2c(cc1*)C1Oc3c(cc4c(c3*)OC(*)O4)C1CO2,24,4,Ring,----
*C1CC2(CCCC2)C2(CCCC2)C1,24,1,Ring,-
*c1ccc2c(c1*)C(*)C=CC2*,24,4,Ring,----
*C1=C2C(*)C(*)C3(*)CCC(*)C4(CO4)C3C(*)C(CC1=*)C2(*)*,24,9,Ring,------=--
*C1=CC(=*)c2c(cc3c(c2*)C=CC(*)(*)O3)O1,24,5,Ring,-=---
*C1(*)NC2N(C1=*)c1ccccc1C2(*)*,24,5,Ring,--=--
*c1nn(*)c2ccccc12,24,2,Ring,--
*N1CC(*)(*)C1=*,24,4,Ring,---=
*C1OC2(*)C(*)OC(*)(C1*)C2*,24,6,Ring,------
*C1C(=*)CCC2C1C(*)C(=*)C1C(*)(*)C(*)CCC21*,24,8,Ring,-=-=----
*C12COC(*)(CC(=*)C1)C2(*)*,24,5,Ring,--=--
*c1nnc2n1CN(*)CS2,24,2,Ring,--
*C1=NC(*)C(=*)N(*)C(*)C(=*)OC(*)C(=*)N(*)C(*)C(*)=NC(*)C(=*)N(*)C(*)C(=*)N2CCCC2C(*)=NC(*)C(=*)N(*)C1*,24,21,Ring,--=--=-=----=--=--=--
*C1=NC(*)=C(*)C1,24,3,Ring,---
*C1=CC2CC(*)CC(*)C2C(*)C1*,24,5,Ring,-----
*C1CCN(*)CC(*)(*)C1,24,4,Ring,----
*c1cc2c(cc1*)CN1CCc3cc(*)c(*)cc3C1C2,24,4,Ring,----
*C1C=CC=CCCC(*)C(*)C(*)CC(*)CC(*)C(*)C(*)C(*)C=CC(=*)OC2CC3(CCC(*)C(*)O3)OC(CC1)C2*,24,13,Ring,---------=---
*C1=CC2(*)CCCC2(*)C2(CC(*)C(*)(*)O2)O1,24,6,Ring,------
*C1=C2C(=*)CC(*)C(*)C2(*)Oc2c(*)ccc(*)c21,24,7,Ring,-=-----
*c1c(*)c2c(c3c1OC(*)C(*)C3)CCC(*)(*)O2,24,6,Ring,------
*c1ccc2[nH]cnc2c1,24,1,Ring,-
*c1nc2ncccc2[nH]1,24,1,Ring,-
*C1=NC(=*)C(*)C1*,24,4,Ring,-=--
*C1=C(*)C2=NC1=CC1=NC3=C(C4=NC(=CC5=NC(=C2)C(*)=C5*)C(*)C4*)C(*)(*)C(=*)C3=C1*,24,10,Ring,--------=-
*C1OC(=*)C2C(*)OCC12,24,3,Ring,-=-
*C1CCC(*)(*)C2CCC(*)C2C1,24,4,Ring,----
*C1=CC(*)(*)C=CC1=*,24,4,Ring,---=
*C1C(=*)C(=*)OC1(*)*,24,5,Ring,-==--
*c1cc(*)c2c(c1)Oc1c(cc(*)c(*)c1*)C2=*,24,6,Ring,-----=
*C1=C(*)C2NCC(*)(*)C(*)C#CC(CC2*)c2ccccc2CC1,24,6,Ring,------
*c1cc(*)c2cc3c(=*)c4c(*)c(*)ccc4c(=*)c3c(*)c2c1,24,7,Ring,--=--=-
*C1CCC2C#CCC3(*)OC(=*)C4OC45C4(C(*)C(=*)C6C(*)(*)OC7CC(=*)OCC76C4CCC35*)C2C1,24,9,Ring,--=-=--=-
*c1ccc2c(c1)C1Oc3cc4c(cc3C1CO2)OCO4,24,1,Ring,-
*C1=CCCC2(*)OC2C(*)C2C(=*)C(=*)OC2C1,24,5,Ring,---==
*c1ccc2c(c1*)CCC(*)(*)O2,24,4,Ring,----
*C1CCC2C(*)(*)CCCC12*,24,4,Ring,----
*c1ccc2c(c1*)C13CCN(*)C14CC2OC4(*)C(*)C(*)C3,24,6,Ring,------
*C1=COC(*)C2=C(*)CCC12,24,3,Ring,---
*c1cn2c(*)cccc2n1,24,2,Ring,--
*C1=CC(=*)C2(*)C=COC(*)C12,24,4,Ring,-=--
*c1ccc2c(c1*)C(*)C(*)C(*)(*)O2,24,6,Ring,------
*C1CCC2C(*)(*)CCCC2(*)C1=*,24,5,Ring,----=
*C1C=Cc2cc3ccccc3cc2C1*,24,2,Ring,--
*C1CCCC(*)(*)O1,24,3,Ring,---
*c1c2c(c(*)c3c(*)coc13)C(*)CCC2,24,4,Ring,----
*C1CCC2C3CCC4CC=CCC4(*)C3CCC12*,24,3,Ring,---
*c1cc2cc(*)c3c(c2c(*)c1*)OC1OC(COC(*)C=C3)C(*)C(*)C1(*)*,24,9,Ring,---------
*C1=C2CC(*)CCC2(*)CCC1=*,24,4,Ring,---=
*=C1CCCC(=*)C1=*,24,3,Ring,===
*C1NC(=*)C(*)NC(=*)C(*)NC(=*)C(*)NC1=*,24,8,Ring,-=-=-=-=
*C1CC(=*)OC(*)C(*)C=CC(=*)OC(*)C(*)C=CC(=*)O1,24,8,Ring,-=--=--=
*C1=NC(*)(*)Cc2ccccc21,24,3,Ring,---
*C1=CC2C(*)CCC(*)(*)C2CC1*,24,5,Ring,-----
*c1c(*)c(*)c2occc2c1*,24,4,Ring,----
*C1=NN(*)C2(*)CC3C(C12)C3(*)*,24,5,Ring,-----
*c1cc2ccn3c(*)c(*)c(*)c3c2cc1*,24,5,Ring,-----
*C1CC2(*)OC2(*)C(=*)O1,24,4,Ring,---=
*C1CCC2(*)C(CCC3C2CCC2(*)C3CC3OC4(*)CC(*)CNC4C(*)C32)C1,24,6,Ring,------
*C1=CC(=*)CC1,24,2,Ring,-=
*c1cc2c(cc1*)CC1(*)CC(*)CC(*)CC(*)C1C2,24,6,Ring,------
*C1CC(=*)C(=*)OC2CCN3CCC(COC(=*)C1(*)*)C23,24,6,Ring,-===--
*C1=CCC2C1C1OC(=*)C(*)C1C(*)CC2(*)*,24,6,Ring,-=----
*C1CCC2(*)C(=CC=C3C2=CCC2(*)C(*)CCC32)C1,24,4,Ring,----
*C1CC2CC3(C(=*)OC4CCC(*)(*)C5C(*)OCC45C13)C(=*)C2=*,24,7,Ring,-=---==
*C1CCC2(*)CCC3(*)C(*)(CCC4C5(*)CCC(*)C(*)(*)C5CCC43*)C12,24,9,Ring,---------
*C1=CC(*)C2C(*)(*)CCC(*)C2(*)C1(*)*,24,8,Ring,--------
*c1cccc2c(=*)c3ccccc3c(=*)c12,24,3,Ring,-==
*C1=CCC=C(*)C(*)C(*)C(*)C1,24,5,Ring,-----
*C1=CC(=*)C2C(*)=CCC3C(*)(CCC34OC(*)CC4*)CC12,24,6,Ring,-=----
*C1CC=CCC1,24,1,Ring,-
*C1=C(*)c2cc(*)ccc2NC1=*,24,4,Ring,---=
*C1CCC2(*)C3=CC=C4C5CC(*)(*)CCC5(*)C(*)CC4(*)C3(*)CCC2C1(*)*,24,10,Ring,----------
*c1cc2c(c(*)c1*)C(=*)c1c(*)c(*)c(*)c(*)c1O2,24,8,Ring,---=----
*C1CC2C(=*)N3CCC(*)C3C(=*)N2C1,24,4,Ring,-=-=
*C1COC(*)C1(*)*,24,4,Ring,----
*C1=CCC2(CC1*)C(*)CCC2*,24,4,Ring,----
*c1cc2cc[n+](*)c(*)c2cc1*,24,4,Ring,----
*c1ccc2c(c1)C13CCN4CC5=CCOC6CC(=*)N2C1C6C5CC43,24,2,Ring,-=
*c1ccc2c(c1)OC1c3ccc(*)cc3OCC21,24,2,Ring,--
*C1CC(=*)C(*)O1,24,3,Ring,-=-
*C1=CC2C=C(*)C(*)C3C(*)NC(=*)C23C(=*)C(*)CC(=*)C(*)CC1,24,9,Ring,----==-=-
*C1=CCC(*)CC(*)C=CCC(*)OC(=*)C=CC=CCC(*)C(*)C(*)C(*)CCC1*,24,10,Ring,----=-----
*C1=CC(=*)C2CC1C2(*)*,24,4,Ring,-=--
*C1NC(=*)C(*)NC(=*)C(*)NC(=*)C(*)NC(=*)C(*)NC(=*)C2CCCN2C(=*)C(*)NC(=*)C(*)NC(=*)C(*)NC(=*)C(*)NC1=*,24,19,Ring,-=-=-=-=-==-=-=-=-=
*C1OCC2C(=*)OCC12,24,2,Ring,-=
*C1CCC2(OC1)OC1CC3C4CCC5CC(*)CCC5(*)C4=CC(=*)C3(*)C1C2*,24,6,Ring,---=--
*C1=CC(=*)Oc2c3c(c(*)c(*)c21)OC(*)(*)C=C3,24,6,Ring,-=----
*c1ccc2c(c1)CCc1c3c(cc(*)c1-2)OC(*)C(*)C3,24,4,Ring,----
*C1CC2(*)OC(=*)C3(*)C1CC23*,24,5,Ring,--=--
*C1CC2(*)Oc3ccccc3C3OCC1(*)C(*)C32,24,4,Ring,----
*C1COCC(=*)N1,24,2,Ring,-=
*c1ccc2c(c1)nnn2*,24,2,Ring,--
*C(=O)OC(*)(C)C,24,2,Linker,--
*C=C(*)Cl,24,2,Linker,--
*C=C(*)C(=O)O,24,2,Linker,--
*OCC(*)NC,24,2,Linker,--
*OCC(C)C(C)C=CC(*)C,24,2,Linker,--
*C(=O)C(*)C(C)C,24,2,Linker,--
*NC(=O)C(NC(*)=O)C(C)O,24,2,Linker,--
*C=CC(=O)OC(C)C(*)=O,24,2,Linker,--
*CC(NC(C)=O)C(=O)N*,24,2,Linker,--
*CCC(=O)NCC(C)OP(=O)(O)O*,24,2,Linker,--
*C(=O)NS(*)(=O)=O,24,2,Linker,--
*CC(*)C(N)=O,24,2,Linker,--
*CCC(NC(=O)C(O)C*)C(*)=O,24,3,Linker,---
*CC(O)C(O)C(C)CC(O)C(*)O,24,2,Linker,--
*C(=O)NC(CCC(N)=O)C(=O)NC(C)(CC)C(*)=O,24,2,Linker,--
*CC(NC(=O)O*)C(=O)N*,24,3,Linker,---
*CCC(CC(*)O)OC(C)=O,24,2,Linker,--
*CC(C*)C(O)CC(*)=O,24,3,Linker,---
*[N+]=*,24,2,Linker,-=
*CC(*)NC,24,2,Linker,--
*CCC(C)CC*,24,2,Linker,--
*C(=O)C(*)CO,24,2,Linker,--
*C(=O)NC(CC(C)C)C(*)=O,24,2,Linker,--
*CC=C(*)C(=O)OC,24,2,Linker,--
*CCNC(=O)CCNC(*)=O,24,2,Linker,--
*C=CC(=O)SCCNC(=O)CCNC(=O)C(O)C(C)(C)COP(=O)(O)OP(=O)(O)OC*,24,2,Linker,--
*C(=C)C=CC=C(*)COCO,24,2,Linker,--
*CNC(=O)C(CCSC)N*,24,2,Linker,--
*C(=O)OCCC(C)CCCC(C)COC(*)=O,24,2,Linker,--
*OCC(O)C(C)(C)O*,24,2,Linker,--
*C=CCC(C)C(C*)CNC*,24,3,Linker,---
*CCCCCCCC*,24,2,Linker,--
*OC(=O)CCNS(*)(=O)=O,24,2,Linker,--
*C(*)C(O)CC(N)O,24,2,Linker,--
*OCC(NC(=O)CCCCCCCCCCCCCCCCCCC)C(O)C=CCCCCCCCCCCCCC,24,1,Sub,-
*OC(OCC(=O)O)C(O)C(=O)O,24,1,Sub,-
*OC(C)C(=O)NCCCCCC(=O)O,24,1,Sub,-
*C(=O)NCCCC(=O)O,24,1,Sub,-
*OC(C(C)C=C(C)C(O)C(C)C=C(C)C(O)C(C)C=C(C)C(=O)OCC(O)C(O)C(O)CO)C(C)CC(C)CC(C)CC,24,1,Sub,-
*C(O)C=C(C)C(=O)O,24,1,Sub,-
*N(CCCl)CCCl,24,1,Sub,-
*C(O)C(CO)OC,24,1,Sub,-
*SCC(=C)C,24,1,Sub,-
*=CCOC(C)=O,24,1,Sub,=
*OCC(NC(=O)CCCCCCCCCCCCCCCC=CCCCCCCCC)C(O)C=CCCCCCCCCCCCCC,24,1,Sub,-
*C(=O)NC(C)CCCC(C)C,24,1,Sub,-
*CCNC(=N)N,24,1,Sub,-
*C(=O)CBr,24,1,Sub,-
*CCC(=O)NC(CO)CCSC,24,1,Sub,-
*C(O)(NCNC)C(=O)O,24,1,Sub,-
*CN(C)CCN(C)C,24,1,Sub,-
*C(C)CCC(C)=C(C)C,24,1,Sub,-
*C(C)(O)C(O)CC=C(C)C,24,1,Sub,-
*CCNC(=O)CC,24,1,Sub,-
*C(CC(C)C)OC(C)=O,24,1,Sub,-
*C(=O)CC(C)=O,24,1,Sub,-
*C(C)(C)CO,24,1,Sub,-
*CCCCCCC(=O)OC,24,1,Sub,-
*C(=O)C(C)CCCCCC,24,1,Sub,-
*=C(O)C(C)C,24,1,Sub,=
*C=CC(O)CC=CCC,24,1,Sub,-
*C(=O)OCC(CC)CCCC,24,1,Sub,-
*C(=O)NC(CCS(C)(=O)=O)C(N)=O,24,1,Sub,-
*OC(=O)C(O)(CCCC(C)(C)O)CC(=O)OC,24,1,Sub,-
*=NOCC(=O)NC(C(=O)O)C(C)C,24,1,Sub,=
*CO[N+](=O)[O-],24,1,Sub,-
*COC(=O)C(O)C(C)(O)CC,24,1,Sub,-
*C(=O)C(=CC)NC(=O)CC(O)CCCCC,24,1,Sub,-
*NC(=O)CCCC,24,1,Sub,-
*C#CC=C,24,1,Sub,-
*C(=O)NC(CC(C)C)C(=O)NC(C)C(=O)O,24,1,Sub,-
*CNC(=O)C(N)C(C)C,24,1,Sub,-
*CCN(C)CCN(C)C,24,1,Sub,-
*C(CC(=O)O)OC(C)=O,24,1,Sub,-
*OCCC=CCC,24,1,Sub,-
*OC(=O)CCCNC(=O)OC(C)(C)C,24,1,Sub,-
*N=C=O,24,1,Sub,-
*C=CBr,24,1,Sub,-
*C(C)C(CCC(C)C)OC(C)=O,24,1,Sub,-
*COC(=O)CCCCC,24,1,Sub,-
*C(C)CC(C)NC(=O)C(O)C(O)C(COC)N(C)C,24,1,Sub,-
*OCC(NC(=O)CCCCCCCC=CCCCCCCCC)C(O)C=CCCCCCCCCCCCCC,24,1,Sub,-
*CNC(=O)C(C)=O,24,1,Sub,-
*C(C)CCC(C=C)(OO)C(C)C,24,1,Sub,-
*CC(=C)CC(O)C=CC(=C)Cl,24,1,Sub,-
*C(C)CC(C=C(C)C)OC,24,1,Sub,-
*OCC(O)C(O)C(O)C(O)CO,24,1,Sub,-
*CCC(C)OC(C)=O,24,1,Sub,-
*C(C)(O)C(C)C,24,1,Sub,-
*C(C)C(O)CC=C(C)CO,24,1,Sub,-
*C(=CCl)CNC(=O)CCC=CCC(CCCCCCC)OC,24,1,Sub,-
*OC(C(CO)NC(C)=O)C(O)C(O)CO,24,1,Sub,-
*CCCC(C)(Cl)Cl,24,1,Sub,-
*C(C)(O)CCC=C(C)CCC=C(C)C,24,1,Sub,-
*OC(=O)C(C)O,24,1,Sub,-
*CC(O)C(=O)OC,24,1,Sub,-
*CCC(=O)C=CCCCCCC(C)O,24,1,Sub,-
*C(C)CC(C)CCCC=CCCCNC(N)=NC,24,1,Sub,-
*CC(O)C(C)C,24,1,Sub,-
*C1CCC2(*)C(CCC3C4CC=CC4(*)CCC32)C1,23,3,Ring,---
*C1C=C2C3CC(*)(*)CCC3(*)CCC2(*)C2(*)CCC3C(*)(*)C(*)CC(*)C3(*)C12,23,11,Ring,-----------
*C1=CCC(*)Cc2cccc(c2)CC(*)NC1*,23,4,Ring,----
*C1CCC2(*)C(CCC3(*)C2CCC24OC(=*)C5(CCC(*)(*)CC52)C(*)CC34*)C1(*)*,23,10,Ring,---=------
*C1CCC(*)OO1,23,2,Ring,--
*c1cn[nH]c1,23,1,Ring,-
*C1CCC2(*)C(=CCC3C2CC(=*)C2(*)C3CC3OC(*)(*)C(*)C32)C1,23,7,Ring,--=----
*c1c2c(nc3ccccc13)CC(*)(*)CC2=*,23,4,Ring,---=
*C1=CC(*)=C(*)C(=*)C1(*)*,23,6,Ring,---=--
*C1CN(*)C(*)CN1*,23,4,Ring,----
*C1CCC2(*)C3=C(C(=*)C4(CC4*)C(*)C3=*)C(*)C(*)C2C1=*,23,9,Ring,--=--=--=
*C1CCC2(*)C(CC(=*)C3C2CC(*)C2(*)C(*)CCC32)C1,23,6,Ring,--=---
*C1=Nc2c(ccc(*)c2*)C12NC(*)C1C(=*)N(*)C(=*)C12,23,7,Ring,----=-=
*C1CCC23CC24CCC2(*)C(*)C(=*)C(*)C2(*)C4CCC3C1(*)*,23,8,Ring,---=----
*C1C2CC3N(CCC34c3ccccc3NC14)CC2=*,23,2,Ring,-=
*C1(*)CCC2(*)CC=C3C(*)(CCC4C3(*)CCC3C(*)(*)C(=*)CCC34*)C2C1,23,9,Ring,-------=-
*N1C(=*)C2Cc3c([nH]c4ccccc34)C(*)(*)N2C1=*,23,5,Ring,-=--=
*C1=CC(*)(*)C=C(*)C1(*)*,23,6,Ring,------
*C1=C2C(*)CCC(*)C2CC1,23,3,Ring,---
*C1OC2CC3C(*)C(*)C(*)(CO2)C13,23,4,Ring,----
*C1CCC2(OC1)OC1CC3C4CCC5CC(*)C(*)CC5(*)C4CC(=*)C3(*)C1C2*,23,7,Ring,----=--
*C1=C(*)c2cccc(*)c2N(*)C1=*,23,5,Ring,----=
*C1NC(=*)C(*)N(*)C(=*)C(*)NC(=*)C(*)N(*)C1=*,23,10,Ring,-=--=-=--=
*c1cc(*)c2c(c1)CC1(CCC(*)C1)c1c-2ccc2c1OC(*)C2*,23,5,Ring,-----
*C1CCC2(*)C3CCC(*)(*)C=C3C(=*)CC2C1(*)*,23,7,Ring,----=--
*C1=C(*)C(=*)c2cc(*)cc(*)c2O1,23,5,Ring,--=--
*C1C(=*)OC2CC(=*)N21,23,3,Ring,-==
*C1NC(=*)C(*)C(*)Oc2ccc(cc2)C(*)CNC1=*,23,6,Ring,-=---=
*C1=C2N=C(C=C3N=C(C(*)=C4N(*)C(C(*)C4(*)*)C4(*)N=C1C(*)C4(*)*)C(*)C3(*)*)C(*)C2(*)*,23,16,Ring,----------------
*C1C=CC(*)C23COC(*)(C(*)C4(*)CC(*)C(*)C4C2*)C13,23,8,Ring,--------
*c1ccc2c(c1*)C(*)C(*)O2,23,4,Ring,----
*c1ccc2c(c1*)C(*)N(*)CC2,23,4,Ring,----
*C1(*)NC(=*)NC1=*,23,4,Ring,--==
*C1CC2CC3(C(*)C2=*)C(*)C(*)C2C(*)(*)C(*)CC(*)C2(*)C13,23,10,Ring,--=-------
*C1CC(*)(*)CC2=C3C=CC4C5(*)CCC(*)C(*)(*)C5CCC4(*)C3(*)CCC21*,23,10,Ring,----------
*C1CCC2C3CC(*)C4(*)CC=CC(=*)C4(*)C3CCC12*,23,6,Ring,---=--
*c1coc2c1CC1(*)C(CCC(*)C1*)C2,23,4,Ring,----
*[N+]1(*)CCCC1,23,2,Ring,--
*C1=C(*)C2C(CC3C4CCC5CC(*)CCC5(*)C4CC(=*)C32*)O1,23,6,Ring,----=-
*C1CCC23CC24CCC2(*)C(*)CCC2C4CCC3C1(*)*,23,5,Ring,-----
*C1CC2CC(C1=*)C2(*)*,23,4,Ring,-=--
*c1cc2c(cc1*)C(*)(*)C(*)CC2(*)*,23,7,Ring,-------
*C1CC(*)OC(*)(*)O1,23,4,Ring,----
*C1=CC(*)C(*)C(*)=C1,23,4,Ring,----
*C1CC(*)C2(*)C(CC(=*)C3(*)C2CCC2(*)C(*)OC(=*)C4OC423)C1(*)*,23,10,Ring,---=---=--
*C1CC2CC3(C(=*)OCC4(C(*)CCC(*)(*)C4*)C13)C(*)C2=*,23,8,Ring,-=-----=
*C1OC(*)C2OC(*)(*)C(*)OC2C1*,23,6,Ring,------
*n1cnc2c1NC=NC2=*,23,2,Ring,-=
*C1C2CC3N(CCC34c3ccccc3N(*)C14)CC2=*,23,3,Ring,--=
*c1cc2c(cc1*)C(*)C(*)C(*)(*)C2,23,6,Ring,------
*C1=CC2C(CC=C(*)C(*)C3C(*)C(*)CC3(*)C1=*)C2(*)*,23,9,Ring,------=--
*C1OC2CC3C4CCC5=CC(=*)C=CC5(*)C4C(*)CC3(*)C2(*)O1,23,6,Ring,-=----
*c1ccc2[nH]c3c(*)ncnc3c2c1,23,2,Ring,--
*C1CC2C(*)(*)CCCC2(*)C2CCC3C(=*)C(=*)C12C3*,23,7,Ring,----==-
*c1cc(*)c2[nH]c3ccccc3c2c1,23,2,Ring,--
*C1OCC(=*)C1*,23,3,Ring,-=-
*C1=COC2OC3C(*)C(=*)OC34C=CC1C24,23,3,Ring,--=
*C1=CC2OC(=*)C3(*)OC23C(*)C2C(*)C(*)CC(*)C2(*)C(*)CC1,23,9,Ring,-=-------
*C1c2cc3c(cc2CC2COC(=*)C21)OCO3,23,2,Ring,-=
*c1ccc2cc1-c1cc(cc(*)c1*)CC(*)NC(=*)C(*)NC(=*)C2*,23,8,Ring,----=-=-
*C1=CC(=*)Oc2c3c(c(*)c(*)c21)OC(*)C3,23,5,Ring,-=---
*C1CC2(*)C(CCC3(*)C(*)CC(*)C(=*)C32)C(=*)O1,23,7,Ring,-----==
*C1C=CC23CCN(Cc4cc5c(cc42)OCO5)C3C1,23,1,Ring,-
*C1=NCC(*)C1,23,2,Ring,--
*c1cc2c(c(*)c1*)C(=*)c1ccc(*)c(*)c1O2,23,6,Ring,---=--
*C1=CCCC(*)=CC(*)CC(*)=CCC1,23,4,Ring,----
*C1C2(Cc3c([nH]c4ccccc34)C13C(=*)N(*)C(=*)N3*)C(=*)N(*)C(=*)N2*,23,9,Ring,-=-=-=-=-
*C1C(=*)OCC1(*)*,23,4,Ring,-=--
*C1(*)CCCC2(*)C3CCC(=*)C=C3CCC12,23,4,Ring,---=
*c1cc(*)c2c(*)n[nH]c2n1,23,3,Ring,---
*C1CC2(*)c3ccccc3N3C(=*)C(*)N(C1=*)C32,23,5,Ring,--=-=
*C1COC2OC(=*)C34CCC(*)(*)CC3C3=CCC5C6(*)CC(*)C(OC7OC(*)C(*)C(*)C7OC7OCC(OC(=*)CC(*)(*)CC(=*)OC8C(*)OC(OC2C1*)C(*)C8*)C(*)C7*)C(*)(*)C6CCC5(*)C3(*)CC4,23,23,Ring,-=-------=--=----------
*C1CC(*)(*)CC2C(=*)C(*)(*)C(*)C(*)(*)C12,23,9,Ring,---=-----
*C1CC(*)C2(N1)C(=*)Nc1ccccc12,23,3,Ring,--=
*c1ccc2[nH]cc(*)c2c1*,23,3,Ring,---
*c1ccc(*)c2ccc(*)c-2c1,23,3,Ring,---
*c1ccc2c(c1)C=CC(*)C2*,23,3,Ring,---
*C1=CC2CC(*)(*)C(*)C2C2(*)CC(*)C12*,23,7,Ring,-------
*N1CCC[N+]2=C1C=CC2(*)*,23,3,Ring,---
*C1=CCC(*)Cc2cccc(c2)CC(*)NC1,23,3,Ring,---
*C1CC2C(=*)C(=*)OC2C2C3(*)C=CC2(OO3)C1(*)*,23,6,Ring,-==---
*C1=CCC(*)(*)C=CC(*)C(*)(*)C=CC1=*,23,7,Ring,------=
*C1CC(*)C2C(C=CC(*)C2(*)*)C1*,23,6,Ring,------
*c1nc2c(s1)CCC2,23,1,Ring,-
*c1coc2c1C(*)C1(*)C(*)CCCC1C2=*,23,5,Ring,----=
*c1cc(*)c2c(c1*)OC1(C2)C(*)CCC2C(*)(*)C(*)CCC21*,23,8,Ring,--------
*c1cccc2c1C(=*)OC21C(*)C23C=C4CCC21C(=CCC(*)N1CC2CC(CN(C2)C2=CCC(*)CC42)C1)OC3=*,23,6,Ring,-=---=
*C1CC2C(CC1(*)*)C2(*)*,23,5,Ring,-----
*C1CCC(*)(*)C2OC(CC1=*)C1C(=*)CCC(*)C12,23,6,Ring,---==-
*C1CC2(*)C(*)(*)C(=*)C1C2(*)*,23,7,Ring,----=--
*C1=C2C(*)C3C(=*)C(=*)OC3CC2(*)C(*)CC1*,23,7,Ring,--==---
*c1c2c(c(*)c3c1OC1(*)CC(*)C45OC(*)(CCC4(*)C1C3)OC5(*)*)C(=*)OC2,23,9,Ring,--------=
*C1=C2C(*)C(*)C3(*)C(*)CC(*)C(=*)C3C(*)C2(*)CC1*,23,10,Ring,------=---
*c1[nH]c2cccc(*)c2c1*,23,3,Ring,---
*C1=CC(*)CC(=*)C=C(*)C(*)OC(=*)C(*)C(=*)C(*)(*)C1,23,10,Ring,--=--=-=--
*C1=CC2CC3CC(=*)CCc4ccc(*)c(c4)OCc4c(*)cc5c(c(*)cc6c5c4C=CC6*)C(C#CO3)C(*)CC(*)C1=CC2*,23,9,Ring,-=-------
*C1C(=*)OC2C(*)C34C5CC(*)C36C(OC(=*)C6*)OC4(C(=*)O5)C12*,23,8,Ring,-=--=-=-
*c1cc2cc(*)c(*)c(*)c2[nH]1,23,4,Ring,----
*C1CC(=*)C2OCC1O2,23,2,Ring,-=
*C1CC2(*)C3=CCC4C(*)(*)C(=*)CCC4(*)C3=CCC2(*)C1*,23,8,Ring,----=---
*C1CC2(C(*)O1)C(*)C(=*)CCC2(*)*,23,6,Ring,---=--
*C1CCC2(*)C(C1)C(*)CC1C2CCC2(*)C(*)C(*)C(*)C12,23,7,Ring,-------
*C1C=C2C(*)(*)CCCC2(*)O1,23,4,Ring,----
*C1CC2C(CCC3C2(*)CCC2C(*)(*)CCCC23*)C2OC3OC(=*)CC13O2,23,6,Ring,-----=
*c1c2c([nH]c1=*)=CSS2,23,2,Ring,-=
*C1=CC(*)(*)NC1=*,23,4,Ring,---=
*C1CCC2(*)C3=C(CCC2C1(*)*)C1(*)CCC2(*)CCC(*)(*)CC2C1(*)CC3,23,9,Ring,---------
*C1C=CC(=*)C(*)C1*,23,4,Ring,-=--
*C1=CC=C2C3CNCC(C3)CN2C1=*,23,2,Ring,-=
*C1=CC(=*)OC2CC(CCC(*)C=CCC1)OC(*)(*)C2,23,5,Ring,-=---
*C1=Cc2cc(*)cc(*)c2OC1=*,23,4,Ring,---=
*C1=C2C(*)(*)CCCC2(*)c2c(*)c(*)c(*)c(*)c2C1=*,23,9,Ring,--------=
*C1CC2(*)C(C1*)C(*)C13COC(*)(C2*)C1C1C(CC1(*)*)C(*)C3=*,23,10,Ring,---------=
*c1ccc2c(c1)OC1c3ccc(*)c(*)c3OCC21,23,3,Ring,---
*C1=C(*)C2C(*)(CC3C4CC=C5CC(*)CCC5(*)C4CCC32*)O1,23,6,Ring,------
*c1cc(*)c2c(*)c3c(cc2c1*)OC(*)C(*)C3=*,23,7,Ring,------=
*C1CCN2C(=*)c3ccccc3NC(=*)C2C1,23,3,Ring,-==
*C1=CC2(*)C(=CC1=*)CCC(*)C2*,23,5,Ring,--=--
*c1cc2c(cc1*)CC1(*)C(C2)C(*)CC(*)CC2c3cc(*)c(*)cc3CCC21,23,7,Ring,-------
*C1=NC2C(*)=NC3C(*)=NC(C(*)=NC(*)c4cc(*)cc(*)c4-c4cc3ccc4*)C(*)c3ccc(c(*)c3)Oc3cc2cc(c3*)Oc2ccc(cc2*)C(*)C(*)C(*)=NC1*,23,16,Ring,----------------
*C1(*)CC2CCC1(*)C2(*)*,23,5,Ring,-----
*C1C=CCCC2(CC3CCC4C(*)C5(CCCC(*)O5)N=C(N2)N34)O1,23,3,Ring,---
*C1CC2C(*)(*)C(=*)CCC2(*)C2=C1C1(*)C(=*)CC(*)C1(*)C(*)C2=*,23,11,Ring,---=--=---=
*C1CC(*)C2(*)CCCC(=*)C2C1,23,4,Ring,---=
*C1=C2CC(*)C(*)CC(*)C2CC1=*,23,5,Ring,----=
*C1=CCCC(*)C(*)C(*)C(*)CCC=CC(*)C(*)C=CC(*)C(*)C(*)=CC(*)C(*)CC(*)CC(*)CC(*)C(*)C(*)C(*)C(*)CC(*)CC(*)C=CCC(*)OC1=*,23,23,Ring,----------------------=
*c1cc2c(c(*)c1*)CCC1C(*)(*)CCCC21*,23,6,Ring,------
*=C1C=CC=N1,23,1,Ring,=
*C1C=C2CCC3C(CCC4(*)C(*)C(*)CC34*)C2(*)CC1,23,6,Ring,------
*C1CNC(=*)O1,23,2,Ring,-=
*c1cc(*)c2c(c1)OC(*)(*)C(*)C2,23,5,Ring,-----
*C1OC(*)(*)C2CC(=*)C3(*)C(CCC4(*)C(*)OC(=*)C5OC543)C12*,23,9,Ring,---=---=-
*c1cc2cc3c(c(*)c2c(*)c1*)C(=*)OC(*)C3,23,6,Ring,----=-
*C1CC(=*)C(*)C(*)O1,23,4,Ring,-=--
*c1cc(=*)c(=*)c(*)c1*,23,5,Ring,-==--
*C1=[O+]c2c(*)c(*)c(*)c(*)c2C(=*)[CH-]1,23,6,Ring,-----=
*c1ccc2cc1OCc1c(*)cc3c(c(*)cc4c3c1C=CC4*)CC#COC(*)CC(=*)CC2,23,6,Ring,-----=
*C=CC(C)C=C(*)C,23,2,Linker,--
*CC=C(*)C=O,23,2,Linker,--
*C(=O)NCCCCCNC(*)=O,23,2,Linker,--
*OC(=O)C(C)=CC=CC(C)=CC=CC=C(C)C=CC=C(C)C(=O)O*,23,2,Linker,--
*CCNC(=O)C(N*)C(C)C,23,2,Linker,--
*C=CC(=O)OCC(O*)C(*)O,23,3,Linker,---
*CC(O)CCCCCCCCC(*)O,23,2,Linker,--
*CCNC(=O)C(C)N*,23,2,Linker,--
*CCCCCC(C(=O)O)C(O)CC(*)CNC,23,2,Linker,--
*CNC(=O)CS*,23,2,Linker,--
*COC(=O)NCCCCCC(=O)O*,23,2,Linker,--
*C=CC(C)=CC(=O)O*,23,2,Linker,--
*CCNC(=O)CCCN*,23,2,Linker,--
*C(=O)NCC(*)C,23,2,Linker,--
*CCC(C)=CCCC(C=O)=CCC(*)O,23,2,Linker,--
*CCC(=O)NCC(*)O,23,2,Linker,--
*NC(=S)NC(*)=O,23,2,Linker,--
*C(O)C(O)C(*)O,23,2,Linker,--
*OCCC(=C)C(=O)O*,23,2,Linker,--
*C(=O)NCC(O)C=*,23,2,Linker,-=
*C(=O)NCCCCNCCCNC(*)=O,23,2,Linker,--
*C(*)=NO,23,2,Linker,--
*CC(=O)C=*,23,2,Linker,-=
*COC(=O)N(C)C(C*)C(=O)O,23,2,Linker,--
*C=CC(=O)NCC(*)O,23,2,Linker,--
*OC(*)C(O)CO,23,2,Linker,--
*CC(*)CCCO,23,2,Linker,--
*OCC(C)C(=C)CCC(*)C,23,2,Linker,--
*C(C)=CC(C)C,23,1,Sub,-
*C(C)C=CC=C(C)C(=O)O,23,1,Sub,-
*CCC(=O)NCCO,23,1,Sub,-
*C(C)CC=C(C)C(C)C,23,1,Sub,-
*C(Br)COC(C)=O,23,1,Sub,-
*OC(=O)CC(C)(C)OC(C)=O,23,1,Sub,-
*C(=O)NC(CCCN=C(N)N)C(=O)O,23,1,Sub,-
*NC(=O)CCl,23,1,Sub,-
*CC=C(C)COC(C)=O,23,1,Sub,-
*[N+](C)(C)[O-],23,1,Sub,-
*OCC(O)COCCCCCCCCCC(C)CCCCCC,23,1,Sub,-
*OCC(COC(=O)CCCCCCCCCCCCCCC)OC(=O)CCCCCCCCCCCCCCC,23,1,Sub,-
*C(C)C(=O)CCC(C)CO,23,1,Sub,-
*C(C)(C)CC,23,1,Sub,-
*C(=O)N(C)CC(=O)O,23,1,Sub,-
*CNC(C(=O)O)C(C)C,23,1,Sub,-
*C(C)CCCC(=C)C,23,1,Sub,-
*C(=O)NC(C)CO,23,1,Sub,-
*CNC(=O)NCCC,23,1,Sub,-
*NC(=O)N(C)C,23,1,Sub,-
*C(C)C(=O)C(C)CC,23,1,Sub,-
*CCCCCCCCC=C,23,1,Sub,-
*C(=CC)CO,23,1,Sub,-
*OCC=C(C)CC=CC(C)(C)O,23,1,Sub,-
*CC(=C)C=O,23,1,Sub,-
*OCC(NC(=O)C(O)CCCCCCCCCCCCCC)C(O)C=CCCC=CCCCCCCCCC,23,1,Sub,-
*CCCCCCCC(C)C,23,1,Sub,-
*OCC(NC(=O)CCCCCCCCCCCCCCCCCCCCCCCC)C(O)C=CCCCCCCCCCCCCC,23,1,Sub,-
*C(C)(O)C=CC(=C)CC=C,23,1,Sub,-
*=CCCCCCCCCCCCCC,23,1,Sub,=
*CCCCCCCCCC=CCCCCCC,23,1,Sub,-
*CC(=O)CC(C)O,23,1,Sub,-
*CCCCCC(C)O,23,1,Sub,-
*NCCCCCC,23,1,Sub,-
*CC(O)CCl,23,1,Sub,-
*CCC(=CC(=O)O)CO,23,1,Sub,-
*C(C)C(O)CC(=C)C(C)C,23,1,Sub,-
*CCC(=O)NCCCCCC(=O)O,23,1,Sub,-
*OC(=O)C(C)NC(=O)CC(C)C,23,1,Sub,-
*NCCN(C)C,23,1,Sub,-
*CCC(=N)[O-],23,1,Sub,-
*C1=NC2CC3(C(=*)N(*)c4ccccc43)C3CC1C2CO3,22,3,Ring,-=-
*C1=CC2CC(*)(*)CC2C2(*)CC(*)C12*,22,6,Ring,------
*C1CC(=*)C=CC1(*)*,22,4,Ring,-=--
*c1c2c(cc3c1C1(*)C(*)C(*)C(*)(O3)C1*)OCO2,22,6,Ring,------
*C1OCC(*)C(*)O1,22,3,Ring,---
*C1=C(*)c2cc3[nH]c(cc4[nH]c(cc5nc(cc1n2)C(*)=C5*)c(*)c4*)c(*)c3*,22,8,Ring,--------
*C1(*)CCCC(=*)C1(*)*,22,5,Ring,--=--
*C1=COC(*)C2C(*)CCC12*,22,4,Ring,----
*C1CCC2(CCCC2)CC1,22,1,Ring,-
*c1ccc2cc(*)[nH]c2c1,22,2,Ring,--
*C1=CCNC1=*,22,2,Ring,-=
*C1CC(=*)NC(*)C(=*)OC(*)CC(=*)NC(*)C(=*)O1,22,8,Ring,-=-=-=-=
*C1CCC(=*)CO1,22,2,Ring,-=
*C1=NC(*)C(=*)C1=*,22,4,Ring,--==
*=C1C=CC2(CCCO2)O1,22,1,Ring,=
*C1=CC(=*)C(*)(*)CC1,22,4,Ring,-=--
*C1OC(=*)C2OC23C1(*)CCC1C24COC(=*)CC2OC(*)(*)C42C=CCC13C(*)C2=*,22,8,Ring,-=-=---=
*C1OC(=*)C=C2C1(*)CCC1C3(*)C=CC(*)C(*)(*)C3CC(*)C21*,22,9,Ring,-=-------
*c1cc(*)c2c(c1)COC(=*)c1c(ccc(*)c1*)O2,22,5,Ring,--=--
*c1cc(*)[n+](*)c(*)c1,22,4,Ring,----
*C1CC2(*)C(*)C(*)CCC2C(*)C1=*,22,6,Ring,-----=
*c1nc2c(*)ncnc2[nH]1,22,2,Ring,--
*C1=CC(=*)c2c(*)cc3cc(*)cc(*)c3c2O1,22,5,Ring,-=---
*C1CC2(OC3CC4(*)C5CCC6C(*)(*)C(*)CCC67CC57CC(*)C4(*)C13)OC(*)C1(*)OC21,22,9,Ring,---------
*C1c2cc3c(cc2C(*)C(*)C1*)OCO3,22,4,Ring,----
*C1=C2Nc3cc(*)ccc3C23CCN2CCCC(*)(C1)C23,22,3,Ring,---
*C1CC2=C(CC1(*)*)C(*)(*)CCC2,22,5,Ring,-----
*C1CC2OC(=*)C(=*)C2C(*)C(*)C(*)(*)C(=*)C2OC12,22,8,Ring,-==----=
*C1CC2C3(*)CCCC(*)(*)C3CC(*)C23C(=*)C(=*)C1C3*,22,8,Ring,-----==-
*c1ccc2nnc(*)n2n1,22,2,Ring,--
*C1=Cc2c(*)c(*)c3c(ccc4cc(*)c(*)cc43)c2CCN1*,22,6,Ring,------
*C1CC2(*)C=CCN3CCc4c(n1c1ccccc41)C32,22,2,Ring,--
*C1C=CC2(*)CCC(*)C2C(*)CC(*)(*)C=CC1,22,6,Ring,------
*C1CC=C2CSSCC3CCC4(C3)CC3C(CC5C6C(=CCCN5C3C(*)C2C1)OC(=*)C6*)C4*,22,5,Ring,--=--
*C1=NC(=*)c2nc(*)cnc2N1,22,3,Ring,-=-
*[C+]1C=C2C(=N1)CC1(CCCC1)C1CCCC1C2*,22,2,Ring,--
*c1noc(=*)c1=*,22,3,Ring,-==
*C1CC2(*)C(CC=C3C4CC(*)(*)CCC4(*)C(*)CC32*)C2(*)CCC(*)C(*)(*)C12,22,11,Ring,-----------
*C12CCC(*)(c3nc4ccccc4nc31)C2(*)*,22,4,Ring,----
*C1=COC(*)C2C1C1OC1C2(*)*,22,4,Ring,----
*c1cc2c3c(c1*)C=CC1=CC[N+]4(*)C(*)Cc5cc(*)c(*)c-2c5C4C13,22,6,Ring,------
*C1=NC2C(*)C(*)C(*)C2O1,22,4,Ring,----
*c1cc2c(*)c(*)c(*)cc2[o+]c1*,22,5,Ring,-----
*C1CCC2(*)CCCC(=*)C12,22,3,Ring,--=
*c1cc(*)c2c(*)c3c(cc2c1)CC(*)OC3=*,22,5,Ring,----=
*C1CC23OC2CCC(=CC2OC(=*)C(=*)C12)COC3*,22,4,Ring,-==-
*c1nc(*)c2cc(*)c(*)cc2n1,22,4,Ring,----
*C1=CC(*)(*)C(*)=CC1*,22,5,Ring,-----
*c1c(*)c(*)c2c(=*)c3c(*)cccc3c(=*)c2c1*,22,7,Ring,---=-=-
*C1CC(*)(*)C(*)C2OC(=*)C(*)C12,22,6,Ring,----=-
*c1ccc2c(c1)C(*)C(=*)N2,22,3,Ring,--=
*C1=NCCc2ccc(*)cc21,22,2,Ring,--
*C1=C(*)C(*)C(*)(*)CC1=*,22,6,Ring,-----=
*c1ccc2c(c1)NC(=*)C(=*)N2,22,3,Ring,-==
*C1CCC2(*)C(CCC3C2CCC2(*)C(*)C(=*)CC32)C1,22,5,Ring,----=
*C1=CCC2C(*)(C(=*)CC3(*)C(*)C(*)CC23*)C1*,22,8,Ring,--=-----
*C1CC2(*)C(C(*)CC3(*)C2CC=C2C4C(*)C(*)(*)CCC4(*)CCC23*)C(*)(*)C1*,22,12,Ring,------------
*C1C2CC(=*)c3[nH]c4ccccc4c3CC1N(*)CC2=*,22,4,Ring,-=-=
*c1ccc2c(c1)NC(=*)C1CN(*)CCN1C2=*,22,4,Ring,-=-=
*C1=CC(=*)Oc2c(*)c(*)c3c(c21)OC(*)(*)C=C3,22,6,Ring,-=----
*C1=CC(=*)C2(*)C(*)C(*)=CCC2C1=*,22,6,Ring,-=---=
*C1C=CC(*)(*)C(*)C(*)C(*)C2(*)CCC(=*)OC2C2C(*)C(*)(*)CC2(*)C1=*,22,13,Ring,-------=----=
*C1OC2OC3OC(=*)C(=*)C3C2C1*,22,4,Ring,-==-
*c1cc2c(c(*)c1*)C13CCCC(*)(*)C1CC2OC3=*,22,6,Ring,-----=
*C1=C(*)C2(*)CCC3C(CCC4CC(*)CCC43*)C2C1=*,22,6,Ring,-----=
*C1CC(*)(*)CO1,22,3,Ring,---
*C1CC(*)(*)C(*)C(*)(*)C1,22,6,Ring,------
*N1C(=*)C2C(CCN2*)N(*)C1=*,22,5,Ring,-=--=
*c1cc2c3c(c1*)OC(=*)C(*)C3C(*)C(=*)OC1C(*)OC(*)C(OC2=*)C1*,22,10,Ring,--=--=--=-
*c1ccc2c(c1*)OC(*)C(*)C2=*,22,5,Ring,----=
*c1ccc2c(c1)OC1(CCN(*)CC1)CC2=*,22,3,Ring,--=
*C1CC(*)C(*)C(*)C(=*)OC(*)C(*)C=CC1=*,22,8,Ring,----=--=
*c1cc2c(c(*)c1*)C(=*)c1cccc(*)c1O2,22,5,Ring,---=-
*C1CCC2(*)C(CCC3(*)C2CCC2=C4CC(*)(*)CCC4(*)CCC23*)C1(*)*,22,9,Ring,---------
*c1c2c(c(*)c3c1OC14C(C3=*)C(*)C3CC1C(*)(*)OC4(*)C3=*)C=CC(*)(*)O2,22,10,Ring,--=----=--
*C1=CC2C(=C(*)CCC2*)CC1,22,3,Ring,---
*c1cc(*)c2cc(*)c(*)cc2c1,22,4,Ring,----
*c1ccc2c(c1)C1(C(=*)N2*)N2CC3(*)CN1CC(*)(C2)C3=*,22,6,Ring,-=---=
*C1CC(=*)c2cc3c(cc2N1)OCO3,22,2,Ring,-=
*C1=CC(*)CC(*)OC(=*)C(*)NC(=*)C(*)N(*)C(=*)C(*)NC(=*)C(*)C1,22,12,Ring,---=-=--=-=-
*c1ccon1,22,1,Ring,-
*C1CC2(*)C(=*)C(=*)C3(C(*)CC4C(*)(*)CCC(*)C4(*)C13)C2*,22,10,Ring,--==------
*C1CC(*)C(*)C(*)C=CC(=*)OC(*)C(*)C2OC2C=CC1=*,22,8,Ring,----=--=
*C1CSCC1*,22,2,Ring,--
*C1CCCOC1*,22,2,Ring,--
*c1cc2c(c(*)c1*)-c1c(cc(*)c(*)c1*)C(=*)OC1C3OC(=*)c4cc(*)c(*)c5c4C4C(=CC(=*)C(*)(*)C4(*)O5)C(=*)OC1C(COC2=*)OC3*,22,17,Ring,------==--=---==-
*C1(*)NC(=*)C2(*)OC12,22,4,Ring,--=-
*C1C=COC12C=CC(=*)O2,22,2,Ring,-=
*C1=CC2(*)CC(*)(*)C(*)C2C2(*)CC(*)C12*,22,8,Ring,--------
*C1(*)C=C2CCC3C(*)(*)CC(=*)CC3(*)C2CC1,22,6,Ring,----=-
*C1CC(*)(*)CC1=*,22,4,Ring,---=
*C1=CC2OC(=*)C(=*)C2C2C=C(C(=*)O2)C(*)CC1,22,5,Ring,-===-
*C1=C2CCC(*)C2CC(*)CC1,22,3,Ring,---
*C1C(=*)N(*)C(=*)C(=*)N1*,22,6,Ring,-=-==-
*C1CCCC2(CCC(*)C(*)O2)O1,22,3,Ring,---
*C1CC(*)C2(*)C3=C(C(=*)CC12*)C1(*)CCC(=*)C(*)(*)C1CC3,22,9,Ring,---=--=--
*C1CCC2(*)C3CCC45C(=*)OC(*)(*)C4(*)C(*)CC5(*)C3=CCC2C1(*)*,22,10,Ring,--=-------
*C12CCC3C(CCC4CC=CCC43*)C1CCC2=*,22,3,Ring,--=
*C1CCC2(*)C(CCC3(*)C2CCC24OCC5(C(*)CC(*)(*)CC52)C(*)CC34*)C1(*)*,22,10,Ring,----------
*C1OC2OC(=*)CC1C2*,22,3,Ring,-=-
*c1cc2c(cc1*)OC(*)C(*)C2,22,4,Ring,----
*C1=COC2OC3C(=*)C(=*)OC34C=CC1C24,22,3,Ring,-==
*C1CC(*)C2C(*)C(=*)CC2C1=*,22,5,Ring,---==
*C1CCC(*)(*)C2OC12,22,3,Ring,---
*C1Nc2ccccc2C1(*)*,22,3,Ring,---
*c1nc2ccccc2nc1*,22,2,Ring,--
*c1ccc2cc(*)cn2c1,22,2,Ring,--
*C1CC2(*)C(CC(*)C3C4(*)CCC(*)C(*)C4CCC32*)C1=*,22,8,Ring,-------=
*c1cc2c(cc1*)C(=*)C1=C(O2)C(=*)N(*)C1*,22,6,Ring,--==--
*C1=C(*)C(*)(*)C(*)CC1=*,22,6,Ring,-----=
*C1=CC(=*)c2c(*)cc3c(c2O1)C=CC(*)(*)O3,22,5,Ring,-=---
*c1cc(*)c2c(c1*)OC1(C(=*)C3=C(CC1*)Nc1ncnn1C3*)C2=*,22,7,Ring,---=--=
*C1=C(*)C2C(C1)C(=*)CC(*)C1C(=*)C(=*)OC12,22,6,Ring,--=-==
*C1CCC2(*)C3CCC4(*)C(*)CCC4C3CCC2(*)C1,22,5,Ring,-----
*C1(*)Cc2cc3c(cc2O1)OC(=*)C=C3,22,3,Ring,--=
*C1=CC2C(CCC3(*)C2CCC3(*)*)C2(*)CCC(=*)C=C12,22,6,Ring,-----=
*C1CCC2(*)C(*)CCC3C(C12)C3(*)*,22,5,Ring,-----
*C1=NC#CCC2CCCC2(*)C(=*)C=CCCc2cc(*)c(*)c(c2)N1,22,5,Ring,--=--
*c1c(*)c(*)c2c(c1*)CN(*)C2=*,22,6,Ring,-----=
*C1=CCCc2cc(=*)cc(c2=*)NC(=*)CC(*)C=CC=CC=CCC(*)C(*)C1*,22,8,Ring,-===----
*c1cc2nc3occc3c(*)c2cc1*,22,3,Ring,---
*C1=CC2OC(=*)C(=*)C2C(*)CC(=*)C(*)CC1*,22,7,Ring,-==-=--
*c1sc2ccccc2[n+]1*,22,2,Ring,--
*c1cc2c(cc1*)OC(*)CC2,22,3,Ring,---
*C1C(*)C2(*)OC(*)(*)CC(=*)C2(*)C2(*)C(*)CCC(*)(*)C12,22,11,Ring,-----=-----
*C1=C2Nc3ccccc3C23CC[N+]2(*)CC(*)C1CC32,22,3,Ring,---
*c1cc2c(c3c1C(=*)CC(*)O3)C1=C(CCC1)C(=*)O2,22,4,Ring,-=-=
*C1CC2(*)C3=C(CCC2(*)C1*)C1(*)CCC(=*)C(*)(*)C1CC3,22,8,Ring,-----=--
*C1CC2C3(*)CCC4C(*)(*)CCCC4(*)C3CC(*)C2(*)C2=C1C(*)OC2=*,22,9,Ring,--------=
*C1=CC(*)C(*)C=C1*,22,4,Ring,----
*C1=CC2C3CC(=*)OC(*)CCCC(*)C(*)C(=*)C3=CC2C2CC(*)CC12,22,7,Ring,-=---=-
*c1ccc2nc(*)cnc2c1,22,2,Ring,--
*C1=CCC2CC(CC3(O2)OC(*)C(*)CC3*)OC(=*)C2C=C(*)C(*)C3OCC(=CC=CC(*)C1)C23*,22,9,Ring,----=----
*C1CC2C(CCC3C2(*)CCC2C(*)(*)CCCC23*)C(*)O1,22,6,Ring,------
*C1=NC(*)C(=*)OC(*)C(*)=NC(*)C(=*)OC(*)C(*)=NC(*)C(=*)OC(*)C(*)=NC(*)C(=*)OC(*)C(*)=NC(*)C(=*)OC(*)C(*)=NC(*)C(=*)OC1*,22,24,Ring,--=---=---=---=---=---=-
*C1CCC2(*)C(CCC3C2C(*)CC2(*)C3CCC2(*)*)C1,22,6,Ring,------
*C1=CC2C(CC1)C2(*)*,22,3,Ring,---
*C1=CC(=*)C2C(*)=CCC3C(*)CCC3(*)CC12,22,5,Ring,-=---
*C1CC2C(=*)C=C3C(CCC4(*)C(*)CCC34*)C2(*)C(*)C1*,22,8,Ring,-=------
*C1=CC2OC(=*)C(*)C2(*)C(*)C2C(=*)CCC(*)C2(*)C(*)CC1*,22,10,Ring,-=---=----
*C1NC(=*)C(*)NC(=*)C(*)NC(=*)C(*)C(*)OC(=*)C(*)NC(=*)C(=*)NC1=*,22,13,Ring,-=-=-=--=-===
*C1CCC2(*)C3=C(C(=*)CC2C1(*)*)C1(*)C(=*)CC(*)C1(*)CC3=*,22,10,Ring,--=---=--=
*C1=CC2C34CCC(*)C(*)(*)C3C(CC2(*)C2(*)C(*)=C(*)C(=*)C12*)OC4=*,22,11,Ring,--------=-=
*c1ccc2c(*)c(*)c(*)[o+]c2c1,22,4,Ring,----
*C1=CC=CC=CC=CC=CC(*)C(*)OC(=*)C(*)C(*)CC(*)CC(*)CC(*)CC(*)CC(*)C(*)C1*,22,13,Ring,---=---------
*[N+]12CCC34c5ccccc5N5C(=*)CC6OCC=C(C1)C(CC32)C6C54,22,2,Ring,-=
*C1OCCC2C(*)C3OC3(*)C12,22,3,Ring,---
*C1=CC=CC(*)C(*)OC(=*)C=CC=CC(*)C(*)CC(*)C(*)C(*)CCC(*)C(*)CC2(*)OC(CC(*)CC(*)CC(*)CC1*)CC(*)C2*,22,18,Ring,---=--------------
*C1CC2C(*)(*)CCCC2(*)C2CCC3CC12C(*)C3=*,22,6,Ring,-----=
*C1=CC(=*)c2c(cc3c(c2*)C2CCCC4(OC4*)C(=*)OC2C(*)(*)O3)O1,22,7,Ring,-=--=--
*C1=C2C(*)C3(*)C(*)CCCC3CC2(*)OC1=*,22,6,Ring,-----=
*c1cc2c(cc1*)C(=*)c1c(*)c(*)c(*)c(*)c1O2,22,7,Ring,--=----
*C1=NCN=C1*,22,2,Ring,--
*C1CC2C(CCC3(*)C(=*)OC4(*)C5CC6(*)C(COC27OC34C6C7=*)C(=*)O5)C2(*)C(=*)C=CCC12*,22,10,Ring,--=--==-=-
*C1CC23CCCN4CCC5(c6ccccc6NC15CC2)C43,22,1,Ring,-
*C1=CC(=*)C2C(*)(*)C(*)CCC2(*)C1*,22,7,Ring,-=-----
*c1ccc2c(c1)C(*)C(*)C(*)(*)O2,22,5,Ring,-----
*C1=NC(*)C(*)=NC(*)C(*)=NC(*)C(*)=NC(*)C(*)=NC(*)C(*)=NC(*)C(*)=NC(*)C(=*)OC(*)C1,22,16,Ring,--------------=-
*c1c2c(cc3ccoc13)C=CC1(O2)OC(*)C(*)(*)O1,22,4,Ring,----
*C1C=C2CCC3C(CC(*)C4(*)C(*)CCC34*)C2(*)CC1,22,6,Ring,------
*C1CCC2(*)C(CCC3C4=CCC(*)C4(*)CCC32)C1,22,4,Ring,----
*c1ccc2c(c1*)Oc1c(*)c(*)cc(*)c1C2=*,22,6,Ring,-----=
*C1CCC2(*)C(*)CCC(*)(*)C12,22,5,Ring,-----
*CCCC(NC(=O)C(O)CO)C(=O)NC(C)C(=O)NC(C(=O)N*)C(C)C,22,2,Linker,--
*C(C)CCC(*)(C)O,22,2,Linker,--
*CC(=O)NC(C)C*,22,2,Linker,--
*CCNC(=O)CCC(*)=O,22,2,Linker,--
*CCCCC(*)C(=O)O,22,2,Linker,--
*CCCCNC(*)=O,22,2,Linker,--
*NC(=O)C(C)=CC=CC(*)C,22,2,Linker,--
*OC(=O)CCCCCNS(*)(=O)=O,22,2,Linker,--
*CC(*)CCCCC,22,2,Linker,--
*C(*)C(=O)OC,22,2,Linker,--
*CCCC=*,22,2,Linker,-=
*CCCCCCCCCCC(O)C*,22,2,Linker,--
*C(*)CC(=O)NC(*)CCSC,22,3,Linker,---
*CSC*,22,2,Linker,--
*CC(=O)NCC(*)*,22,3,Linker,---
*C=CC=C(*)CC,22,2,Linker,--
*CC(NC(=O)CCC(=O)OCC(*)=O)C(=O)O,22,2,Linker,--
*NC(=O)C(*)=NO,22,2,Linker,--
*OCC(*)(C)O,22,2,Linker,--
*C(=O)NC(CCSC)C(*)=O,22,2,Linker,--
*OCC(C)CC=*,22,2,Linker,-=
*C(=O)N(*)C(*)=O,22,3,Linker,---
*C(C)=CC=CC(=*)C,22,2,Linker,-=
*CC(CC)OC(=O)C(*)C,22,2,Linker,--
*OCC(=O)NNC(*)=O,22,2,Linker,--
*C=C(NC(*)=O)C(=O)O,22,2,Linker,--
*OOC(*)=O,22,2,Linker,--
*C(=O)NC(*)C(C)OC,22,2,Linker,--
*CCNC(=O)CN*,22,2,Linker,--
*C#CC(C)=CC=CC=CC=C(C)C=*,22,2,Linker,-=
*OCC(NC(=O)C(O)CCCCCCCCCCCCCCCCCCCCCC)C(O)C(O)CCCCCCCCCCCC,22,1,Sub,-
*CC(C=CCC)CC,22,1,Sub,-
*OC(=O)C=C(C)C(C)(C)O,22,1,Sub,-
*CC(=O)C=CC,22,1,Sub,-
*C(C)C(=O)N(CCOC)CCOC,22,1,Sub,-
*OC(=O)CCCCCCCC=CCCCCCC,22,1,Sub,-
*CC(NC)C(=O)O,22,1,Sub,-
*OC(=O)C(C)(O)CO,22,1,Sub,-
*=CCOC,22,1,Sub,=
*C(O)OC,22,1,Sub,-
*OP(=O)(O)OCC(OCC=C(C)CCC=CC(C)(C)CCC(=C)CC=C(C)CCC=C(C)C)C(=O)O,22,1,Sub,-
*C(O)CCCCCCC,22,1,Sub,-
*CC(=O)C(=C)C,22,1,Sub,-
*C=C(C)CC=CC,22,1,Sub,-
*OC(C(O)CO)C(O)C(O)CO,22,1,Sub,-
*CCC=C(C)CCC=C(C)CCC=C(C)C(=O)O,22,1,Sub,-
*=C(C)C=CC=C(C)C=CC=C(C)C,22,1,Sub,=
*C(Cl)C=CC#C,22,1,Sub,-
*CS(=O)(=O)C(C)(C)C,22,1,Sub,-
*C(C)(O)C(O)C=CC(C)(C)O,22,1,Sub,-
*C(=O)OCCCCCCCCCC,22,1,Sub,-
*OC(=O)C(=CC)CNCC,22,1,Sub,-
*CCC=CC=CCCC,22,1,Sub,-
*C(O)(C(C)=O)C(C)C,22,1,Sub,-
*NC(=O)C(CC(=O)O)NC(=O)C(CC(C)C)NC(=O)CC(O)CCCCCCC,22,1,Sub,-
*OCC(NC(=O)CCCCCCCCCCCCCCCCCCCCCCCCC)C(O)C=CCCCCCCCCCCCCC,22,1,Sub,-
*OC(=O)C(=CC)CCNC,22,1,Sub,-
*CNC(C)C(=O)O,22,1,Sub,-
*C=C(CO)C(=O)O,22,1,Sub,-
*SSC,22,1,Sub,-
*C(C)(C)C(=O)NC,22,1,Sub,-
*OCC(N)CNC,22,1,Sub,-
*OC(=O)C(C)(OC(C)=O)C(C)OC(C)=O,22,1,Sub,-
*=CC(C)C(Cl)(Cl)Cl,22,1,Sub,=
*[B],22,1,Sub,-
*NC(=O)C(=C)OC,22,1,Sub,-
*C(C)C(O)C(=O)C=C(C)C,22,1,Sub,-
*CCOCCO,22,1,Sub,-
*CCCCCCCCCCCCCCCCCCCC,22,1,Sub,-
*C(=O)NC(C(=O)NC(C(=O)O)C(C)C)C(C)C,22,1,Sub,-
*CCC(=O)CCCCC,22,1,Sub,-
*C(O)C=C(C)CC(=O)O,22,1,Sub,-
*C(=O)NC(C)C(=O)NC(C(=O)O)C(C)CC,22,1,Sub,-
*CC=C(C)CCC(O)C(C)(C)O,22,1,Sub,-
*OC(=O)COC(=O)CC(C)C,22,1,Sub,-
*=CC(CC)CCC(C)C,22,1,Sub,=
*OC(=O)C=CC=CCC(O)C=CC=CCCCCC,22,1,Sub,-
*=NOCC(=O)NC(C)C(=O)O,22,1,Sub,=
*C(C)CC(=O)C(=C)C(C)C,22,1,Sub,-
*CC(O)C(C)(C)OC,22,1,Sub,-
*C(C)(O)C[S+](C)[O-],22,1,Sub,-
*OCC=C=C,22,1,Sub,-
*C(=O)C=CC(C)=CC(C)CC,22,1,Sub,-
*C(=O)O[Si](C)(C)C,22,1,Sub,-
*C(C)=CC(O)C(C)O,22,1,Sub,-
*OC(=C)C(=O)O,22,1,Sub,-
*C1CCC2C3CC=C4CC5(CCC4(*)C3CCC12*)OCCO5,21,3,Ring,---
*C1CC(*)C2(*)C3CCC4(*)C(*)CCC4C3CC(*)C2(*)C1,21,7,Ring,-------
*C1=CC(=*)OC(*)C1*,21,4,Ring,-=--
*C1=C2CC3CCC(*)C2(CC1)C3(*)*,21,4,Ring,----
*C12C=CC(=*)C=C1CCC1C2CCC2(*)C(=*)CCC12,21,4,Ring,-=-=
*C1CC2(*)C(*)CC1C2(*)*,21,5,Ring,-----
*c1cc2c(c(*)c1*)C(*)N(*)C(*)C2,21,6,Ring,------
*C1C(*)C(*)(*)C2CC(*)C3(*)C(=*)C(*)(*)C(*)C(*)C3C2(*)C1*,21,13,Ring,------=------
*C1OC(*)C2C(*)OC(*)C12,21,4,Ring,----
*C12CC3OC(=*)C1COC14OC5(C2C1=*)C(*)(CCC1C4CC2OC24CC=CC(=*)C14*)C(=*)OC35*,21,8,Ring,-==-=-=-
*C1=NNC(=*)c2ccccc21,21,2,Ring,-=
*C1CCC2(*)C(C1)C(*)CC1C2CC2C3CN4CC(*)CCC4C(*)C3CCC21*,21,6,Ring,------
*C1=Nc2cc(*)ccc2C(=*)N1*,21,4,Ring,--=-
*C1CNC(*)C2(*)C(*)OC(*)C(*)C2OCSSCC1*,21,7,Ring,-------
*C1=C(*)C(*)C2OC2(*)C1=*,21,5,Ring,----=
*c1cc(*)c2c(=*)c3c(c(=*)c2c1*)C(*)C(*)(*)C(*)C3*,21,10,Ring,--==------
*C1C(=*)NC2=CSSC21,21,2,Ring,-=
*C1=NC(*)(*)C(*)=NC1(*)*,21,6,Ring,------
*c1scc[n+]1*,21,2,Ring,--
*C1C=C2C3CN(Cc4cc5c(cc43)OCO5)C2CC1*,21,2,Ring,--
*C1CCN2C(=*)C3CC(*)CN3C(=*)C2C1,21,4,Ring,-=-=
*c1cc2c(c(*)c1*)C1=C(OC2=*)C(=*)CC1*,21,6,Ring,---==-
*C1=CC=CCCC(*)C(*)C=CC(*)CCCC=CC(=*)OC(*)C1,21,6,Ring,----=-
*c1cc2c(cc1*)-c1c(*)c3c(n1CC2)C(=*)Oc1cc(*)c(*)cc1-3,21,6,Ring,---=--
*C1CC(*)C2C(=*)CCC3C2C1CCC3(*)*,21,5,Ring,--=--
*C1=COC(*)C2C(*)(*)CC(*)C12*,21,6,Ring,------
*C1CCC2=C(CCC3(*)C(*)CCC23*)C1(*)*,21,6,Ring,------
*C1C(=*)C23C(*)C1CCC2C12COC3(*)C(*)C1C(*)(*)CCC2*,21,8,Ring,-=------
*C1CC(=*)OC1=*,21,3,Ring,-==
*C1CCC2(OC1)OC1CC3C4CCC5CC(*)C(*)C(*)C5(*)C4CCC3(*)C1C2*,21,7,Ring,-------
*C1CCCC(*)CC(*)C(*)C(*)C=CC=CC=CC=CC=CC(*)C(*)OC(=*)C(*)C(*)CC(*)C1,21,11,Ring,-------=---
*C1=NC(*)Cc2c(*)c(*)cc(*)c21,21,5,Ring,-----
*c1c(*)c2ccccc2c(=*)c1=*,21,4,Ring,--==
*C1CCC2(*)C3=C(CCC3)CC[N+]2(*)C1,21,3,Ring,---
*C1=CC(=*)C2=C(O1)C(*)CC(=*)O2,21,4,Ring,-=-=
*C1=CC=CC(*)C(*)C(*)C(*)C(*)C(*)C(*)C(*)C=COC2(*)Oc3c(*)c(*)c4c(=*)c(cc(=*)c4c3C2=*)NC1=*,21,16,Ring,------------====
*C1=CC=CC(*)C(*)C(*)=CC(*)C(*)C(*)CC(*)C(*)c2cc(=*)cc(c2=*)NC1=*,21,12,Ring,---------===
*C1C(*)C2(*)c3ccccc3C1(*)c1ccccc12,21,4,Ring,----
*C1C=CCCC=CC(=*)OC(*)C(*)C1*,21,5,Ring,-=---
*C1(*)CCC2C(*)(CCC3C(*)(*)C(=*)CCC23*)O1,21,7,Ring,-----=-
*C1=CC2C(CCC2(*)*)C(=*)CC1,21,4,Ring,---=
*c1cc(*)c2c(*)c3c(c(*)c2c1)CC(*)(*)CC3=*,21,7,Ring,------=
*C1CC(=*)C(=*)OC2CC[N+]3(*)CC=C(COC(=*)C1(*)*)C23,21,7,Ring,-==-=--
*C1=C(*)C(=*)NC1,21,3,Ring,--=
*C1=C2c3c(cc(*)c(*)c3*)C(=*)OC(*)C3OC(=*)C2C2(Oc4cc(*)c5c(c4C32)OC(*)C(*)C5)C1=*,21,11,Ring,----=-=---=
*C1=C(*)N(*)C(*)=C(*)C1*,21,6,Ring,------
*C1CC(*)(*)C(=*)OC2CCN3CC=C(COC(=*)C1(*)*)C23,21,7,Ring,---==--
*C1CC2C(*)(*)CCCC2(*)C2CCC(=*)C(*)C12,21,6,Ring,----=-
*N1CCC2CC(=*)Nc3ccccc3OCCC2C1,21,2,Ring,-=
*C1OC2OC(*)(*)OC2C(*)C1*,21,5,Ring,-----
*N1N=CC(=*)N(*)C1=*,21,4,Ring,-=-=
*C1CC2OC(=*)C(*)C2C1*,21,4,Ring,-=--
*C1CC2(*)C(*)OC(=*)C3OC32C2(*)C(=*)CC3C(*)(*)OC(=*)CC(*)C3(*)C12,21,11,Ring,---=-=--=--
*c1cc2c(c(*)c1*)CC(*)CO2,21,4,Ring,----
*C1=CC2C(CC1)C(*)CCC2(*)*,21,4,Ring,----
*C1C=CCC(*)N1*,21,3,Ring,---
*C1=CC(=*)C2(*)CCC(*)(*)C2C(*)C1,21,6,Ring,-=----
*C1C2=CC(=*)OC2(*)CC2C1C(*)C(*)C1C(*)(*)CCCC21*,21,8,Ring,-=------
*C1CCC(=*)C2C3OC(=*)C(=*)C3CCC12*,21,5,Ring,-===-
*c1cc(=*)c2cccc(*)c2c1=*,21,4,Ring,-=-=
*C1CCC2(*)C(CCC3(*)C2C2OC2C24OC(=*)C5(CCC(=*)CC52)CCC34*)C1(*)*,21,8,Ring,---==---
*C1OC(=*)C2=C1C(*)C1CC(*)(*)CC1C(*)(*)C2,21,7,Ring,-=-----
*C1(*)CCSCC1,21,2,Ring,--
*C1OC(=*)C2=CCC3C4(*)CCC5C(*)(*)CCCC5(*)C4CC(*)C3(*)C21,21,8,Ring,-=------
*c1oc2nc1C(=*)NC(*)c1nc(cs1)C(=*)NC(*)c1nc(cs1)C(=*)NC2*,21,7,Ring,-=-=-=-
*C1CC2(*)CN3C4CC56CC(=*)C7C(*)C5C3C(C1)(C42)C6C7*,21,5,Ring,--=--
*C1CCC2(*)C=CC(=*)C(*)C2C1,21,4,Ring,--=-
*C1=C(*)C(*)C(*)C1,21,4,Ring,----
*c1cc(*)c2c(*)cccc2c1,21,3,Ring,---
*C1OC2(*)CC3(*)C4CCC5C(*)(*)C(*)CCC56CC46CCC3(*)C2C1*,21,8,Ring,--------
*C1=CC(*)C2CC3C(*)C4C=CC1C2C43,21,3,Ring,---
*C1=CC2OC(=*)C(=*)C2C(*)CC2=CC(C1)OC2=*,21,5,Ring,-==-=
*c1ccc2c3c([nH]c2c1)C1CC2CC(*)C1N(CC3)C2,21,2,Ring,--
*=C1C=Nc2ccccc21,21,1,Ring,=
*C1=CC(=*)Oc2c(*)c(*)c3c(c21)OC(*)C3,21,5,Ring,-=---
*c1cn[nH]c1*,21,2,Ring,--
*c1ccc2cc3c(c(*)c2c1*)C(=*)CC(*)(*)C3*,21,7,Ring,---=---
*C1=CC(=*)OC2CC3OC4CC(*)C5OC6CC7OC8(*)CC=CC9OC%10CC%11OC(*)CC(*)C%11(*)OC%10CC9OC8CC7(*)OC6(*)CCC5OC4CC3(*)OC12,21,10,Ring,-=--------
*C1CC(=*)C2(*)C(CCC3(*)C2CC=C2C4CC(*)(*)CCC4(*)CCC23*)C1(*)*,21,10,Ring,-=--------
*C1CC2C3(CCC4C(*)(*)CCCC42*)CC(=*)C1C3,21,5,Ring,----=
*C1CCC2(*)C(CCC3(*)C2C=CC2=C4C5(CCC(*)(OC5=*)C4(*)*)CCC23*)C1(*)*,21,10,Ring,----=-----
*C1CCC(*)(*)C(*)C1=*,21,5,Ring,----=
*c1cc(*)c2c(c1)oc1cc(*)c(*)c(*)c12,21,5,Ring,-----
*C1C=CC=CC(=*)OC2C(*)CC3C2(*)C(*)C2(*)OC2C2C4OC5(*)OC(C(*)C23O5)C4(*)C(*)(*)CC2CCC1C2*,21,12,Ring,-=----------
*c1nc(=*)[nH]c1=*,21,3,Ring,-==
*C1C=CC(=*)OC23C(=*)NC(*)C2C(*)C(=*)C(*)C3C=CCC(*)CCC1,21,8,Ring,-==--=--
*c1cc(*)c2c(c1*)CC(=*)C=CC=CC1OC1CC(*)OC2=*,21,6,Ring,---=-=
*C1=CC(*)C2C1C1OC(=*)C(=*)C1C(*)CC21CO1,21,5,Ring,--==-
*C1CC(*)C(*)(*)CC1*,21,5,Ring,-----
*C1=C(*)N(*)CC1=*,21,4,Ring,---=
*C1C(=*)N(*)C(=*)N(*)C1=*,21,6,Ring,-=-=-=
*C1=CC(*)CC=CC2C3OC3(*)C(*)C3C(*)NC(=*)C23C(=*)C=CC(=*)C1*,21,9,Ring,-----===-
*C1CC2(*)C(*)CCC2C2CCC3CC(=*)CCC3(*)C12,21,5,Ring,---=-
*C1CC(=*)NC(*)C(=*)NC(*)C(=*)NC(*)C(=*)NC(*)C(=*)NC(*)C(=*)N(*)C(*)C(=*)NC(*)C(=*)NC(*)C(=*)N2CCCC2C(=*)NC(*)C(=*)NC(*)C(=*)N1,21,24,Ring,-=-=-=-=-=-=--=-=-==-=-=
*c1cc(*)c2c(=*)c3c(*)ccc(*)c3c(=*)c2c1,21,6,Ring,--=--=
*C1=CC2C(*)CCC(*)(*)C2CC1=*,21,5,Ring,----=
*C1OCCN1*,21,2,Ring,--
*C1=C(*)C(*)NC(*)CC#Cc2c(*)cccc2CC1,21,5,Ring,-----
*C1NC(=*)CNC(=*)C(*)NC(=*)C(*)NC(=*)c2csc(n2)C(*)NC(=*)CN(*)C(=*)C(=*)NC1=*,21,13,Ring,-==-=-=-=-===
*C1CC2(OCC3(*)OC32)OC2CC3(*)C4CCC5C(*)(*)C(*)CCC56CC46CC(*)C3(*)C12,21,8,Ring,--------
*C1C2CC3C(C2*)C(*)(C1*)C1C(*)C2C4(*)CCC(*)C32C1N(*)C4,21,8,Ring,--------
*C1CC2(CC(*)C3(CCC4(*)C5=C(CCC43*)C3(*)CCC(*)C(*)(*)C3CC5)O2)OC1=*,21,9,Ring,--------=
*C1NC(=*)C(*)(*)C1*,21,5,Ring,-=---
*C1=CC2(*)C(=*)C(C1=*)C(*)C2*,21,6,Ring,--==--
*C1(*)CCC2=C(C1)C(=*)CC1C(*)(*)CCCC21*,21,6,Ring,--=---
*C12CCC(C(*)(*)C1)C(*)(*)O2,21,5,Ring,-----
*C1CC2CCC(O2)C(*)C(=*)OC(*)C(*)C2CCC(O2)C(*)C(=*)O1,21,7,Ring,--=---=
*C1CCC1*,21,2,Ring,--
*c1cc2c(cc1*)C13CC(*)C=CC1=CCN3CC2,21,3,Ring,---
*c1cccc2c1C(=*)CC(*)(*)O2,21,4,Ring,-=--
*C1=C2C(=C(*)C3C(=*)c4cccc(*)c4C(=*)C13)C(*)C(*)(*)CC2*,21,9,Ring,--=-=----
*C1CC2C(=*)CCC3C(*)C(=*)OC3C2C1=*,21,5,Ring,-=-==
*C1CC=CC2C(*)C(=*)C(*)C3C(*)NC(=*)C23C(*)C=CC(*)(*)C1,21,9,Ring,--=--=---
*c1cc2c(c(*)c1*)CC(*)O2,21,4,Ring,----
*C1CC2(*)C(=CC1=*)C(*)CCC2*,21,5,Ring,--=--
*C1=CCCC2(*)OC2C2OC(=*)C(=*)C2CC1*,21,5,Ring,--==-
*C1CCC2(*)C(CCC3OC32*)C1(*)*,21,5,Ring,-----
*C1CCC2(*)C(C1)CC1OC13C2CCC1(*)C(*)CCC13*,21,5,Ring,-----
*C1C2OC(=*)C1C1(*)CC3OC34C(=*)OC2C14*,21,5,Ring,-=-=-
*C1C(*)C(*)N(*)C1*,21,5,Ring,-----
*C1CCC2C(=CCC(*)C2(*)*)C1(*)*,21,6,Ring,------
*C1=CC2OC(=*)C(=*)C2C(*)CC(=*)C2CC12,21,5,Ring,-==-=
*C1=Nc2c(*)cc(*)cc2C12NC(*)C1C(=*)N(*)C(=*)C12,21,7,Ring,----=-=
*c1cc(*)c2cccc(*)c2c1*,21,4,Ring,----
*C1=CC(=*)Oc2c1ccc1oc(*)c(*)c21,21,4,Ring,-=--
*C1OC(*)C2OP(*)(=*)OC12,21,4,Ring,---=
*C1CCC23CC4(CCCC4)C4CC5(*)CCCCC5c5ccc6cccc(c6c5C42)C3C1,21,2,Ring,--
*C1=CCC2(*)CCC(*)C2CC1,21,3,Ring,---
*c1cc(*)c2c(c1)CC13CCC(Cc4ccc(*)nc4C#CCc4c(*)c(*)c5c(c4C4Oc6c(ccc-2c61)C4*)C=CC1NC2CCCC(CSSCC1O5)C2)C3,21,6,Ring,------
*C1=C2OC(*)C(*)C2(*)CC(*)C1=*,21,6,Ring,-----=
*c1c2c(cc3c(=*)c4c(*)ccc(*)c4c(=*)c13)C(*)CC(*)(*)C2*,21,9,Ring,-=--=----
*C1CCC2(*)C3CCC4=C(CCC5(*)CCC(*)(*)CC45)C3(*)CCC2C1(*)*,21,8,Ring,--------
*C1=CCC2C(CCC2(*)*)C(*)(*)C1*,21,6,Ring,------
*C1=CC=CNC1=*,21,2,Ring,-=
*C1C=CC(=*)OC(*)C(*)C2OC2C=CC(=*)C(*)(*)CC(*)C1*,21,9,Ring,-=--=----
*C1CC2(*)OC2CCC2(*)OC2C(*)C1*,21,5,Ring,-----
*c1cc(*)c2c(c1)C=CCCCC(*)CCCC(*)OC2=*,21,5,Ring,----=
*c1cc2c(c(*)c1*)C(=*)OC1CC(*)OC21,21,5,Ring,---=-
*C1CCC2C(CNC3CC(=*)CCC32)C1,21,2,Ring,-=
*c1c(*)c(*)c2c(oc3c(*)c(*)c(*)c(*)c32)c1*,21,8,Ring,--------
*C1Cc2ccccc2C1*,21,2,Ring,--
*C1=Cc2c(*)cc(*)cc2OC1*,21,4,Ring,----
*c1nc2ccncc2[nH]1,21,1,Ring,-
*C1CC2(*)C(CCC3(*)C2C2C=CC3(*)C(=*)O2)C(=*)O1,21,6,Ring,----==
*c1ccc2c(c1)OC1=C(C2=*)C(*)C(*)(*)O1,21,5,Ring,-=---
*C1CCC(*)(*)C2CC(*)C(*)(*)C2C1,21,6,Ring,------
*C1CC(*)C2(C=CC(*)C3(CCC(*)(*)O3)O2)OC1*,21,6,Ring,------
*c1ccc2c(c1)N(*)C1(CCN(*)CC1)NC2=*,21,4,Ring,---=
*C1CCC2(*)CCC(*)C2(*)C1,21,4,Ring,----
*C1=NC(*)C(*)N1,21,3,Ring,---
*c1ccc2cc(*)c(*)cc2c1,21,3,Ring,---
*c1cc2c(=*)c3c(*)cc(*)c(*)c3c(=*)c2cc1*,21,7,Ring,-=---=-
*C12CC3C(=*)NC(=*)C(=*)N3C1Nc1ccccc12,21,4,Ring,-===
*c1cccc2c1c(*)cn2*,21,3,Ring,---
*C1CC(=*)C2(CCC(*)(*)C(*)C2)C(*)(*)C1*,21,8,Ring,-=------
*c1cc(*)c2c(*)c3c(c(*)c2c1)CC(*)OC3,21,5,Ring,-----
*C1=CC2CCC=CC(C1*)C2*,21,3,Ring,---
*C1C(=*)CCC2(*)C1CCC1C3CCC(*)C3(*)CCC12,21,5,Ring,-=---
*C1OC(=*)C=C2C1(*)CCC1C23OC2(*)C(C(*)C(*)(*)C(*)C12*)C3*,21,10,Ring,-=--------
*C1OCOC(*)C1*,21,3,Ring,---
*c1cc2cc(c1)C1NC(=*)C(Cc3ccc(c(*)c3)Oc3cc4cc(c3*)Oc3ccc(cc3*)C(*)C3NC(=*)C(NC(=*)C4NC1=*)c1ccc(*)c(c1)-c1c(*)cc(*)cc1C(*)NC3=*)NC(=*)C(*)c1ccc(*)c(c1)O2,21,17,Ring,-=----===----==--
*c1cc2c3c(ccc(*)c3c1=*)C(=*)N(*)C=2,21,5,Ring,--==-
*c1cccc2c1C(=*)CC(*)O2,21,3,Ring,-=-
*C1CCC2(*)C(CCC3C2CCC2(*)C3C(*)C3OC(*)(*)C(*)C32)C1,21,7,Ring,-------
*c1cc2c3c(c1*)C=CC1=CC[N+]4(*)CCc5cc(*)c(*)c-2c5C4C13,21,5,Ring,-----
*CN(C)CC(*)O,21,2,Linker,--
*CC(N)C(=O)O*,21,2,Linker,--
*CCC(CC=CC(*)O)S(=O)(=O)O,21,2,Linker,--
*CC(CO)NC(=O)C(C)(C)NC(*)=O,21,2,Linker,--
*CCC(C)CCO*,21,2,Linker,--
*C=CC=CC=CC=CC=CC=CC=CC=CC(=O)O*,21,2,Linker,--
*CC(=O)OCC(*)CO,21,2,Linker,--
*CC(C)C(C)C(*)=O,21,2,Linker,--
*C=CC(=O)N(C)CC*,21,2,Linker,--
*OC=C(*)C,21,2,Linker,--
*CCC=CC(*)=O,21,2,Linker,--
*C(*)CCO,21,2,Linker,--
*OCC(*)OC,21,2,Linker,--
*CC=C(C)C(O)C*,21,2,Linker,--
*CN(C)C(=O)CO*,21,2,Linker,--
*C(*)(O)CCCCO,21,2,Linker,--
*NC=CC(*)=O,21,2,Linker,--
*OCC(O)CNC(*)=O,21,2,Linker,--
*OCCOCCOCCO*,21,2,Linker,--
*OC(C)C(=O)NCC(*)O,21,2,Linker,--
*C=CC(=O)OC(C(=O)O)C(OC(=O)C=C*)C(=O)O,21,2,Linker,--
*C(=O)CC(*)C(C)C,21,2,Linker,--
*C(C)C(=C)CCC(*)C(=O)O,21,2,Linker,--
*CC(C)=CC(=O)OCCCCCCCC(=O)N*,21,2,Linker,--
*CCC(=O)N(C*)CCCOC,21,2,Linker,--
*CC=CCC*,21,2,Linker,--
*CC=C(C)CCC=C(C)CC*,21,2,Linker,--
*OC(=O)CCCCCCCCCC(CCCCC)O*,21,2,Linker,--
*CNC(=O)C(CCSC)NC(*)=O,21,2,Linker,--
*CCCCCCCCCCC(*)=O,21,2,Linker,--
*C=C(C)C=CC=C(C)C(OC)C(*)C,21,2,Linker,--
*CC(=O)NC(*)CO,21,2,Linker,--
*CC(N)C(=O)NC(C*)C(=O)O,21,2,Linker,--
*COC(=O)NC(C*)C(=O)N*,21,3,Linker,---
*CC(CO)O*,21,2,Linker,--
*CNC(=O)CCCN*,21,2,Linker,--
*CC(C)(CC(=O)O)O*,21,2,Linker,--
*NC(CC(C)C)C(*)=O,21,2,Linker,--
*OC(=O)C(*)CCC(=C)C(C)C,21,2,Linker,--
*C(CCC(=C)C(C)(C)O)C(=O)O,21,1,Sub,-
*CCC=C(C)CCC=C(C)C(=O)O,21,1,Sub,-
*C(C)C=C,21,1,Sub,-
*NC(=O)C(CC(C)C)N(C)C(=O)C(NC(=O)COC)C(C)C,21,1,Sub,-
*OCC(O)COC(=O)CCCCCCCC=CCC=CCC=CCC,21,1,Sub,-
*C(O)C(O)C(=C)C,21,1,Sub,-
*CC=CC=CC,21,1,Sub,-
*C(CCC)CC(=O)OC,21,1,Sub,-
*C(CO)CCCC(C)C,21,1,Sub,-
*C(C)(O)CCC(OO)C(=C)C,21,1,Sub,-
*=NOCC(=O)NC(CCC(N)=O)C(=O)O,21,1,Sub,=
*CC(=O)NCCO,21,1,Sub,-
*SCC(NC(=O)CCC(N)C(=O)O)C(=O)NC(O)C(=O)O,21,1,Sub,-
*C(=O)CCC(=O)OC,21,1,Sub,-
*CNCCCO,21,1,Sub,-
*CCCCCCCCCCC(C)CC,21,1,Sub,-
*CC(=O)NCC=C,21,1,Sub,-
*CCC(=O)NC(CO)C(C)CC,21,1,Sub,-
*NC(=O)NC(C(=O)O)C(C)C,21,1,Sub,-
*CC(NC(=O)C(C)N)C(=O)O,21,1,Sub,-
*=NCC(=O)O,21,1,Sub,=
*OCCBr,21,1,Sub,-
*C(O)CC(C)(C)O,21,1,Sub,-
*=C(C)CCC=C(C)C,21,1,Sub,=
*C=CC=CC(C)O,21,1,Sub,-
*C=CC=CCC(C)O,21,1,Sub,-
*C=CC=C(C)C(=COC)C(=O)OC,21,1,Sub,-
*C(CC(=O)OC)OC(C)=O,21,1,Sub,-
*C(C)=CC(=O)CC(C)C,21,1,Sub,-
*CC=C(C)CCC=C(C)CCC=C(C)CCC=C(C)CCC=C(C)CCC=C(C)CCC=C(C)CCC=C(C)CCC=C(C)CCC=C(C)C,21,1,Sub,-
*C(O)(CO)CCC=C(C)C,21,1,Sub,-
*NC(=O)NC(CCCN=C(N)N)C(=O)O,21,1,Sub,-
*C(=O)C(NC(=O)C(NC(=O)C(NC(=O)C(NC(=O)CCCC(C)C)C(C)C)C(C)O)C(C)C)C(C)C,21,1,Sub,-
*CC=C(C)CCC=C(C)CCC=C(C)CCC=C(C)CCC=C(C)CCC=C(C)CCC=C(C)C,21,1,Sub,-
*OC(=O)C(=C)CCO,21,1,Sub,-
*=COS(=O)(=O)[O-],21,1,Sub,=
*C(C)C=CC(O)C(C)C,21,1,Sub,-
*=NC(C)=O,21,1,Sub,=
*OC(=O)C=CC(O)CCCC,21,1,Sub,-
*OCC(=O)NC(C)C,21,1,Sub,-
*C(CCC)OC(C)=O,21,1,Sub,-
*CC(C)OC(=O)CC(C)O,21,1,Sub,-
*CCC(=O)OCCCC,21,1,Sub,-
*C(=O)CCCCCCCCCCCCC,21,1,Sub,-
*OC(=O)C(C)N(C)C(=O)C(C)C,21,1,Sub,-
*C=CC#CC#CC#CC,21,1,Sub,-
*C(=O)C(=O)OCC,21,1,Sub,-
*CCCCCCCCCCCCC(C)C,21,1,Sub,-
*C(OC(C)=O)OC(C)=O,21,1,Sub,-
*CC(=O)NC(CO)C(C)CC,21,1,Sub,-
*OCC(=O)NCCCO,21,1,Sub,-
*OC(=O)C(C)C(O)C(C)CC,21,1,Sub,-
*CNC(=O)C(N)CCSC,21,1,Sub,-
*CO[Si](C)(C)C,21,1,Sub,-
*NC(=NCCCO)NC,21,1,Sub,-
*C(C)=CC(C)=O,21,1,Sub,-
*CCS(C)(=O)=O,21,1,Sub,-
*CCCC(C)=CC(=O)C=C(C)C,21,1,Sub,-
*CC(=O)OCCCC,21,1,Sub,-
*C(C)=CC(=O)CC(C)C(=O)OC,21,1,Sub,-
*CCC(=O)C=CC(CC)CCO,21,1,Sub,-
*C(C)C(CN=C(N)N)C(O)C=C(C)C(=O)O,21,1,Sub,-
*C(CCC(N)=O)C(=O)O,21,1,Sub,-
*NC(=S)SC,21,1,Sub,-
*CNCCCCOC,21,1,Sub,-
*OC(=O)C=CC(O)CCCCCC,21,1,Sub,-
*C(C)C(O)C(C)CCC(OC(=O)C(C)N(C)C)C(C)C(OC(C)=O)C(C)C=CN(C)C=O,21,1,Sub,-
*CCCCCCCCCCCCC(C)=O,21,1,Sub,-
*OC(=O)CCCCCCCCCCCCCC,21,1,Sub,-
*C1NC(=*)c2csc(n2)C(*)NC(=*)C2N=C(OC2*)C(*)NC(=*)c2csc(n2)C(*)NC(=*)C2N=C1OC2*,20,10,Ring,-=-=--=-=-
*C1CCNC1*,20,2,Ring,--
*C1CC(*)(*)C(*)C1*,20,5,Ring,-----
*c1cc2c(cc1*)C(*)OC(=*)C2,20,4,Ring,---=
*C1NC(=*)CNC(=*)C(*)NC(=*)C(*)NC(=*)C(*)NC(=*)C(*)NC(=*)C(*)NC(=*)C(*)C(*)OC(=*)C(=*)NC(=*)C(*)NC1=*,20,20,Ring,-==-=-=-=-=-=--===-=
*C1NC(=*)C(*)NC(=*)C(*)NC(=*)C(*)NC(=*)C(*)NC(=*)C2CCCN2C(=*)C(*)NC(=*)CNC1=*,20,14,Ring,-=-=-=-=-==-==
*C1C(*)(*)C1(*)*,20,5,Ring,-----
*C1CCC2(CC1)CCC(*)C2,20,2,Ring,--
*C1CC2(*)C(*)CCC(*)(*)C2C(*)C1*,20,7,Ring,-------
*c1ccc2[nH]c3c(c2c1)CCN1CC(*)C(*)CC31,20,3,Ring,---
*C1=NCC(*)=NC(*)C(*)=NC(*)C(*)=NC(*)C(*)=NC(*)C(=*)OC(*)C1,20,11,Ring,---------=-
*C1CC(*)C2(*)C(CCCC2(*)*)C1(*)*,20,7,Ring,-------
*C1CCC2C(=*)C(*)(*)C3CCC12C3,20,4,Ring,-=--
*c1ccc(*)c2c(=*)c3ccccc3c(=*)c12,20,4,Ring,--==
*c1cccc2c1C1=C(C(=*)O2)C(*)(*)CC(*)(*)O1,20,6,Ring,-=----
*c1c2cc3c(c1*)OC(=*)CC3C#CC(*)CC1=CC(*)Cc3cccc(c3)CC3CC(CCC3=*)C(*)(*)C(C2)OC1=*,20,9,Ring,--=--=--=
*C1=CC(=*)C(*)C(*)C1,20,4,Ring,-=--
*C1=NCC(*)O1,20,2,Ring,--
*C1=NN2C(*)Oc3c(*)cccc3C2C1,20,3,Ring,---
*C1=C(*)C2(*)CCCC(*)(*)C2C(*)C1=*,20,7,Ring,------=
*C1C(*)C(*)(*)C2CC(*)C3(*)C(=*)C(*)(*)CC(=*)C3C2(*)C1*,20,12,Ring,------=--=--
*C1CC(*)C2(*)C(CCC3OC32*)C1(*)*,20,6,Ring,------
*C1CC(*)C2(*)C3CCC4(*)C(*)CCC4(*)C3CCC2C1(*)*,20,8,Ring,--------
*C1C=CC2CC3(*)C(*)CCC3(*)C3=CC(=*)C4CC(*)C(*)CC4(C1)C32,20,7,Ring,----=--
*C1C(=*)C2(*)C(*)CC(*)C2(*)C(*)C1*,20,8,Ring,-=------
*C1=CC2CCC(*)C(*)C2C(*)C1*,20,5,Ring,-----
*c1ccc2c(c1)CCC1C(*)(*)CC(*)CC21*,20,5,Ring,-----
*C1=C2CC3CCC(*)C2(CC1*)C3(*)*,20,5,Ring,-----
*C1CCC2(*)C(*)C3(CCC2C1(*)*)CO3,20,5,Ring,-----
*C1=CC(=*)C(*)C(*)(*)C1*,20,6,Ring,-=----
*c1c2c(c3ccoc3c1*)OC(=*)C=C2,20,3,Ring,--=
*=C1N=c2ccccc2=N1,20,1,Ring,=
*c1cc(*)c2c(c1)OC1(*)C(*)CC(*)C21*,20,6,Ring,------
*C1C2OC(=*)C1C1CCC(*)C1(*)C2*,20,5,Ring,-=---
*C1=COc2c3c(cc(*)c2C1=*)OC(*)(*)C=C3,20,5,Ring,--=--
*C1C=CC(*)(*)C=C1,20,3,Ring,---
*C1=C(*)C2(*)CC3C(CC(*)C3(*)*)(C1=*)C2=*,20,8,Ring,------==
*c1ccc2c(c1)C(=*)c1c(*)cccc1O2,20,3,Ring,-=-
*C1OC2CCCCC2C2C=CCCC12,20,1,Ring,-
*C1NC(=*)C(*)N(*)C(=*)C(*)NC(=*)C(*)NC(=*)C(*)N2C(=*)C(CC(*)C2*)N(*)C(=*)C(*)NC1=*,20,17,Ring,-=--=-=-=-=---=-=
*c1cc(*)c2c(c1)C1c3c(*)cc(*)cc3C(C2*)C1*,20,6,Ring,------
*C1C=C2C(=*)OCC2(*)C2(*)CCCC(*)(*)C12,20,6,Ring,-=----
*C1=CC2OC(=*)C3(*)OC23C(*)C2C3(*)OC3CC(*)C2(*)C(*)C(*)C1,20,9,Ring,-=-------
*C1=CC(*)C2CC3OC(=*)CC4C(*)=C(*)C(=*)C(C2(*)C1=*)C34*,20,9,Ring,--=--=-=-
*C1=CCCCC(*)C=CC(*)C(*)C(*)C(*)OC(=*)CC2(*)CC=C(*)C1O2,20,9,Ring,------=--
*C1CCC2(*)CCC3(*)C(CC4OC(=*)CC(*)C5(*)C(*)CCC3(*)C45)C12,20,8,Ring,---=----
*C1CC2C(*)(*)CCCC2(*)C2CCC3CC12CC3(*)*,20,6,Ring,------
*C1CCC(*)C2=C(C1)C(*)CC2,20,3,Ring,---
*c1ccc2c(c1)COC2=*,20,2,Ring,-=
*C1=NC2=C(C(=*)N1)C(*)C1=C(CC(*)C3(Oc4c(*)c(*)cc(*)c4C3=*)C1=*)N2,20,9,Ring,-=-----==
*C1=NC(*)C(=*)N2CCCC2C(*)=NC(*)C(*)=NC(*)C(*)=NC(*)C(*)=NC(*)C(*)=NC(*)C(*)=NC1*,20,15,Ring,--=------------
*c1ccc(*)c2c1CSSCC(*)(*)CNCO2,20,4,Ring,----
*C1CC2C(*)(*)CCCC2(*)C2CCC3CC12C(=*)C3=*,20,6,Ring,----==
*=C1SCCCS1,20,1,Ring,=
*c1c(*)c2c(cc1=*)C1(*)CCC3(*)C4CC(*)(*)CCC4(*)CCC3(*)C1=CC=2,20,9,Ring,--=------
*C1=NCCSC(*)C1,20,2,Ring,--
*C1C(=*)CCC2C1C(*)C(=*)C1C(*)(*)CCCC21*,20,7,Ring,-=-=---
*C1CCCCNC(=*)C(*)NC(=*)C(*)NC1=*,20,6,Ring,-=-=-=
*C1(*)CC2(CC(*)(*)OC2=*)C(=*)O1,20,6,Ring,----==
*C1(*)CCC2(*)C(CCC3C2CCC2(*)C3CCC23OCCO3)C1,20,4,Ring,----
*c1ccc(*)c2c1CCC(*)(*)O2,20,4,Ring,----
*C1=C(*)C2=C(OC(*)C(*)C2=*)C(*)(*)C1=*,20,8,Ring,----=--=
*C1CCC2(*)C(CCC3(*)C2C=CC2=C4CC(*)(*)CC(=*)C4(*)CCC23*)C1(*)*,20,10,Ring,-----=----
*C1C#CCC2CC(CCC2*)CC(*)C1,20,3,Ring,---
*C1=CC2C3(*)CCC(*)C(*)(*)C3CCC2(*)C2(*)C(*)=C(*)C(=*)C12*,20,11,Ring,---------=-
*c1cc(*)c2c(=*)c(*)cc(=*)c2c1,20,5,Ring,--=-=
*C1C#CCC2CC3(*)C4=CC(=*)C5CC(*)C(*)CC5(*)C4CCC3(*)C2C(*)(*)C(*)CC(*)C2CC=C3CCC(*)CC3C2C1,20,12,Ring,--=---------
*C1CCC2(*)COC(=*)C2C1*,20,4,Ring,--=-
*c1c2c(c(*)c3c1OC(*)C3*)C(=*)CC(*)O2,20,6,Ring,----=-
*[n+]1cccc2ccccc21,20,1,Ring,-
*c1cc2c(c(*)c1*)-c1c(cc(*)c(*)c1*)C(*)C(*)(*)C(*)C2,20,10,Ring,----------
*c1cc2cc(*)n(*)c2cc1*,20,4,Ring,----
*C1CC2(*)C3=C(CCCC3)CC[N+]2(*)C1,20,3,Ring,---
*C1CCC2(*)C1CCC1C3(*)C(*)C(*)C(*)C(*)(*)C3CCC12*,20,9,Ring,---------
*C1CCCC12CCCC2,20,1,Ring,-
*C1CCC2C(O1)c1ccccc1OC2(*)*,20,3,Ring,---
*C1CC(*)CC(*)C1,20,3,Ring,---
*c1ccc2cc1Oc1ccc(cc1)CC1c3cc(c(*)cc3CC[N+]1(*)*)Oc1c(*)c(*)cc3c1C(C2)N(*)CC3,20,7,Ring,-------
*C1C(=*)C=CC(*)C2(*)C(*)C(*)C(*)C3(CO3)C2C(*)C2(*)C(*)C(=*)OC12,20,11,Ring,-=--------=
*c1ccc2c3c([nH]c2c1)C(*)N1C(=*)C2CCCN2C(=*)C1(*)C3*,20,6,Ring,--==--
*C1CC(*)C2C(C1=*)C1CC(*)(*)C(*)CCC(*)(*)C2O1,20,8,Ring,--=-----
*C1CCC2(OC1)OC1CC3C4CCC5CC(*)CCC5(*)C4CC(*)C3(*)C1C2*,20,6,Ring,------
*C1CC(=*)C2(C=CC(=*)CC2)C(*)(*)C1*,20,6,Ring,-==---
*C1C=CC2OC2(*)C1*,20,3,Ring,---
*C1OC(=*)C(*)C(*)OC(=*)C(*)OC(=*)C(*)(*)C(*)C(*)OC1=*,20,12,Ring,-=--=-=----=
*C1CC(*)C(*)N1,20,3,Ring,---
*C1(*)CC23CCC1CC2C1(*)CCCC(*)(*)C1CC3,20,5,Ring,-----
*c1cc2c(c(*)c1*)C(=*)OC2,20,4,Ring,---=
*C1CCN1*,20,2,Ring,--
*C1CCC2(*)OC2C1,20,2,Ring,--
*C1CN=CNc2c1ncn2*,20,2,Ring,--
*C1=NN(*)C23CCCC2C(=*)N(*)c2ccccc2N13,20,4,Ring,--=-
*C1C(=*)CCC2(*)C(*)CCC12,20,4,Ring,-=--
*c1ccc2c3c1C=CC(*)C3Cc1c3c(c4c(c1-2)OC(*)CC4)OC(*)C(*)(*)C3,20,6,Ring,------
*C1=CC2(*)C(*)C(*)C(*)(C1*)C2*,20,7,Ring,-------
*C1=CC(*)C2(*)COC(*)C1C2,20,4,Ring,----
*C1=Nc2ccccc2NC(*)C1,20,2,Ring,--
*C1CCC(=*)N(*)C(=*)C(=*)NC(*)C(*)C(=*)NC(*)C(=*)NC(*)C(*)C(=*)N1,20,13,Ring,-=-==--=-=--=
*C1CC2=C(NC(=*)N2)C(*)C1*,20,4,Ring,-=--
*C1COC(=*)C(*)C(*)C(*)OC1=*,20,6,Ring,-=---=
*C1=CC(*)OC(*)C1,20,3,Ring,---
*C1=NN(*)C(=*)N1*,20,4,Ring,--=-
*c1cc(*)c2c(*)c3c(cc2c1*)CC(*)OC3=*,20,6,Ring,-----=
*C1CCC23CCC4(*)C5(*)CCC6C(*)(*)C(*)CCC6(*)C5C=CC4(OC2=*)C3C1*,20,9,Ring,-------=-
*c1c2c(cc3c(=*)c4ccccc4c(=*)c13)C(*)CCOCC1OC(O2)C(*)C(*)C1*,20,7,Ring,-==----
*C1=C(*)C(*)C(*)OC1=*,20,5,Ring,----=
*C1C2CCC3C(=*)C4CC(*)C(*)(*)C4(*)C(*)CC31CC2(*)*,20,9,Ring,-=-------
*C1C(=*)C(*)C(*)C(*)C1*,20,6,Ring,-=----
*C1CC(*)(*)C2C(*)C3OC3(*)C2C2OC(=*)C(=*)C12,20,7,Ring,-----==
*C1=C(*)C(=*)c2c(cc3c(c2*)C=CC(*)(*)O3)O1,20,6,Ring,--=---
*C1CC2CCC3C4CC5OC6(CC(*)C(*)(*)O6)C(*)(*)C5C4(*)CC(*)C3C2(*)CC1*,20,10,Ring,----------
*c1ccc2c(c1)CCC1C2C2OC2C2(*)CC=CC(=*)C12*,20,4,Ring,--=-
*C1CC(*)CC2(CCCC2)C1,20,2,Ring,--
*c1cccc2c1CNC(*)C2,20,2,Ring,--
*C1=CCC(*)C2(*)CCC(*)CC12,20,4,Ring,----
*c1nc2c([nH]1)c1c(*)coc1c1ccc3c(*)cccc3c12,20,3,Ring,---
*C1CCC2(OC1)OC1CC3C4CC=C5CC(*)CCC5(*)C4CC(*)C3(*)C1C2*,20,6,Ring,------
*C1=C(*)C1*,20,3,Ring,---
*C1=C2C=CC(*)(*)C2C2OC(=*)C(*)C2C(*)C1,20,6,Ring,---=--
*c1cccc2c1Oc1c3c(cc(*)c1C2=*)OC(*)C3,20,4,Ring,--=-
*C1=Cc2cc3c(cc2OC1=*)OC1(C3)C2C(=CC(*)C1(*)*)CSSC1CC3C(=*)C=CC4C(C3*)C1N4C(=*)Cc1cnc(*)cc12,20,9,Ring,-=---=-=-
*c1cocc1*,20,2,Ring,--
*C1CCC2(OCCCC2*)OC1*,20,3,Ring,---
*C1=C(*)C(*)c2c(*)n[nH]c2O1,20,4,Ring,----
*c1cc(*)c2c(c1)CC13CCC(C1)C(*)c1ccc(*)nc1C#CCc1cc(*)c(*)cc1C1Oc4c(ccc-2c43)C1*,20,7,Ring,-------
*c1cc2c(c(*)c1*)C(=*)c1c(*)ccc(*)c1O2,20,6,Ring,---=--
*c1cc(*)c2c(c1)C(*)C(=*)CC2,20,4,Ring,---=
*c1cc(*)c2c(c1)C(*)C(*)C(*)(*)O2,20,6,Ring,------
*C1CCC2(*)OC2CCC2(*)OC2C1*,20,4,Ring,----
*C1=C2C(*)C(*)C3(*)C(*)CC(*)C(=*)C3C(*)C(CC1=*)C2(*)*,20,11,Ring,------=-=--
*C1CCC2(*)C3=C(C(=*)CC2C1(*)*)C1(*)CCC(*)C1(*)CC3=*,20,9,Ring,--=-----=
*C1C=CC(=*)OC(*)CC(*)C=C1,20,4,Ring,-=--
*c1cc2n(c1*)C(*)CNC2=*,20,4,Ring,---=
*C1CCC(*)(*)C2CCC(*)(O2)C(*)CCC(*)(*)C(*)C1,20,8,Ring,--------
*c1cc(*)c2c(c1*)Oc1cccc(*)c1C2=*,20,5,Ring,----=
*C1=Cc2cc(*)c(*)c(*)c2C(*)C1*,20,6,Ring,------
*C1CC2(*)C(*)CCC(*)C2C(*)C1*,20,6,Ring,------
*C1NC(=*)CC2C=CCCSSCC(NC1=*)C(=*)NC(*)C(*)CC(=*)O2,20,7,Ring,-===--=
*C1=CC2OC(=*)C(*)C2CC(*)C(*)=CCC1,20,5,Ring,-=---
*=C1CCN2C(=*)c3ccccc3N=C12,20,2,Ring,==
*C1OC(*)(*)C(*)CCC1(*)*,20,6,Ring,------
*C1CCC2(*)C3=CCC4(*)C(*)CCC4(*)C3CCC2C1,20,5,Ring,-----
*C1CC(=*)NCCCNCCCCNCCCN1,20,2,Ring,-=
*C1(*)CC2(*)OC(=*)CC2O1,20,4,Ring,---=
*c1cc2c(c(*)c1*)-c1c(cc(*)c(*)c1*)C(=*)OC1C3OC(=*)c4cc(*)c(*)c5c4C(C(*)C(=*)O5)C(*)C(=*)OC1C(COC2=*)OC3*,20,16,Ring,------==---=-==-
*C1=CC(*)=C(*)OC1=*,20,4,Ring,---=
*C1CC2C(=*)N(*)CC(=*)N(*)C(*)C(=*)NC(*)C(=*)N(*)C(*)C(=*)OC(*)C(*)C(=*)NC(*)C(=*)N2C1,20,17,Ring,-=-=--=-=--=--=-=
*C1C2CC(OO2)C1*,20,2,Ring,--
*C1=C(*)C(=*)c2c(cc(*)c3c2OC2CC4c5c-3cc3c6c(ccc(c56)C(SSCCCC2*)C4*)CC(*)C3*)O1,20,8,Ring,--=-----
*c1cc2c(cc1*)C13C=CC(*)CC1N(CC3)C2,20,3,Ring,---
*C1CC2(*)C(=*)OC1CC2(*)*,20,5,Ring,--=--
*C1=CC2c3c(cc(*)c(*)c3*)OC(*)(*)C2CC1,20,6,Ring,------
*C1=CCCC(*)C1,20,2,Ring,--
*C1=COC(*)C2C(*)CC(=*)C12*,20,5,Ring,---=-
*c1c(*)c(*)c2c(=*)c3ccccc3c(=*)c2c1*,20,6,Ring,---==-
*C1CCC2(*)C(CCC3C2C(*)C(=*)C2(*)C(*)CCC32*)C1,20,7,Ring,---=---
*c1nc(*)c2c(c1*)CC(*)(*)OC2,20,5,Ring,-----
*c1ccc2c(c1)C(*)CC1(CCCC1)O2,20,2,Ring,--
*c1cc(*)c2c(c1)C1=CC(*)C(*)CC1(*)OC2=*,20,6,Ring,-----=
*C1NC(=*)C(*)NC(=*)C(*)NC(=*)C(*)NC(=*)C(*)C(*)OC(=*)C(*)NC(=*)C(*)NC(=*)C(*)NC(=*)C(*)NC1=*,20,19,Ring,-=-=-=-=--=-=-=-=-=
*C1=CCC2C1C1OC(=*)C(=*)C1C(*)C(*)C2(*)*,20,7,Ring,-==----
*C1C(=*)C=CC(*)C2(*)C3OC3C(*)C(*)C2C(*)C2(*)C(*)C(=*)OC12,20,10,Ring,-=-------=
*C1=NC(=*)c2ccccc2N1,20,2,Ring,-=
*c1ccc2c(c1)CC(*)NC2,20,2,Ring,--
*C1=CC(*)C2CC1C2(*)*,20,4,Ring,----
*c1cc2c(cc1*)-c1cc3ccc(*)c(*)c3c[n+]1CC2,20,4,Ring,----
*c1cc(*)c2c(c1)CCc1c-2ccc(*)c1*,20,4,Ring,----
*c1cc(*)c2c(c1*)Cc1cccc(c1)C(*)CSSC2,20,4,Ring,----
*C1C2C(*)(*)CCCC2(*)C2CCC3CC12CC3=*,20,5,Ring,----=
*C1CC2(*)C(CCC2(*)*)C2CCC3=CC(=*)CCC3=C12,20,5,Ring,----=
*C1=CN=C(*)NC1=*,20,3,Ring,--=
*c1cc2ncnc(*)c2cc1*,20,3,Ring,---
*C1C=C2C(*)OC(*)C23CCC(*)C(*)(*)C3C1,20,6,Ring,------
*C1CC2(*)C(CCC3C4(*)C=CC(=*)C(*)C4C(*)C(=*)C32*)C1=*,20,9,Ring,---=--=-=
*C1NC(=*)C(*)NC(=*)C(*)C(*)OC(=*)C2CCCCN2C(=*)C(*)NC(=*)C(*)NC(=*)C(*)N(*)C(=*)C(*)NC1=*,20,17,Ring,-=-=--==-=-=--=-=
*C1CCC2(OC1)OC1(*)CCC2(*)OC1(*)*,20,5,Ring,-----
*C1CC2(*)C(CCC3(*)C2CC=C2C4CC(*)(*)C(*)CC4(*)C(*)CC23*)C(*)(*)C1*,20,12,Ring,------------
*C1CCC23CC2(*)CCCC3C1(*)*,20,4,Ring,----
*C1CCC2(*)C(CCC3(*)C2C=CC2C4CC(*)(*)CCC4(*)CCC23*)C1(*)*,20,9,Ring,---------
*C1C(*)C2(*)C3C(=*)OC(*)(*)C(=*)C3(*)C(=*)CC2C2(*)C(*)CC(=*)C(*)(*)C12,20,14,Ring,---=--=-=--=--
*c1ccc2c(c1)NC(=*)C1C(*)CCN1C2=*,20,4,Ring,-=-=
*c1cc2c(nc1*)-c1csc(n1)C1COC(=*)c3c4c5c(cccc5n3*)COC(=*)C(*)C(OC4)C(NC(=*)c3csc(n3)C(=*)NC(=*)C(*)NC(=*)c3csc-2n3)c2nc(cs2)C(=*)N1,20,12,Ring,--=-=-===-==
*C1CCC2(*)C(CC=C3C2CCC2(*)C(*)CCC32*)C1,20,5,Ring,-----
*C1=COC=CC1=*,20,2,Ring,-=
*C1=NN2C(C1)c1cccc(*)c1OC21CCOC(*)(*)C1,20,4,Ring,----
*CCCCCCCCCCCCCCC(*)O,20,2,Linker,--
*CC(NC)C(*)=O,20,2,Linker,--
*OC(=O)C(C)C(*)O,20,2,Linker,--
*NC(*)C(=C)C,20,2,Linker,--
*CCN(C*)C*,20,3,Linker,---
*C(=O)CC(*)C(=O)OC,20,2,Linker,--
*CCC(=O)CC(O)CC(*)CC*,20,3,Linker,---
*C(O)CCC(*)(C)O,20,2,Linker,--
*CCCCCCCOC(*)=O,20,2,Linker,--
*CCCNC(=*)C,20,2,Linker,-=
*OC(=O)CCC(=O)O*,20,2,Linker,--
*CC=CC(O)C(*)O,20,2,Linker,--
*CCNC(=O)C(C)NC(*)=O,20,2,Linker,--
*CC(N=CC=*)C(=O)O,20,2,Linker,-=
*C(=O)NCCC=*,20,2,Linker,-=
*CC#CC*,20,2,Linker,--
*CNC(=O)C(N*)C(C)C,20,2,Linker,--
*CCC(O)CCCCCCCCCC(*)O,20,2,Linker,--
*CC(C)NC(*)=O,20,2,Linker,--
*C(=*)OC,20,2,Linker,-=
*CCC(=C)C(OC(C)=O)C(C)C*,20,2,Linker,--
*CC(N)C(=O)N(C)C(C)C(NC(=O)C(CCSC)NC(=O)NC(C*)C(=O)O)C(=O)NC=*,20,3,Linker,--=
*COC(=O)C(C)=CCCC(C)(C=C)O*,20,2,Linker,--
*N(*)C(=O)CC,20,2,Linker,--
*OC(=O)C(O)C(*)NC(=O)CCCCC,20,2,Linker,--
*C(=O)N(*)CC,20,2,Linker,--
*C(=O)NC(*)C(C)C,20,2,Linker,--
*CC(O)C(C)CCC=CC=C(*)C,20,2,Linker,--
*C(*)CCNC(=O)CC(*)C(C)C,20,3,Linker,---
*COC(=O)CC(C*)(O*)C(=O)OC*,20,4,Linker,----
*CC(COC(C)=O)C(C*)COC(C)=O,20,2,Linker,--
*C(O)C(O)C(C)(C)O,20,1,Sub,-
*=NOCC(=O)NCC(=O)NC(C(=O)O)C(C)C,20,1,Sub,=
*C(CC(=O)OC)CC(C)C,20,1,Sub,-
*C(=O)C(C)NC(=O)OC(C)(C)C,20,1,Sub,-
*CC(=O)NC(C)CC,20,1,Sub,-
*C(=O)OCCC(C)C,20,1,Sub,-
*OCC(O)C(C)(C)OC,20,1,Sub,-
*CCC(CO)OC,20,1,Sub,-
*CC[SH+](C)[O-],20,1,Sub,-
*CCCN(CCC)CCC,20,1,Sub,-
*C(OC)C(C)O,20,1,Sub,-
*C(=O)NC(C(=O)NC(CCSC)C(=O)O)C(C)CC,20,1,Sub,-
*OC(=O)CCCCCCCCCCCC,20,1,Sub,-
*CC=CC(C)(C)OC,20,1,Sub,-
*C(CCC=C(C)CO)C(=O)O,20,1,Sub,-
*C(O)C(O)C=CCCC=CC=CC=CCCC=C,20,1,Sub,-
*OC(=O)C(C)=C(C)C,20,1,Sub,-
*CC(C)CCC=C(C)C,20,1,Sub,-
*CNC(=S)NCC(C)C,20,1,Sub,-
*C(CC(=O)OC)C(C)C,20,1,Sub,-
*C(=O)NCCC(=N)N,20,1,Sub,-
*CCC(=O)C(=C)C,20,1,Sub,-
*C=CC(=O)CC(=O)CCCCCC(C)CNC,20,1,Sub,-
*C(=O)COC(=O)CCC(=O)NC(C(=O)O)C(C)O,20,1,Sub,-
*C=CC(=O)CC(=O)CCCCCCC,20,1,Sub,-
*NC(=O)C(CC(=O)O)NC(=O)CCC,20,1,Sub,-
*C(C)CCC(C)C(C)(C)C,20,1,Sub,-
*CC(CC(=C)C)OC(C)=O,20,1,Sub,-
*OCC(=O)NCCOC,20,1,Sub,-
*C(C)(O)C(O)CCC(C)CO,20,1,Sub,-
*C(O)NC,20,1,Sub,-
*C(C)(O)CCCC(=C)C,20,1,Sub,-
*OC(=O)CCCCCCCCCCCCCCCCCCCCC,20,1,Sub,-
*CCCCCCCCCCCCCC(C)O,20,1,Sub,-
*=NOCC(=O)NC(CC(N)=O)C(=O)O,20,1,Sub,=
*C(=O)CNC(=O)OC(C)(C)C,20,1,Sub,-
*OCC(C)=CCCC(C)(O)C=C,20,1,Sub,-
*C(C)(C)C(=O)OCC,20,1,Sub,-
*C(C)C=CC(C)C(=C)C,20,1,Sub,-
*NC(=O)C(NC)C(C)C,20,1,Sub,-
*CCC(C)CCOC(=O)CCC(=O)O,20,1,Sub,-
*NCCCNCCCCN,20,1,Sub,-
*C(=O)NCC(O)CO,20,1,Sub,-
*C(C)CC(O)C(O)C(=C)C,20,1,Sub,-
*C(O)C(O)C(=O)O,20,1,Sub,-
*CC(=O)NC(CO)C(C)C,20,1,Sub,-
*CCCOCCCC,20,1,Sub,-
*OCC(NC(=O)CCCCCCCCCCC)C(O)C=CCCCCCCCCCCCCC,20,1,Sub,-
*C(C)(O)CCCO,20,1,Sub,-
*CNCNCC(C)O,20,1,Sub,-
*CCCCCCCCCCCCCCCCCCCCC,20,1,Sub,-
*CCCCCCC(C)C,20,1,Sub,-
*OCC(NC(=O)CCCCCCCCCCCCCCCCCCCCCC)C(O)C=CCCCCCCCCCCCCC,20,1,Sub,-
*OC(=O)CCCCCCCCCC,20,1,Sub,-
*C(=O)CCCCCC,20,1,Sub,-
*C=NNC(N)=S,20,1,Sub,-
*OC(C)(C=C)CCC=C(C)C(=O)O,20,1,Sub,-
*C(=O)NC(=C)C(=O)NC(=C)C(=O)NC(=C)C(N)=O,20,1,Sub,-
*NNCC(C)O,20,1,Sub,-
*C(=O)NCCCOCC,20,1,Sub,-
*=NCC,20,1,Sub,=
*NC(=O)CC(N)CCCNC(=O)CC(N)CCCNC(=O)CC(N)CCCN,20,1,Sub,-
*C(C)CC(=O)C(C)C(C)C(=O)O,20,1,Sub,-
*C(=O)COC(=O)CCC(=O)NCC(C)(C)C(O)C(=O)O,20,1,Sub,-
*C(O)CCC=CCCCCCCCCCC,20,1,Sub,-
*OC(=O)CCCCCCCCCCCCCCCC,20,1,Sub,-
*OCCC(C)CO,20,1,Sub,-
*CCOCNCC(C)O,20,1,Sub,-
*P(=O)(O)OCC,20,1,Sub,-
*c1ccc2[nH]c3c(c2c1)CC1C(*)C2CC3N1CC2=*,19,3,Ring,--=
*C1=NC(=*)C(*)N1,19,3,Ring,-=-
*c1nc2c([nH]1)CC(*)C(*)C2*,19,4,Ring,----
*C1CCC2C(=CCC3(*)C(*)CCC23*)C1(*)*,19,6,Ring,------
*C1c2cocc2CC(*)(*)C2CC(*)(*)CC12,19,5,Ring,-----
*C1OC(=*)CC2=C3C(=*)C4(*)C(*)C5(*)CC4(*)C(*)(C3CCC21*)C5*,19,10,Ring,-==-------
*C1=c2ccccc2=CC2CCC3(CC12)c1cccc(c1)CC(*)C(*)CC=CC(*)C3*,19,5,Ring,-----
*C1CCC2(*)C(=CC(=*)C3C2C(*)CC2(*)C(*)CC(*)C32)C1,19,7,Ring,--=----
*c1cc2c(cc1*)C(=*)c1c(*)cc(*)c(*)c1O2,19,6,Ring,--=---
*C1CCC2(*)CCC(*)C(*)(*)C2C1,19,5,Ring,-----
*C1=CCC(*)(*)C1*,19,4,Ring,----
*c1cc2c(cc1*)C1Oc3cc4c(cc3C1CO2)OCO4,19,2,Ring,--
*C1(*)CCC2C(=*)CCC23COC1C3,19,3,Ring,--=
*c1cc(*)c2cccc(*)c2c1,19,3,Ring,---
*C1C2C(=*)C(=*)OC2CC2(*)C(*)CCC(*)(*)C12,19,7,Ring,-==----
*C1CC2C(=*)CC(*)C3C(*)C(=*)OC3C2C1*,19,6,Ring,-=--=-
*C1=CC2=C(CC1)C1(*)CCCC(*)(*)C1CC2,19,4,Ring,----
*C1CC(*)C2(*)C(*)CCCC2C1(*)*,19,6,Ring,------
*c1ccc2c(c1)c1cc[nH+]c3c4ccccc4c(=*)n2c13,19,2,Ring,-=
*C1CCC2(OC1)OC1CC3C4CCC5(*)C(*)C(*)CC(*)C5(*)C4CCC3(*)C1C2*,19,8,Ring,--------
*C12CCOCC1CC1(CCCC1)c1ccccc12,19,1,Ring,-
*c1cc2oc(=*)c(=*)c2cc1*,19,4,Ring,-==-
*c1cccc2c1C(=*)CCC2*,19,3,Ring,-=-
*C1=Cc2c(*)ccc3c2C(Cc2c4c(c5c(c2-3)OC(*)CC5)OC2c3cc(*)c(*)c(c3)OC(*)CC#CC(*)C2(*)C4)C1*,19,9,Ring,---------
*C1=CC(=*)c2c(cc3c(c2*)CC2OC(=*)C4(*)OC4CCc4cc(*)nc(c4)-c4cc(*)nc(*)c4CSSCCC2(*)O3)O1,19,9,Ring,-=-=-----
*C1CC(=*)C(*)C2(*)CCC(*)C(*)(*)C12,19,7,Ring,-=-----
*C1CC(=*)C2(*)C(CC(=*)C3(*)C2CCC2(*)C(*)OC(=*)C4OC423)C1(*)*,19,10,Ring,-=-=---=--
*c1cc2[nH]c3c(c2cc1*)CCN1CC2CC(*)C1C3C2,19,3,Ring,---
*C1=CC(=*)C(*)=C(*)N1,19,4,Ring,-=--
*C1=CC(*)C2C(=*)N(*)C(=*)C2C1,19,5,Ring,--=-=
*C1C(*)C23C(OC(=*)C2*)OC24C(=*)OC1C32CC1OC(=*)C(*)C14*,19,8,Ring,--=-==--
*C1C2OC(=*)C(=*)C1C(*)C1(*)C(=*)C=CC1C2*,19,7,Ring,-==--=-
*C1CCC2(*)C(CCC3CC4CC32CCC4(*)*)C1(*)*,19,6,Ring,------
*c1ncnc2c1[n+](*)cn2*,19,3,Ring,---
*C1C=C2C(*)CC3(*)C(CCC4(*)C(*)CCC43*)C2(*)CC1,19,7,Ring,-------
*C1=C2C3C(*)C=CC2(CCC1)CC(*)(*)C31CCC(*)C1*,19,6,Ring,------
*C1(*)C(=*)CC(=*)C(=*)OC2CCN3CC=C(COC1=*)C23,19,6,Ring,--====
*c1cc2c(c(*)c1*)C(*)CC(*)C2*,19,6,Ring,------
*C1CC=C2C1(*)CCC1C2(*)C(*)CC2C(*)(*)OC(=*)CC(*)C21*,19,9,Ring,------=--
*C1C=CC(*)(*)C(*)C(*)C(*)C(=*)C(*)C2C(*)C(*)(*)CC2(*)C1*,19,13,Ring,------=------
*C1CC2OC(*)CC2O1,19,2,Ring,--
*c1cc2c(c(*)c1*)-c1c(*)c(*)cc3c1C(CC2)N(*)CC3,19,6,Ring,------
*C1CC(*)OC2(CCCC(*)O2)C1,19,3,Ring,---
*C1=CCCC(*)C(*)OC(=*)CC(*)C(*)(*)C=CC1*,19,8,Ring,---=----
*C1NC(=*)NC23C(*)C4OC(*)(OC(C12)C4(*)*)C3*,19,7,Ring,-=-----
*C1COC(=*)C(*)N(*)C(=*)C2C(*)SCC(C(=*)N(*)C(*)C(=*)OCC(*)C(=*)NC(*)C(=*)N2*)N(*)C(=*)C(*)NC1=*,19,19,Ring,-=--=-=--=-=-=--=-=
*C1(*)C2CC3N(CC2=*)C2CC14c1ccccc1NC34O2,19,3,Ring,--=
*C1=C(*)C(=*)c2c(*)cc(*)cc2C1,19,5,Ring,--=--
*c1coc2c1c(=*)c(=*)c1c3c(ccc12)C(*)(*)CCC3,19,5,Ring,-==--
*C1NC(=*)CNC(=*)C2CCCN2C(=*)C(*)NC(=*)C(*)NC(=*)C(*)NC(=*)C(*)NC1=*,19,12,Ring,-===-=-=-=-=
*c1cc2c(c(*)c1*)OC(*)C2*,19,5,Ring,-----
*C1CC2C(*)(CCC3C2(*)CCC2(*)C4CC(*)(*)CCC4(*)CCC32*)C(*)C1=*,19,10,Ring,---------=
*C1CCC2(*)C3=C(CCC2C1)C1(*)CCC(*)C1(*)CC3,19,5,Ring,-----
*c1cc(*)c2c(=*)cc(*)c(=*)c2c1*,19,6,Ring,--=-=-
*C1=CC(=*)c2c(cc3c(c2*)C(*)C=C2Cc4[nH]ccc4C#CCC4(*)C(*)C(*)C2(O3)OC42CC#CC3(*)OC(*)(OC2=*)C(*)C(*)C3(*)*)O1,19,14,Ring,-=-------=----
*c1cc(*)c2c(c1*)OC(*)(*)CC2=*,19,6,Ring,-----=
*C1=NC(*)C(=*)N(*)C(*)C(*)=NC(*)C(*)=NC(*)C(=*)N(*)C(*)C(*)=NC(*)C(*)=NC1*,19,16,Ring,--=------=------
*C1(*)CCCC2(*)CCC3C(C12)C3(*)*,19,5,Ring,-----
*C1CC(=*)NCCCN(*)CCCCN1,19,3,Ring,-=-
*c1cc2c(cc1*)C1Oc3c(cc(*)c(*)c3*)C1CO2,19,5,Ring,-----
*C1CCC2C3C4OC4C4(*)CC=CC(=*)C4(*)C3CC(*)C12*,19,6,Ring,--=---
*C1C(*)C(*)(*)C2(*)C(*)CC34CC(*)(*)C(CCC3C(=*)C12)C4*,19,10,Ring,--------=-
*N1CCCS1(=*)=*,19,3,Ring,-==
*C1=C(*)[N+]2(*)Oc3ccc(*)cc3OC2(*)C(=*)N1*,19,7,Ring,-----=-
*C1CCC2(*)C(CCC3(*)C(*)C(=*)CCC32)C1(*)*,19,7,Ring,----=--
*C1OC2(*)C(*)CNC(*)(C1*)C2*,19,6,Ring,------
*=C1CCCC2C3CC(CN12)C1CCCCN1C3,19,1,Ring,=
*c1nncn1*,19,2,Ring,--
*C1CC2(*)C(CC=C3C4C(*)(CCC(*)C4(*)*)CCC32*)C2(*)CCC(*)C(*)(*)C12,19,11,Ring,-----------
*C1C(=*)OC2C1CCC1(*)C(=*)C=CC(*)(*)C21,19,6,Ring,-=-=--
*C1C2=C(CCCC2(*)*)C(*)(*)C(*)C1*,19,7,Ring,-------
*c1cc2c(c(*)c1*)C(=*)C=C1C2(*)CCC2(*)C3CC(*)(*)CCC3(*)CCC12*,19,10,Ring,---=------
*C1=Cc2[nH]ccc2C(*)C1*,19,3,Ring,---
*c1cc2c(cc1*)C(*)(*)NCC2,19,4,Ring,----
*c1ccc2c(*)c(*)c(*)cc2c1,19,4,Ring,----
*C1OC(=*)C=C2C3(*)CC4OC4C4(*)C(=*)OC(C34)C3OC213,19,5,Ring,-=--=
*c1c2c([nH+]c3ccccc13)CC(*)(*)CC2=*,19,4,Ring,---=
*C1C2C3CCC4C5(*)CCC(*)C(*)(*)C5CCC4(*)C3(*)CCC2(*)CCC1(*)*,19,10,Ring,----------
*C1CC(*)OC2(C1)CC(*)CC(*)O2,19,4,Ring,----
*C1CCC2(*)CCC3(*)C(CCC4C5(*)C=CC(=*)C(*)(*)C5CCC43*)C12,19,8,Ring,----=---
*C1(*)CCCC(=*)C1,19,3,Ring,--=
*c1cc2c(*)ccc(*)c2c(*)c1*,19,5,Ring,-----
*C1CCc2ccncc2C(=*)OCC2(*)OC34C(*)C2C(*)C(*)C3(*)C(*)C(*)C(OC1=*)C4(*)*,19,12,Ring,-=-------=--
*C1CCC2(*)C3(*)CC4(*)OC2(C1*)C1(*)C3(*)C(*)C(*)(*)C41*,19,11,Ring,-----------
*C1C2C3(C=CC(*)C2(*)C(=*)O3)C2CCC3(*)CC12CC3=*,19,6,Ring,---=-=
*c1c2c(c(*)c3c(=*)c4c(c(=*)c13)C(*)OC1CC(=*)OC41)C1CC(*)C2(*)C(*)O1,19,9,Ring,--==-=---
*c1cc2c(cc1*)C1(*)CCCC(*)(*)C1C(*)C2*,19,7,Ring,-------
*c1cc2c(c(*)c1*)CN(*)CC2,19,4,Ring,----
*C1C=CC2CC(*)(*)C34CCC(*)(CCC13C2=*)C4*,19,6,Ring,----=-
*C1C(=*)C2CC(=*)C(*)C2C(*)C1*,19,6,Ring,-==---
*C1NC(=*)C(*)NC(=*)C(*)N(*)C(=*)C(*)C(*)OC(=*)CN(*)C(=*)C(*)NC1=*,19,14,Ring,-=-=--=--=-=-=
*c1cccc2c1CN(*)C2=*,19,3,Ring,--=
*C1CCC2(CCC3(*)C(CCC4C5(*)CCC(*)C(*)(*)C5CCC43*)C2*)CO1,19,8,Ring,--------
*C1=CC2=C(*)C(=*)C3(*)OC4(*)C(*)C(*)OC(=*)C4C3C2=CO1,19,8,Ring,--=----=
*C1=CC(=*)C(*)CC1*,19,4,Ring,-=--
*C1=CCC(*)CC2C=CCC(CC(*)C(*)C(*)CC(*)C(*)C(*)OC(=*)C=C1)O2,19,9,Ring,--------=
*C1C=CC=CC=CC=CCC(*)OC(=*)C(*)C(*)CC(=*)CCCC(*)CC2(*)CC(*)C(*)C(C1)O2,19,10,Ring,--=--=----
*C1CC(=*)OC2CC3(OC(=CC(=*)O1)C(*)(*)CC3(*)*)OC(*)C2*,19,9,Ring,-==------
*C1CCC2(OC1)OC1CC3C4CCC5CC(*)CCC5(*)C4=CCC3(*)C1C2*,19,5,Ring,-----
*c1ccc2c(=*)c3c4c(ccc3c(=*)c2c1*)CC(*)(*)CC4=*,19,7,Ring,-==---=
*C1=C2C(*)C(*)C(*)C3CCC(*)(*)C3=CC2(*)CC1,19,7,Ring,-------
*C1=C(*)C(=*)c2c(*)cc3oc(*)c(*)c3c2O1,19,6,Ring,--=---
*C1=CCC2CC(CC3(CC(*)C(*)C(*)O3)O2)OC(=*)C2C=C(*)C(*)C3OCC(=CC=CC(*)C1)C23*,19,9,Ring,----=----
*C1CC(*)C2C(C=CC(*)C2(*)*)C1,19,5,Ring,-----
*c1cccc2nsnc12,19,1,Ring,-
*C1=C(*)C2(*)CCC(*)C(*)(*)C2C1,19,6,Ring,------
*C1(*)CCCc2ccoc21,19,2,Ring,--
*C1CCC2(*)C3=CCC4(*)C(CC(*)C4*)C3=CCC2C1,19,5,Ring,-----
*C1=CCC2C(*)CCC2(*)CC2C1C(=*)CC2(*)*,19,6,Ring,---=--
*C1=C(*)NSN1,19,2,Ring,--
*C1CC2C(=*)C[N+]3(*)CCC4(c5ccccc5NC143)C2(*)*,19,5,Ring,-=---
*c1cc2c(cc1*)C(*)C#CC1CC3Cc4ccnc(c4)Nc4ccc5ccc(c(*)c5c4)CC(*)CNCC(*)c4c[nH]c(c4)CC(*)C(*)C(C3)CC1C(=*)C(*)C(=*)CC2,19,11,Ring,--------=-=
*C1=CC2OC(=*)C(*)C2(*)C(*)C2C(*)=CCC(*)C2(*)C(*)CC1*,19,10,Ring,-=--------
*C1=CC2=C(CC=N2)C(*)C1*,19,3,Ring,---
*C1OC(=*)C2(C1=*)C(=*)C1(*)C(C=CC3C(*)C(*)C(*)CC31)CC2*,19,9,Ring,-===-----
*c1cc(*)c2c(c1)C(*)(*)c1ccc(*)c(*)c1C2=*,19,7,Ring,------=
*=c1oc(=*)c2ccccc12,19,2,Ring,==
*C1CC2(*)OC2CC2(*)CCC(*)(*)C12,19,5,Ring,-----
*C1CCN(*)Cc2cccnc2N1*,19,3,Ring,---
*C1CC23OC4(*)OC(C2(O4)C2=CC(=*)OC(*)C21*)C1(*)C(*)C2(*)CC1(*)C3(*)C2*,19,11,Ring,--=--------
*C1C2OC(=*)C(*)(*)CCc3ncccc3C(=*)OCC3(*)OC4(C(*)C3C(=*)C(*)C4(*)C1*)C2(*)*,19,13,Ring,-=--=--=-----
*C1CCC2(*)CCC3C(*)C(=*)OC3C2C1*,19,5,Ring,---=-
*C1CSC(*)C1*,19,3,Ring,---
*C1CC2(CCC3(O2)C(*)CC2OC(=*)C4(*)CCCC3(*)C24)CO1,19,5,Ring,--=--
*C1=COC(*)C1,19,2,Ring,--
*c1c(*)c(*)c2c([nH]c3ccccc32)c1*,19,4,Ring,----
*C1=NC(*)C(=*)N(*)C(*)C(=*)OC(*)C(=*)N2CCCC2C(=*)N(*)C(*)C(=*)OC(*)C1*,19,14,Ring,--=--=-==--=--
*c1ccc2c(c1)c1c(n2*)C2CC3C(=*)CN2C(C1)C3*,19,4,Ring,--=-
*C1CC2C(*)(*)CCCC2(*)C2=C1C(=*)OC2*,19,6,Ring,----=-
*C1=NC(*)C(*)=NC(*)C(*)=NC(*)C(*)=NC(*)C(=*)N2CCCC2C(*)=NC(*)C(*)=NC(*)C(*)=NC(*)C1,19,15,Ring,--------=------
*N1CCC(*)(*)C1=*,19,4,Ring,---=
*C1C(*)C(*)(*)C(*)CC1(*)*,19,7,Ring,-------
*C1CC2C(=*)NC(*)C(=*)NC(*)C(=*)NC(*)C(=*)NC(*)C(=*)NC(*)C(=*)NC(*)C(=*)NCC(=*)NC(*)CC(=*)NC(*)C(=*)NC(=*)C(=*)N2C1,19,21,Ring,-=-=-=-=-=-=-==-=-===
*C1CC2(*)C(=CC1=*)OC(*)C2*,19,5,Ring,--=--
*C1C(=*)N2C3Nc4ccccc4C3(*)C(*)C2(*)C(=*)N1*,19,7,Ring,-=---=-
*C1C=CCC(*)O1,19,2,Ring,--
*C1CC2C(*)(CCC3C(*)(*)C(*)CCC32*)C(*)C1*,19,8,Ring,--------
*C1C2C3COC(O3)C(=*)C2C2C=Cc3ccccc3N12,19,2,Ring,-=
*c1cc(*)c2c(c1)Oc1c(*)cc(*)c(*)c1O2,19,5,Ring,-----
*C12C=C3CCC4C(*)(*)CCCC4(*)C3(CC1)OO2,19,4,Ring,----
*c1ccc2[nH]c3c(c2c1)CCN1CC2CC(*)C1C3(*)C2,19,3,Ring,---
*C1=CCC(*)C1*,19,3,Ring,---
*C1C(=*)N(*)N(*)C1=*,19,5,Ring,-=--=
*C1C(=*)N2CCCC2C(=*)N1*,19,4,Ring,-==-
*C1=NC(*)C(=*)N(*)C(*)C(=*)N(*)C(*)C(=*)N(*)C(*)C(=*)N(*)C(*)C(*)=NC(*)C(=*)N(*)CC(=*)N(*)C(*)C(*)=NC(*)C(=*)N(*)C(*)C(*)=NC1*,19,28,Ring,--=--=--=--=----=-=----=----
*c1ccc2c(c1)CCCN2*,19,2,Ring,--
*c1cnc2c(c1)C(*)CCN2,19,2,Ring,--
*C1=CC2C(C(*)CC(*)=CCC1)C2(*)*,19,5,Ring,-----
*C1C(=*)OC2OC21,19,2,Ring,-=
*C1CCC2(*)C(C1)C(*)C(*)C1C2CC(*)C2(*)C(*)CCC12,19,7,Ring,-------
*c1cc2c(c(*)c1*)-c1c(cc3c(c1*)OCO3)C(*)C(*)(*)C(*)C2,19,8,Ring,--------
*C1C(*)C(*)(*)C2CCC3(*)C(CC=C4C5C(*)(CCC(*)C5(*)*)CCC43*)C2(*)C1*,19,12,Ring,------------
*C1CCC2(*)C3CCC4C(*)(CCC5C(*)(*)C(*)CCC45*)CC3(*)CCC2C1(*)*,19,10,Ring,----------
*c1ccc(*)c2c1COC2*,19,3,Ring,---
*C1=CC(*)C2CC3OC(*)CC4C(*)C(*)C(*)C(C2(*)C1=*)C34*,19,9,Ring,-------=-
*C1=C(*)C(*)C(*)C1=*,19,5,Ring,----=
*C1CCC2(CCC(*)C(*)O2)OC1*,19,4,Ring,----
*C1C2C=CC(O2)C1*,19,2,Ring,--
*C1=CC(=*)C2=C(*)CCC3C(=*)C(=*)OC3C12,19,5,Ring,-=-==
*C1CC2(CCC3(O2)C(*)C(=*)C(*)C2C(*)(*)CCCC23*)CO1,19,7,Ring,--=----
*c1cc(*)c2c(c1)C(*)C(*)OC2=*,19,5,Ring,----=
*C1CC23CCC[N+]4(*)CCC5(c6ccccc6N(*)C15CC2)C34,19,3,Ring,---
*c1cc(*)c2c(c1)C1Oc3cc4c(cc3C1CO2)OCO4,19,2,Ring,--
*C1CC2CCC3CC(*)NC(=N1)N23,19,2,Ring,--
*C1NC(=*)CN(*)C(=*)C=CC(=*)NC(=*)C(*)C(*)OC1=*,19,9,Ring,-=-===--=
*C1CC(*)(*)C23OC(*)(*)C(C(=*)C(*)C2(*)C1*)C3*,19,10,Ring,-----=----
*C1=CC2OC(=*)C(=*)C2C(*)CC2(*)OC2C=C1,19,5,Ring,-==--
*C1CC2C=CCCCC(*)OC(=*)C=CC(*)C2C1,19,4,Ring,--=-
*C1CC(*)(*)C2CCC3(*)C(CCC4C5(*)CCC(*)C5CCC43*)C2(*)C1,19,8,Ring,--------
*C1=CCC23OC2(*)CCC2C(*)C(=*)OC2C13,19,4,Ring,---=
*C1=CC(=*)c2c(cc3c(c2*)C2CC(*)CCC4(OC4*)C(=*)OC2C(*)(*)O3)O1,19,8,Ring,-=---=--
*C1C(=*)CCC2C1(*)CCC1(*)C(*)CCC21*,19,6,Ring,-=----
*C1C2=CC(=*)OC2(*)CC2C1C(*)C(*)C1(*)C(*)(*)CCCC21*,19,9,Ring,-=-------
*C1CC2C(*)(CCC(*)C2(*)*)C2=C1C1(*)CCC(*)C1(*)CC2,19,8,Ring,--------
*C1=CC2OC(=*)C(=*)C2C(*)CC(=*)C(*)CC1,19,6,Ring,-==-=-
*C1CCC2(*)C(CCC3(*)C2CC(*)C2(*)C(*)CCC32*)C1,19,7,Ring,-------
*C1CCC1(*)*,19,3,Ring,---
*C1NC(=*)C(*)NC(=*)C2CCCN2C(=*)C(*)NC1=*,19,7,Ring,-=-==-=
*C1=CC(*)(*)n2c(=*)c(=*)c3cc(*)cc1c32,19,6,Ring,---==-
*C1=CCC(*)(*)C(=*)C=CC=C(*)COCC#CC1,19,5,Ring,---=-
*C1(*)CCCC12CCCC2,19,2,Ring,--
*N1C=CC=CC1=*,19,2,Ring,-=
*N1C(=*)C(=*)C(=*)c2ccccc21,19,4,Ring,-===
*C1CC2(*)C=CC(*)C3(C(*)CCC(*)(*)C13)C2(*)*,19,8,Ring,--------
*C1NC(=*)C(*)(*)C(=*)C(*)NC(=*)C(*)N(*)C(=*)C(*)N(*)C(=*)CNC(=*)C(*)N(*)C(=*)CNC(=*)C(*)OC(=*)C(*)C(*)NC1=*,19,23,Ring,-=--=-=--=--==--==-=--=
*c1ccc2cc1OCc1c(*)cc3c(c(*)cc4c3c1C=CC4*)C(*)C#COC(*)CC(=*)CC2,19,7,Ring,------=
*N1CCC2C(C=CCC2(*)*)C1,19,3,Ring,---
*C1=CCCC(*)(*)C(*)CC2C(=*)C(=*)OC2C(*)C(*)=CCC1,19,8,Ring,----==--
*C1CC2(*)C3=C(CCC2C(*)(*)C1*)C1(*)CCC(*)C1(*)CC3,19,8,Ring,--------
*N1C(=*)CCC1(*)*,19,4,Ring,-=--
*C1CCC2(*)C(CCC(*)C23CCC2(COC(=*)C2)O3)C1(*)*,19,6,Ring,---=--
*C1C=CCCC2(CC3CCC4C(*)C5(CCCC(*)O5)NC(=[N+]34)N2)O1,19,3,Ring,---
*c1c2c3c4c(coc4c1*)C1CNC(=*)C1CC3CC(*)C2,19,4,Ring,--=-
*C1=C(*)CN2CCCC2C1,19,2,Ring,--
*c1cc(*)c2c(c1)CC(*)c1c-2c(=*)c2c(*)ccc(*)c2c1=*,19,7,Ring,---=--=
*c1c(*)c2c3c(*)c(*)c(=*)c4c(*)cc(*)c(c5c(*)cc(*)c(c1=*)c52)c43,19,10,Ring,----=----=
*C1COC2(*)CC1OC(=*)C2*,19,4,Ring,--=-
*c1c2ccccc2nc2ccccc12,19,1,Ring,-
*C1CCC2(*)C1C(*)CC1C3(*)CCC(=*)C(*)(*)C3CCC12*,19,8,Ring,----=---
*c1ccc2c(c1*)Oc1cccc(*)c1C2=*,19,4,Ring,---=
*C1CCNC1,19,1,Ring,-
*c1cc2cc(c1)C(*)C1CCC(*)(CC=c3oc(=*)c4c3CCC3C5CCC6(C(=*)OC(=*)C6=C5c5cc(*)ccc5-c5cccc(c5)CNCC2)C43)C1,19,7,Ring,---===-
*C1=C2C(*)CC3(*)OC3CCC3(*)OC3C2OC1=*,19,5,Ring,----=
*C1C(=*)NC2(*)C(=*)OC12*,19,5,Ring,-=-=-
*c1cccc2c(=*)c3c4c(n(*)c3c(=*)c12)C(*)C(*)(*)C(*)C4*,19,9,Ring,-=-=-----
*C1CC=C2C1(*)CCC1C(*)(*)C(*)CC(*)C21*,19,7,Ring,-------
*c1ccc2cc3c(cc2c1)C(*)C1CC3CCC1*,19,3,Ring,---
*C1CCN2C(=*)c3ccccc3NC(=*)C12,19,3,Ring,-==
*C1=C2C(*)(*)C(=*)C=CC2(*)C2CCC3(*)C(*)CC4OC43C2(*)C1=*,19,9,Ring,---=----=
*C1CC2C(*)(*)CCCC2(*)C2CCC3C(=*)OC4OC(*)C12C43,19,6,Ring,----=-
*c1nonc1*,19,2,Ring,--
*C1=CC2C3OC4(CC5CCCC6(CCC7(OC(CCC7(*)*)CC(=*)CCCC7=NCC(*)C(*)CC72CC1)O6)O5)CC(*)C(*)C3O4,19,8,Ring,---=----
*c1ccc2c(=*)c(=*)n(*)c2c1,19,4,Ring,-==-
*c1coc2c1CC1(*)C(C2)CC(*)C(*)C1*,19,5,Ring,-----
*C1=NC(*)Cc2cc(*)c(*)c(*)c21,19,5,Ring,-----
*C1CC(=*)NC(*)C(=*)N2CCCC2C(=*)N2CCCC2C(=*)NC(*)C(=*)NC(*)C(=*)NC(*)C(=*)N2CCC(*)C2C(=*)NC(*)C(=*)O1,19,16,Ring,-=-===-=-=-=-=-=
*c1cc2c(c(*)c1*)CC(*)C(*)(*)O2,19,6,Ring,------
*C1=CCCC2C1(*)C(*)C(*)C1(*)OC3(COC(=*)C3)CC(*)C21*,19,8,Ring,-----=--
*C1=CCC(*)C2C1(*)C(*)C(*)C1(*)OC3(CCC21*)COC(=*)C3,19,8,Ring,-------=
*C1=CNc2ccc(*)cc2C1=*,19,3,Ring,--=
*C1CC(*)C2(*)C3CCC4(*)C(*)CCC4C3C3OC3C2(*)C1,19,6,Ring,------
*C1=CC(*)C(*)C2(*)C1CC1OC(=*)C(*)C3C(*)C(*)C4(*)OCC13C42,19,9,Ring,----=----
*C1CCC2(*)CCC3(*)C(CCC4C5(*)CCC(*)C(*)(*)C5CCC43*)C2C1*,19,9,Ring,---------
*c1ccc2c(c1)C(=*)c1c(*)cc(*)c(*)c1O2,19,5,Ring,-=---
*N1C(=*)C2(*)C3CCC(O3)C2(*)C1=*,19,5,Ring,-=--=
*C12CC3C(=*)N4C(CC5(*)c6ccccc6NC45)C(=*)N3C1Nc1ccccc12,19,4,Ring,-=-=
*C1C(=*)CCC2(*)C3=C(C(=*)CC12)C1CCC(*)C1(*)CC3=*,19,7,Ring,-=-=--=
*C1CC(*)C2OC(*)C(*)CC2O1,19,4,Ring,----
*C1CCC2(*)CCC3(*)C(CCC4C5(*)CCC(*)C(*)(*)C5C(*)CC43*)C12,19,9,Ring,---------
*C=CC(=*)C,19,2,Linker,-=
*CC=C(C)CC=CC(C)=CC(C)C(O*)C(C)=CC,19,2,Linker,--
*NC(=O)C=CC=CC=CC=CC(=O)O*,19,2,Linker,--
*CC(*)C(=O)NC(C*)C(=O)O,19,3,Linker,---
*C=CC=C(C)C(=O)O*,19,2,Linker,--
*CCNC(=O)C(*)=O,19,2,Linker,--
*CCC(CC=CC(*)O)S(=O)(=O)[O-],19,2,Linker,--
*CNC(=O)CCNC(*)=O,19,2,Linker,--
*C(=O)C(CC(C)C)NS(*)(=O)=O,19,2,Linker,--
*N=C(*)S,19,2,Linker,--
*OCC(C)=CCC(O)C(*)C,19,2,Linker,--
*C=CC(CO)O*,19,2,Linker,--
*CNC(=O)C(C)N*,19,2,Linker,--
*CCNC(=N)N*,19,2,Linker,--
*OC(=O)C(*)*,19,3,Linker,---
*C(O)CC(*)CCC,19,2,Linker,--
*CCNC(=O)CCC(*)C,19,2,Linker,--
*NP(*)(*)=O,19,3,Linker,---
*OC(*)=C,19,2,Linker,--
*OC(=O)C(*)(*)O,19,3,Linker,---
*CN(CCOC)C(=O)CO*,19,2,Linker,--
*OC(*)CCC=C(C)C,19,2,Linker,--
*CC(NC(=O)CO*)C(=O)OC,19,2,Linker,--
*C(=O)OCCOCCOC(*)=O,19,2,Linker,--
*C=C(OC)C(=O)OC*,19,2,Linker,--
*CCC(C)=CC(*)O,19,2,Linker,--
*C=CC=CC=CC=CC(=O)N*,19,2,Linker,--
*CCNC(=O)CCCCCN*,19,2,Linker,--
*C(C)=CC(*)C,19,2,Linker,--
*OP(=O)(O)O*,19,2,Linker,--
*C(*)(*)*,19,4,Linker,----
*CCC(O)CC(CC*)O*,19,3,Linker,---
*CCCCCCCCCCCCC*,19,2,Linker,--
*COC(O)=CC=*,19,2,Linker,-=
*CC(=O)NC(*)CCSC,19,2,Linker,--
*CC(NC(=O)C(C*)NC(=O)C(C*)NC(=O)C(CC(N)=O)NC(=O)C(C*)NC(=O)C(C*)NC(=O)C(C*)NC(*)=O)C(=O)O,19,7,Linker,-------
*C=CC(=O)NCC(=O)NN=C*,19,2,Linker,--
*C=CC(C)=CC=CC(C)=CC=CC=C(*)C,19,2,Linker,--
*SCCOC(*)=O,19,2,Linker,--
*OCC(=O)NCC(*)=O,19,2,Linker,--
*CC(CC(C)C)OC(C)=O,19,1,Sub,-
*OC(=O)CC(O)CCC,19,1,Sub,-
*SOOO,19,1,Sub,-
*NC(=O)C(C)=O,19,1,Sub,-
*C(=O)COC(=O)CCC(=O)NC(CCC(=O)O)C(=O)O,19,1,Sub,-
*=C(O)C=CC=CCO,19,1,Sub,=
*C(=O)C(C)C(=O)CCCCC=CC,19,1,Sub,-
*CNCCN(C)C,19,1,Sub,-
*C(=O)NC(=C)C(=O)NC(=C)C(=O)NC(=C)C(=O)NC(=C)C(=O)O,19,1,Sub,-
*C=CCCCCCCCC,19,1,Sub,-
*C(CCC=C(C)C)C(=O)OC,19,1,Sub,-
*C(C)OC(=O)CC,19,1,Sub,-
*COS(C)(=O)=O,19,1,Sub,-
*SCC#N,19,1,Sub,-
*CC(O)CC(C)C,19,1,Sub,-
*CC=CCCO,19,1,Sub,-
*COC(=O)CCCCCCCCC,19,1,Sub,-
*SC=CNC(C)=O,19,1,Sub,-
*COC(=O)C(O)CC(=O)O,19,1,Sub,-
*OC(CC)C(=O)OCC,19,1,Sub,-
*OC(=O)CCCCCCCC,19,1,Sub,-
*OCC(O)C(O)C(O)CO,19,1,Sub,-
*CCC(O)CC(O)CC(=O)OC,19,1,Sub,-
*CCC(=O)OCC=C(C)CCC=C(C)CCC=C(C)C,19,1,Sub,-
*CCCCCCCCO,19,1,Sub,-
*C=CC=CBr,19,1,Sub,-
*OC(=O)C=C(C)COC(C)=O,19,1,Sub,-
*NC(=O)C(CCN)NC(=O)C(NC(=O)C(CCN)NC(=O)CCCCC(C)CC)C(C)O,19,1,Sub,-
*OC(C)(C)C(=O)O,19,1,Sub,-
*OC(=O)C(C)C(C)OC(C)=O,19,1,Sub,-
*NC(C)C(=O)O,19,1,Sub,-
*NC(=O)NC(CC(C)C)C(=O)O,19,1,Sub,-
*CC(O)CC(O)C(O)CC(C)C,19,1,Sub,-
*=C(N)O,19,1,Sub,=
*C(=O)NC(C(=O)NC(C(=O)O)C(C)CC)C(C)CC,19,1,Sub,-
*CC(=O)NC(C)(C)C,19,1,Sub,-
*CC(=O)NCCCOC(C)C,19,1,Sub,-
*CCCCCNC(=N)N,19,1,Sub,-
*C(CCC(C)=O)C(C)C,19,1,Sub,-
*OC(CCC)CCCCCCCCCC(=O)O,19,1,Sub,-
*CCCCC(O)CCC,19,1,Sub,-
*OCC=C(C)C(O)CC=C(C)C,19,1,Sub,-
*C(=O)CNC,19,1,Sub,-
*C=CC(C)(C)OC,19,1,Sub,-
*OCC(=O)NC(C)CC,19,1,Sub,-
*C(CO)CCC(=C)C(C)C,19,1,Sub,-
*=C(C)C=CC=C(C)C=CC=C(C)C(=O)O,19,1,Sub,=
*=CCC(C)CO,19,1,Sub,=
*C=CC(=O)OC(C(=O)O)C(O)C(=O)O,19,1,Sub,-
*CCC(=CCOC(C)=O)COC(C)=O,19,1,Sub,-
*C(C)(O)C(=O)O,19,1,Sub,-
*NC(=O)CC(CCCNC(=O)CC(N)CCCNC(=O)CC(N)CCCN)NC(C)=O,19,1,Sub,-
*C(C)=CCCC(C)(C)O,19,1,Sub,-
*=COS(=O)(=O)O,19,1,Sub,=
*CCCNC,19,1,Sub,-
*CC=CC=CCCC,19,1,Sub,-
*CCC(=O)CC(=O)CCCCCCC,19,1,Sub,-
*CCC(=O)NCC(C)C,19,1,Sub,-
*CCCCCCCC=CCC=CCCCCC,19,1,Sub,-
*C(O)C=CC(=O)O,19,1,Sub,-
*[S+]([O-])C=CNC(C)=O,19,1,Sub,-
*C=C(C#N)C(=O)OCC,19,1,Sub,-
*CCC=C(C)COC(C)=O,19,1,Sub,-
*CCC=C(C)CCC=C(CCC=C(C)C)C(=O)O,19,1,Sub,-
*CCC(O)CC,19,1,Sub,-
*C(O)CCC(O)C(O)CCCCCCCCCCCCCC,19,1,Sub,-
*COC(=O)C(NC)C(=O)O,19,1,Sub,-
*OC(C)O,19,1,Sub,-
*CC(=N)O,19,1,Sub,-
*c1sc2c([n+]1*)CCCC2,18,2,Ring,--
*C1=C2Nc3ccccc3C23CCN2CC(*)C1CC23,18,2,Ring,--
*C1CC2C3CCC4=CC(=*)C=CC4(*)C3(*)C(*)CC2(*)C1(*)*,18,8,Ring,-=------
*C1=Cc2ccc(*)c(*)c2C(*)C1*,18,5,Ring,-----
*C1CC=CC2C(*)C(=*)C(*)C3C(*)NC(=*)C23C(*)C=CC(*)(*)C1=*,18,10,Ring,--=--=---=
*C1C2C(=*)C(=*)OC2CC2(*)C(*)CCC(=*)C12,18,6,Ring,-==--=
*C1=C2CC(*)C(*)(*)CC2OC1=*,18,5,Ring,----=
*c1cccc2[nH]c3c(c12)CCN1CC(*)C(*)CC31,18,3,Ring,---
*C1OC2C(*)C(=*)OC2C1*,18,4,Ring,--=-
*C1CCC2(OC1)OC1CC3C4C(*)C=C5CC(*)CCC5(*)C4CCC3(*)C1C2*,18,6,Ring,------
*C1=C2CCCCC2C2=C3C(CCC2)CC(*)C(*)C13,18,3,Ring,---
*C1NC(*)(*)C2C(=*)N(*)C(=*)C12,18,6,Ring,---=-=
*c1c2c(cc3c1C(=*)C(*)CO3)OC(*)(*)C=C2,18,5,Ring,-=---
*C1=C2OC(=*)C34C5=C6CCC23C2(OC(=*)c3c(*)cccc32)C4CC(*)C=C2CCC3(CC25)C(*)CC2=C(C63)N3CC4CC(CN(C4)C(*)C1)C3CC2,18,7,Ring,-==----
*C1CC2(*)CC3(*)CC1C2CC3*,18,4,Ring,----
*C1=CCC(*)CC2C=CCC(CC(*)C3(CO3)C(*)CC(*)C(*)C(*)OC(=*)C=C1)O2,18,8,Ring,-------=
*C1CC(*)C2(*)C(CCC3C4CC(*)C(*)C4(*)CCC32)C1,18,6,Ring,------
*C1=Nc2c(*)cccc2C12NC(*)C1C(=*)N(*)C(=*)C12,18,6,Ring,---=-=
*c1ccc2cc1Oc1ccc(cc1)CC1c3c(cc(*)c(*)c3Oc3cc4c(cc3*)CCN(*)C4C2)CCN1*,18,6,Ring,------
*C1C=CC(*)C2(C1)NC(=*)C(=*)NC2=*,18,5,Ring,--===
*C1(*)CCCC2CC(=*)CCC21,18,3,Ring,--=
*c1cc2c(c(*)c1*)-c1ccc(*)c(*)c1CC2,18,5,Ring,-----
*C1CC2CCC(*)c3ccnc(c32)N1,18,2,Ring,--
*C1C=C2C=CCC3CCCCC(*)(*)Cc4cccc5c4C(=*)C4(OC4(*)C5=*)C(=*)OCC1CC23,18,7,Ring,---=-==
*C1=C[N+](*)=C2C=CN=C12,18,2,Ring,--
*C1=NC(*)C(=*)N2CC(*)CC2C(*)=NC(*)C(*)=NC(*)C(=*)N2CC(*)C(*)C2C(*)=NC(*)C(*)CC1*,18,15,Ring,--=-----=------
*C1(*)CC(=*)C2=C(C1)OC1(*)CCCC2C1,18,4,Ring,--=-
*C1=Nc2cc(*)ccc2N(*)C1=*,18,4,Ring,---=
*C1CC(*)C2(*)CCC3C(CCC4=CC(=*)CCC43*)C12,18,5,Ring,---=-
*N1CCC2C(CCCC2(*)*)C1,18,3,Ring,---
*C1=CCC2(*)C(*)CC3(*)C(CCC4C5(*)CCC(*)C(*)(*)C5CCC43*)C2C1*,18,10,Ring,----------
*C1CCC2(*)C(=CC(*)C3C2CCC2(*)C(*)C(*)CC32)C1,18,6,Ring,------
*C1Cc2cc3c(cc2C(*)C1*)OCO3,18,3,Ring,---
*c1ccc2c(c1)OC(*)C2,18,2,Ring,--
*C1CC2CC3(C(=*)C2=*)C(*)C(*)C2C(*)(*)C(*)CC(*)C2(*)C13,18,10,Ring,-==-------
*C12CCC(=*)C1C2,18,2,Ring,-=
*c1coc2c1C(*)C1(*)C(=CCCC1*)C2=*,18,5,Ring,----=
*C1CC2C(CCC3(*)C(*)(*)CCC23*)C2(*)C(=*)C=CCC12*,18,8,Ring,------=-
*C1=CCC2(*)CC(*)C(*)(*)C2CC1,18,5,Ring,-----
*C1CCC2(*)C3CCC4C(*)(*)C(=*)C=CC45CC35CCC12*,18,6,Ring,----=-
*C1CCC2(*)C(C=CC3C4CCC(*)C4(*)CCC32)C1,18,4,Ring,----
*C1CCC2(OC1)OC1C(*)C3C4CCC5CC(*)C(*)CC5(*)C4CCC3(*)C1C2*,18,7,Ring,-------
*C1=CC2=CCC3C(*)(*)CCCC3(*)C2CC1*,18,5,Ring,-----
*C1OC(*)(*)C(*)C(*)(*)C1*,18,7,Ring,-------
*c1ccc2c(*)c(*)[nH]c2c1*,18,4,Ring,----
*c1c2c(c(*)c3c(=*)c4c(c(=*)c13)C(*)OC(*)C4*)C1CC(*)C2(*)C(*)O1,18,10,Ring,--==------
*C1=CC(*)(*)OOC1*,18,4,Ring,----
*C1=CC(=*)C2CC(*)=C3CC(*)C(*)(*)C4CCC(*)(*)C(CCC(*)=CC3C2(*)CC(=*)C(*)CC(=*)C(*)=CCC1)O4,18,14,Ring,-=--------=-=-
*C1NC(=*)C(*)OC(=*)C(*)NC(=*)C(*)OC(=*)C(*)NC(=*)C(*)OC(=*)C(*)NC(=*)C(*)OC(=*)C(*)NC(=*)C(*)OC(=*)C(*)NC(=*)C(*)OC1=*,18,24,Ring,-=-=-=-=-=-=-=-=-=-=-=-=
*C1CCC23CC24CCC2(*)C(*)C(*)CC2(*)C4CCC3C1=*,18,6,Ring,-----=
*C1CC2C3CC4OC45C(*)C=CC(=*)C5(*)C3CCC2(*)C1*,18,6,Ring,--=---
*c1ccc2cc1C=CNC(=*)C1CCCN1C(=*)C1C(CCN1*)O2,18,4,Ring,-==-
*C1CCC(=*)CC1*,18,3,Ring,-=-
*c1cc2c(c(*)c1*)CCC(*)O2,18,4,Ring,----
*C1C#CCC(*)C(*)CC(=*)CC1*,18,5,Ring,---=-
*C1=CC2OC(=*)C3(*)OC23C(*)C2C3(*)OC3CC(*)C2(*)C(*)CC1*,18,9,Ring,-=-------
*c1cc2c(*)cc(*)c(*)c2[o+]c1*,18,5,Ring,-----
*C1CCC2C(*)CCC2N1,18,2,Ring,--
*c1cc2c(=*)c3c(*)ccc(*)c3c(=*)c2c(*)c1*,18,7,Ring,-=--=--
*C1=CCC2(*)C3CCC4C(*)(CCC(*)C4(*)*)C3=CCC12*,18,7,Ring,-------
*C1=CC(*)C2C(*)(*)CCCC2(*)C12CCC(*)(*)O2,18,7,Ring,-------
*C1=C2Nc3ccccc3C23CCN2C(*)C4OC4C(*)(C1)C23,18,3,Ring,---
*C1CC(*)C(*)OC1=*,18,4,Ring,---=
*c1cc(*)c2c(c1)C(*)C(=*)C(*)C2,18,5,Ring,---=-
*C1=NC#CCC2CCCC2(*)C(=*)C=CCC2(CCCC2)c2cc(*)c(*)c(c2)N1,18,5,Ring,--=--
*C1C(=*)C2C3(*)CC1(*)C(*)C3(*)C1CCC3(*)C(*)OC(=*)CC34OC214,18,9,Ring,-=------=
*C1=C(*)C(*)(*)C(=*)C(=*)C1=*,18,7,Ring,----===
*C1CCC(*)N2CCCC12,18,2,Ring,--
*c1c(*)c(*)c2c(c1*)CC(*)OC2=*,18,6,Ring,-----=
*c1ccc2c3c([nH]c2c1)C1(*)CC2CC(*)C1N(CC3)C2,18,3,Ring,---
*c1ccc2c(c1*)N(*)C1CCC3(*)CCCN4CCC21C43,18,4,Ring,----
*C1CC2CCC1C2,18,1,Ring,-
*C1=CC(*)C2CC3OC(*)CC4C(*)(*)C(*)C(*)C(C2(*)C1=*)C34*,18,10,Ring,--------=-
*c1ccc2c(*)noc2c1,18,2,Ring,--
*C1(*)C2CC3c4[nH]c5ccccc5c4CC1N3CC2=*,18,3,Ring,--=
*C1CC(*)C(=*)C(*)O1,18,4,Ring,--=-
*C1=CC(*)CC2C(=*)CCC12,18,3,Ring,--=
*C1=CC2OC(=*)C(*)(*)C2(*)C(*)C2C(*)(*)C(*)C=CC2(*)C(*)C(*)C1*,18,13,Ring,-=-----------
*c1ccc2c(c1)N(*)C(*)C2,18,3,Ring,---
*C1C(=*)C2(*)CCC1(*)C2(*)*,18,6,Ring,-=----
*c1cccc2c1C(=*)C(*)(*)O2,18,4,Ring,-=--
*C1=CCCC(=*)C2COC(=*)C(*)C2CC1,18,4,Ring,-==-
*C1=CC2C(*)(C1=*)C(*)C1(*)OC1C1C3C(*)(*)C3(*)CC(*)C12*,18,10,Ring,--=-------
*C1=CC(=*)c2c(*)c(*)cc(*)c2O1,18,5,Ring,-=---
*C1CC2(CCC1(*)*)C(=*)CCC(*)C2(*)*,18,7,Ring,---=---
*C1=CCCC(*)(*)C=CC(*)(*)CCC2=CC(C1)OC2=*,18,6,Ring,-----=
*C1CCc2cc3ccccc3cc2C1*,18,2,Ring,--
*C1=C2C(=*)C3OC3(*)C(*)C2(*)Oc2ccc(*)c(*)c21,18,7,Ring,-=-----
*C1CC2(OC1=*)c1ccccc1N1C(=*)C(*)NC12,18,4,Ring,-==-
*C1=CC(*)N=N1,18,2,Ring,--
*C1CCC2(*)C(C1)C(=*)CC1C3CCC4C(C[N+]5(*)CC(*)CCC5C4(*)*)C3CC12,18,7,Ring,--=----
*c1cc2cc(c1)C1NC(=*)C(Cc3ccc(c(*)c3)Oc3cc4cc(c3*)Oc3ccc(cc3*)C(*)C3NC(=*)C(NC(=*)C4NC1=*)c1ccc(*)c(c1)-c1c(*)cc(*)cc1C(*)NC3=*)NC(=*)C(*)c1cccc(*)c1O2,18,17,Ring,-=----===----==--
*C1CC=CC(*)C(*)C(=*)OC(*)C(*)C=CC=CC(*)C(*)C(*)CC(*)CC(*)C(*)C2CC(*)C(*)C(*)(CC(*)C(*)CCC(*)C1)O2,18,18,Ring,---=--------------
*C1CC2(*)C(=CCC3C4(*)CC5OC(=*)C(*)(C5*)C4CCC32*)C2CC(*)(*)CCC12*,18,10,Ring,---=------
*C1CCC2(*)CC(*)(CCC2*)C1*,18,5,Ring,-----
*C1CC2(*)C(=*)C(*)(C(=*)C3=C2OC(*)(*)C=C3)C1(*)*,18,9,Ring,--=-=----
*C1CC=C2CCCC(*)C2(*)C1,18,3,Ring,---
*C1=CCC2(CC1)C(*)CCC2*,18,3,Ring,---
*C1OC(*)N(*)C1*,18,4,Ring,----
*C1=CC(=*)C(*)C2(*)C1CC1OC(=*)C(*)C3(*)C4(*)OCC13C2C(*)C4*,18,10,Ring,-=--=-----
*C1CCC(*)N(*)C1*,18,4,Ring,----
*C1=C(*)C(*)c2c(n[nH]c2*)O1,18,4,Ring,----
*C1C(*)C2CCC(*)N2C1*,18,4,Ring,----
*C1C(=*)C(*)(*)C(=*)C(*)(*)C1=*,18,8,Ring,-=--=--=
*C1=Cc2c(ccc3ccccc23)OC1=*,18,2,Ring,-=
*N1C=CCC1,18,1,Ring,-
*C1CCC2(*)C3CCC4(*)C(*)CC5OC54C3CCC2(*)C1,18,5,Ring,-----
*N1C(=*)C2C3CCCN3C3(C(=*)Nc4ccccc43)C2C1=*,18,4,Ring,-===
*N1C=Nc2c([nH]c3ccccc23)C1=*,18,2,Ring,-=
*N1C(=*)C2(c3ccccc31)c1[nH]c3ccccc3c1CCN2*,18,3,Ring,-=-
*C1CCC2CCC(*)CC2(*)C1,18,3,Ring,---
*c1cc2cc(c1*)Oc1c(cc(*)c(*)c1*)C(=*)OC1C(OC2=*)OC2COC(=*)c3cc(*)c(*)c(*)c3-c3c(cc(*)c(*)c3*)C(=*)OC2C1*,18,16,Ring,-----===------=-
*C1CCC2(*)C(CCC3(*)C2CC=C2C4(*)CC(*)(*)CCC4C(=*)CC23*)C1(*)*,18,10,Ring,------=---
*C1=CC2OC3CC4OC(=*)C=CC=CC(*)OCCC(*)C(*)C(=*)OCC2(CC1)C4(*)C31CO1,18,7,Ring,-=---=-
*C1NCCC12C(=*)N(*)c1ccccc12,18,3,Ring,-=-
*C1OC(*)C(*)(*)O1,18,4,Ring,----
*C1=CC2OC3C(*)C(*)C(*)(C34CO4)C2(*)C(*)C1=*,18,7,Ring,------=
*C1CC2CC(=*)OCC2C1*,18,3,Ring,-=-
*C1C2CC3c4c(c5ccccc5n4*)CC(C2COC1(*)*)N3*,18,5,Ring,-----
*c1cc(*)c2c(c1)C(*)C(*)CC2=*,18,5,Ring,----=
*C1CC=C2C1(*)C(*)CC1C3(*)C=CC(=*)C(*)(*)C3CC(*)C21*,18,9,Ring,----=----
*C1C=CC2=C(CC=N2)C1*,18,2,Ring,--
*C1CC2NC(*)C(*)OC(*)OC2C(*)O1,18,5,Ring,-----
*C1CCC2(*)C(=CCC3C2CC(*)C2(*)C(*)CCC32)C1,18,5,Ring,-----
*C1C2OC(*)(*)C(*)C2(*)OC2CC3(*)C4CCC5C(*)(*)C(*)CCC56CC46CCC3(*)C21,18,10,Ring,----------
*C1=NC(*)C(*)=NC(*)C(*)=NC(*)C(=*)N2CCCC2C(*)=NC(*)C(*)=NC(*)C(*)=NC(*)C(=*)Oc2ccc(cc2)CC1*,18,15,Ring,------=------=-
*C1=C(*)C(*)(*)C(*)C(*)C1=*,18,7,Ring,------=
*C1CC2CC3(CCC4C(*)(*)CCCC4(*)C13)C(=*)C2=*,18,6,Ring,----==
*C1=CC2=CC3=C(*)C(=*)OC3(*)C(=*)C2=CN1*,18,6,Ring,--=-=-
*c1c2c(nc3ccccc13)OC(*)C2,18,2,Ring,--
*c1c2cccc(*)c2c(*)c2c(*)coc12,18,4,Ring,----
*c1cc2c3c(c1*)CCC1=CC[N+]4(*)CCc5cc(*)c(*)c-2c5C4C13,18,5,Ring,-----
*C1CC2(*)c3ccccc3CCC2C1*,18,3,Ring,---
*C1OC2CCCCC2C2=C1CCCC2,18,1,Ring,-
*c1cc(*)c2cccccc1-2,18,2,Ring,--
*c1ccc2cc1-c1cc(ccc1*)C(*)C(=*)NC(*)C(=*)NC(*)C2,18,7,Ring,---=-=-
*C1=CCCC(*)(*)C=CC2(*)CCC(*)(*)C(CC1)O2,18,6,Ring,------
*C1=CCC2(*)C(*)=CC(*)C3C(=*)C(=*)OC3C12,18,6,Ring,----==
*C1CCC23CCCCC2C(=*)CC(*)N13,18,3,Ring,-=-
*C1CC(*)C(*)C=CC2OC2C(=*)O1,18,4,Ring,---=
*C1=C2CCCC3(CCCC3)C2C2=C3C(CCC2)CC(*)C(*)C13,18,3,Ring,---
*C1=CC(=*)C(*)(*)C1,18,4,Ring,-=--
*c1ccc2cc1Oc1cc3c(cc1*)CCN(*)C3Cc1ccc(cc1)Oc1c(*)c(*)cc3c1C(C2)N(*)CC3,18,6,Ring,------
*C1CCC2CCC(*)C(*)C2(*)C1,18,4,Ring,----
*C1=CC(*)C2C(*)(*)CCC2(*)CC1*,18,6,Ring,------
*C1CCC2(*)C(C1)C(=*)C=C1C2C(*)CC2(*)C(*)CCC12*,18,7,Ring,--=----
*C1=NC(=*)NC=C1,18,2,Ring,-=
*c1ncnc2c1ccn2*,18,2,Ring,--
*C1CC2(OC2*)C(=*)OC2CCN(*)CC=C(COC(=*)C1(*)*)C2=*,18,8,Ring,--=-=--=
*c1cc2c(cc1*)C(*)C(*)CO2,18,4,Ring,----
*C1CCC2(*)C1CCC1C34CCC(*)(OC3)C(*)(*)C4CCC12*,18,6,Ring,------
*C1=CCC(*)C2(*)CCC(*)C(*)C12,18,5,Ring,-----
*C1C=Cc2[nH]ccc2C1*,18,2,Ring,--
*c1[nH]c2c(c1*)C13CC1CN(*)C3=CC2=*,18,4,Ring,---=
*C1CCNC(*)C1*,18,3,Ring,---
*C1=CC2C3(*)CCC(*)C(*)(*)C3CCC2(*)C2(*)C(=*)C(*)C(=*)C12*,18,11,Ring,-------=-=-
*c1cc(*)c2c(c1)C(=*)CC(*)(*)O2,18,5,Ring,--=--
*C1=C2C(*)C(*)C3(*)CCC(*)C(=*)C3C(*)C(*)(CC1*)C2(*)*,18,11,Ring,-----=-----
*C1OC2OC(=*)CC2C1*,18,3,Ring,-=-
*C1CCC(*)C2(*)CCC3C(*)C(=*)OC3C12,18,5,Ring,----=
*C1CC(=*)NN1*,18,3,Ring,-=-
*C1CCC2C(*)CCCC2N1,18,2,Ring,--
*C1=COC(*)C2C1CC(*)C21CO1,18,3,Ring,---
*C1CCC(*)C2(*)CCC3C(C12)C3(*)*,18,5,Ring,-----
*c1ccc2c(c1)C(=*)c1c(*)c(*)c(*)c(*)c1O2,18,6,Ring,-=----
*c1ccc2nc(*)ccc2c1,18,2,Ring,--
*C1CC2C(=CCC3C(*)(*)CCCC23*)CC1(*)*,18,6,Ring,------
*C1C=C2C(*)CCC(*)C2(*)CC1,18,4,Ring,----
*C1NC(=*)C(=*)N(*)C1=*,18,5,Ring,-==-=
*C1NC(=*)C2C(OC(=*)C(*)NC(=*)C(*)N(*)C(=*)C(*)N3C(=*)C(CCC3*)NC1=*)C(*)CN2*,18,14,Ring,-==-=--=-=-=--
*c1ccc2c(c1)C(*)CCC2*,18,3,Ring,---
*C1C2=C(NC3=C1C(=*)NC(=*)N3*)c1ccccc1C2=*,18,5,Ring,-==-=
*C1CCC(*)Cc2c[nH]cc2CC(*)c2ccnc(c2)N(*)c2cccc3cn(cc23)C(*)CC(=*)C1,18,6,Ring,-----=
*C1=CC2=C(C(=*)O1)C(*)C(*)=C(*)O2,18,5,Ring,-=---
*c1ccc2cc(*)c(*)nc2c1,18,3,Ring,---
*c1cc2c(c3c1CC(*)C(*)O3)C(*)C(*)C(*)O2,18,6,Ring,------
*C1CN(*)C(*)C(*)C1*,18,5,Ring,-----
*C1=C(*)c2cc3[nH]c4c(c5nc(cc6[nH]c(cc1n2)c(*)c6*)C(*)C5*)CC(=*)c4c3*,18,8,Ring,------=-
*C1CC(*)(*)C(=*)OC2CCN(*)CC=C(COC(=*)C1(*)*)C2=*,18,9,Ring,---=-=--=
*C1=Cc2oc(*)c(*)c2C(=*)N1*,18,5,Ring,---=-
*c1ccc2c(c1)OC1c3cc(*)c(*)cc3COC1C2*,18,4,Ring,----
*c1cc2c(c(*)c1*)C(*)OC2=*,18,5,Ring,----=
*C1CCC2(*)C(*)C(=*)C=CC2(*)C1,18,5,Ring,---=-
*C1=C(*)C(=*)c2c(ccc(*)c2*)O1,18,5,Ring,--=--
*c1ccc2c(c1)CC1C(*)(CCC3C4(*)CCCC(*)(*)C4CCC13*)O2,18,6,Ring,------
*C1CC(*)C2C(C1*)N(*)C(=*)N2*,18,6,Ring,----=-
*c1cc2c(c3c1c(*)cc1ccccc13)OCO2,18,2,Ring,--
*C12C(=*)C=CCC1=CCC1C2CCC2(*)C1CCC2(*)*,18,5,Ring,-=---
*C1=C2C3OC(=*)C(=*)C3C(*)C(*)C(*)(*)C2CC1*,18,8,Ring,-==-----
*C1=CC(=*)C=CO1,18,2,Ring,-=
*C1=CCC2CC(CC3(O2)OC(*)C(*)C(*)C3*)OC(=*)C2C=C(*)C(*)C3OCC(=CC=CC(*)C1)C23*,18,10,Ring,-----=----
*C1CCC2(*)C(CCC3C2CC(*)C2(*)C(*)C(*)CC32)C1,18,6,Ring,------
*C1C2=C(COC2=*)C2(*)CCCC(*)(*)C2C1*,18,6,Ring,-=----
*c1ccc2c(c1*)C(*)C13OC1(C2=*)C(*)C(*)(*)CC3=*,18,8,Ring,---=---=
*C1=CC2OC(=*)C(=*)C2CC2C1CCC2(*)*,18,5,Ring,-==--
*C1OC2C(*)OC(*)C2O1,18,3,Ring,---
*c1cc(=*)c2c(c1=*)OC1(*)CCC3OC(*)CCC3(*)C1C2*,18,7,Ring,-==----
*c1ccc2c(c1*)C(=*)c1c(*)cccc1O2,18,4,Ring,--=-
*c1cc2c(c3oc(=*)c(=*)c13)CN(*)CO2,18,4,Ring,-==-
*C1=CC(*)C(*)C=CC=Cc2coc(n2)C(*)C(*)CC(*)C=CC=CC=CC(*)C(*)OC(=*)C=CC=CC=C1,18,9,Ring,--------=
*c1cc(*)c2ncccc2c1,18,2,Ring,--
*C1C=CC(*)C2(*)C(*)C3C(*)C(*)CC3(*)C(=*)C(*)(*)C12,18,10,Ring,-------=--
*c1ccc2c(c1*)OCC(*)C2=*,18,4,Ring,---=
*C1=CC2OC(=*)C3(*)OC23C(*)C2C3(*)OC3CC(*)C2(*)C(*)CC1,18,8,Ring,-=------
*c1cc2c3cc1CC1OC(=*)C(=CCCc4cccc(c4)CC4CC(CCC4=*)C1(*)*)CC(*)C#CC3CC(=*)O2,18,7,Ring,-==---=
*C1=CC(=*)C2C(*)(*)CCCC2(*)C1(*)*,18,7,Ring,-=-----
*c1ccc2cc1-c1cc(ccc1*)C1CC(*)CC3CCCC(CC(*)CC2)N31,18,4,Ring,----
*c1nn(*)nc1*,18,3,Ring,---
*C1CC2(CO2)C(=*)C(*)C(*)C(*)C(*)OC(=*)C(*)C(*)C(*)C1*,18,11,Ring,-=----=----
*C1CCC2(*)C(CC(*)C34CC(CCC23)C2(*)OC24)C1(*)*,18,6,Ring,------
*C1=C(*)C(*)(*)CC(=*)C1*,18,6,Ring,----=-
*C1CCC2C1C(*)CCC2(*)*,18,4,Ring,----
*C1CC(=*)C2CC(=*)C(*)C2C2OC(=*)C(=*)C12,18,6,Ring,-==-==
*c1cc2c3cn(cc3c1)-c1nc(*)ccc1COC(*)CC(*)CCc1cc(c(*)cc1*)OC2,18,6,Ring,------
*c1c2c(cc3c1C(=*)CC(*)O3)OC(*)(*)C=C2,18,5,Ring,-=---
*C1NC(=*)C2(*)C(*)C3OC3(*)C(*)C12,18,6,Ring,-=----
*C1=NC2(CCNCC2)NC(*)C1,18,2,Ring,--
*C1=CC2(*)CCC(*)OC2CC1,18,3,Ring,---
*C1CCC2(*)C(O1)C(*)CC1(*)C(*)CCC12,18,5,Ring,-----
*C1=C(*)C2CCC(*)C2C(*)O1,18,4,Ring,----
*C1CCC2C3CC(=*)C(*)C13CC2(*)*,18,5,Ring,-=---
*C1C(=*)CC2C3CCC4CCCCC4(*)C3CCC12*,18,4,Ring,-=--
*C1=CCN2CCCC12,18,1,Ring,-
*C1=CC(=*)C=C(*)C(*)C2OC(=*)C(=*)C2C(*)C1,18,7,Ring,-=--==-
*C1COC(*)C(*)C1=*,18,4,Ring,---=
*C1=CC(=*)c2c(*)c3c4c(c2O1)C(*)c1ccnc(*)c1CCC(*)C(*)(O4)C(*)C3,18,8,Ring,-=------
*C1CCC2=CC(=*)C3(*)OC3C2(*)C1*,18,5,Ring,-=---
*C1NC(=*)C(*)NC(=*)C2CSSCC(NC(=*)C(*)NC1=*)C(=*)N2,18,8,Ring,-=-==-==
*C1CCC2(*)C(CCC34OC(*)C5CC(*)C(=*)C5(*)C(CC32)O4)C1,18,6,Ring,----=-
*C12C(=*)C=CCC1=CCC1C2CCC2(*)C(*)(*)CCC12*,18,6,Ring,-=----
*C1C(*)C(*)(*)C(*)C2(*)C(=*)C3C(=*)C4(OC12)C(*)C(=*)OC(*)C4(*)C3*,18,13,Ring,------==-=---
*C1CCC2(*)C(CCC3(*)C2CC=C2C4CC5(*)CCC4(*)C5CC23*)C1(*)*,18,8,Ring,--------
*C1=Nc2ccccc2N(*)C1*,18,3,Ring,---
*C1CCC2(*)C(C1)C(*)C(*)C1(*)C2CCC2(*)C(*)C(*)C(*)C21,18,9,Ring,---------
*C1=C(*)C2C(CC3C4CCC5CC(*)C(*)CC5(*)C4CCC32*)O1,18,6,Ring,------
*c1cc2c3cc1CSSCC1CC(*)(C=CC(=*)CCc4ccc(*)c(c4)OCCc4ccc(*)c(c4)C3CC(=*)C3C=CN=C3CC#C2)CC1*,18,7,Ring,--=--=-
*N1c2ccccc2C23CCN4CCCC(*)(CCC12)C43,18,2,Ring,--
*C1OC2(*)OC(C=CC23CO3)C1*,18,3,Ring,---
*C1=NC2C(*)CNC(=*)C2N1,18,3,Ring,--=
*c1ccc2oc(*)c(*)c2c1*,18,4,Ring,----
*C1CC(*)C2(*)C(CC(*)C3(*)C2CCC2(*)C(*)CC4OC423)C1(*)*,18,9,Ring,---------
*C1CC2C(*)CC3OC(=*)C(=*)C3CC2(*)C(*)O1,18,6,Ring,--==--
*c1ccc2c(c1)C(=*)NC=N2,18,2,Ring,-=
*C1CCC2=CC(=*)CC(*)C2(*)C1,18,4,Ring,-=--
*C1CC2(*)CC2C1*,18,3,Ring,---
*C1=NCCc2ccccc21,18,1,Ring,-
*c1cc2c(c(*)c1*)C(=*)CC(*)(*)O2,18,6,Ring,---=--
*C1CC(=*)C(*)C2OC(=*)C(*)C23OC1C1(*)C=CC(=*)C(*)(*)C1C3*,18,10,Ring,-=-=--=---
*C1=CC2OC3C(*)CC(*)(C34CO4)C2(*)C(*)C1=*,18,6,Ring,-----=
*C1CCC2(*)C(CC(=*)C3C4CCC(=*)C4(*)CCC32)C1,18,5,Ring,--==-
*C1COC(*)(*)C(*)C1,18,4,Ring,----
*C1=CCCC(*)O1,18,2,Ring,--
*C1CC2C3(*)C(*)C(*)C(*)(*)C(*)C3C(*)C3(*)OC2(C1*)C3*,18,11,Ring,-----------
*N1C(=*)C(=*)N(*)C1=*,18,5,Ring,-==-=
*C1OCC2C(CC3c4c(c5ccccc5n4*)CC2N3*)C1*,18,4,Ring,----
*C1CCC2C3CC(*)C4(*)C(*)CCCC4(*)C3CCC12*,18,6,Ring,------
*C1CC2(*)C3CCC(*)(*)CC3=CCC2C(*)(*)C1*,18,7,Ring,-------
*C1=CC2OC3C(*)CC(*)(C2(*)CC1)C31CO1,18,4,Ring,----
*C1=CC2(*)C=C(*)C(*)CC23OC(=*)C(=C(*)C2(*)C(C(*)=CCC1)C(*)=CC1C(*)CCC(*)C12)C3=*,18,12,Ring,----=------=
*c1cc(*)c2c(c1)OC(=*)C(*)C2*,18,5,Ring,--=--
*C1CCC2(*)C3=C(C=C4C=CC(=*)OC(*)(*)C4CC3)CCC12*,18,6,Ring,--=---
*C1CCOC(*)C1*,18,3,Ring,---
*c1cc2c(cc1*)C(*)C(*)CC2*,18,5,Ring,-----
*c1cc2c3cc1Oc1c(*)c(*)cc4c1C(Cc1ccc(*)c(c1)-c1cc(ccc1*)CC3N(*)CC2)N(*)CC4,18,7,Ring,-------
*C1CCC2CC1(*)CC2=*,18,3,Ring,--=
*N1C(=*)Sc2ccccc21,18,2,Ring,-=
*CCC(=O)CC(O)C(C*)C*,18,3,Linker,---
*CCCC(C)CO*,18,2,Linker,--
*CCC(C)C(O)C(C)C(=O)C(*)CC,18,2,Linker,--
*CC(N*)C(C)O,18,2,Linker,--
*NCC(C)(O)C(O)CO*,18,2,Linker,--
*OCC(=O)N(*)C,18,2,Linker,--
*CC(O)C(O)C(O)CO*,18,2,Linker,--
*C(=O)NC(*)CO,18,2,Linker,--
*CNC(=O)CN*,18,2,Linker,--
*C=CCOC(=O)CC(C)(CC(=O)O)O*,18,2,Linker,--
*CNC(=O)CCCCCN*,18,2,Linker,--
*C(C)C(*)OC(C)=O,18,2,Linker,--
*OC(=O)C(*)CCC=C(C)C,18,2,Linker,--
*CC(O)CCCCC(C)C(O)C(C)CCC(O)C(C)C(C)O*,18,2,Linker,--
*NC(=O)C(CCCN(O)C=O)NC(=O)CNC(=O)C(CCCCN)NC(=O)C(CO)NC(*)=O,18,2,Linker,--
*OC(=O)C(*)CC(=O)O,18,2,Linker,--
*OCC(O)CO*,18,2,Linker,--
*OCCC(C=CC(*)C)C(C)C,18,2,Linker,--
*C=NN=C*,18,2,Linker,--
*CCCCCCCCCCCCCC(CCCCCC(C)O)O*,18,2,Linker,--
*C(=O)CC(O)C(C)CC(*)C,18,2,Linker,--
*CN(CCC(*)*)C(*)=O,18,4,Linker,----
*CCCCC(=O)CC*,18,2,Linker,--
*C(*)C(O)CO,18,2,Linker,--
*CCCCCCCCCOC(*)=O,18,2,Linker,--
*C=CC(=O)OCC(O)COC(=O)C=C*,18,2,Linker,--
*CN(*)CC,18,2,Linker,--
*C=CCC(*)O,18,2,Linker,--
*C(=O)C(C)=CC=CC=CC=CC(O)C(O)C(C)C(OC)C(C)=CC=CCNC(=O)C(*)CC,18,2,Linker,--
*C=CC(*)C(O)CO,18,2,Linker,--
*COC(=O)C(CC(=O)O)C(OC*)C(=O)OC,18,2,Linker,--
*C(*)CN,18,2,Linker,--
*NCCNC(=O)CC(*)*,18,3,Linker,---
*C(=O)ON=*,18,2,Linker,-=
*NC(=O)C(*)CC,18,2,Linker,--
*CNC(=N)N*,18,2,Linker,--
*C=NNC(=O)CNC(*)=O,18,2,Linker,--
*CC(NC(=O)C(NC(*)=O)C(C)C)C(=O)O,18,2,Linker,--
*CC(*)CCN(C*)C(=O)CC,18,3,Linker,---
*CC(*)CCN(C*)C(C)=O,18,3,Linker,---
*CC(NC(=O)N*)C(=O)OC,18,2,Linker,--
*COC(=O)CC(CC(C)C)(O*)C(=O)OC*,18,3,Linker,---
*NC(=O)CCCNC(*)=O,18,2,Linker,--
*C=NCCO*,18,2,Linker,--
*NC(C)C(=O)OC,18,1,Sub,-
*OC(=O)CCl,18,1,Sub,-
*CC(=O)N(C)CCO,18,1,Sub,-
*OC(=O)C(=C)C(C)OO,18,1,Sub,-
*C(C)CCC(C)C(C)CO,18,1,Sub,-
*C(C)C(O)C(C)C(C)=O,18,1,Sub,-
*C(O)C(O)C=CC(OC(C)=O)C(C)OC(C)=O,18,1,Sub,-
*CNC(=O)CSCC(=O)O,18,1,Sub,-
*NC(=O)CC=CCCCCCC,18,1,Sub,-
*[SH+](C)[O-],18,1,Sub,-
*NC(=O)C(C)(C)C=C,18,1,Sub,-
*CC(OC(C)=O)C(C)=CCOC(C)=O,18,1,Sub,-
*=CC=CCC,18,1,Sub,=
*SCCNC(=O)CCNC(=O)C(O)C(C)(C)CO,18,1,Sub,-
*OCC(=O)NCCCOC,18,1,Sub,-
*CCC(=O)NCCCO,18,1,Sub,-
*OCC(CC)CCCC,18,1,Sub,-
*C(=O)C(=C)C,18,1,Sub,-
*SCC(NC(=O)CCC(N)(O)C(=O)O)C(=O)NC(O)C(=O)O,18,1,Sub,-
*C(CC)CO,18,1,Sub,-
*NC(=O)CC(N)CCN(C)C(=N)N,18,1,Sub,-
*NC(C)CO,18,1,Sub,-
*CN(C)CCO,18,1,Sub,-
*C(=O)C(NC(=O)COC)C(O)C(C)C,18,1,Sub,-
*=CN,18,1,Sub,=
*C(O)CC(O)C(O)C(C)O,18,1,Sub,-
*NC(N)=NC,18,1,Sub,-
*CC(=O)NCC(O)CO,18,1,Sub,-
*N(CCO)CCO,18,1,Sub,-
*NC(=O)CN,18,1,Sub,-
*OCC(C)=CCO,18,1,Sub,-
*C(=O)COC(=O)CCC(=O)NC(CC(C)C)C(=O)O,18,1,Sub,-
*=C(C)CC,18,1,Sub,=
*C(=O)C(O)CO,18,1,Sub,-
*OC(=O)C(O)(CCC(C)(C)O)CC(=O)OC,18,1,Sub,-
*C(C)C(O)C(O)C(O)C(C)(C)O,18,1,Sub,-
*C(N)C(C)CC,18,1,Sub,-
*C(=O)OCC(O)C(O)C(O)C(O)CO,18,1,Sub,-
*OC(=O)C(=CCO)COC(C)=O,18,1,Sub,-
*CC(C)CC=CC,18,1,Sub,-
*COC(=O)CC(C)O,18,1,Sub,-
*OC(=O)C(=CCO)COC(=O)C(=CC)CO,18,1,Sub,-
*C(=O)CCOC(C)=O,18,1,Sub,-
*=C(C)C=CC=C(C)C(=O)C=CC(C)=O,18,1,Sub,=
*CNCCOC,18,1,Sub,-
*OCCN(CC)CC,18,1,Sub,-
*NC(=O)CCCCCCCCCCCCCCCCC,18,1,Sub,-
*C(C)(N)C(=O)O,18,1,Sub,-
*C(=O)CCCCCCCCCCCCCCC,18,1,Sub,-
*CCC=C(C)CC(=O)C=C(C)C,18,1,Sub,-
*C(C)CCC(OS(=O)(=O)O)C(C)C,18,1,Sub,-
*C(=CC=CC(=C)C(CC=C(C)C)NCC)CO,18,1,Sub,-
*OCC(O)COC(=O)CCCCCCCCCCCCCCC,18,1,Sub,-
*NC(=O)C(=O)O,18,1,Sub,-
*NCCN,18,1,Sub,-
*COC(C(=O)OC)C(CC(=O)O)C(=O)OC,18,1,Sub,-
*C(=C)CCC=C(C)C(=O)O,18,1,Sub,-
*OCC(=O)NC(CC)C(=O)O,18,1,Sub,-
*C(=C)C(=O)OCC,18,1,Sub,-
*OC(=O)CC(O)C(=O)O,18,1,Sub,-
*CCCCCC(C=O)CCCO,18,1,Sub,-
*C(C)=NNC(N)=S,18,1,Sub,-
*C(C)C(O)CC(C)O,18,1,Sub,-
*C(C)C(OC)C(C)O,18,1,Sub,-
*COC(=O)C(O)(CC(C)C)C(C)O,18,1,Sub,-
*=NCCS(=O)(=O)O,18,1,Sub,=
*CCCCCCCCCCCCCCCCCCCCCCC,18,1,Sub,-
*C(C)(O)C(O)CCC(C)(O)CO,18,1,Sub,-
*C(O)CCCCC(O)CCCCC,18,1,Sub,-
*C(C)=NOC(C)=O,18,1,Sub,-
*OCC(O)CNC(C)(C)C,18,1,Sub,-
*CCCC(N)CCC(C=O)CCC(O)O,18,1,Sub,-
*OCN=C(N)N,18,1,Sub,-
*NC(=O)C(NC(=O)C(NC(=O)C(NC(=O)CNC(=O)C(C)(O)C(O)C=CC(C)=CC(C)CC)C(C)O)C(C)N)C(C)C(C)C(N)=O,18,1,Sub,-
*CCCCOC(C)=O,18,1,Sub,-
*CC(C)=CC(=O)OCCCCCCCCC(=O)O,18,1,Sub,-
*COC(=O)C(=O)O,18,1,Sub,-
*C#CCl,18,1,Sub,-
*C1CC2CC3(C(=*)OCC4(C(*)CCC(*)(*)C4*)C13)C(=*)C2=*,17,8,Ring,-=----==
*C1C(=*)CCC2C1CCC1C(*)(*)CCCC21*,17,5,Ring,-=---
*C1=CC2C=C(*)C(*)C3C(*)NC(=*)C23C(=*)C=CC(*)C(*)CC1,17,8,Ring,----==--
*C1CCC(*)C2(OC=C3C(=*)C(*)(*)C(=*)C=C3C2*)O1,17,7,Ring,--=--=-
*c1nc2cssc-2c1*,17,2,Ring,--
*C1CC(=*)C2(*)C(*)C3C(=*)C(=*)OC3CC(*)C12,17,7,Ring,-=--==-
*C1CCC2(*)C(*)(*)C3CCC2(*)C1C3,17,5,Ring,-----
*C1C(=*)CN1*,17,3,Ring,-=-
*c1cocn1,17,1,Ring,-
*C1CC(*)C2(*)CCC3(*)C(=CCC4C56CCC(*)(OC5)C(*)(*)C6CCC43*)C2C1*,17,9,Ring,---------
*C1=CC(*)(*)C=C(*)C1=*,17,5,Ring,----=
*C1=C(*)CCCC1,17,2,Ring,--
*C1Cc2cn(c3ccccc23)C(*)C(=*)NC(*)C(=*)NC(*)C(=*)NC(*)C(=*)N1,17,9,Ring,--=-=-=-=
*C1=CC=CC(*)C2(*)CC(OC(=*)N2)C(*)C2OC2(*)C(*)CC(=*)N(*)c2cc(cc(*)c2*)C1*,17,12,Ring,---=---=----
*c1cc2c3cc1CSSCC14CCC(*)C(C=CC(=*)CCc5ccc(*)c(c5)OCCc5ccc(*)c(c5)C3CC(=*)c3cc[nH]c3CC#C2)(CC1*)C4,17,7,Ring,--=--=-
*C1=C(*)C(*)=C(*)C(=*)N1,17,5,Ring,----=
*C1CCC(=*)COC1(*)*,17,4,Ring,-=--
*C1CCC2C(*)CCCC2(*)N1,17,3,Ring,---
*C1CCN2CC3CC(CN4C(=*)C=CC=C34)C2C1,17,2,Ring,-=
*C1C2CCCC(C2=*)C2(*)CCCCC12,17,3,Ring,-=-
*C1=CC2(*)C(C3C(*)=CC2(*)C(=*)C3(*)*)C(*)(*)C1=*,17,10,Ring,----=----=
*C1CCC2(*)CCC3(*)C(=CCC4C5(*)CCC(*)C(*)(*)C5CCC43*)C2C1=*,17,9,Ring,--------=
*C1CCC=CC1(*)*,17,3,Ring,---
*c1cc(*)c2c(c1)OC(=*)CC2*,17,4,Ring,--=-
*C1(*)CCCC2(*)C1CCC13CC(CCC12)C1(CO1)C3,17,3,Ring,---
*C1CCC2(*)C(CCC3C2CCC2(*)C3CC3C2C(*)C2C(*)CC(*)CN32)C1,17,6,Ring,------
*C1CC2CCC3CC(*)N(*)C(=N1)N23,17,3,Ring,---
*C1=CC2CC(*)(*)CC23C(*)CCC13,17,4,Ring,----
*C1CCC2(*)C(C1*)C(*)C(*)C1(*)C2CCC2(*)C(*)C(*)C(*)C21,17,10,Ring,----------
*C1=CC(=*)CC2(*)CCC(*)CC12*,17,5,Ring,-=---
*C1=C(*)C(*)(*)C(=*)CC1,17,5,Ring,----=
*c1cc(*)c2c(*)c3c(cc2c1*)OC(*)CC3=*,17,6,Ring,-----=
*C1=CCC(*)CC2C=CCC(CC(*)C(*)C(*)CC(*)CC(*)OC(=*)C=CC(*)=CCC(*)CC3C=CCC(CC(*)C(*)C(*)CC(*)CC(*)OC(=*)C=C1)O3)O2,17,16,Ring,-------=-------=
*c1ccc2cc1OCc1ccc3c(c(*)cc4c3c1C=CC4*)CC#COC(*)CC(=*)CC2,17,5,Ring,----=
*C1CC2(OC1=*)C1OC1C1(*)C3C(=*)OC(C3*)C(*)C21*,17,7,Ring,-=-=---
*C1CCC2(*)C(CCC3C4CCC(*)C4(*)CC(*)C32)C1,17,5,Ring,-----
*c1nnc(*)c2ccccc12,17,2,Ring,--
*C1=C2Nc3c(*)cccc3C23CCN2CC(*)C1CC23,17,3,Ring,---
*C1CC2C=CCCC2CC1*,17,2,Ring,--
*c1c(*)c(*)c2c(c1*)C(=*)C(=*)C1C(*)(*)CCCC21*,17,9,Ring,----==---
*C1C=CC2=CC(=*)C(*)(*)CC2(*)C1*,17,6,Ring,-=----
*c1c2c(nc3ccccc13)CCC2,17,1,Ring,-
*C1C2C3(*)CCC(*)(OCC24CCC25CC26CCC(*)C(*)(*)C6CCC5C4(*)C1*)O3,17,8,Ring,--------
*c1ccc2cc1CC(*)C(=*)NC(*)C(=*)NC(*)C(=*)NC=C2,17,7,Ring,--=-=-=
*C1CCC(*)(*)C2(*)C(*)CC(*)C(*)(*)C12,17,8,Ring,--------
*c1nnc2c(n1)OC(*)Nc1ccccc1-2,17,2,Ring,--
*C1=CCOC(*)C1,17,2,Ring,--
*C1CCC(*)(*)C2C3OC(=*)C(=*)C3CCC12*,17,6,Ring,---==-
*C1CCC2(*)C(=CCC34OC(*)C5CCC(=*)C5(*)C(CC32)O4)C1,17,5,Ring,---=-
*C1CC2(CO2)C2C(*)C3OC3(*)C2C2OC(=*)C(=*)C12,17,5,Ring,---==
*c1cc(*)c2c(c1)OC(=*)C(=*)N2,17,4,Ring,--==
*C1COC2(CC1*)OC1C3C(CC(*)C1(*)C2=*)C(*)C[S+]3*,17,7,Ring,----=--
*C1NC(=*)C(=*)NC(=*)C(*)NC(=*)C(*)C(*)NC(=*)C2CCCN2C(=*)C(*)N(*)C(=*)C(*)NC(=*)CNC(=*)C(*)NC(=*)C(*)NC1=*,17,20,Ring,-===-=--==--=-==-=-=
*C1CC2CC3(C(=*)OC4CCC(*)(*)C5C(*)OCC45C13)C(*)C2=*,17,7,Ring,-=----=
*c1cc2c3ccccc3nc-2c(*)[nH]1,17,2,Ring,--
*C1CC(*)(*)C(*)(*)C(*)C1*,17,7,Ring,-------
*c1cc2c(cc1*)C1CC(*)CC(*)C3Cc4cc(*)c(*)cc4C4CCC(C2)C1C43*,17,7,Ring,-------
*C1C2C3(CCC(*)C2(*)C(=*)O3)C2CCC3(*)CC12CC3=*,17,6,Ring,---=-=
*C1C=CC(*)C2(*)OC12,17,3,Ring,---
*C1=NC(*)C(=*)N2CCCC2C(*)=NC(*)C(*)=NC(*)C(*)=NC(*)C(*)=NC(*)C(*)=NC(*)C(*)=NC(*)C(*)=NC(*)C(*)=NC1*,17,19,Ring,--=----------------
*C1(*)CCCC2(*)C1CCC1(*)OC(=*)CC12,17,5,Ring,----=
*C1=CC(*)(*)Nc2ccc(*)cc21,17,4,Ring,----
*C1=C(*)OC(=*)C=C1,17,3,Ring,--=
*C1CCC2(*)C(=CCC3C2CCC2(*)C3CC3OC(*)(*)C(*)C32*)C1,17,7,Ring,-------
*c1ccc2c(n1)CC(*)CCC2*,17,3,Ring,---
*c1cc(*)c2c(c1)C(*)NC(=*)C1NC(=*)C(NC(=*)C3NC(=*)C4NC(=*)C(NC(=*)C(*)c5ccc(*)c(c5)Oc5cc(*)c(*)c4c5)C(*)c4ccc(c(*)c4)Oc4cc3cc(c4*)Oc3c(*)cc(cc3*)C1*)c1ccc(*)c-2c1,17,20,Ring,---======-----------
*C1CC2C(=*)Nc3ccccc3C(=*)N2C1,17,3,Ring,-==
*C1CCC2(*)C(CCC3(*)C2C(=*)C=C2C4CC5(*)CC(OC5=*)C4(*)CCC23*)C1(*)*,17,10,Ring,---=-=----
*c1ccc2c(c1)OCC(=*)C2=*,17,3,Ring,-==
*c1cc2c(cc1*)C1(*)CCC(*)C(*)(*)C1CC2,17,6,Ring,------
*c1cc(*)c2c(=*)c3c(c(=*)c2c1)C(*)OC1CC(=*)OC31,17,6,Ring,--==-=
*N1CCCCC1=*,17,2,Ring,-=
*C1C[N+]2(*)CCC1CC2*,17,3,Ring,---
*C1CC(*)C2C(*)(O1)C(*)C1(*)C3=CCC4C(*)(*)C(*)CCC45CC35CCC21*,17,9,Ring,---------
*C1CC2(*)C3C(*)C1CC3C13C4CCC5(*)C(O4)N(*)C1C2(*)C(*)C53,17,7,Ring,-------
*c1ccc2ccc3c(c2c1)CSSC1CCC(CC1)C(*)CC(=*)CCc1ccc(*)c(*)c1-3,17,5,Ring,--=--
*C1=NC(=*)C(*)=N1,17,3,Ring,-=-
*C1=CC2OC(=*)C(=*)C2C(*)CC(*)(*)C(=*)CC1*,17,8,Ring,-==---=-
*c1ccc2c(=*)c3c(c(=*)c2c1*)C(=*)CC(*)(*)C3*,17,8,Ring,-==-=---
*C1=CC(=*)C(*)C2(*)C1C(*)C1OC(=*)C3C(*)C(*)C(*)C2C13*,17,10,Ring,-=---=----
*=C1CN2CCC1C(=*)c1[nH]c3ccccc3c1C2,17,2,Ring,==
*C1=CCCC(*)C(*)OC(=*)CCC(*)(*)C=CC1*,17,7,Ring,---=---
*C1=C(*)C2=NC1=CC1=NC3=C(CC(=*)C3=C1*)C1=NC(=C(*)C3=NC(=C2)C(*)=C3*)C(*)C1*,17,9,Ring,--=------
*C1CCC2(*)CCC3C(CCC4C3(*)CCC3C(*)(*)C(*)CCC34*)C12,17,7,Ring,-------
*C1=[N+](*)CCCC1,17,2,Ring,--
*C1=C(*)c2cc3[nH]c4c(c5nc(c(*)c6[nH]c(cc1n2)c(*)c6*)C(*)C5*)CC(=*)c4c3*,17,9,Ring,-------=-
*C1(*)CCC2C(=*)CC3OC(=*)C(=*)C3CC21,17,5,Ring,--===
*C1=CC(*)(*)C(*)C(*)=C1,17,5,Ring,-----
*C1CC2(*)C3C(*)C1CC3C13C(*)CCC4(*)CN(*)C1C2(*)CC43,17,7,Ring,-------
*c1ccn2cc(*)[n+](*)c2c1,17,3,Ring,---
*c1cc2cc(*)c3[n+](c2cc1*)C(*)CCN3,17,4,Ring,----
*C1CCC2(*)C3=C(CCC2C1(*)*)C1(*)C(*)CC(*)C1(*)CC3=*,17,9,Ring,--------=
*C1NC(=*)C(*)NC(=*)C2CCCN2C(=*)C(*)NC(=*)C(*)C(*)OC(=*)C(*)NC1=*,17,12,Ring,-=-==-=--=-=
*c1cc(*)c2c(c1*)C(=*)C1CC(*)(*)OCC1C2=*,17,7,Ring,---=--=
*C1(*)CC(=*)CN2CCCC21,17,3,Ring,--=
*C1=NN(*)CC1,17,2,Ring,--
*C12C=CC(=*)C=C1CCC1C2C(=*)CC2(*)C1CCC2(*)*,17,6,Ring,-==---
*C1CC(*)C2C(=*)CCC3(*)C(*)CCC1C23,17,5,Ring,--=--
*C1CCCC(*)CC1,17,2,Ring,--
*C1OC(=*)C23C(=*)C4(*)OC(=*)C12OC1(C(=*)C2(C=CC(=*)OC2(*)*)CC(*)C13*)C4*,17,12,Ring,-==-===-----
*C1=Nc2ccccc2C1*,17,2,Ring,--
*C1(*)CCCCC1=*,17,3,Ring,--=
*C1CC2CCC3C4CC(=*)C(*)C4(*)CCC3C23COC1(*)C3,17,5,Ring,-=---
*c1cc2ccc(=*)c3c(*)n(*)c(c1)c23,17,4,Ring,-=--
*c1cc2c(=*)c3ccccc3c(=*)c2cc1*,17,4,Ring,-==-
*C1=CC2C3Cc4ccc(*)c(*)c4C2(CCN3*)CC1=*,17,5,Ring,----=
*C1=CCC2C3C1C2(*)CCCC3(*)*,17,4,Ring,----
*c1cccc2c1CCC1CCCC3CCc4ccccc4C231,17,1,Ring,-
*C1CC2=CCC3C4CC5OC6(CC(*)C(*)CO6)C(*)C5C4(*)CCC3C2(*)C(*)C1,17,7,Ring,-------
*C1CCCC(*)(*)C=CCC2(*)OC2CC2C(=*)C(=*)OC2C1*,17,7,Ring,----==-
*C1=CC(=*)c2c(*)cc3oc(*)c(*)c3c2O1,17,5,Ring,-=---
*C1CC2C(*)(CCC3C4(*)CCCC(*)(*)C4CCC23*)O1,17,6,Ring,------
*C1CCC2C1(*)CCC1(*)C3CCC4C(*)(*)CCCC4(*)C3=CCC21*,17,7,Ring,-------
*c1ccc2c(c1)OCC(*)(*)C2=*,17,4,Ring,---=
*C1CCC2(C=CC(=*)O2)OC1,17,2,Ring,-=
*C1OC2C=CC(=*)OC2C1*,17,3,Ring,-=-
*C1=C2C(=*)C(*)c3c2nc1cc1[nH]c(cc2[nH]c(cc4nc3C(*)C4*)c(*)c2*)c(*)c1*,17,9,Ring,-=-------
*C1CC2(*)C3CCC4(*)C5C(CC4(*)C3=CC(=*)C2C(*)C1*)OC(*)C5(*)*,17,10,Ring,----=-----
*C1CCC23C4C(=*)C(C=CC4(*)C=CC12*)CC3(*)*,17,6,Ring,-=----
*C1=CC(=*)c2ccc3occc3c2O1,17,2,Ring,-=
*C1C=CCC1*,17,2,Ring,--
*c1cc(*)c2c(c1*)OC1(C(=*)c3cc4c(nc3CC1*)N(*)C(=*)N(*)C4=*)C2=*,17,10,Ring,---=--=-==
*C1CNC(=*)C2NCCC2N1*,17,3,Ring,-=-
*c1cc2ccc(*)c(*)c2cc1*,17,4,Ring,----
*C1C=CC(=*)C(*)(*)C1*,17,5,Ring,-=---
*c1cc2c(c(*)c1*)C(=*)C=CO2,17,4,Ring,---=
*C1CC(*)C2(*)OC3CC4(*)C(CCC5C4CCC4(*)C(*)C(*)CC54*)CC3OC2O1,17,8,Ring,--------
*C1CC2C(*)(*)CCCC2(*)C2CCC3CC12C1OC31*,17,5,Ring,-----
*N1c2ncnn2C2(CCCCC2)C2CCCCC21,17,1,Ring,-
*C1=CC2C=C(*)C(*)C3C(*)NC(=*)C23OC(=*)C=CC(*)C(*)CC1,17,8,Ring,----==--
*C1=CC=CN2C(=*)c3cc(*)c(*)[n+](*)c3N=C12,17,5,Ring,-=---
*c1cc(*)c2c(c1*)C(=*)OC(*)C2*,17,6,Ring,---=--
*C1OC2(*)C(=*)C=CCC2(*)C1*,17,5,Ring,--=--
*C1C2C3N(*)CC4(*)CCC(*)C3(C3CC5CCC2(*)C3C(=*)O5)C14,17,6,Ring,-----=
*c1cnc2c(*)cccc2c1*,17,3,Ring,---
*c1ccc2cc3c(cc2c1)C1C(*)C=CC2C3CCC(*)C21,17,3,Ring,---
*C1=C2C(=*)C(*)(C#CC=CC#CC2*)C(*)C1=*,17,6,Ring,-=---=
*C1CC2(*)C(CC=C3C4CC(*)(*)CCC4(*)CCC32*)C2(*)CCC(=*)C(*)(*)C12,17,10,Ring,-------=--
*c1c2cc3c(c1*)OC(=*)CC3C#CC(*)CC1=CC(*)Cc3cccc(c3)CC3C(=*)CCC4C3CC3C=CCCC3C4(*)C(C2)OC1=*,17,8,Ring,--=--=-=
*N1C(=*)c2cccc3cccc(c23)C1=*,17,3,Ring,-==
*c1cc2c(c(*)c1*)Oc1cc3c(c(*)c1*)-c1c(cc(*)c(*)c1*)C(=*)OC1C(COC3=*)OC(*)C(OC(=*)c3cc(*)c(*)c(*)c3Oc3cc4c(c(*)c3*)-c3c(cc(*)c(*)c3*)C(=*)OCC3OC(*)C(OC2=*)C(*)C3OC4=*)C1*,17,26,Ring,--------==-=--------=-=-=-
*C1OC=CC2(*)C(*)C(*)C(*)(*)C12,17,6,Ring,------
*C1CC2C(*)(CCC3C(*)(*)C(*)CCC23*)OC1(*)*,17,8,Ring,--------
*C1=NC(=*)C(=*)NC1=*,17,4,Ring,-===
*N1C(=*)C2(c3ccccc31)C1CC3C(CO1)C1C2C3(*)CN1*,17,4,Ring,-=--
*=C1C=CC(=*)C1=*,17,3,Ring,===
*C1C(=*)C=CC(*)C2(*)C(*)CCC3(CO3)C2C(*)C2(*)C(*)C(=*)OC12,17,9,Ring,-=------=
*C1CCC2(*)C(=CCC3C2CCC2(*)C3CC3OC(=*)C(*)(*)C32)C1,17,6,Ring,---=--
*C1CC(*)C(*)c2nc[nH]c21,17,3,Ring,---
*C1C=C2C(*)CCCC2(*)CC1,17,3,Ring,---
*c1ccc2c(c1*)OC(*)C(*)C2,17,4,Ring,----
*C1=NC2C(*)=NC3C(*)=NC(C(*)=NC(*)c4cc(*)cc(*)c4-c4cc3ccc4*)C(*)c3ccc(c(*)c3)Oc3cc2cc(c3*)Oc2ccc(cc2)C(*)C(*)C(*)=NC1*,17,15,Ring,---------------
*C1CC2Cc3cccc(c3)Cc3cccc(c3)C34c5cc(ccc5CC5CCC3CCCC54)CC2C1*,17,2,Ring,--
*C1CC2(CCCC2)C2(C(*)C=CC2*)C(*)N1,17,4,Ring,----
*C1CCCCCCC(*)(*)CNC2(*)CC(*)NC(Cc3cccc(c3)C1)C2,17,5,Ring,-----
*C1CCC2(*)C(=CCC3C(=*)OC4COC5(*)OC(=*)C(=CCC32)C45)C1,17,5,Ring,--=-=
*C1=CC=CC(*)C(*)C(*)C(*)C(*)C(*)C(*)C(*)C(*)C=C(*)C(=*)c2c(*)c(*)c(*)c3c(=*)c(cc(=*)c23)NC1=*,17,18,Ring,-----------=---===
*N1C(=*)C(=*)N(*)c2ccccc21,17,4,Ring,-==-
*C1CCC(*)c2ccccc21,17,2,Ring,--
*C1CC(=*)C(*)(*)O1,17,4,Ring,-=--
*C12CCC3C(CCC4=CC(=*)CCC43*)C1CC(=*)C2=*,17,5,Ring,-=-==
*C1=CC(=*)c2c(cc3occc3c2*)O1,17,3,Ring,-=-
*c1cccc2nccnc12,17,1,Ring,-
*C1=CC(=*)C2C3C1C2(*)CCC(*)C3(*)*,17,6,Ring,-=----
*C1CC(*)(*)C=CC2(*)CCC(*)(*)C12,17,6,Ring,------
*c1c[nH]c2ccc3cc4ccccc4cc3c12,17,1,Ring,-
*C1CCC2(*)C3CCC4C(=CCC5C(*)(*)C(=*)CCC45*)CC3(*)CCC2C1(*)*,17,9,Ring,----=----
*C1=C(*)CC(*)CC1,17,3,Ring,---
*c1c[nH]c2ncccc12,17,1,Ring,-
*C1=CC2=C(N=C3C(*)=CC=CN3C2=*)N(*)C1=*,17,5,Ring,--=-=
*C1C=CC(*)C2C(*)C=CC(*)C12,17,4,Ring,----
*C1CCC2(*)C3CCC4C(*)(*)C(=*)CCC4(*)C3=CCC12*,17,7,Ring,----=--
*c1cc2c(c3c1OCO3)CCN(*)C2*,17,3,Ring,---
*C1CCC2(*)CCC3(*)C4=CCC5C(*)(*)C(*)CCC5(*)C4CCC3(*)C2C1*,17,9,Ring,---------
*C1=CC2OC(=*)C3(*)OC23C(*)C2C(*)=CCC(*)C2(*)C(*)C(*)C1,17,9,Ring,-=-------
*C1(*)C2CC3C4=Nc5ccccc5C41CCN3CC2=*,17,3,Ring,--=
*c1cc2c(=*)c3ccc(*)c(*)c3c(=*)c2c(*)c1*,17,7,Ring,-=--=--
*C1=CC23C(COC(=*)C2(*)*)C(*)=CC3C1*,17,6,Ring,-=----
*C1=NC(*)C(*)S1,17,3,Ring,---
*c1cc(*)c2c(c1*)Oc1c(*)c(*)c(*)c(*)c1C2=*,17,8,Ring,-------=
*c1ccc(*)c2c(*)c[nH]c12,17,3,Ring,---
*c1cc2cc(c1*)CC#Cc1c(ccc(*)c1*)CCC(=*)CC(*)CC2,17,6,Ring,----=-
*c1c(*)c(=*)ccc1=*,17,4,Ring,--==
*C1=CC(*)CC(*)(*)C=CC(*)CCC(*)=CCC1,17,6,Ring,------
*C1CC=C2C(=*)OC(CC3(*)CC(=*)C(CC(=*)C1)O3)C2*,17,6,Ring,-=-==-
*C1CC2(*)CCC3(*)C(=C2CC1(*)*)C=CC1C2(*)CCC(*)C(*)(*)C2CCC13*,17,10,Ring,----------
*c1ccc2c3c([nH]c2c1)C(=*)N(*)C=N3,17,3,Ring,-=-
*c1cc(*)c2c(c1*)CC(*)CC2=*,17,5,Ring,----=
*c1c(*)c(=*)c2c(c1=*)C(*)C1(*)C3C(CN21)N3*,17,7,Ring,--==---
*c1ccc2c(c1)c1cc(*)ccc1n2*,17,3,Ring,---
*c1ccc2c(=*)c3cc4c(c(*)c3c(=*)c2c1)OC1OC(COCC(*)C4*)C(*)C(*)C1*,17,9,Ring,-=-=-----
*C1CCC2OC3(*)CCC(*)C(*)(*)OC3CCC2(*)O1,17,6,Ring,------
*C1=CCCC2C3(*)CC(*)OC(=*)C3CC(*)C12*,17,6,Ring,---=--
*C1CC2(*)C(CCC3C(*)CCC32*)C2(*)CCC(*)C(*)(*)C12,17,8,Ring,--------
*C1CC(=*)C2(*)COc3c4c(cc(c32)C(*)C1*)OCO4,17,5,Ring,-=---
*C1=CC2OC(=*)C3(*)OC23C(*)C2C(*)(*)C(*)CC(*)C2(*)C(*)CC1,17,10,Ring,-=--------
*c1cccc2c(=*)c3c4c(cc(*)c3c(=*)c12)CC(*)CC4=*,17,6,Ring,-=-=-=
*C1CC=CC(=*)C1*,17,3,Ring,-=-
*C1OC2OCC3(*)C=CC(C1*)C23,17,3,Ring,---
*c1ccc2n(c1)cc(*)[n+]2*,17,3,Ring,---
*C1C(*)(*)C(=*)C(*)(*)C(=*)C1(*)*,17,9,Ring,---=--=--
*C1=CC(=*)OC2CC(CCC(*)C=CC=CCC1)OC(*)(*)C2,17,5,Ring,-=---
*c1coc2c1C(*)C1(*)C(*)CCC3OC31C2=*,17,5,Ring,----=
*c1cc2c(cc1*)C1Cc3cc4c(cc3C(C2)[N+]1(*)*)OCO4,17,4,Ring,----
*c1cc(*)c2c(c1)C1(NC(*)CC1*)C(=*)N2,17,5,Ring,----=
*C1=CC(=*)c2c(cc3cc(*)c(*)c(*)c3c2*)O1,17,6,Ring,-=----
*C1=CC2OC3CC4OC(=*)C=CC=CC5(*)OCCC(=CC(=*)OCC2(CC1)C4(*)C31CO1)C5*,17,6,Ring,-=-=--
*C1COC(=*)C2C(*)CCC12,17,3,Ring,-=-
*C1C=CC(*)(*)C(=*)C(*)C(*)C(=*)C(*)C2C(*)C(*)CC2(*)C1*,17,12,Ring,---=--=-----
*C1C(*)C(*)C(*)(*)C(*)C1*,17,7,Ring,-------
*c1ccc2cc1Oc1ccc(cc1)CCC(*)CCCC2,17,2,Ring,--
*C1C=CC(*)(*)C(*)C1*,17,5,Ring,-----
*C1=CC2=C(CC3C(*)(CCC4C(*)(*)C(*)CCC34*)O2)C(=*)O1,17,7,Ring,------=
*C1CCC(*)C2(CCC(*)C2)C1,17,3,Ring,---
*C1NC(=*)C(*)C(*)OC(=*)C(*)N(*)C(=*)CN(*)C(=*)C2CC(=*)C(*)N2C1=*,17,13,Ring,-=--=--=-==-=
*c1cc2c(cc1*)C(*)(*)C(*)C2(*)*,17,7,Ring,-------
*C1CCC2(*)C(=CCC3C2CCC2(*)C3CC3OC(*)(*)OC32*)C1,17,6,Ring,------
*c1cc2c(*)c(*)ccc2o1,17,3,Ring,---
*C1=CC=CC(*)C(*)C(*)=CC(*)C(*)C(*)CC(*)Cc2c(*)c(=*)cc(c2=*)NC1=*,17,12,Ring,---------===
*C1=COC(*)C2C(=*)CCC3OC3(*)CCC12,17,4,Ring,--=-
*C1CC2CC3(CCC4C(*)(*)CCCC4(*)C13)CC2=*,17,5,Ring,----=
*C1CC2(*)C3=C(CCC2C(*)(*)C1*)C1=CCC(*)C1(*)C(*)C3*,17,9,Ring,---------
*c1ccc(*)c2c1OC(*)CC2=*,17,4,Ring,---=
*c1nncs1,17,1,Ring,-
*C1=CC(=*)c2c(*)c(*)c3c(c2O1)C=CC(*)(*)O3,17,6,Ring,-=----
*c1cc(*)c2c(=*)c3c(*)c4c(c(*)c3c(=*)c2c1)-c1c(cc(*)c(*)c1*)C(*)C4*,17,11,Ring,--=--=-----
*c1ccc2c(c1)NC(=*)C(=*)S2,17,3,Ring,-==
*C1CC2=C(O1)C1(*)C(=*)C(*)(CC(*)C1(*)*)C2=*,17,8,Ring,--=----=
*C1=CC2OC(=*)C(*)C2(*)C(*)C2C(*)C(*)C3OC3C2(*)C(*)C=C1,17,9,Ring,-=-------
*C1CC23C4CCCN2CCCC3C(CC4*)C1*,17,3,Ring,---
*[n+]1cccc2c3ccccc3ccc21,17,1,Ring,-
*c1c2cc3c(c1*)OC(=*)CC3C#CC(*)CC1=CC(*)Cc3cccc(c3)CC3C(=*)CCC4C3CCC(*)C4(*)C(C2)OC1=*,17,9,Ring,--=--=--=
*C1CC(*)C(*)C(*)C=CC(=*)OC(*)C(*)(*)C=CC=CC1=*,17,9,Ring,----=---=
*C1C(=*)NC(=*)N1*,17,4,Ring,-==-
*c1cc2c(*)ccc(*)c2cc1*,17,4,Ring,----
*C1OC(=*)C2OC23C1(*)CCC1C24C=CC(=*)C2(C(=*)C(*)C13*)C(*)(*)OC4,17,9,Ring,-=-==----
*C1C=C2COC(*)C2(*)C2(*)CCCC(*)(*)C12,17,6,Ring,------
*c1ccc2c(c1)NC(=*)C1CC(*)CN1C2=*,17,4,Ring,-=-=
*c1cc2c(*)c(*)c3c(c2c(*)c1*)C=c1cc(*)c(=*)cc1O3,17,7,Ring,------=
*C1CC2C(=*)CC(*)C3C(=*)C(=*)OC3C2C1*,17,6,Ring,-=-==-
*C1=CCC=C(*)CCC=C(*)CCC(*)C=C1,17,4,Ring,----
*C1(*)CCC2OC2(*)CCC(*)(*)C2CC21,17,5,Ring,-----
*C1=CCC(*)C(*)C(*)OC(=*)C(*)N(*)C(=*)C(*)NC(=*)CN(*)C(=*)C(*)N(*)C(=*)C(*)NC(=*)C(*)OC1=*,17,19,Ring,----=--=-=-=--=-=-=
*C1=CC2(*)CC(*)(*)C(=*)C2C(*)(*)C12CC2,17,7,Ring,----=--
*C1CCC(=*)NCCCCC2NC(=*)C(*)NC(=*)C(*)C(*)OC(=*)CC3NC(=*)C(COC(=*)CCC(NC(=*)C(*)NC3=*)C(=*)N1)NC(=*)C1CCCN1C(=*)C(*)NC2=*,17,18,Ring,-==-=--====-====-=
*C1=C2C(*)C3C(=*)C4CC4C3(*)CC2(*)OC1=*,17,6,Ring,--=--=
*C1CCC(*)(*)C(*)C12COC(=*)C13CC(CCC12)C(=*)C3=*,17,7,Ring,----===
*C1C(=*)CCC23CC24CCC2(*)C(*)CCC2(*)C4CCC13,17,5,Ring,-=---
*C1=C2C(*)C(*)C3(*)C(*)CC(*)C(*)(*)C3C(*)C2(*)CC1*,17,11,Ring,-----------
*c1cc2ccc3cc(*)c(*)c(*)c3c2cc1*,17,5,Ring,-----
*c1ccc2c(c1*)Cc1c(*)ccc3cccc(c13)CSSCC1CC(*)C(*)(*)C(=*)C1C(*)C(*)C2,17,9,Ring,------=--
*C1CC(*)C2(CCC(*)C2)C(*)C1,17,4,Ring,----
*c1ccc2[nH]c3c(*)c(*)c(*)c(*)c3c2c1,17,5,Ring,-----
*C1=CC(*)C(*)C(*)C(=*)C2(*)CNc3c(c(=*)c4c(c(*)c(*)cc4c3=*)C1=*)O2,17,11,Ring,----=-=--==
*C1CCC2(*)C(CCC3C4CCC(*)C4(*)CC(*)C32)C1*,17,6,Ring,------
*C1=CN(*)C(=*)C(*)=C1,17,4,Ring,--=-
*C1CC2(*)C3CCC4C(*)(*)C(*)CC(*)C45CC35CCC2(*)C1*,17,8,Ring,--------
*C1CC2(*)C(C1*)C(*)C1(*)CC3C(=*)C(*)(*)CC3C(*)(C1*)C2*,17,11,Ring,-----=-----
*OCC(CCC(*)C)C(C)C,17,2,Linker,--
*OCC(=*)C,17,2,Linker,-=
*CC(NC(=O)C(NC(=O)C(C)=CC)C(C)C)C(=O)N*,17,2,Linker,--
*NC(*)=N,17,2,Linker,--
*OC(=O)C(NS(*)(=O)=O)C(C)C,17,2,Linker,--
*NC(=O)C(CC(C)C)NC(*)=O,17,2,Linker,--
*C(=O)C(C)NS(*)(=O)=O,17,2,Linker,--
*C=[NH+]C*,17,2,Linker,--
*CC(O)CCCCCCCC(O)CCC(*)O,17,2,Linker,--
*CCNC(=O)C(NC(*)=O)C(C)CC,17,2,Linker,--
*CCOC(C=CC=CC(=O)O*)C(C)O,17,2,Linker,--
*CC(O)C(=O)NC(CC(N)=O)C(=O)N*,17,2,Linker,--
*C(=O)ON=C(*)*,17,3,Linker,---
*C(=CC(=O)OC(C(=O)O)C(*)CNCC)CCCCC,17,2,Linker,--
*CCCCC(C*)C(O)CO,17,2,Linker,--
*CC(NC)C(=O)N*,17,2,Linker,--
*C(*)OC(=O)C(C)=CC,17,2,Linker,--
*CCC(*)C*,17,3,Linker,---
*C=CC=CC=CC=C(*)C,17,2,Linker,--
*CCNC(=S)N*,17,2,Linker,--
*OCCOCCO*,17,2,Linker,--
*OC(=O)CCC(=O)OCC(*)=O,17,2,Linker,--
*CCC(C)NC*,17,2,Linker,--
*NC(=O)C(*)*,17,3,Linker,---
*CC(=O)NC(*)*,17,3,Linker,---
*C(*)=CC(=O)O,17,2,Linker,--
*C=CC(=O)CC(=O)C*,17,2,Linker,--
*OCC=C(C)CCC=C(C)CCC=C(C)CO*,17,2,Linker,--
*[S+](*)[O-],17,2,Linker,--
*OCC(NC(=O)C(O)CCCCCCCCCCCCCCCCCCCCCC)C(O)C(O)CCCCCCCCCCCCCC,17,1,Sub,-
*C(C)=CCOC(C)=O,17,1,Sub,-
*C(=O)NC(C(=O)NC(C(=O)O)C(C)O)C(C)C,17,1,Sub,-
*CNC(=O)CC,17,1,Sub,-
*C(C)=N,17,1,Sub,-
*C(C=C)CO,17,1,Sub,-
*C(C)(C)N=C=S,17,1,Sub,-
*CCC(C)CC=O,17,1,Sub,-
*C(=O)NC(CO)CCCN=C(N)N,17,1,Sub,-
*C(=O)NC(C)C(=O)NC(C)C(=O)O,17,1,Sub,-
*C(=CCC(O)C(C)(C)O)COC(C)=O,17,1,Sub,-
*CCN=C(N)NCC(C)C,17,1,Sub,-
*NC(=O)CCC(=O)OC,17,1,Sub,-
*C(=O)NCCN(CC)CC,17,1,Sub,-
*C(=C)CCC(=O)O,17,1,Sub,-
*N(C)C(=O)CNC=N,17,1,Sub,-
*CC(O)C(O)C(C)=CC(O)CC(C)C(O)C(=O)NC=CC(=O)NCCCO,17,1,Sub,-
*=CCCCCCCCCCC=C,17,1,Sub,=
*C(C)CCCC=CCCCNC(N)=NC,17,1,Sub,-
*C(C)CC(C)CC(C)=CC,17,1,Sub,-
*OCC(NC(=O)C(O)CCCCCCCCCCCCCCCCCCCC)C(O)C(O)CCCCCCCCCCCC,17,1,Sub,-
*C=C(C#N)C#N,17,1,Sub,-
*C(=O)C(N)=O,17,1,Sub,-
*CCC(CC)CC=O,17,1,Sub,-
*=NCCO,17,1,Sub,=
*C(=O)NCC(CC)CCCC,17,1,Sub,-
*OC(=C)C(=O)OC,17,1,Sub,-
*C(=O)C(NC(=O)C(C(C)CC)N(C)C)C(C)CC,17,1,Sub,-
*C(O)CNC(C)(C)C,17,1,Sub,-
*C(C)=CC(=O)C=C(C)C,17,1,Sub,-
*C(C)C=C(C)C,17,1,Sub,-
*=NOCC(=O)NCCCCC(=O)O,17,1,Sub,=
*=CC=C,17,1,Sub,=
*NC(CO)C(=O)O,17,1,Sub,-
*=NC(C)C,17,1,Sub,=
*OC(=O)C(N)C(C)C,17,1,Sub,-
*OCC(=O)NC(CC(=O)O)C(=O)O,17,1,Sub,-
*OCCCCCCCCCCCCCC,17,1,Sub,-
*CCC(=O)C=C(CO)C(CC)CCO,17,1,Sub,-
*C(C=C)CCCCC,17,1,Sub,-
*C(=C)C(CC(O)C(C)(C)O)OC(=O)C(C)=CC,17,1,Sub,-
*CC(C)=CC(C)CO,17,1,Sub,-
*C(C)CCCCC(C)O,17,1,Sub,-
*OC(C(O)C=O)C(O)C(O)CO,17,1,Sub,-
*C(=O)NC(CSC)C(=O)O,17,1,Sub,-
*OC(=O)C(O)CCCCCC,17,1,Sub,-
*CCCCCC(=O)OC,17,1,Sub,-
*C(Br)C#C,17,1,Sub,-
*C(C)CCC(=CCO)C(C)C,17,1,Sub,-
*SC(CC(O)C=C)=NOS(=O)(=O)O,17,1,Sub,-
*C(C)CCC(O)(CO)C(C)C,17,1,Sub,-
*C(CO)CCCO,17,1,Sub,-
*=NOCC(=O)NC(CC(C)C)C(=O)O,17,1,Sub,=
*CNC(=O)C=CNC(=O)C=CC=CCCCC=CCCC(C)O,17,1,Sub,-
*SCCN,17,1,Sub,-
*CCCCCCCCCCC(=O)OC,17,1,Sub,-
*C(=C)O,17,1,Sub,-
*C(C)(C)OC(=O)C=C(C)C,17,1,Sub,-
*OC(=O)C=C,17,1,Sub,-
*C(=C)CC,17,1,Sub,-
*OC(=O)C(COC)N(C)C,17,1,Sub,-
*OCC(O)CCCCCCCCCCCC(O)CC(=O)O,17,1,Sub,-
*C(=O)C=CC=CC(C)=CC(C)CC(C)CC,17,1,Sub,-
*=CC(=O)OCC,17,1,Sub,=
*C(C)CC(C)C(C)C(C)C,17,1,Sub,-
*CCCCCCC(C)CC,17,1,Sub,-
*NC(=O)C(C)CC(N)=O,17,1,Sub,-
*=CI,17,1,Sub,=
*C1=C2Nc3cc(*)ccc3C23CCN2CC4OC4C(*)(C1)C23,16,3,Ring,---
*c1cc(*)c2c(c1*)C(*)(*)OC2=*,16,6,Ring,-----=
*c1cc(*)c2c(c1)C(*)C(*)C1C(*)(*)CCC(*)C21*,16,8,Ring,--------
*C1=CC(*)CC(=*)C2COC(=*)C(=*)C2CC1,16,5,Ring,--===
*C1CCCC(*)CC(*)C(*)C=CC(=*)OC(*)C(*)C2OC2C(*)CCCC(*)CC(*)CC(*)CC2CC(*)C(*)C(*)(O2)C(=*)C(*)C(*)CC1,16,17,Ring,----=---------=--
*c1cc2oc(=*)c(=*)c2c(*)c1*,16,5,Ring,-==--
*C1=CCCC(*)C(*)C(*)=CC(*)C(*)C(*)CC(*)Cc2cc(cc(*)c2*)NC1=*,16,11,Ring,----------=
*C1c2ccoc2CC2C1C(*)C(*)C1(*)C(*)(*)CCCC21*,16,7,Ring,-------
*C1=CCC23OC24CCC2CC(*)CCC2(*)C4CCC13*,16,4,Ring,----
*C1Oc2ccc3c(c2OC1*)OC(=*)C=C3,16,3,Ring,--=
*C1CCC2(*)C(CCC34OC35CCC(*)C5(*)CCC24)C1,16,4,Ring,----
*C1CCCC2(CCCC(*)O2)O1,16,2,Ring,--
*c1cccc2c3c([nH]c12)C(*)CCC3,16,2,Ring,--
*C1=C(*)C(=*)N2CCc3cc(*)c(*)cc3C2=C1,16,5,Ring,--=--
*C1CC2OC(*)(*)OC2C(*)O1,16,4,Ring,----
*C1CC(*)C2(*)CCC3(*)C(=CCC4C5(*)CCC(=*)C(*)(*)C5CCC43*)C2C1*,16,10,Ring,-----=----
*C1CC(=*)C2C1(*)C(*)C(=*)C1C2(*)C(*)CC2C3(*)C(*)CC(*)C21COC3*,16,11,Ring,-=--=------
*C1=CCCC1=*,16,2,Ring,-=
*C1OC2(*)OC(C(=*)C3OC32*)C1*,16,5,Ring,--=--
*C1CC=C2CSSC3(CCCCC3)C3CCC4(CC5C(CC6C7C(=CCCN6C5C(*)C2C1)OC(=*)C7*)C4*)C3,16,5,Ring,--=--
*C1C(=*)N(*)CN1*,16,4,Ring,-=--
*C1CCC2(*)C1CC(*)C1C3(*)CCC(=*)C(*)(*)C3CCC12*,16,8,Ring,----=---
*C1=CC(=*)c2c(cc3c(c2*)C(*)CCC2(O3)OC(*)C(*)C(*)C2*)O1,16,8,Ring,-=------
*C1CC2(*)C3C(*)CC4CC3(CC(*)C2C(*)(*)C1*)C(=*)C4=*,16,9,Ring,-------==
*C1CCC2C3CC=C4C(=*)C(*)(*)CC4(*)C3CCC12*,16,6,Ring,-=----
*C1=CC2OC(=*)C3(*)OC23C(*)C2C(*)(*)C(*)C=CC2(*)C(*)C(*)C1,16,10,Ring,-=--------
*C1CC2C(=*)C(=*)C3(C(*)CC4C(*)(*)CCC(*)C4(*)C13)C2*,16,9,Ring,-==------
*c1c(*)c(*)c2c(c1*)C(=*)CC1C(*)(*)CCCC21*,16,8,Ring,----=---
*C1=CC(*)CC(*)C1(*)*,16,5,Ring,-----
*C1CCC(=*)C2C3OC(C12)C(*)(*)CCC(*)C(*)(*)C3*,16,8,Ring,-=------
*C1Cc2cc3c(cc2C2N(*)Cc4c(ccc5c4OCO5)C12*)OCO3,16,3,Ring,---
*C1(*)C=C2C3CCC4C5(*)CCC(=*)C(*)(*)C5CCC4(*)C3(*)CCC2(*)CC1,16,9,Ring,---=-----
*C1CC2(*)C(CCC3(*)C2CC=C2C(*)C4(CCC(*)(*)C4)CCC23*)C(*)(*)C1*,16,10,Ring,----------
*c1cn2c3ccccc3nc2n1*,16,2,Ring,--
*c1nc(=*)nc(*)c1=*,16,4,Ring,-=-=
*N1C(=*)C2=C(OC(*)(*)C=C2)c2ccccc21,16,4,Ring,-=--
*C1C=CC(*)C1(*)*,16,4,Ring,----
*c1cc2c(c(*)c1*)-c1c(cc(*)c(*)c1*)C(*)C(*)(*)C(*)C2*,16,11,Ring,-----------
*C1CC2OCOC2C(*)O1,16,2,Ring,--
*C1=CCCC2(*)OC2C2OC(=*)C(*)=C2C(*)C1,16,5,Ring,--=--
*c1cc2c(c(*)c1*)C(=*)CC(*)C2*,16,6,Ring,---=--
*C1CC(*)C2(CC(*)C(*)C(*)O2)OC1*,16,6,Ring,------
*C1CCC2(*)C3=C(C(=*)CC2C1(*)*)C1(*)C(*)CC(*)C1(*)CC3=*,16,10,Ring,--=------=
*C1CC(*)CC(*)(*)C1,16,4,Ring,----
*C1CCC2(*)C(*)CCC(=*)C12,16,4,Ring,---=
*C1COC2C(*)OC(*)C(*)C2OC1,16,4,Ring,----
*C1=CCCC(*)(*)C=CC(*)C(*)C1,16,5,Ring,-----
*C1=C(*)C2=NC1=CC1=NC3=C(CC(=*)C3=C1*)C1=NC(=CC3=NC(=C2)C(*)=C3*)C(*)C1*,16,8,Ring,--=-----
*c1cccc2c(=*)c(=*)[nH]c12,16,3,Ring,-==
*C1=CC2OC(=*)C(*)C2(*)C(*)C2C(=*)CCC(*)C2(*)C(*)CC1,16,9,Ring,-=---=---
*C1C2OC(=*)C(=*)C2C2OC(=*)C(=*)C2C1(*)*,16,7,Ring,-====--
*C1CC2=C(CO1)C(=*)C(*)(*)C(*)C2,16,5,Ring,-=---
*C1=CCCC(*)C=CC2(*)CCC(*)C2C(*)C1,16,5,Ring,-----
*C1CCC2C(=*)C(=*)CCC12*,16,4,Ring,-==-
*c1cc(*)c2c(c1)OC(*)(*)CC2,16,4,Ring,----
*C1CCC2(*)C(C1*)C(*)C(*)C1(*)C2CCC2(*)C(*)CC(*)C21,16,9,Ring,---------
*c1cc2c(=*)c3c(*)cccc3c(=*)c2c(*)c1*,16,6,Ring,-=-=--
*C1CCC2(*)C(CCC3C4CCC(=*)C4(*)CC(*)C32)C1,16,5,Ring,--=--
*c1ccc2c(c1)OC1c3cc(*)c(*)cc3OCC21,16,3,Ring,---
*C1=COC(*)C2CN3CCC4(C(*)=Nc5ccccc54)C3CC12,16,3,Ring,---
*C1C(=*)C2CCC3C1(CCC1C4(*)CCCC13C1OCCN1C4)C2,16,3,Ring,-=-
*C1=NC2=C(N=C(*)NC2=*)NC1,16,3,Ring,--=
*C1=c2c3ccccc3c(=*)c3cccc(c23)N(*)C1=*,16,4,Ring,-=-=
*C1=NN(*)C2C(=*)N(*)C(=*)C12,16,5,Ring,--=-=
*C1=CC2C3C(*)C(*)CC3(*)C(*)CC2(*)C(*)C(*)C1*,16,9,Ring,---------
*C1OC(=*)C=C2C(*)(*)C(=*)CCC21*,16,6,Ring,-=--=-
*C1=CC(=*)c2c(*)c3c4c(c2O1)C1Cc2cc(*)ccc2CCC(CC(*)C(*)(O4)C(*)C3)c2c1ccnc2*,16,8,Ring,-=------
*c1ccc2c(c1*)-c1c3c(cc4c1C(C2)N(*)CC4)OCO3,16,3,Ring,---
*c1cc2c(c(*)c1*)C(=*)c1c(*)c(*)cc(*)c1O2,16,7,Ring,---=---
*C1CC2(*)C3CCC4(*)C5C(CC4(*)C3=CC(=*)C2C(*)C1*)OC1(CCCC(*)C(*)C1*)C5(*)*,16,12,Ring,----=-------
*C1CCC2(*)C(CCC3(*)C2CC=C2C4C(*)(CCC(=*)C4(*)*)CCC23*)C1(*)*,16,10,Ring,----=-----
*C1CC(*)NC(=*)N1,16,3,Ring,--=
*C1=C2C(=Nc3ccccc3N(*)C2*)CC(*)C1,16,4,Ring,----
*C1=NC(*)C(=*)N(*)C2CSC(*)C(C(=*)N(*)C(*)C(=*)OCC1*)N(*)C(=*)C(*)N=C(*)C(*)COC(=*)C(*)N(*)C2=*,16,19,Ring,--=--=--=--=---=--=
*C1C2C(=*)C3OCC(O3)C12,16,2,Ring,-=
*C1=CN2c3ccccc3C34CCN5CC(=*)C(CC53)C(C1*)C24,16,3,Ring,-=-
*C1CC2CCC(=*)CC2NC12CCCCC2,16,2,Ring,-=
*c1c2c(c(*)c3c(*)coc13)C(*)C(*)C=C2,16,5,Ring,-----
*C1=CC2=C(*)C(=*)C3(*)OC(*)(*)C(*)C3C2=CO1,16,7,Ring,--=----
*C1CC2(*)C(*)CCC2C2CC(*)C3(*)CC=CC(=*)C3(*)C12,16,7,Ring,-----=-
*C1CC2C(*)(C1*)C(*)C(*)(*)C(*)C1C3OC4(*)OC3(*)CC(*)C12O4,16,10,Ring,----------
*C1CC2(CCC3(O2)C(*)C(*)C(=*)C2C(*)(*)CCCC23*)CO1,16,7,Ring,---=---
*C1=C2CCC3CC(*)NC(=NC1*)N23,16,3,Ring,---
*C1C2CC3C(=*)C(=*)OC3CC12*,16,4,Ring,-==-
*C1=CCCC(*)(*)C=CC(*)CCC(*)=CCC1,16,5,Ring,-----
*C1=NC#CCC2CCCC2(*)C(=*)C=CC(*)C2(CCCC2)c2cc(*)c(*)c(c2)N1,16,6,Ring,--=---
*C1CC2=CCC3C(CC(*)C4(*)C3CC3OC5(OCC(*)C(*)C5*)C(*)C34)C2(*)C(*)C1,16,9,Ring,---------
*C1=CC2(*)C=C(*)C(*)CC23OC(=*)C(=C(*)C2(*)C(C=CC4C(*)C(*)CCC42)CC=CC1)C3=*,16,10,Ring,----=----=
*C1=CCCC(*)(*)C1,16,3,Ring,---
*c1cc(*)c2c(c1)C=CCCC(*)C(*)C=CCC(*)OC2=*,16,6,Ring,-----=
*C1(*)CCC2(*)C(CCC3(*)C(=*)C(=*)CCC32)C1,16,6,Ring,----==
*C1CC2C(CCC3(*)C2CCC3(*)*)C2(*)CCC(=*)C=C12,16,6,Ring,-----=
*c1cc(*)c2c(c1*)OC(*)C2,16,4,Ring,----
*C1=Cc2cccc(*)c2NC1=*,16,3,Ring,--=
*C1=C(*)C(*)C(*)C1*,16,5,Ring,-----
*C1C(=*)OC2C1CCC1(*)C(*)CCC(=*)C21*,16,6,Ring,-=--=-
*c1ccc2c3c1OCNCC(*)(*)CSSC3CCC(*)(*)C2,16,5,Ring,-----
*C1CC2OC(=*)C3(*)C2C(CC2(*)OC1=CC2=*)OC3(*)*,16,7,Ring,-=--=--
*C1C2OC(=*)C1C1(*)C3OC3C3(CO3)C1(*)C2*,16,5,Ring,-=---
*C1CCNC1=*,16,2,Ring,-=
*c1cc2c(cc1*)Cc1cnc(*)c(c1)C(*)SSCC(*)CCC(=*)CC(=*)C=C2,16,7,Ring,-----==
*C1=C(*)C2C(CC3C4CC(=*)C5CC(*)CCC5(*)C4CCC32*)O1,16,6,Ring,--=---
*C1=CC2OC(=*)C(=*)C2(*)C(*)C(*)C(*)=CCC1,16,7,Ring,-==----
*C1=CC(*)C(*)OC(=*)C(*)CC2C=CC3C4OC12C3C(*)C(*)C4*,16,8,Ring,---=----
*C1(*)C(=*)OCC2=C1C=C1c3nc4ccccc4cc3CN1C2=*,16,4,Ring,--==
*c1cc2nc(*)c(*)c(*)c2cc1*,16,5,Ring,-----
*C1=CC(=*)C2(*)C(*)(C1)CC(*)C13OC12C(=*)c1ccc(*)c(*)c1C3*,16,9,Ring,-=---=---
*C1=NCCCN1*,16,2,Ring,--
*C1=CC2OC(=*)C(*)C2CCC(=*)C(*)CC1*,16,6,Ring,-=-=--
*C1N(*)CCN1*,16,3,Ring,---
*C1=CCCC2(*)OC2CC(*)CCC(*)=CCC1,16,4,Ring,----
*C1CC2OC(=*)CC2C1*,16,3,Ring,-=-
*c1cccc2c(=*)c3c(c(=*)c12)C(*)OC(*)C3,16,5,Ring,-==--
*c1nc2c(c3[nH]c4ccccc4c13)C(=*)CC(*)(*)C2,16,4,Ring,-=--
*c1c(*)c(*)c2c(c1*)CC(*)(*)C2=*,16,7,Ring,------=
*C1CC(=*)NC(*)C(=*)NC(*)C(*)C(=*)NC(*)CCC(=*)N(*)C(=*)C(=*)NCC(=*)NC(*)C(=*)N1,16,15,Ring,-=-=--=-=-===-=
*C1=C2CC3C(=*)CCC(*)C3(*)CC2OC1=*,16,5,Ring,-=--=
*C1=CC2OC(=*)C(=*)C2C(*)CC(*)(*)C=CC1*,16,7,Ring,-==----
*c1c2c(cc3c1C(*)C(*)O3)OC(*)C2*,16,5,Ring,-----
*C1C(=*)CCC2(*)CCC3(*)C(=CCC4C5(*)CCC(*)C(*)(*)C5CCC43*)C12,16,9,Ring,-=-------
*C1=CC(*)C2(*)C(=*)NC(*)C2C1*,16,6,Ring,---=--
*C1CCC2=C(C(=*)OC2)C1*,16,3,Ring,-=-
*C1CC2(*)C(C1*)C(*)C1(*)CC3C(=*)C(*)(*)C(*)C3C(*)(C1*)C2*,16,12,Ring,-----=------
*C12C3=CC=CC4=CC=C(C=CC=C1C=C3)C42*,16,2,Ring,--
*c1ccc2c(=*)c3c(*)cccc3c(=*)c2c1*,16,5,Ring,-=-=-
*C1=CC2C(CCC3(CO3)C(*)C3C(*)C(*)CC3(*)C1=*)C2(*)*,16,8,Ring,-----=--
*C1CC(=*)OC2=C1C(=*)CC(*)(*)C2,16,5,Ring,-==--
*C1CCCCCN1*,16,2,Ring,--
*C1=[N+](*)C=C2C=CN=C21,16,2,Ring,--
*n1cnnc1,16,1,Ring,-
*C1OC(*)C(*)CC1=*,16,4,Ring,---=
*C1CCC(=*)OC(*)CCC(=*)C1,16,4,Ring,-=-=
*C1C=CC2C(*)CC(*)C2(*)C1,16,4,Ring,----
*C1=CC2C=C(*)C(*)C3C(*)NC(=*)C23OC(=*)C=CC(*)CCC1,16,7,Ring,----==-
*c1cc2c(cc1*)OC(*)(*)CC2,16,4,Ring,----
*C1=CC2OC(=*)C3(*)OC23C(*)C2C(*)=CCC(*)C2(*)C(*)C(*)C1*,16,10,Ring,-=--------
*C1OC(=*)C2C(*)(C(=*)CC3C4(*)C(*)CC(=*)OC(*)(*)C4CC(*)C23*)C1=*,16,12,Ring,-=-=--=----=
*c1cc2c(cc1*)C1C=CC(SSC(*)c3cc1cnc3*)C(*)CCC(=*)CC(=*)C=C2,16,7,Ring,-----==
*C1=C(*)C2C(=*)OC3=C2C(CCCCCC2(CCCC2)C3*)C1,16,4,Ring,--=-
*c1c2c(cc3c(=*)c4ccccc4c(=*)c13)C(*)C=COCC1OC(O2)C(*)C(*)C1*,16,7,Ring,-==----
*C1CCC(*)C(*)(*)C1=*,16,5,Ring,----=
*c1cccc2c1C=CC1CCCC3C=Cc4ccccc4C231,16,1,Ring,-
*c1ccc2cc3c(cc2c1)C(*)C(*)C=C3,16,3,Ring,---
*C1=NC(*)CN1*,16,3,Ring,---
*C1=CC2c3cc4c(cc3OC(*)C2C(*)C1)OC(=*)C=C4,16,4,Ring,---=
*C1=CC2C3CC4N(CCC45c4ccccc4N(C1=*)C25)CC3=*,16,3,Ring,-==
*C1Cc2cn(cn2)-c2[nH]c3cc4ccc3c2CC(NC(=*)C(*)NC(=*)C(*)NC(=*)C(*)C4*)C(=*)NC(*)C(=*)NCC(=*)N1,16,12,Ring,-=-=-=--=-==
*C1C(=*)CCC2(*)C(*)CC3(*)C(CCC4C5(*)CCC(*)C(*)(*)C5CCC43*)C12,16,10,Ring,-=--------
*C1(*)Nc2ccccc2C1=*,16,3,Ring,--=
*C1=C(*)C2(*)CCC(*)C(*)(*)C2CC1=*,16,7,Ring,------=
*c1ccc2c(c1*)CCC1C2CCC2CCCCC21*,16,3,Ring,---
*c1ccc2oc(=*)c3c(*)c4cccc(*)c4c4oc(=*)c1c2-c34,16,5,Ring,-=--=
*c1cccc2c1NC(=*)C21NC(*)CC1*,16,4,Ring,-=--
*C1=CC2(*)C(=CC1=*)C(*)CCC2*,16,5,Ring,--=--
*C1CC2CC3(*)C(*)CC(*)(*)C3C2(*)C1=*,16,7,Ring,------=
*C1CCC(*)C(*)C(*)N1,16,4,Ring,----
*C1CC2(*)C3CCC4C(*)(*)C(=*)CCC4(*)C3CCC2(*)C1*,16,8,Ring,----=---
*C1=C2C(*)C3(*)C(*)C(*)CCC3(*)CC2(*)OC1=*,16,8,Ring,-------=
*C1CC2OC2CCCC(*)C(*)C(*)C(=*)C(*)(*)C(*)CC(=*)O1,16,9,Ring,----=---=
*C1CC(*)N2CC12,16,2,Ring,--
*c1cc(*)c2c(c1*)OC(*)(*)C2=*,16,6,Ring,-----=
*C1=CC2(*)CCCC23C(*)CCC13*,16,4,Ring,----
*C1=CC(*)C2(*)C(CC(*)C(*)C23CO3)C1(*)*,16,7,Ring,-------
*n1c2ccccc2c2c3c(c4c5ccccc5[nH]c4c21)CNC3=*,16,2,Ring,-=
*C1CCC2N(C1)CC1C3(*)CC45OC6(*)C(*)CCC4(*)C6CCC5C3(*)CC(*)C1(*)C2(*)*,16,10,Ring,----------
*C1CCCCCCCCCC(=*)OC2C(*)C(*)OC(OC3C(*)OC(O1)C(*)C3*)C2*,16,8,Ring,-=------
*C1=CCCN(*)C1,16,2,Ring,--
*c1ccc2c(c1)C(=*)C1=C(O2)C(=*)N(*)C12C(=*)N(*)c1ccccc12,16,6,Ring,-==-=-
*c1ccc2c(c1*)CCC1C2CCC2CC(*)CCC21*,16,4,Ring,----
*c1cc(*)c2c(c1)CC(=*)OC(*)CCCC(*)CC2=*,16,6,Ring,--=--=
*C1(*)CCC2(*)C(CC(=*)C3C4CCC(=*)C4(*)CCC32)C1,16,6,Ring,---==-
*c1ccc2c(c1)C1CCC(*)CCSSCC3c4c(cc(*)c-2c4C1)OC(*)C3*,16,5,Ring,-----
*C1=CC(*)C(*)OC(=*)C(*)C(*)NC(=*)C(*)N(*)C(=*)C(*)NC(=*)C(*)C1,16,13,Ring,---=--=--=-=-
*C1=CC(*)CC2OC(*)(CC(*)C2*)C(*)C(=*)OC(*)C1,16,8,Ring,------=-
*C1CC2=CCC3C4CC5OC(*)(*)C(*)C5C4(*)CC(*)C3C2(*)C(*)C1,16,8,Ring,--------
*C1CN2C3C(=*)N(*)C(=*)N(*)C3NC2N1*,16,6,Ring,-=-=--
*=C1C(=*)C2C=CC=C3C=CC=C1C32,16,2,Ring,==
*N1CCC2(CCCCC2)C1=*,16,2,Ring,-=
*C1=CC2OC(=*)C(=*)C2CC(=*)C(=*)C(*)CC1,16,6,Ring,-====-
*c1coc2c1C(*)C1(*)C(*)CCC(=*)C1C2,16,5,Ring,----=
*C1COC(=*)C(*)NC(=*)C(*)NC(=*)C(*)NC1=*,16,8,Ring,-=-=-=-=
*C1=C2Nc3ccccc3C23CCN2CC=CC(*)(C1)C23,16,2,Ring,--
*C1C2CCc3ccccc3C2=NN1*,16,2,Ring,--
*c1cc(*)c2c(c1)C(=*)C1(*)OC(*)(*)C(*)C=C1C2=*,16,8,Ring,--=----=
*C1=CC=CC2(*)C=C(*)C(*)CC23OC(=*)C(=C3*)C(=*)C=CC2(*)C=C(*)C(*)CC23OC(=*)C(=C3*)C(=*)C(*)=CC=CC2(*)C=C(*)C(*)CC23OC(=*)C(=C3*)C(=*)C=CC2(*)C=C(*)C(*)CC23OC(=*)C(=C3*)C1=*,16,26,Ring,----=-=---=-=----=-=---=-=
*N1C(=*)NC(*)(*)C1=*,16,5,Ring,-=--=
*C1CC2C(*)CC(*)(*)C2C(*)O1,16,5,Ring,-----
*c1ccc2c(c1)OCC1c3cc(*)c(*)cc3OC21,16,3,Ring,---
*C1C=CC(=*)N(*)C(*)C(=*)N(*)C(*)C(=*)OC1,16,8,Ring,-=--=--=
*C1CCC2(*)C3CCC4(*)C(*)CCC4C3=CC(=*)C2C1*,16,6,Ring,----=-
*C1=NC(*)=C(*)NC1=*,16,4,Ring,---=
*C1CC23CCCN4CCC5(c6ccccc6N(*)C15CC2)C43,16,2,Ring,--
*C1=C(*)C2(*)CCC3C(*)(CCC4(*)C5CC(*)(*)CCC5(*)CCC34*)C2CC1=*,16,10,Ring,---------=
*C1=COC(*)C2C1C1C(CCC23CO3)C1(*)*,16,4,Ring,----
*c1oc2c(c1*)C(=*)CC(*)C2,16,4,Ring,--=-
*C1=NC(*)C(*)=C2CCCN12,16,3,Ring,---
*C1(*)C(=*)OC2C3C(=*)CCC3C(=*)CCC21,16,5,Ring,--===
*C1CC2C3(CC1C(=*)C3*)C1CC3C4(*)CCC5OC4N(*)C1C532,16,5,Ring,-=---
*C1=CC2OC3CC4OC(=*)C=CC=CC(*)OCCC(*)C(*)C(=*)OCC2(CC1*)C4(*)C31CO1,16,8,Ring,-=---=--
*C1=C(*)C(*)C2Cc3cc4cc(*)c(*)c(*)c4c(*)c3C(=*)C2(*)C1=*,16,10,Ring,-------=-=
*C1NC(=*)NC2=C1C(=*)c1ccccc12,16,3,Ring,-==
*c1c(*)c(*)c2c(c1*)C(=*)C(=*)C1C2(*)CCC(*)C1(*)*,16,10,Ring,----==----
*c1cc(=*)c2nccc3c4ccccc4nc1c23,16,2,Ring,-=
*C1=CC2C(*)C(*)CC2(*)C(*)C(*)C=CC(*)(*)C(*)C(*)C1*,16,11,Ring,-----------
*C1CC(*)C2CC(O1)C(*)O2,16,3,Ring,---
*C1=CC(*)C2CC3OC(=*)C(*)C4C5(*)OCC34C(C(*)C5*)C2(*)C1=*,16,9,Ring,--=-----=
*c1ccc2c(*)c3ccoc3nc2c1,16,2,Ring,--
*c1ccc2c(c1)nc1n2CCN(*)C1,16,2,Ring,--
*C1=Cc2cc(*)c(*)cc2N2C1=NCCC2*,16,4,Ring,----
*C1COC2(*)C1OC(=*)C2(*)*,16,5,Ring,--=--
*c1cc2c(cc1*)C1C(*)c3ccc(*)c(*)c3CN1CC2,16,5,Ring,-----
*C1=CC2N(c3ccccc31)C(*)C(*)C21C(=*)Nc2ccccc21,16,4,Ring,---=
*C1c2cccnc2Oc2ccc3c(=*)c(=*)oc3c21,16,3,Ring,-==
*C1=CC=CC=CC1=*,16,2,Ring,-=
*C1=CC(=*)c2c(*)c(*)c3cc(*)cc(*)c3c2O1,16,6,Ring,-=----
*C1C=CC(=*)C2(CC(=*)OC2*)C1,16,4,Ring,-==-
*C1OC2c3cc4c(cc3CCN(*)C2c2ccc3c(c21)OCO3)OCO4,16,2,Ring,--
*C1C23CC4N5CC(=*)C(CC5C2Nc2ccccc23)C41*,16,3,Ring,-=-
*C1=CC2OC(=*)C(*)C2(*)C(*)C2C(*)=CCC(*)C2(*)C(*)CC1,16,9,Ring,-=-------
*C1=CCC(=*)N=C1,16,2,Ring,-=
*C1CC(=*)NC(*)C(=*)NC(*)C(=*)NC(*)C(=*)NC(=*)C(=*)NC(*)C(=*)NC(*)C(=*)NC(*)C(=*)NC(*)C(=*)NC(*)C(=*)O1,16,20,Ring,-=-=-=-===-=-=-=-=-=
*C1=NCCC1*,16,2,Ring,--
*C1=CC(*)CCC1,16,2,Ring,--
*C1=CC2C(=C(*)CC3C(=*)CC(*)CCCC(*)C(=*)CC(*)C(=*)CC23*)C(*)CC(*)(*)C2CCC(*)(O2)C(*)CC1,16,14,Ring,--=--=-=------
*C1CCC2(*)C(*)CCCC2C1(*)*,16,5,Ring,-----
*C1=NC(=*)C(*)C1,16,3,Ring,-=-
*C1CC(=*)C(*)(*)CC(*)C2C(=*)C(=*)OC2CC1*,16,8,Ring,-=---==-
*C1=NC(*)C(=*)OC(*)C(*)C(*)=NC(*)C(*)=NC(*)C(*)=NC1*,16,11,Ring,--=--------
*C1CCC2(*)C(C1)CC1(OCCO1)C1C2CCC2(*)C1CCC21OCCO1,16,3,Ring,---
*C1C(=*)C(*)C2c3ccccc3C1C2(*)*,16,5,Ring,-=---
*C1CC2(*)C(*)CC3(*)C4(*)CCC5C(*)(*)C(*)CCC5(*)C4CC4OC43C2CC1(*)*,16,11,Ring,-----------
*C1=NC(*)C(=*)N1,16,3,Ring,--=
*c1cc2oc1CC(*)CC(*)C13OC1C(CC1(*)OC21)OC3=*,16,5,Ring,----=
*c1cc2n(n1)CC(*)(*)N(*)C2=*,16,5,Ring,----=
*C1C(=*)OC2C1CCC(=*)C1CCC(=*)C12,16,4,Ring,-===
*C1=CC(=*)c2c(*)c3c4c(c2O1)C1c2ccnc(*)c2C(CCc2ccc(*)cc2C1*)C1CCc2c(cnc5c2C=CC(*)N5)CC1C(*)(O4)C(*)C3,16,9,Ring,-=-------
*C1NC(=*)C2CCCN2C(=*)C(*)NC(=*)C(*)(*)NC1=*,16,8,Ring,-==-=--=
*=C1c2ccccc2-c2ccccc21,16,1,Ring,=
*C1=c2ccccc2=NC(=*)N1*,16,3,Ring,-=-
*C1C=CC(=*)C(*)(*)CC(*)C2C(=*)C(=*)OC2C1,16,7,Ring,-=---==
*c1c(*)c(=*)c2c(c1=*)CC1C3c4c(c(=*)c(*)c(*)c4=*)C(*)C(C(*)N1C2*)N3*,16,12,Ring,--===--=----
*c1ccc2c(c1)C(=*)C=CO2,16,2,Ring,-=
*C1CC2(*)COC(*)(C1)C2*,16,4,Ring,----
*C1C(*)C(*)(*)C23CC(CC(*)C2(*)C1*)C(*)(*)O3,16,9,Ring,---------
*C1c2ccccc2-c2c3c(cc4c2C1N(*)CC4)OCO3,16,2,Ring,--
*C1CC=NN1*,16,2,Ring,--
*C1=CCCC(*)=CCC2C(=*)C(=*)OC2CC(*)=CCC1,16,5,Ring,--==-
*C1Cc2ccccc2C(*)O1,16,2,Ring,--
*C1CC2C(*)C(*)C3CCCN4CCCC2C34C1,16,3,Ring,---
*C1CC2(C(=*)O1)C(*)CC(*)C1(*)C2CCC(*)C12CO2,16,6,Ring,-=----
*C1CC2C(*)(CCC3C(*)(*)CCCC32*)OC1(*)*,16,7,Ring,-------
*C1=C2Nc3ccccc3C23CCN2CCC1C(*)C23,16,2,Ring,--
*C1=CC(*)C(*)C(*)CCC(*)CC(*)CC(*)C(*)CCC(*)C(*)C(*)CCCC(*)CC(*)C=CC(*)OC(=*)CC2(*)OC(CC(*)C2*)C(*)C(*)C(*)=CC=CCC(*)C(*)C(*)CCCC(*)CC1*,16,26,Ring,--------------=-----------
*C1=Nc2ncccc2C(=*)N1*,16,3,Ring,-=-
*C12CN3CC(*)(CN(C1)C31C(=*)Nc3ccccc31)C2=*,16,4,Ring,--==
*C1CCC2(*)C3CCC4C5(*)CCC(*)C(*)(*)C5CC5OC54CC3(*)CCC2C1(*)*,16,9,Ring,---------
*C1CCC2C(=CC(=*)C3C2(*)CCC2(*)C(*)CCC32*)C1(*)*,16,8,Ring,-=------
*c1nc2c([nH]1)N(*)C(=*)N(*)C2=*,16,5,Ring,--=-=
*C1C=CCC(*)C(*)Cc2cccc(c2)C2(CCC3C=c4ccccc4=CC3C2)C1*,16,4,Ring,----
*C1CCC2(*)C(C1)C(*)CC1(*)C2CCC2(*)C(*)CCC21*,16,7,Ring,-------
*C12CCC(CC1)C(*)(*)O2,16,3,Ring,---
*c1cnnc(*)n1,16,2,Ring,--
*C1C(*)C2(*)OC(*)(*)CC(=*)C2C2(*)C(*)CCC(*)(*)C12,16,10,Ring,-----=----
*C1=Cc2cc(*)c(*)c(*)c2OC1=*,16,5,Ring,----=
*N1N=NN(*)C1=*,16,3,Ring,--=
*C1CCC2(*)C(*)CC3(*)C(=CCC4C5(*)CCC(*)C(*)(*)C5CCC43*)C2C1*,16,10,Ring,----------
*C1CCC2C3C(=*)CC4CCCCC4(*)C3CCC12*,16,4,Ring,-=--
*C1CC2C(*)(C1=*)C(*)C1(*)OC1C1C3OC4(*)OC3(*)C(*)C(*)C12O4,16,9,Ring,--=------
*C1CC=CC(=*)OC(*)CC(*)C2(*)OC2C=CC(*)C(*)C1,16,7,Ring,-=-----
*C1(*)CCC2C(=CC3OC(=*)C4(*)C3C23CCC4(*)OC3)C1,16,5,Ring,--=--
*C1CCC(=*)C(*)(*)C1*,16,5,Ring,-=---
*C1CC=CCC(*)C2(CCC3C=c4ccccc4=CC3C2)c2cccc(c2)CC1*,16,3,Ring,---
*C1CC2(*)C3CC4C5CCC(*)C4(C4CC1C(*)C42)C3N(*)C5,16,5,Ring,-----
*C1CC2(C(=*)O1)C(*)CC(*)C1(*)C2CCCC12CO2,16,5,Ring,-=---
*C1CCC2(*)C(CCC3C2CCC2(*)C(=*)CCC32*)C1,16,5,Ring,---=-
*C1=CC2(OC1=*)C1OC1C1C(*)=COC(*)C12,16,4,Ring,-=--
*C1=CC(*)C(*)C2C(*)OC3(C(*)C1)C2CC3(*)*,16,7,Ring,-------
*C1=COc2c(*)cc(*)cc2C1=*,16,4,Ring,---=
*C1=C2C(=*)OCC(*)C2CC1,16,3,Ring,-=-
*c1ccc2c3c(ccc2c1)Nc1cc(ccn1)C1(CCC(*)C1*)C(*)C(=*)CC(*)CC3,16,6,Ring,----=-
*C1CCC2(*)CCC3(*)C(=CCC4C(*)(*)C(*)CCC43*)C2C1(*)*,16,9,Ring,---------
*c1c2c(c3ccccc3c1*)OC(*)(*)C=C2,16,4,Ring,----
*C1CCC2(*)C(CC(*)C34C(=*)C(=*)C(CCC23)C4*)C1(*)*,16,8,Ring,---==---
*c1c(*)c(*)c2c(c1*)C(*)OC(*)C2*,16,7,Ring,-------
*C1CC2(*)C(CCC3(*)C2C=CC2=C4CC(*)(*)CCC4(*)CCC23*)C(*)(*)C1*,16,10,Ring,----------
*C1C(=*)CCC(*)(*)C1*,16,5,Ring,-=---
*C1=Cc2c(c(=*)c3cccc(*)c3c2=*)C2(*)C(=*)C(*)C(*)(*)CC12*,16,10,Ring,-=-=-=----
*C1=CC(=*)c2c(cc3c(c2*)C(*)C=C(*)C2(O3)OC(*)C(*)C(*)C2*)O1,16,9,Ring,-=-------
*C1CCC2(CCC(*)O2)O1,16,2,Ring,--
*c1cc(*)c2c(c1*)C(*)C(*)OC2=*,16,6,Ring,-----=
*C1NC(=*)CNC(=*)C(*)NC(=*)C(*)NC(=*)C(*)NC(=*)C(*)NC(=*)C(*)NC(=*)C(*)C(*)OC(=*)C(*)NC(=*)C(*)NC1=*,16,20,Ring,-==-=-=-=-=-=--=-=-=
*C1=CC2C(*)CCC2C(*)(*)CC1,16,4,Ring,----
*c1c(*)c(=*)c2c(c1=*)C1C3C4C(CC(C(*)N3C2*)N4*)C2OCCN21,16,7,Ring,--==---
*C1=CC2(C=CC1=*)CC1c3c(cc(*)c(*)c32)CCN1*,16,5,Ring,-=---
*c1ccc2oc3c(c2c1)-c1oc(*)cc1C(*)(*)CC3,16,4,Ring,----
*N1C(=*)C(*)(*)NC(=*)C1(*)*,16,7,Ring,-=--=--
*C1=NCCCCC1*,16,2,Ring,--
*c1ccc2c(c1)CC1(CN2*)C(=*)NC(=*)N(*)C1=*,16,6,Ring,--==-=
*C1CCC2(*)C1C(*)CC1C3(*)CCC(*)C(*)(*)C3=CC(*)C12*,16,9,Ring,---------
*c1ncnc2ncn(*)c12,16,2,Ring,--
*C1CCC(*)(*)C(*)N1,16,4,Ring,----
*C1CC2C(c3c[nH]c4cccc(c34)C2(*)*)C(*)C1(*)*,16,6,Ring,------
*C1CCC2(*)C(=CCC3C2CCC24C=NC(*)C2CCC34)C1,16,3,Ring,---
*c1cc(*)c2c(c1*)OC=CC2=*,16,4,Ring,---=
*C1CC23C(=*)C4(*)CC(CC2C1(*)*)C(*)(*)C(*)(C4=*)C3=*,16,10,Ring,-=------==
*C1=CCCC(*)CC2OC(=*)C(=*)C2C(*)C1,16,5,Ring,--==-
*c1cc2c(nc1*)C=CN(*)C2=*,16,4,Ring,---=
*c1cc2c(cc1*)C1CC(*)CC(*)C3Cc4cc(*)c(*)cc4C(*)C3(*)C1CC2,16,8,Ring,--------
*c1cc(*)c2c(c1*)C(*)C(*)(*)OC2=*,16,7,Ring,------=
*C1CC(*)C(=*)C(*)C2C(=*)C(=*)OC2C(*)C(*)(*)C1,16,9,Ring,--=-==---
*C1CCC2(*)C(=CCC3C2CCC2(*)C3CC3OC(=*)C(*)C32)C1,16,5,Ring,---=-
*C1CCC(=*)C2CC(*)(*)C2CCC1=*,16,5,Ring,-=--=
*C1CCC(*)C2CCC(=*)C=C12,16,3,Ring,--=
*C1CCCC(=*)C1,16,2,Ring,-=
*c1n[nH]c2c1CCC2,16,1,Ring,-
*C1=C(*)CN=C1,16,2,Ring,--
*C1=CC(=*)C(*)(*)CC1=*,16,5,Ring,-=--=
*C1=Nc2ccccc2C(=*)O1,16,2,Ring,-=
*c1cc2c(cc1*)C1(*)CCC(*)(O2)C1*,16,5,Ring,-----
*C1CCCC(*)(*)C(*)C2OC(=*)C(=*)C2C(*)C1=*,16,8,Ring,----==-=
*c1cc2c(cc1*)C1=CC(*)C3=C(CC(*)(*)CC3=*)N1CC2,16,6,Ring,-----=
*C1C#CCC2CC(*)(CCN2)NCC(*)(*)CCC(*)C1,16,5,Ring,-----
*c1cc(*)c2c(*)cc(*)c(*)c2c1,16,5,Ring,-----
*c1cc(*)c2c(c1)C(*)C(*)C1C(*)(*)C(*)CC(*)C21*,16,9,Ring,---------
*C1CC(*)C2(*)C3=C(CCC12*)C1(*)CCC(=*)C(*)(*)C1CC3,16,8,Ring,-----=--
*C1=[NH+]CCN1,16,1,Ring,-
*c1cc2c(cc1*)C[N+]1(*)CCc3cc(*)c(*)cc3C1C2,16,5,Ring,-----
*C1CCC2(*)C3=CC(=*)C4CC5OC(*)(*)OC5CC4(*)C3CCC12*,16,7,Ring,--=----
*C1CC2(*)C(=*)C3(*)OC(*)(*)C4C=CC(*)C(*)(C(*)C2C1*)C43,16,10,Ring,--=-------
*C1CC(=*)C2(*)C(=CCC3C2CCC2(*)C(*)CCC32)C1,16,5,Ring,-=---
*C1NC(=*)OC1*,16,3,Ring,-=-
*c1ccc2c3c1C=CC(*)C3Cc1c3c(c4c(c1-2)OC(*)CC4)OC(*)C(*)C3,16,5,Ring,-----
*C1CCC23CC24C(=CCC3C1(*)*)C1(*)CC(=*)C(*)C1(*)CC4*,16,8,Ring,----=---
*C1=Nc2c(ncn2*)C(=*)N1*,16,4,Ring,--=-
*C1CC(*)C2(*)CC3OC(=*)C(=*)C3CC2C1=*,16,6,Ring,---===
*C1=NN(*)C(=*)C12Cc1ccc(*)cc1N1CCN(*)CC12,16,5,Ring,--=--
*C1C2=C(NC3=C1C(=*)N(*)C(=*)N3*)c1ccccc1C2=*,16,6,Ring,-=-=-=
*c1cc2c(c(*)c1*)-c1c(cc3c(c1*)OCO3)CC(*)C(*)C2,16,6,Ring,------
*N1C(=*)CCCC1=*,16,3,Ring,-==
*C12CCC(*)(C(=*)C1=*)C2(*)*,16,6,Ring,--==--
*C1CCCNCC1*,16,2,Ring,--
*C1CC2C(*)(*)C(*)CCC2(*)C2CCC(=*)C(*)C12,16,7,Ring,-----=-
*CC(*)S(=O)(=O)O,16,2,Linker,--
*CC(=O)NN(*)C,16,2,Linker,--
*OCC(O)C(O)C(O)CCC(*)C,16,2,Linker,--
*C(*)Br,16,2,Linker,--
*CC(=O)NC(*)C(C)C,16,2,Linker,--
*C[NH+]=*,16,2,Linker,-=
*CC(C(=O)NC(C(*)=O)C(C)CC)N(C)C,16,2,Linker,--
*OC(*)NCCCCO,16,2,Linker,--
*CCCCCCCCCCC(=O)OCC(COP(=O)(O)OCC(N)C(=O)O)OC(=O)CCCCCCCCCC*,16,2,Linker,--
*C=NNC(=O)CC*,16,2,Linker,--
*C(=O)C=CC(C)=CC(*)C,16,2,Linker,--
*C=CC(=O)OCC(O)CO*,16,2,Linker,--
*CCC(O)CCCN=C(N)NC*,16,2,Linker,--
*C=CC=CC=CC(C)=C*,16,2,Linker,--
*CCCCCCCCCCC(=O)OCC(COP(=O)(O)OCCN)OC(=O)CCCCCCCCCC*,16,2,Linker,--
*CCCCCCCC(C)OC(*)=O,16,2,Linker,--
*CCC=C(C)CCCC(C)C=*,16,2,Linker,-=
*CCC(=O)CC(*)OC(C)=O,16,2,Linker,--
*CCC(CC(C*)OC(C)=O)OC(C)=O,16,2,Linker,--
*C=CC(C)=CC=CC(C)=CC=CC=C(C)C=CC=C(C)CC*,16,2,Linker,--
*CCCCCC(=O)NCC*,16,2,Linker,--
*CC(=O)NCCNC(*)=O,16,2,Linker,--
*OCCC(*)*,16,3,Linker,---
*CC(NC(=O)CCC(=O)O*)C(=O)O,16,2,Linker,--
*CC(=NO)C(=O)NCCSSCCNC(=O)C(C*)=NO,16,2,Linker,--
*C(*)CC(=O)NCC(*)O,16,3,Linker,---
*C(=O)NC(CCCNC(=N)N)C(*)=O,16,2,Linker,--
*C(C)CCC(*)(*)O,16,3,Linker,---
*CC(C*)C(*)O,16,3,Linker,---
*C=NN=*,16,2,Linker,-=
*OCC(O)(CCC(*)C)C(C)C,16,2,Linker,--
*NC(*)C(C)(C)C,16,2,Linker,--
*CC=C(C)CCC(*)=O,16,2,Linker,--
*CC(=O)NCC(*)N(C)C,16,2,Linker,--
*CC(*)N(C)C,16,2,Linker,--
*CC(=NN*)C(O)C*,16,3,Linker,---
*C(*)(O)CC#C,16,2,Linker,--
*CCC(=O)NC(C*)CO,16,2,Linker,--
*CCC(=O)CC(CC*)OC,16,2,Linker,--
*COP(O*)OCCC#N,16,2,Linker,--
*C(=O)C(C)C=*,16,2,Linker,-=
*CC(*)NC(=N)N*,16,3,Linker,---
*OCC(C)CC=CC(*)C,16,2,Linker,--
*OCC[N+](C)(C)CC(=O)O*,16,2,Linker,--
*CC(*)C(=O)NC,16,2,Linker,--
*OC(=O)C(C)C(*)O*,16,3,Linker,---
*CCCCCCCCCCC(=O)OCC(COP(=O)(O)OCC[N+](C)(C)C)OC(=O)CCCCCCCCCC*,16,2,Linker,--
*CC(NC(=O)C(NC(=O)C(NC(*)=O)C(C)C)C(C)(C)C)C(=O)NC(CCCNC(=N)N)C(=O)NC(CS(=O)(=O)O)C(=O)N*,16,3,Linker,---
*OC(C=C(C)C)C(O)C(*)C,16,2,Linker,--
*C=CCC(C)C(CCC*)OC(C)=O,16,2,Linker,--
*C(=O)C(*)CCSC,16,2,Linker,--
*CCCCCC(=O)NC*,16,2,Linker,--
*C(*)(O)C(=O)OC,16,2,Linker,--
*CC(CO*)C(C*)CO*,16,4,Linker,----
*C(C)CC(*)C,16,2,Linker,--
*NC(*)O*,16,3,Linker,---
*C=C(NC(*)=O)C(=O)NC(C(=O)O)C(C)C,16,2,Linker,--
*C#CC=CC=C*,16,2,Linker,--
*NC(=O)C(*)C(C)C,16,2,Linker,--
*CCC(C)N*,16,2,Linker,--
*CN(*)*,16,3,Linker,---
*COC(=O)NC(CC(C)C)C(=O)O*,16,2,Linker,--
*NC(=O)COC(=O)C(CCSC)NC(*)=O,16,2,Linker,--
*C(O)C(*)(C)C,16,2,Linker,--
*C=C(C)C=*,16,2,Linker,-=
*C(=O)COC(=O)CCC(=O)NC(CC(=O)O)C(=O)O,16,1,Sub,-
*CC(=O)OC(C)C,16,1,Sub,-
*COP(=O)([O-])O,16,1,Sub,-
*OC(=O)CN,16,1,Sub,-
*CSCC(NC(=O)CCC(N)C(=O)O)C(=O)NCC(=O)O,16,1,Sub,-
*NC(=O)C(CCC(N)=O)NC(=O)C(C)=CC,16,1,Sub,-
*C=CC(=O)CC,16,1,Sub,-
*CCC(=O)C=CCCCC(C)CCCCC,16,1,Sub,-
*CC=C(C)C(O)CC=C(C)C,16,1,Sub,-
*C(C)CCC(C(=C)C)C(C)C,16,1,Sub,-
*N(C)C(=O)C=C(C)C,16,1,Sub,-
*OC(=O)C=CC(C)CC(C)CC,16,1,Sub,-
*CC(O)CCCCCCCCC,16,1,Sub,-
*C=CC(CCCCC)OC(C)=O,16,1,Sub,-
*C(C)CC(O)C(O)C(C)C,16,1,Sub,-
*C(=O)COC(=O)CCC(=O)NC(C)C(=O)O,16,1,Sub,-
[*][Co][C]#N,16,1,Sub,-
*CC(O)CCCCC,16,1,Sub,-
*CC(O)OCCCCCC,16,1,Sub,-
*C#CC(C)O,16,1,Sub,-
*C(C)CCC(CCC)C(C)C,16,1,Sub,-
*CCCC(N)CCCC,16,1,Sub,-
*NCCC(C)(C)C,16,1,Sub,-
*OC=CC(C)C,16,1,Sub,-
*CCCC(C)CC,16,1,Sub,-
*C(CC(C)C)C(=O)NC,16,1,Sub,-
*OCC(O)COC(=O)CCCCCCCC=CCC=CCCCCC,16,1,Sub,-
*C=CCCC(C)O,16,1,Sub,-
*COCCC(C)C,16,1,Sub,-
*OCC=C(C)CCC(O)C(=C)C,16,1,Sub,-
*COC(=O)C(C)=CCCC(C)CCO,16,1,Sub,-
*OC(C(COC)OC)C(OC)C(COC)OC,16,1,Sub,-
*C(=O)NC(C=O)CCCNC(=N)N,16,1,Sub,-
*C(=O)C(C)(O)C(=O)OC,16,1,Sub,-
*CCC(=O)NCCC(C)C,16,1,Sub,-
*C(O)C#N,16,1,Sub,-
*C(=O)NC(C(=O)NC(CC(C)C)C(=O)O)C(C)CC,16,1,Sub,-
*CC(O)CCCN,16,1,Sub,-
*OC(=O)C(=C)COC(C)=O,16,1,Sub,-
*NC(=O)C(CCC(=O)O)NC(=O)CCCCCCC,16,1,Sub,-
*OC(=O)C(C)CC(C)CC,16,1,Sub,-
*CCCC(N)CCC(C)C=O,16,1,Sub,-
*[Si](C)(C)C,16,1,Sub,-
*OC(=O)C(C)(O)C(C)=O,16,1,Sub,-
*CCC(=O)CC(O)CCC,16,1,Sub,-
*P(=O)(CCCC)CCCC,16,1,Sub,-
*COC(=O)C(NCCC=O)C(=O)O,16,1,Sub,-
*CN(C)C(=O)OC,16,1,Sub,-
*C(O)OC(=O)C(NCCC=O)C(=O)O,16,1,Sub,-
*C(C)[N+](=O)[O-],16,1,Sub,-
*C=CC=CCCC=C,16,1,Sub,-
*NC(=O)C(NC(=O)CCC)C(C)C,16,1,Sub,-
*C(=O)C=C,16,1,Sub,-
*CCCCCC(=O)C(C)O,16,1,Sub,-
*C(=O)NCCCCCC(=O)O,16,1,Sub,-
*C=C(C)C=CC=C(C)CCC=C(C)C,16,1,Sub,-
*C(Br)CC=CCC,16,1,Sub,-
*C=CC(O)CCCC(C)O,16,1,Sub,-
*CCC(=O)C=CCCCCCCNC,16,1,Sub,-
*OCC(NC(=O)CCCCCCCCCCCCC)C(O)C=CCCCCCCCCCCCCC,16,1,Sub,-
*C(=O)OCC(O)C(O)C(O)CO,16,1,Sub,-
*CCC(=O)CCC,16,1,Sub,-
*C(=C)CCC=C(C)CO,16,1,Sub,-
*OCC(OC(C)=O)C(C)(C)O,16,1,Sub,-
*N=C(SC)SC,16,1,Sub,-
*CC=C(C)Cl,16,1,Sub,-
*C(C)=CC(C)C(=O)CC,16,1,Sub,-
*OC(=O)C=CCCCCC,16,1,Sub,-
*C(CO)C(O)CO,16,1,Sub,-
*C(=O)CC(C)OC,16,1,Sub,-
*CC#CC#CC(O)C=C,16,1,Sub,-
*CC=CC(C)=O,16,1,Sub,-
*C(C)(O)C(O)CC(C)C(C)(C)O,16,1,Sub,-
*C(C)C(O)C(O)C(CC)C(C)C,16,1,Sub,-
*CCC(CO)CCO,16,1,Sub,-
*OCC(=O)NC(CC(N)=O)C(=O)O,16,1,Sub,-
*OC(=O)NCCCl,16,1,Sub,-
*CC(=O)N(C)CC(O)C(O)C(O)C(O)CO,16,1,Sub,-
*CCNC(=O)OC,16,1,Sub,-
*OC(=O)CC(C)(O)CC(=O)NCC(=O)OC,16,1,Sub,-
*CN=C=S,16,1,Sub,-
*CNC(CC)CO,16,1,Sub,-
*CCCCC=C,16,1,Sub,-
*C(C)(Cl)Br,16,1,Sub,-
*CC(=O)NCC(C)O,16,1,Sub,-
*CC(C)(O)CO,16,1,Sub,-
*NC(=O)C(N)C(C)C,16,1,Sub,-
*CCNC(=O)CC(C)C,16,1,Sub,-
*OC(=O)CCC(=O)NC(CCCNC(=N)N)C(=O)O,16,1,Sub,-
*=CC(C)(C)O,16,1,Sub,=
*CC=C(C)CCC=C(C)CC(O)C=C(C)C,16,1,Sub,-
*=CN(C)C,16,1,Sub,=
*CCC(C)(O)CC,16,1,Sub,-
*N(C)CC,16,1,Sub,-
*CC(O)C(=C)C=C,16,1,Sub,-
*OCC(=O)C(C)(C)C,16,1,Sub,-
*=NOCC(=O)NCC(=O)O,16,1,Sub,=
*C(O)C(O)COC,16,1,Sub,-
*c1ccc2c(c1*)NC(=*)C21C2C(=*)N(*)C(=*)C2C2CCCN21,15,6,Ring,--==-=
*C1=CC2(*)CCC=CCCCCN3CCC1C1(CCC=CCCCCNC21)C3,15,2,Ring,--
*c1cc2c(cc1*)C1(*)CCCC(*)(*)C1CC2*,15,6,Ring,------
*=C1OC(=*)N2CCCC12,15,2,Ring,==
*c1cncc2c1CCC2*,15,2,Ring,--
*C1=C(*)C2(*)CC(*)CC(*)(*)C2C(*)C1,15,7,Ring,-------
*C1CC2C3(*)CCCC(*)(*)C3C(*)C23CC(=*)C1C3,15,6,Ring,-----=
*C1C=CCC2(CCC3(OC4CC(*)OC4CC3*)O2)O1,15,3,Ring,---
*C1=C(*)C2(*)C(*)C(*)C3(*)C(*)CC(*)C(=*)C3C(*)C(C1)C2(*)*,15,12,Ring,--------=---
*C1OC2OC(=*)C3(*)CC4C5(CO5)C5=CC(=*)OC(*)(*)C5=CC(=*)C4(*)C(C1=*)C23,15,9,Ring,-=-=--=-=
*C1CCC2(*)C(CCC3C4CC5OC6(CC(*)C(*)(*)O6)C(*)(*)C5C4(*)CC(*)C32)C1,15,9,Ring,---------
*c1ccc2c(c1)NC(=*)C1CC(*)CCN1C2=*,15,4,Ring,-=-=
*c1ccc2c(c1)CCC1C2(*)CCC(*)C1(*)*,15,5,Ring,-----
*C1=Cc2cc(*)c(*)cc2CC(*)(*)N1*,15,6,Ring,------
*c1ccc2c(c1)C#CCC(*)CC1CC3CC(=CC4C(*)CCc5ccc(cc5)OC(*)(*)c5ccc(cc5)C34)C2O1,15,5,Ring,-----
*C1=NC2C(*)=NC(C(*)=NC3C(*)=NC4C(*)=NC(C(*)=NC(*)c5cc(*)cc(*)c5-c5cc4ccc5*)C(*)c4cc(*)c(c(*)c4)Oc4cc3cc(c4*)Oc3ccc(cc3*)C2*)c2cc(cc(*)c2*)Oc2cc(ccc2*)C1*,15,20,Ring,--------------------
*C1=CC23CCC4C(*)(*)CCCC4(*)C2CC1OO3,15,4,Ring,----
*c1ccc2c(c1)C#CCC(*)C1CC3CC(=CC4C(*)CC5c6ccc(cc6CCC5*)OC(*)(*)c5ccc(cc5)C34)C2O1,15,6,Ring,------
*c1cc2c3cn(cc3c1)-c1nc(*)cc3c1COC(CCCC(*)C#C3)CC(*)C1C=Cc3c(c(*)cc(*)c3OC2)C1,15,6,Ring,------
*c1ccc2c(c1*)CCC1C2CCC2(*)C(*)CCC12,15,4,Ring,----
*C1CCC23Cc4c[nH]cc4C(C#CCC2=CC=CC3*)C(*)c2ccnc(c2)N(*)c2ccc3c4c(n(cc24)C(*)CC(=*)C1)CCC3*,15,7,Ring,-----=-
*c1ccc2c(c1)OC(*)C(=*)N2*,15,4,Ring,--=-
*C1C=CC=C2CC3(*)C(=*)N4C5C(=COC=CC5*)CC4(*)C(=*)N3C21,15,6,Ring,--=--=
*C1CC2(*)C(=CCC2*)C2(*)C(*)CC(*)C(*)(*)C12,15,8,Ring,--------
*C1=CC[N+]2(*)CCCC12,15,2,Ring,--
*C1=CC(*)(*)C(*)CC1*,15,5,Ring,-----
*C1CCc2ccc(cc2)OC(*)(*)c2ccc(cc2)CC1*,15,4,Ring,----
*C1CCC2(CCCC2*)C1,15,2,Ring,--
*c1cc(*)c2c(c1)OC(*)C21C(=*)Oc2cc(*)c3c(c21)OC(*)C(*)C3,15,7,Ring,---=---
*c1ccc2noc(*)c2c1,15,2,Ring,--
*C1=CCCC2(*)OC2CC2C(=*)C(=*)OC2CC(*)=CCC1,15,5,Ring,--==-
*C1CN(*)C(=*)N1,15,3,Ring,--=
*C1CCC(*)(*)C23OC(*)(*)C(C(=*)C(*)C12*)C3*,15,9,Ring,-----=---
*C1CC2C(*)CC3OC(=*)C(=*)C3CC2(*)C1*,15,6,Ring,--==--
*c1cc(*)c2c(c1)OC(=*)c1c-2oc2cc(*)c(*)cc12,15,5,Ring,--=--
*C1=C2C(*)C(*)C3(*)C(*)CC(*)C(*)C3C(*)C2(*)CC1*,15,10,Ring,----------
*C1=CC(*)CC(*)C1*,15,4,Ring,----
*C1=CN(*)C=CC1,15,2,Ring,--
*C1CC(*)(*)C2CCC3CC4CC3(CCC4(*)*)C2(*)C1,15,6,Ring,------
*C1C2C(=*)C(=*)OC(C2*)C(*)(*)C1*,15,7,Ring,-==----
*C1C2CNCC(*)(O2)C(*)C1*,15,4,Ring,----
*C1C(=*)CC2(*)C(*)C(*)C1C2*,15,6,Ring,-=----
*c1ccc2c(c1)SC(=*)O2,15,2,Ring,-=
*C1=NC2CC3(C(=*)N(*)c4ccccc43)C3OCC2C1C3*,15,4,Ring,-=--
*C1CCC2(*)C(CCC3(*)C2C2OC2C24OC(=*)C5(CCC(*)(*)CC52)CCC34*)C1(*)*,15,9,Ring,---=-----
*c1cc(*)c2c(c1)C(*)NC(=*)C1NC(=*)C(NC(=*)C3NC(=*)C4NC(=*)C(Cc5ccc(cc5)Oc5cc3cc(c5*)Oc3ccc(cc3*)C1*)NC(=*)C(*)c1ccc(*)c(c1)Oc1cc(*)c(*)c4c1)c1ccc(*)c-2c1,15,17,Ring,---=====---=-----
*C1=C2C(*)C(*)C3(*)CCC(*)C(=*)C3C(*)C3CC1(*)OCC23*,15,9,Ring,-----=---
*c1coc2c1C(*)C1(*)C(*)CCCC1C2,15,4,Ring,----
*C1=CCCC(*)C(*)OC(=*)C=CC(*)(*)C=CC1*,15,7,Ring,---=---
*C1CC2=C3CC4C(=*)C(*)(C3CCC2(*)C(*)O1)C(*)C(*)(*)C4*,15,9,Ring,-=-------
*c1cc(*)c2c(*)c(*)sc2n1,15,4,Ring,----
*c1cc2c(cc1*)C1C(*)C(*)C=C3CCN(C2)C31,15,4,Ring,----
*C1C=CC(=*)CCC(*)C(=*)CC1,15,4,Ring,-=-=
*N1NC(=*)C(=*)C1=*,15,4,Ring,-===
*c1ccc2c(*)c(*)c[o+]c2c1,15,3,Ring,---
*C1CCC2(NC1)OC1CC3C4CC=C5CC(*)CCC5(*)C4CC(*)C3(*)C1C2*,15,6,Ring,------
*C1SCC(=*)N1*,15,3,Ring,-=-
*C1CC2C(*)C(=*)OC2C2C(=*)C(*)CC2C1=*,15,6,Ring,--==-=
*C1CC2C3(*)CCCC(*)(*)C3CCC2(*)C2C=Cc3cn(*)cc3C12*,15,7,Ring,-------
*C1CCC23CC24CCC2(*)C(=*)C(=*)CC2(*)C4CCC3C1(*)*,15,7,Ring,--==---
*C1CCc2ccccc2CSSCC(*)C(*)CCC1*,15,4,Ring,----
*C1CC(*)C2C(*)(O1)C(*)C1(*)C3CCC4C(*)(*)C(*)CCC45CC35CCC21*,15,9,Ring,---------
*c1cccc2c1C(=*)CC(*)C2*,15,4,Ring,-=--
*C1C(*)C2C(*)(*)CCCC2(*)C2Cc3occc3C(*)(*)C12,15,7,Ring,-------
*C1=C(*)C(*)(*)CC1*,15,5,Ring,-----
*C1CC23COC(=*)C2=CCC(*)C3C(*)(*)C1*,15,6,Ring,-=----
*C1CCC2C3CCC4=CC(=*)C=CC4(*)C3CC(*)C12*,15,5,Ring,-=---
*N1C(=*)C(=*)C(=*)N1*,15,5,Ring,-===-
*C1=CCCC2C1(*)CCC(*)C21CC(*)OC1=*,15,5,Ring,----=
*C1CCC2(*)CCC3(*)C(CCC4C5(*)CCCC(*)(*)C5CCC43*)C12,15,7,Ring,-------
*C1CC2CC(=*)CCC2(*)C2CCC3(*)C(*)CCC3C12,15,5,Ring,-=---
*C1=CC2CCCCC2C(*)c2cc(*)c(*)cc21,15,4,Ring,----
*C1CC2C(=*)C(=*)C1(*)C(=*)C2(*)*,15,7,Ring,-==-=--
*C1CC2C(=*)C(=*)OC2C(*)C(*)(*)C1*,15,7,Ring,-==----
*C1COC(=*)C2(CC2*)N(*)C(=*)C2C(*)SCC(C(=*)N(*)C3(CC3*)C(=*)OCC(*)C(=*)NC(*)C(=*)N2*)N(*)C(=*)C(*)NC1=*,15,19,Ring,-=--=-=--=-=-=--=-=
*C1=CCC(*)C(*)=CC(*)C2C(=*)C(=*)OC2C1,15,6,Ring,----==
*C1=C(*)CC(*)C=C1,15,3,Ring,---
*c1cc(*)c2c(c1)OCC1c3c(*)cc(*)c(*)c3OC21,15,5,Ring,-----
*C1CCC2(*)C(CCC3C2CC(*)C2(*)C3CC3OC(*)(*)C(*)C32)C1,15,7,Ring,-------
*C1=Cc2oc(*)c(*)c2C(=*)N1,15,4,Ring,---=
*c1ccc2c(c1)N(*)C(=*)CO2,15,3,Ring,--=
*C1C=CCC=CC1,15,1,Ring,-
*C1CCC(*)(*)CC1=*,15,4,Ring,---=
*C1CCC(*)(*)C2CC(=*)C(*)(*)C2C1,15,6,Ring,---=--
*c1cc(*)c2c(c1)C1CCCCC1CC2,15,2,Ring,--
*C1=C2OC(=*)C34C5=C6CCC23C2(OC(=*)c3c(*)cccc32)C4CC(*)C=C2CCC3(CC25)C(*)CC2=C(C63)N3CC4CC(CN5C(*)C1CCC45)C3CC2,15,7,Ring,-==----
*C1CC(*)OC2(CCC3(C=CC(=*)C=C3)O2)C1,15,3,Ring,--=
*c1cc(*)c2c(=*)c3c(*)c4c(cc3c(=*)c2c1)C(=*)C(*)(*)C(*)C4*,15,10,Ring,--=-==----
*C1CCC2C(*)CC(*)C2(*)C1,15,4,Ring,----
*C1C2C(=*)C(=*)OC2C2C(C=CC2(*)*)C(*)(*)C1*,15,8,Ring,-==-----
*C1=C(*)C2=C3CCC(=*)C(C3)c3cc4c(cc3CCC(*)COc3c5c(c(*)c(c32)O1)OC(*)C5)=NCC=4,15,6,Ring,--=---
*C1(*)CCC2C(=CCC3C(*)(*)C(=*)CCC23*)C1,15,6,Ring,----=-
*C1NC(=*)C(*)NC(=*)C(*)NC(=*)C2CCCN2C(=*)C(*)NC(=*)C(*)NC(=*)C(*)NC1=*,15,13,Ring,-=-=-==-=-=-=
*C1CC2C(*)(*)CCC(*)C2(*)C2=C1C(*)C(*)(*)CC2,15,8,Ring,--------
*C1CCC2(*)C3=C(CCC2C1*)C1=CCC(*)C1(*)CC3,15,5,Ring,-----
*C1OC2(*)CC3OC4CC5OC6CCC7OC8CC9OC(*)C(*)CCC9OC8(*)CC7(*)OC6CC=CC(*)C5OC4(*)C(*)C3OC2CC1=*,15,10,Ring,---------=
*C1CCC2C(*)C(*)OC(=*)C12,15,4,Ring,---=
*C1CCC2(*)C3=CCC4(*)C(=*)CCC4C3CC(*)C2C1,15,5,Ring,---=-
*C1C(*)C2(*)C(CCCC23CO3)C(*)(*)C1(*)*,15,7,Ring,-------
*c1ccc2cc1OC1CC(*)CCC1CSSCC2*,15,3,Ring,---
*C1OC(=*)C(=*)C2C1(*)C(*)C(*)C13OC4(*)OC21C(*)C1(*)C(*)C2(*)CC1(O4)C3(*)C2*,15,13,Ring,-==----------
*C1OC(=*)CC2=C3CC4C(=*)C(*)(*)C(*)C(*)(C4=*)C3CCC21*,15,9,Ring,-==----=-
*C1C2C(=*)N(*)C(=*)C2C2C=Cc3ccccc3N12,15,4,Ring,-=-=
*C1C2C=CC=CC(O2)C1*,15,2,Ring,--
*c1c(*)c2c3c(c1*)OC1OC(*)C(*)C(*)C1OC3CC(*)O2,15,7,Ring,-------
*C1OC(=*)CC23OC4(*)OC25C(*)C2(*)C(*)C6(*)CC2(*)C(*)(C6*)C5(O4)C(*)CC13*,15,12,Ring,-=----------
*c1cc2c([nH]1)N1CCNC(C#CC(*)Cc3cccc-2c3)C1,15,2,Ring,--
*c1c2c(cc3c1-c1c(cc4c(c1*)OCO4)C(*)C(*)C(*)C3)OCO2,15,5,Ring,-----
*c1cc2c(c(*)c1*)C(=*)c1ccc(*)c(*)c1N2*,15,7,Ring,---=---
*c1coc2c1C(*)C1(*)C(*)CCCC1(*)C2,15,5,Ring,-----
*C1(*)CC2OC(=*)C(=*)C2CC2C1=CCC2(*)*,15,6,Ring,--==--
*C1NC(=*)C(*)(*)NC1=*,15,5,Ring,-=--=
*C1C2CCCC3(*)CCC(=*)C(*)C3(C2)C1*,15,5,Ring,--=--
*C1C=CC(=*)NCCC=CC(*)C(=*)N1,15,4,Ring,-=-=
*C1CCC2(*)C3CCC4(*)C(=CCC4(*)*)C3=CCC2C1(*)*,15,7,Ring,-------
*C1C(=*)CC23COC(=*)C2=CCCC3C1(*)*,15,5,Ring,-==--
*C1(*)CCC2(*)C(CCC3(*)C2CCCC3(*)*)C1,15,6,Ring,------
*C1CCC2C3C4OC4C4(*)CC=CC(=*)C4(*)C3CC(=*)C12*,15,6,Ring,--=-=-
*C1=CC2C(=*)NC3=CC(=*)c4c(cc(*)c(*)c4C(=*)CCC(*)C=CC(*)C(*)OC1=*)C32*,15,11,Ring,-==--=---=-
*c1ccc2ncnc(*)c2c1,15,2,Ring,--
*C1CC=CC(=*)OC(*)C(*)C2OC2C(*)CCCC(*)CC(*)CC2CC(*)C(*)C(*)(CC(*)C(*)CCC(*)CC(*)C1)O2,15,14,Ring,-=------------
*c1c(*)c(=*)c2c(*)nccc2c1=*,15,5,Ring,--=-=
*C1C=C2C3CCC(*)C3(*)CC(*)C2C2(*)CCC(*)C(*)C12,15,7,Ring,-------
*C1=COCC2C1CC1c3c(c4ccccc4n3*)CC2N1*,15,3,Ring,---
*C1C=C2OC(=*)C(*)(*)C2(*)C2C(*)C3C4C(*)C(=*)C5CC6OC6C(*)C5(*)C4C(*)C(*)C3(*)C12,15,13,Ring,-=-----=-----
*C1CCC2CCCCC2(*)N1,15,2,Ring,--
*C1CC2C(*)(*)C(=*)CCC2(*)C2=C1C1(*)C(*)CC(*)C1(*)CC2,15,9,Ring,---=-----
*c1coc2c1C(*)C1(*)C(*)CCC3OC31C2,15,4,Ring,----
*C1C(*)C(*)(*)CC2(*)CCC3C(*)(*)CCCC3(*)C12,15,8,Ring,--------
*C1=CCCC(*)(*)C2CC(CCC3(*)OC3CC1)C(*)C(=*)O2,15,6,Ring,-----=
*C1=CC(*)CC2(*)OC2C2OC(=*)C(*)=C2C(*)C1,15,6,Ring,---=--
*c1cc2c(cc1*)C1(*)CCC(=*)C(*)(*)C1CC2=*,15,7,Ring,---=--=
*C1CC2(OC1*)C1OC1C(*)(*)C1OC12,15,4,Ring,----
*C1CCC(*)(*)OC1=*,15,4,Ring,---=
*C1CC(*)C2(*)C(CCC3C4CC5OC(*)(*)C(*)C5C4(*)CCC32)C1,15,7,Ring,-------
*c1ccc2c(c1*)C(=*)N1CCCC1=N2,15,3,Ring,--=
*C1C2=C(COC2=*)N(*)c2cc3c(cc21)OCO3,15,3,Ring,-=-
*C1=CC(=*)C(*)=C(*)C1(*)*,15,6,Ring,-=----
*C1C2CCC3C(*)(*)C4CC(*)C(*)(*)C4(*)C(*)C(*)C13CC2(*)*,15,11,Ring,-----------
*C1C=CCN1*,15,2,Ring,--
*C1(*)CCCC1=*,15,3,Ring,--=
*C1=C2CC(*)C3C4(*)CCC(=*)C(*)(*)C4CCC3(*)C2(*)CC1=*,15,9,Ring,---=----=
*C1C=CCCC(*)C(*)OC(=*)C1*,15,5,Ring,---=-
*C1SC(*)C(*)C1*,15,4,Ring,----
*C1OC(=*)C2OC23C1(*)CCC1C2(*)CCC(=*)C(*)(*)C2CC(*)C13*,15,9,Ring,-=--=----
*C1C2(*)CN(*)CC1(*)CN(*)C2,15,5,Ring,-----
*C1=C2CC3C(CC=C4CC(*)CCC43*)C2CCC12OC1CC(*)CNC1C2*,15,5,Ring,-----
*C1CCC2(*)C(=CCC3=C2CCC2(*)C(*)CCC32)C1,15,4,Ring,----
*C1=CCC2(COC(*)OC2)C(*)C1,15,3,Ring,---
*C1CC(*)C2(*)C1(*)C(=*)C=C1C3(*)CCC(=*)C(*)(*)C3CC3OC132,15,9,Ring,----=-=--
*C1C2CC3c4c(c5ccccc5n4*)CC1N3CC2=*,15,3,Ring,--=
*C1=CC(=*)C(*)(*)C(*)C1,15,5,Ring,-=---
*C1c2ccccc2C2(*)CCCC(*)(*)C12,15,4,Ring,----
*C1C(=*)CCC2(*)C3=C(CCC12)C1(*)CCC(*)C1(*)CC3,15,6,Ring,-=----
*C1=Cc2cc3cc(*)cc(*)c3c(*)c2C(=*)O1,15,5,Ring,----=
*C1CC2(*)C(CCC3(*)C2CCC(*)C3(*)*)C(=*)O1,15,7,Ring,------=
*C1CCC2(*)C3=CCC4(*)C(*)CCC4C3CCC2C1,15,4,Ring,----
*C1CC(*)C2CC(*)(*)CCN2C1*,15,5,Ring,-----
*c1cc2c(c(*)c1*)C(=*)OC2*,15,5,Ring,---=-
*C1Oc2cc3c(cc2OC1*)OC(=*)C=C3,15,3,Ring,--=
*C1CCC23CC2(CCC2C3=CCC3(*)C(*)CCC23*)C1,15,4,Ring,----
*C1CC2(*)C(CCC3C4(*)CCC(=*)C(*)C4C(*)C(=*)C32*)C1=*,15,9,Ring,---=--=-=
*c1ccc2c(c1)CC(*)CO2,15,2,Ring,--
*C1OC(*)C2C1=CCC1C3(*)CCC4C(*)(*)CCCC4(*)C3CC(*)C21*,15,8,Ring,--------
*c1cc2c3c(c(*)c(*)c2[nH]1)N(*)CC3,15,4,Ring,----
*C1C(=*)NC(=*)C(=*)N1*,15,5,Ring,-===-
*C1=CC2(*)C(*)CCCC2CC1=*,15,4,Ring,---=
*c1c(*)c(*)c2c(c1*)OCO2,15,4,Ring,----
*C1CC2(*)CC(*)(*)CCC2C2(*)CCCC(*)(*)C12,15,7,Ring,-------
*C1=C(*)C2(*)CCC3C(CC=C4CC(*)CCC43*)C2C1,15,5,Ring,-----
*C1CCC2(OC1)OC1C(*)C3C4CCC5CC(*)CCC5(*)C4CCC3(*)C1C2*,15,6,Ring,------
*C1CC2C(*)C(=*)OCC2C1*,15,4,Ring,--=-
*c1ncnc2c1NC(=*)N2*,15,3,Ring,-=-
*C1NC(=*)CNC(=*)C(*)C(*)OC(=*)C(*)NC(=*)C(*)NC(=*)C(*)NC(=*)CNC(=*)C(*)NC(=*)C(*)NC(=*)C(*)NC1=*,15,19,Ring,-==--=-=-=-==-=-=-=
*c1cc2c(cc1*)-c1c(*)c3n(c1C(=*)O2)CCc1c-3cc(*)c(*)c1*,15,7,Ring,---=---
*c1ccc2nc[nH]c2c1,15,1,Ring,-
*C1C=CC(*)(*)CCC(*)C(=*)CC1,15,5,Ring,----=
*C1CCC(*)C2(*)C(*)CC3CC12OC3(*)*,15,6,Ring,------
*C1CSSCc2ccccc2CC2C=CC(CC1*)C(*)C2*,15,4,Ring,----
*C1=C2C(=CC(=*)O1)C1(*)C3OC3C(*)C3(*)C(=*)OC(C2*)C31,15,7,Ring,-=---=-
*c1cc(*)c2c(c1)OC(=*)c1c(*)cc(*)cc1-2,15,5,Ring,--=--
*N1C(=*)C23CC=CCC2(CC(=*)C3)C1=*,15,4,Ring,-===
*C1C(=*)Nc2ccccc2C1(*)*,15,4,Ring,-=--
*C1=C(*)C(=*)C2(*)CCCC2(*)C1,15,5,Ring,--=--
*C1=CC=CC(*)CCCC(=*)CCCCC(*)CC(*)C(=*)OC(*)C(=*)NCC(*)CC(*)C(*)CC1,15,11,Ring,--=--=-=---
*C1=Cc2cc3c(cc2OC1=*)OC1(C3)C2C(=CCC1(*)*)CSSCC1C(*)CN1C(=*)Cc1cnc(*)cc12,15,7,Ring,-=---=-
*C1CCC2(OC1)OC1CC3C4CCC5CC(*)C(*)CC5(*)C4=CC(=*)C3(*)C1C2*,15,7,Ring,----=--
*C1CC2(*)OCOC2=CC1=*,15,3,Ring,--=
*C1C(=*)C2OC3(C(*)C(=*)OC13)C(*)C1C3(CCC(*)C1(*)C(*)C2*)CO3,15,9,Ring,-=-=-----
*C1=CCCC(*)(*)C=CC(*)CCC2=CC(C1)OC2=*,15,5,Ring,----=
*C1C2OC3(*)CC(=*)C1CC3(*)O2,15,4,Ring,--=-
*c1cc2c(cc1*)C1COc3c(ccc(*)c3*)C1O2,15,4,Ring,----
*C1NC(=*)CNC(=*)C(*)NC(=*)CNC(=*)C2CCCN2C(=*)C(*)NC(=*)CNC1=*,15,10,Ring,-==-===-==
*C1CCC2(NC1)OC1C(*)C3C4CCC5CC(*)CCC5(*)C4CCC3(*)C1C2*,15,6,Ring,------
*C1CC2OC2(*)CCCC(*)C(*)C(*)C(=*)C(*)(*)C(*)CC(=*)O1,15,10,Ring,-----=---=
*c1ccc2c(c1)OCC(*)(*)Cc1cc(*)c(*)cc1-2,15,5,Ring,-----
*C1=CC2OC(=*)C(=*)C2C(*)CC(*)(*)C2OC2C1=*,15,7,Ring,-==---=
*C1CCC2(*)CC(*)C(*)C(=*)C2C1,15,5,Ring,----=
*C1CN(*)C(=*)C1*,15,4,Ring,--=-
*C1CC(=*)NC(*)C(=*)NC(*)C(=*)NC(*)C(=*)NC(*)C(=*)NC(*)C(=*)NC(*)C(=*)O1,15,14,Ring,-=-=-=-=-=-=-=
*C1NC(=*)CNC(=*)CNC(=*)CNC(=*)C(*)NC(=*)C(*)NC1=*,15,9,Ring,-====-=-=
*C1(*)Cc2ccccc2C(=*)O1,15,3,Ring,--=
*C1=C2C(*)CC(*)(*)C(=*)CCC3(*)OC3C2OC1=*,15,7,Ring,----=-=
*C1CC2(*)CCC3(*)C(=CC=C4C5(*)CCC(*)C(*)(*)C5CCC43*)C2CC1(*)*,15,10,Ring,----------
*C1(*)CC23CCC4c5ccoc5C=CC4(*)C2CCC1C3,15,3,Ring,---
*C1=C2C(*)C(*)C3(*)C(*)CC(*)C4(*)COC(C43)C2(*)CC1*,15,9,Ring,---------
*c1cc[n+](*)c(*)c1*,15,4,Ring,----
*C1(*)CCCC2(*)OC3CCC(*)(*)C3(*)CCC12,15,6,Ring,------
*C1CC2(*)C(*)CCC2C2CCC3CC4(CCC3(*)C12)OCCO4,15,4,Ring,----
*C1CC2CC3CC(=*)CC(CC=CC(=*)OC4C(*)C(*)OC(CC=Cc5nc(co5)C(C1)O2)C4*)O3,15,6,Ring,-==---
*C1CC2C3CCC(*)(*)C3(*)CCC2C2(*)C(=*)CC3CC132,15,6,Ring,-----=
*C1NC(=*)C(*)N(*)C(=*)C(*)N(*)C(=*)CNC(=*)C(*)N(*)C(=*)CNC(=*)C(*)OC(=*)C(*)C(*)NC(=*)C(*)N(*)C(=*)C(*)(*)C1=*,15,24,Ring,-=--=--==--==-=--=--=--=
*C1OC12C(*)(*)CCC1C34COC(=*)CC3OC(*)(*)C4CC(=*)C12*,15,8,Ring,---=--=-
*C1CC2(*)C(=*)C(C1*)C(*)C1OC12,15,5,Ring,--=--
*C1CCC2(*)OC(=*)C1(*)C2*,15,5,Ring,--=--
*C1=C(*)C(*)CC(*)O1,15,4,Ring,----
*C1=CC(=*)CC(*)(*)C1,15,4,Ring,-=--
*C1CCC2C3(*)COC(*)(*)OC3CCC2(*)C12CCC(*)(*)O2,15,7,Ring,-------
*C1CCC2OC(*)(*)C3(*)CCC2(O3)C1(*)*,15,6,Ring,------
*C1=C(*)C2CCC(*)C3NC(*)CCC(C(*)Cc4ccc(cc4*)CC(*)(CC#Cc4ccccc4CC1)N2)C3*,15,8,Ring,--------
*C1C(=*)NC(=*)NC1=*,15,4,Ring,-===
*C1CC2(*)C(=*)C=C3C(CC4C=CCC(*)(*)C5CCC3(*)C45*)C2(*)CC1*,15,9,Ring,--=------
*c1ccc2cc1OCc1ccc3c(c(*)cc(*)c3c1)CC#COC(*)CC(=*)CC2,15,5,Ring,----=
*C1OC(=*)CC2C1(*)CCC1C2(*)C(*)C2C(*)C3(*)CC2(*)C1(*)C3*,15,10,Ring,-=--------
*C1CCC2(*)CCC3(*)C(=CCC4C5(*)CC(=*)C(*)C(*)(*)C5CCC43*)C2C1(*)*,15,11,Ring,----=------
*C1CC(*)C(*)C(*)N1,15,4,Ring,----
*c1cc2c(cc1*)N(*)c1nc(=*)nc(*)c1=N2,15,5,Ring,---=-
*C1=CC2(*)CCC=CCCCCN3CCC1C1(CC4CCC(=*)CCCN4C21)C3,15,3,Ring,--=
*C1CCC(*)C(=*)NC1,15,3,Ring,--=
*C1=CC(*)CC2C(*)(*)C(*)CC(*)C12*,15,7,Ring,-------
*C1CCC2(*)C3CCC(=*)C3C12,15,3,Ring,--=
*C1CCC2(*)C(CCC3C2CCC2(*)C3CC3OC4(OCC(*)CC4*)C(*)C32)C1,15,6,Ring,------
*C1(*)C(=*)CCC2(*)C3CC4C5CC3(CCC12)CC45*,15,5,Ring,--=--
*C1(*)CCC23CC1CC2CCC1C(*)(*)CCCC13*,15,5,Ring,-----
*C1=CCC(*)C2(*)OCC(*)C3CC(*)C(*)C4C(C1)OC2C34,15,6,Ring,------
*C1=CC(*)C(*)C(*)=CC2OC(=*)C(=*)C2C(*)C1,15,7,Ring,----==-
*N1CC(=*)N2CSCC2C1=*,15,3,Ring,-==
*C1CC(*)C2(*)C(CCC3C4CC5OC6(CCC(=*)CO6)C(*)C5C4(*)CCC32)C1,15,6,Ring,---=--
*c1cc(*)c2c(c1*)Cc1cccc(c1)C1NCC(*)CC1SSC2,15,4,Ring,----
*C1=Nc2ccc(*)cc2C12NC(*)CC2*,15,4,Ring,----
*C1CC(*)C2(*)C3C(*)CC4(*)C(*)CCC4C3CC(*)C2(*)C1,15,8,Ring,--------
*c1cc2c(cc1*)C13CCN4CC5=CCOC6CC(=*)N2C1C6C5CC43,15,3,Ring,--=
*c1c2c(c(*)c3c1C=CC(*)(*)O3)OC(=*)C=C2,15,5,Ring,----=
*C1=Cc2ccc3c(c2OC1=*)C1OC(=*)CC(*)Cc2ccc4cc2CC#CCC(*)(O3)C1OC(=*)C(=*)CC4,15,7,Ring,-==--==
*c1cc2c3c(c1*)OC1(*)C3C3=C(C(=*)C1(*)*)C(*)C(OC3=*)C(*)OC2=*,15,10,Ring,---=---=-=
*C1CC(*)C(*)C(*)C(*)C(*)C(=*)OC(*)C(*)C(*)C(*)C1=*,15,12,Ring,------=----=
*C1=CCC2C(*)(CCC3C(*)(*)C(*)C(*)CC32*)C1*,15,8,Ring,--------
*C1=CC2OC(=*)C(*)=C2CCC(=*)C(*)CC1*,15,6,Ring,-=-=--
*C1C(=*)CCC2(*)C3=C(CCC12)C1CCC(*)C1(*)CC3=*,15,6,Ring,-=---=
*C1CC2C(*)C(*)C3(*)COC(O1)C23,15,4,Ring,----
*C1OC(=*)C2OC23C1(*)CCC1C2(*)C=CC(=*)C(*)(*)C2CC(=*)C13*,15,9,Ring,-=--=--=-
*c1cc2c(c3c1CC1(O3)C(*)CCC3C(*)(*)C(*)C(*)CC31*)CNC2=*,15,8,Ring,-------=
*c1ccc2c(c1*)OC1c3c(cc4c(c3*)C#CCC3(*)C(*)OC(O4)C(*)C3*)OCC21,15,7,Ring,-------
*C1OC2C(*)C(*)OC2C(*)C1*,15,5,Ring,-----
*c1ccc2c(c1)N(*)C(=*)c1ccccc1S2,15,3,Ring,--=
*c1ccc2c(c1)C#CCC(*)CC1CC3CC(=CC4C(*)CC(*)c5ccc(cc5)OC(*)(*)c5ccc(cc5)C34)C2O1,15,6,Ring,------
*C1=CCC2C(C1)C2(*)*,15,3,Ring,---
*C1CC(*)C2C(*)(*)CC(*)(*)C2(*)C1*,15,8,Ring,--------
*C1CC2(*)C(*)C1C(=*)C2(*)*,15,6,Ring,---=--
*c1ccc2c(c1)CCC1C2CC2OC23CC=CC(=*)C13*,15,3,Ring,-=-
*c1ccc2ccc(*)nc2c1,15,2,Ring,--
*C1CCC2(*)C(CCC3(*)C2C=CC2=CC(*)(*)CCC23*)C1(*)*,15,8,Ring,--------
*C1CC2(OC(*)C1*)OC1C(*)OC(*)C(*)C1(*)O2,15,7,Ring,-------
*C1=CC(*)(*)C(*)(*)C2C(*)C(=*)C(*)C12,15,8,Ring,------=-
*C1OC(*)C23C(CCC(*)(*)C12)OC(=*)C12CC(CCC13)C(=*)C2=*,15,7,Ring,----===
*C1C=C2COC(=*)C2(*)C2(*)C(*)CCC(*)(*)C12,15,7,Ring,-=-----
*C1C(=*)C2(*)OC2C(*)C1*,15,5,Ring,-=---
*C1=NC(*)(*)C(*)C12OC(*)=C(*)C2=*,15,7,Ring,------=
*C1OC(=*)C2=C1CCC1C3(*)CCC4C(*)(CCCC45CC5*)C3CC(*)C21*,15,7,Ring,-=-----
*c1cc2c(c(*)c1*)C1C3C(CCC3(*)O2)C1(*)*,15,6,Ring,------
*c1ccc2c3c(ccc2c1)Nc1cc(ccn1)C1(CCC(*)C1*)C(*)C(=*)CC(*)CC3*,15,7,Ring,----=--
*c1cc2c([nH]c3c(*)c(*)ccc32)c2c1OC(*)(*)C=C2,15,5,Ring,-----
*C1=C(*)C(*)(*)N(*)C1=*,15,6,Ring,-----=
*C1CCC(*)(*)C2CCC34CC(=*)C(CCC3C12*)C4,15,5,Ring,---=-
*C1C=CC2CCCC(*)C2C1*,15,3,Ring,---
*C1=C(*)C(=*)NC=C1,15,3,Ring,--=
*C1C=CCC(*)(*)C12Cc1cc3c(cc1O2)OC(=*)C=C3,15,4,Ring,---=
*c1ccc2c(c1)-c1c(*)c(*)cc3c1C(C2)N(*)CC3,15,4,Ring,----
*C1=CC(*)C2(*)C(*)CC(*)(*)C2C(*)C1,15,7,Ring,-------
*c1cccc2cc3c(c(*)c12)C(*)OC3=*,15,4,Ring,---=
*c1cc2c(cc1*)C(*)N1CCc3cc(*)c(*)cc3C1C2,15,5,Ring,-----
*c1coc2cc3c(cc12)C=CC(=*)O3,15,2,Ring,-=
*C1CC2OCOC3(CC(*)C(*)C(*)O3)OC2C(*)O1,15,5,Ring,-----
*C1CC2=C(CCC(*)C2=*)O1,15,3,Ring,--=
*C1=C(*)c2cc(*)cc(*)c2C(=*)O1,15,5,Ring,----=
*C1=CC(=*)Oc2cc3oc(*)c(*)c3cc21,15,4,Ring,-=--
*c1[cH-]c2c(n1)N1CCNC(C#CC(*)Cc3cccc-2c3)C1,15,2,Ring,--
*c1ccc2c(c1*)C(=*)C1(*)C(*)CC(*)C(*)C1(*)O2,15,8,Ring,--=-----
*C1=C2C3OC(=*)C(=*)C3C(*)CC2(*)C(*)CC1,15,6,Ring,-==---
*c1ccc2c(c1)c1c(n2*)C(=*)N(*)C=N1,15,4,Ring,--=-
*C1=C(*)C(=*)c2cc(*)ccc2N1,15,4,Ring,--=-
*C1=CCCC(*)=CC(*)C(*)CCC(*)=CCC1,15,5,Ring,-----
*c1ccc2c(c1*)-c1c(*)c(*)cc3c1C(C2)NCC3,15,4,Ring,----
*C1C(=*)CC(*)(*)C(*)C1=*,15,6,Ring,-=---=
*C1CC(*)C2CCCCN2C1,15,2,Ring,--
*C1CC2CC(CC(=*)O2)O1,15,2,Ring,-=
*C1C2C(*)(*)C=CC(=*)C23COC1(*)C12CC(CCC31)C(=*)C2*,15,7,Ring,---=-=-
*C1CCC(*)(*)C2C3CC(*)(C#CCC4(CCCCC4)C(=*)O3)C(*)(*)C12*,15,8,Ring,----=---
*C1C2CC3(CCC4(*)C(CCC5C6(*)CCC(*)C(*)(*)C6CCC54*)C13)C(=*)O2,15,8,Ring,-------=
*C1=C2C(=*)c3c(cc(*)c(*)c3*)OC2(*)C(*)CC1,15,7,Ring,-=-----
*C1C=CC(=*)CC1(*)*,15,4,Ring,-=--
*C1C(=*)OC2=CCC3CCC(*)(*)C4CCCC(C21)N34,15,4,Ring,-=--
*C1CC2(*)C(*)C3C1C2(*)CCCC3(*)*,15,6,Ring,------
*C1NC(=*)C(*)NC(=*)C(*)NC(=*)C(*)NC(=*)C2CCCN2C(=*)C2CCCN2C(=*)C(*)NC(=*)C(*)NC(=*)C(*)NC1=*,15,16,Ring,-=-=-=-===-=-=-=
*C1=NN(*)C(=*)CC1,15,3,Ring,--=
*C1=CC2OC(=*)C(=*)C2C(*)CC2(*)CC(*)C1(*)O2,15,7,Ring,-==----
*C1CC(=*)C2=C(O1)OC1(*)CCC3C(*)(*)C(*)CC(=*)C3(*)C1C2,15,8,Ring,-=----=-
*C1CCC2(*)C(C=CC3C2CC(*)C2(*)C(*)CCC32)C1,15,5,Ring,-----
*c1ccc2c(c1)N=c1cc(*)c(=*)cc1O2,15,3,Ring,--=
*c1c2c(cc3c1C(=*)NC1C3=CC(*)C(*)C1*)OCO2,15,5,Ring,-=---
*C1CCC2(CC1)CC(*)C1(CCCC1)C2,15,2,Ring,--
*C1=C2CC3CC(*)C(*)C2(CC1=*)C3(*)*,15,6,Ring,---=--
*C1=C2Nc3c(*)cccc3C23CCN2CC(=*)C1CC23,15,3,Ring,--=
*c1cc(*)c2c(=*)c3c(*)cc(*)c(*)c3c(=*)c2c1*,15,8,Ring,--=---=-
*C1CCC2(*)C(CCC3(*)C2C(=*)C=C2C4=CC(*)(*)CCC4(*)CCC23*)C1(*)*,15,10,Ring,---=------
*C1NC(=*)C(*)NC(=*)C(*)NC(=*)C(*)NC(=*)C(*)C(*)SC=CNC1=*,15,11,Ring,-=-=-=-=--=
*C1=CC(=*)Oc2c1cc(*)c1oc(*)c(*)c21,15,5,Ring,-=---
*C1=CC(*)(*)CCC1,15,3,Ring,---
*c1ccc2c(c1)N(*)C1N(*)CCC21*,15,4,Ring,----
*C1=C(*)N2C(*)C3OC3C2(*)C1=*,15,5,Ring,----=
*c1cc(*)c2c(c1)OCC(=*)C2=*,15,4,Ring,--==
*c1cc2c(cc1*)C(=*)C(*)C(*)O2,15,5,Ring,--=--
*C1=CCC2CC(CC3(CCC(*)C(*)O3)O2)OC(=*)c2cc(*)c(*)cc2C(*)=CC=CC(*)C1,15,8,Ring,---=----
*C1CCN2C(=*)c3ccccc3N=C12,15,2,Ring,-=
*c1cc(*)c2c(=*)c3c(c(=*)c2c1)C(*)C(*)(*)C(*)C3*,15,9,Ring,--==-----
*c1ccc(*)c2c(=*)c3c(*)c4c(c(*)c3c(=*)c12)CCC(*)(*)C4*,15,9,Ring,--=--=---
*C1=CC2C(CCC3(*)OC3CC1)C2(*)*,15,4,Ring,----
*c1cccn2cc(*)[n+](*)c12,15,3,Ring,---
*c1cccc2c1C(=*)OC21C(*)C23C=CCCC21C(=*)OC3=*,15,5,Ring,-=-==
*C1CC(*)C2(*)C3CCC4(*)C(*)CCC4(*)C3CCC2(*)C1,15,7,Ring,-------
*C1CCC2(*)C(CCC3C2CC2C(=*)C(*)CCC23*)C1,15,5,Ring,--=--
*CCC(=O)NC(*)CO,15,2,Linker,--
*CC(=O)OCC(*)C,15,2,Linker,--
*OCC(C=CC(*)C)C(C)C,15,2,Linker,--
*C=NNC(=O)C(=C*)NC(*)=O,15,3,Linker,---
*CCCC(C)=CCCC(C)=CCCC(C)C=*,15,2,Linker,-=
*C(=O)OC(*)CCCO,15,2,Linker,--
*C(=O)CNC(=O)CC(*)*,15,3,Linker,---
*CCC(CC(CC*)OC(C)=O)OC(C)=O,15,2,Linker,--
*CCC(*)CCC(C)C,15,2,Linker,--
*C(C)=NN=*,15,2,Linker,-=
*CC(NC(=O)CCCCC)C(*)=O,15,2,Linker,--
*CC(=O)OCC=*,15,2,Linker,-=
*CC(NC(*)=O)C(O)C(C)C(=O)N*,15,3,Linker,---
*NCCN*,15,2,Linker,--
*NCC=C(C)CO*,15,2,Linker,--
*CC(C)(C)C*,15,2,Linker,--
*OC(*)(C)CCCC=C(C)C,15,2,Linker,--
*CC=C(C)C(CC=C(C)C)O*,15,2,Linker,--
*C(C)=CC=CC(C)=CC=CC=C(C)C=CC=C(*)C,15,2,Linker,--
*C=CC=CC(*)=O,15,2,Linker,--
*CC(O)CCCCCC(O)CCC(*)O,15,2,Linker,--
*C(CCSC)NC(=*)C,15,2,Linker,-=
*OC(=O)CC(*)NC,15,2,Linker,--
*C(=O)OC(*)CC(*)OC(C)=O,15,3,Linker,---
*OC(*)C(C)O,15,2,Linker,--
*OC(*)(C)CCC(=O)C(=C)C,15,2,Linker,--
*CC(OC(C)=O)C(*)C,15,2,Linker,--
*OC(C=C(C)C)CC(*)C,15,2,Linker,--
*C(*)C(*)CO,15,3,Linker,---
*C(=*)CO,15,2,Linker,-=
*CC(=O)NCCC(=O)N*,15,2,Linker,--
*CC(NC(=O)C(CC(C)C)NC(*)=O)C(=O)O,15,2,Linker,--
*OCC(C)CCC(=O)C(=*)C,15,2,Linker,-=
*OC(=O)C(C)=CC(O)CC(C)=CCCC(C)=CCCC(C)(C=C)O*,15,2,Linker,--
*CC=C(C)CC(C)C=CC=*,15,2,Linker,-=
*C(O)C=*,15,2,Linker,-=
*C=CC=CC=CC=C*,15,2,Linker,--
*CNC(=O)CNC(*)=O,15,2,Linker,--
*CCCNC(*)O*,15,3,Linker,---
*OC(CO)C(*)OC,15,2,Linker,--
*CC(CO)NC(=O)C(CCC(N)=O)NC(=O)C(CCC(N)=O)NC(=O)C(C)(CC)NC(=O)C(C)(C)NC(=O)C(NC(*)=O)C(C)C,15,2,Linker,--
*CCC(=O)NC(CSC*)C(=O)O,15,2,Linker,--
*CCCC(=O)C(O)C(=O)CC*,15,2,Linker,--
*CC(NS(*)(=O)=O)C(=O)O,15,2,Linker,--
*C=CC(=O)NC(C*)C(=O)O,15,2,Linker,--
*C(NC(=O)C(*)O)OC,15,2,Linker,--
*CCN(*)CC*,15,3,Linker,---
*CC(*)C(=O)[O-],15,2,Linker,--
*CCCC(=O)C(*)C,15,2,Linker,--
*C=C(*)C(*)=O,15,3,Linker,---
*CC(=O)N=*,15,2,Linker,-=
*CN(*)C(*)=O,15,3,Linker,---
*C(=O)NC(*)C(C)CC,15,2,Linker,--
*C(=O)COC(=O)CCC(=O)NC(*)C(=O)OC,15,2,Linker,--
*CS(C)(=O)=O,15,1,Sub,-
*C(=O)CCCCCCCC,15,1,Sub,-
*C(=O)C(N)CCCNC(=N)N,15,1,Sub,-
*CNC(N)=O,15,1,Sub,-
*C=C(CC)CC(C=CCC)CC,15,1,Sub,-
*CCCCC(C)O,15,1,Sub,-
*C(O)C(C)C(=O)O,15,1,Sub,-
*NOC(C)=O,15,1,Sub,-
*C(C)C(O)CC(O)C(C)(C)O,15,1,Sub,-
*CCNC(=O)C=CS(C)(=O)=O,15,1,Sub,-
*OC(=O)C(OC(C)=O)C(C)CC,15,1,Sub,-
*C(=O)NCCC[S+](C)C,15,1,Sub,-
*N(C)CCO,15,1,Sub,-
*OC(=O)CCCCCCCCCCCCCCCCCCCCCCC,15,1,Sub,-
*OC(=O)C(O)CO,15,1,Sub,-
*OC(=O)C=C(C)CC(=O)O,15,1,Sub,-
*=CCCCCCCCCC,15,1,Sub,=
*C=NCCO,15,1,Sub,-
*C(C)=CC=CC=CCCC,15,1,Sub,-
*CNC(=O)CC(O)C(O)C(O)CC(CC(C)CCCCC)OS(=O)(=O)O,15,1,Sub,-
*OC=C(C)C,15,1,Sub,-
*OC(=O)C=CC=CCC(O)C(C)=CC=CCCC(C)CC,15,1,Sub,-
*COC(=O)CC(O)C(=O)O,15,1,Sub,-
*C=CN=C(Cl)Cl,15,1,Sub,-
*NC(=O)CCCCCCCCC(C)C,15,1,Sub,-
*C=CCCCCCCCCCCCCC,15,1,Sub,-
*C(C)CCC(=O)C(C)(C)O,15,1,Sub,-
*C(CC(C)C)OC(=O)NC,15,1,Sub,-
*C(=O)C(C(C)C)N(C)C(=O)C(NC(=O)C(CC(C)C)N(C)C(=O)C(C)CC(C)CCCC)C(C)OC(C)=O,15,1,Sub,-
*NC(=S)NCCOC,15,1,Sub,-
*NC(=O)C=CC=CCC(C)C,15,1,Sub,-
*OCC(=O)NCCCN(C)C,15,1,Sub,-
*OCCC(=C)C,15,1,Sub,-
*OCC(=O)C(C)C,15,1,Sub,-
*CC(C(=O)O)N(C)C(=O)OC(C)(C)C,15,1,Sub,-
*CCCCCCCCCCCCC(C)O,15,1,Sub,-
*C(=O)C(C)(C)NC(=O)C(CC(C)C)NC(=O)CNC(=O)C(C)(C)NC(=O)C(NC(=O)C(C)(C)NC(=O)C(CCC(N)=O)NC(=O)C(C)NC(=O)C(C)(C)NC(=O)C(C)NC(=O)C(C)(C)NC(=O)C(C)NC(=O)C(C)(C)NC(C)=O)C(C)C,15,1,Sub,-
*C=CCOC(=O)CC(C)C,15,1,Sub,-
*C(=O)NC(CC(C)C)C(=O)NC(C(=O)O)C(C)C,15,1,Sub,-
*CCC(=O)NCCCOC,15,1,Sub,-
*OC(=O)CC=C(C)O,15,1,Sub,-
*C(=O)NCCCN(CC)CC,15,1,Sub,-
*OCC(O)C(C)(C)Cl,15,1,Sub,-
*CC(=O)NC(C)CO,15,1,Sub,-
*NC=C(C(C)=O)C(C)=O,15,1,Sub,-
*C(=O)C(C)=CC=CC(C)=CC(C)=CC(=CC)C(=O)OC,15,1,Sub,-
*C(C)C(O)C(O)C=C(C)C,15,1,Sub,-
*C(C)CC(=O)C(=C)C(C)C(=O)O,15,1,Sub,-
*OCC(NC(=O)CCCCCCCCCCCCCCC)C(O)CCCCCCCCCCCCCCC,15,1,Sub,-
*CC=C(C)CC(=O)C=C(C)C,15,1,Sub,-
*NCCN(CC)CC,15,1,Sub,-
*CC(O)C=CC=CC(C)C(O)CC,15,1,Sub,-
*C(C)=CC=CC(C)C(=O)O,15,1,Sub,-
*CC(=O)C(C)=CC,15,1,Sub,-
*C(C)CC(O)C(O)C(C)(C)OC,15,1,Sub,-
*CC(O)C(C)(O)C=C,15,1,Sub,-
*C(=O)C(C)=CC=CC=CC(C)=CC(=CC)C(=O)OC,15,1,Sub,-
*C(=C)CCC(O)C(C)(C)O,15,1,Sub,-
*OCC(=CCO)CO,15,1,Sub,-
*OCC(NC(=O)C(O)CCCCCCCCCCCCCCCCCCCC)C(O)C(O)CCCCCCCCCCC(C)C,15,1,Sub,-
*CCC(CC)CCCO,15,1,Sub,-
*=C(C)C=CC=O,15,1,Sub,=
*C(=O)NCCCNCCCCN,15,1,Sub,-
*=C(N)N,15,1,Sub,=
*C(=O)C=CO,15,1,Sub,-
*COC(=O)C(O)(C(C)C)C(C)OC(C)=O,15,1,Sub,-
*C(C)(C)Cl,15,1,Sub,-
*C(=O)CCC(C)(C)O,15,1,Sub,-
*CC=C(C)C(=O)OC,15,1,Sub,-
*OC(=O)C(N)C(C)CC,15,1,Sub,-
*NC(=O)CC(CCCN)NC(C)=O,15,1,Sub,-
*CC(C)CCC(C)C,15,1,Sub,-
*CC=C(C)CCC=C(C)CCC=C(C)CO,15,1,Sub,-
*S(=O)(=O)N(CC)CC,15,1,Sub,-
*C=CC(OC)C(C)C(=COC)C(=O)OC,15,1,Sub,-
*C(=O)C=COC,15,1,Sub,-
*OCC(C)O,15,1,Sub,-
*CCO[N+](=O)[O-],15,1,Sub,-
*=CC=CC(C)C,15,1,Sub,=
*OC(C)(C#N)CC,15,1,Sub,-
*C(C)CC(=O)C(CC)C(C)C,15,1,Sub,-
*C(C)=CC=CC(C)C,15,1,Sub,-
*C(=COC)C(=O)O,15,1,Sub,-
*OCC(NC(=O)CCCCCCCCCCCCCCCCCCCCC)C(O)CCCCCCCCCCCCCCC,15,1,Sub,-
*C(C)CCCC(C)(O)CO,15,1,Sub,-
*NC(=O)CN(CC)CC,15,1,Sub,-
*C(C)(O)CCC,15,1,Sub,-
*C(C)(O)CCC=C(C)C(=O)O,15,1,Sub,-
*=C=CC(=C)C,15,1,Sub,=
*OCC(COC(=O)CCCCCCCC=CCCCCCCCC)OC(=O)CCCCCCCCCCCCCCC,15,1,Sub,-
*COC(=O)CCCCCCCCCC(C)C,15,1,Sub,-
*C(=C)CCCC(C)=O,15,1,Sub,-
*COC(=O)C(O)(C(C)O)C(C)CC,15,1,Sub,-
*C(CC(O)C(C)C(O)C(C)C=C(C)C(C)=CC=CC(C)=CC(N)=O)OC,15,1,Sub,-
*CC(C)CC(C=CCC)CC,15,1,Sub,-
*C(O)C(C)N,15,1,Sub,-
*C(C)CC(C)C(O)C(C)C(=O)CC,15,1,Sub,-
*OCCCCC(C)C,15,1,Sub,-
*C=CC(C)=CC(C)CCO,15,1,Sub,-
*=NCC(C)C,15,1,Sub,=
*C(C)(C)C(C)C,15,1,Sub,-
*OC(=O)C=C[S+](C)[O-],15,1,Sub,-
*CCC(=O)C(O)C(=O)CCCCCCC,15,1,Sub,-
*CC(CC)CC,15,1,Sub,-
*OC(=O)C(C)C(O)C(C)=CC=CC(C)=CC=CC(=O)O,15,1,Sub,-
*NC(=O)CCCCCCCC(C)C,15,1,Sub,-
*=CC(OC(C)=O)C(CCCC(=O)OC)OC(C)=O,15,1,Sub,=
*CCCNC(C)=O,15,1,Sub,-
*CC(C)OC,15,1,Sub,-
*C(C)CCC=CNC(=O)OC,15,1,Sub,-
*C=CCCCCCC,15,1,Sub,-
*CCC(C)=C(C)C,15,1,Sub,-
*C(C)CC(C)C,15,1,Sub,-
*C(NC(=O)C(N)C(O)C(O)COC(N)=O)C(=O)O,15,1,Sub,-
*CC(C)C(C)=CC=C(C)C=C(OC)C(=CC(=O)OC)OC,15,1,Sub,-
*C(OCC)C(C)O,15,1,Sub,-
*C(O)C(O)C=CC,15,1,Sub,-
*C(=O)NC(CO)CCSC,15,1,Sub,-
*C(C)=COC(C)=O,15,1,Sub,-
*C=CC(C)=CC(=O)OC,15,1,Sub,-
*OC(=O)C(O)C(C)=CC,15,1,Sub,-
*C(C)CC=CC(C)C,15,1,Sub,-
*CCCC(C=CCC)CC,15,1,Sub,-
*NC(=S)NCC(C)C,15,1,Sub,-
*C(C)OCC,15,1,Sub,-
*C(CCCCCCCCCCCCCC)OC(C)=O,15,1,Sub,-
*C(CCC(=C)C(C)C)C(=O)OC,15,1,Sub,-
*SCC(=O)OC,15,1,Sub,-
*C=CCOC(=O)C(C)=CC,15,1,Sub,-
*C=CC(=O)CCCCC,15,1,Sub,-
*CCCCCCCCCCCCCCCCN,15,1,Sub,-
*C=CCCCC(C)O,15,1,Sub,-
*SCCC(C)C,15,1,Sub,-
*C(=O)C(N)CO,15,1,Sub,-
*CCC(C)C=C,15,1,Sub,-
*CC(O)C(C)=CCO,15,1,Sub,-
*COC(=O)CCCCCCCCCCCC(C)C,15,1,Sub,-
*NC(CC(=O)O)C(=O)O,15,1,Sub,-
*OCC(O)CC,15,1,Sub,-
*c1cc(*)c2c(c1)CCc1c-2ccc2c1OC(*)C2*,14,4,Ring,----
*c1cc2c(=*)c3ccc(*)c(*)c3c(=*)c2cc1*,14,6,Ring,-=--=-
*C1CC2OC2C1*,14,2,Ring,--
*c1ccc2c(*)cccc2c1,14,2,Ring,--
*C1=CCC2(*)C(CCC3C4CCC(=*)C4(*)CCC32)C1,14,4,Ring,--=-
*c1ccc2c(*)c(*)n(*)c2c1,14,4,Ring,----
*c1cc(*)c2c(*)c(*)c(*)cc2[o+]1,14,5,Ring,-----
*C1CC(*)C2(*)CCCC(*)(*)C2C1,14,5,Ring,-----
*C1C(=*)OC2C1CCC(=*)C1CC3OC3(*)C12,14,4,Ring,-==-
*C1=NC1*,14,2,Ring,--
*C1CCC2(*)C3CCC4(*)C=CC3(CCC2C1(*)*)C4,14,5,Ring,-----
*C1CC(*)C2C(=*)C(=*)C(*)C2C1=*,14,6,Ring,--==-=
*C1CCC2(OC1*)OC(*)C(*)CC2*,14,5,Ring,-----
*c1nc2c([nH]1)c1c3c(ccc1c1occ(*)c21)C(*)(*)CCC3,14,4,Ring,----
*C1CC(*)C2C(CC3(*)C4CC(*)C5C(*)(*)C(*)CCC56CC46CCC23*)O1,14,8,Ring,--------
*C1=C2C(CC1*)OC(=*)CC1C2(*)C(*)C2OCC3(*)C(*)CC(*)C1(*)C23,14,9,Ring,--=------
*=C1CCNC(=*)c2[nH]ccc21,14,2,Ring,==
*c1cc2c(c(*)c1*)Oc1c(*)c(*)cc(*)c1C(=*)O2,14,7,Ring,------=
*C1CC(=*)NCCCN(*)CCCCN(*)CCCN1,14,4,Ring,-=--
*C1CC2CC3(CCC4C(*)(*)CCCC4(*)C13)C(*)C2=*,14,6,Ring,-----=
*C1=CC(=*)C(*)C2C=C(*)C3(*)C=CC(*)(O3)C(*)CC12,14,7,Ring,-=-----
*C1=CC2C(=C(*)CCC3(*)C(=*)C=C(*)C3CC1)OC(=*)C2*,14,7,Ring,---=-=-
*c1ccc2c(c1*)OCC1c3cc4c(cc3OC21)OCO4,14,2,Ring,--
*C1C(*)C(*)(*)C2CCC3(*)C(CC=C4C5CC(*)(*)CC6CCCC(CC65*)C43*)C2(*)C1*,14,11,Ring,-----------
*N1CCC[N+]2=C1CCC2,14,1,Ring,-
*C1=CCCC(=*)C2COC(=*)C(=*)C2CC1,14,4,Ring,-===
*C1=C(*)C2(*)C3C(*)=C(*)C4(*)C1C1(*)OC4(*)C3(*)OC12*,14,10,Ring,----------
*c1cccc2c1C(=*)C13OC1(CC(*)OC3*)C2=*,14,5,Ring,-=--=
*C1=CCC(=*)CC1,14,2,Ring,-=
*C1CCCNC1,14,1,Ring,-
*C1CCC2(*)C3CC(*)C4C(*)(*)C(*)CCC4(*)C3CC(*)C12,14,8,Ring,--------
*C1CC2CC(*)C(*)C3CN=C(N1)N23,14,3,Ring,---
*c1cc(*)c2c(c1*)CC(=*)C=CC=CC(*)C(*)CC(*)OC2=*,14,8,Ring,---=---=
*C1CCC23CC1OOC2(*)C(=*)CCC3(*)*,14,5,Ring,--=--
*C1=C2Nc3ccccc3C23CCN2CC4OC4C(*)(C1)C23,14,2,Ring,--
*C1=C(*)C(*)CC(=*)N1,14,4,Ring,---=
*C1=CCCC(*)C2CCC(*)(O2)C(*)C(*)C2=C(*)C(=*)OC2C1,14,7,Ring,------=
*C1=CCC(*)C2(*)OC2C(*)C(*)CC1,14,5,Ring,-----
*C1CC2(*)CCC3(*)C(=CCC4C5(*)CCC(*)C(*)(*)C5CCC43*)C2C(*)C1*,14,10,Ring,----------
*C1CCC2(*)CCC3(*)C(=CCC4C(*)(*)C(*)CCC43*)C2C1*,14,8,Ring,--------
*C1C=CC(*)C(*)OC(=*)C=CC=CC=CC=CC2OC(CC2*)C(*)C(*)CC(*)CC(*)CC(*)CC(*)CC(*)C1,14,12,Ring,---=--------
*C1CS(=*)(=*)N(*)C1=*,14,5,Ring,-==-=
*C1=CC=CC(*)C(*)C(*)C(*)C(*)C(*)C(*)C(*)C=COC2(*)Oc3c(*)c(*)c4c(*)c(cc(*)c4c3C2=*)NC1=*,14,16,Ring,--------------==
*c1ccc2c(c1)OCC(*)(*)C2*,14,4,Ring,----
*C1(*)CCOC1=*,14,3,Ring,--=
*c1cc(*)c2c(*)c3c(c(*)c2c1)OC(*)(*)CC3=*,14,7,Ring,------=
*c1cc2c(nc1*)NCCC2*,14,3,Ring,---
*C1CCC2CC(CSSCC1*)C(*)CC2*,14,4,Ring,----
*C1CC2(*)C3CCC(*)(*)C=C3CCC2C(*)(*)C1*,14,7,Ring,-------
*c1ccc2c(c1)C(*)Cc1c3c(c4c(c1-2)OC(*)CC4)OC1c2ccc(*)c(c2)OCCC#CC(*)C1(*)C3,14,6,Ring,------
*C1Cc2c([nH]c3ccccc23)CN1,14,1,Ring,-
*C1CCC(*)(*)C1=*,14,4,Ring,---=
*C1=Nc2nc(*)ccc2C(=*)N1,14,3,Ring,--=
*c1cc(*)c2ccccc2c1,14,2,Ring,--
*C1=C(*)C(=*)c2ccc3occc3c2O1,14,3,Ring,--=
*c1cc2c3cc1CC1OC(=*)C(=CC(*)Cc4cccc(c4)CC4CC(CCC4=*)C1(*)*)CC(*)C#CC3CC(=*)O2,14,8,Ring,-=-=---=
*C1NC(=*)C(*)N(*)C(=*)C(*)N(*)C(=*)C(*)N(*)C(=*)CN(*)C(=*)C(*)N(*)C(=*)C(*)N(*)C(=*)C(*)NC(=*)C(*)N(*)C(=*)C2CC3(*)c4ccccc4N(*)C3N2C(=*)CN(*)C(=*)C(*)N(*)C1=*,14,32,Ring,-=--=--=--=-=--=--=-=--=--=-=--=
*C1=NCCCC(*)C(*)CCC(*)CCCC1*,14,5,Ring,-----
*c1ccc2c(*)c3ccoc3[nH+]c2c1*,14,3,Ring,---
*C1=CCC=C(*)C(*)CC2CCC(*)(OC(=*)C2=*)C(*)CC1,14,7,Ring,----==-
*c1ccc2c(c1*)C(=*)C1C(=*)CC(*)C(*)C1(*)O2,14,7,Ring,--==---
*C1=C(*)C2(*)CCC3CC(*)(*)CCC3(*)C2CC1=*,14,7,Ring,------=
*C1=CC(*)C2(*)CCC(=*)C2C(*)CC2(*)OC2CC1,14,6,Ring,---=--
*C1=CC2(C=C(*)C3CC(=*)C(*)=CC3O2)OC(*)C1,14,5,Ring,--=--
*C1C(=*)C=CC2C(*)(*)CCCC12*,14,5,Ring,-=---
*C1CCC2(*)C3CCC4(*)C(*)CC(=*)C4C3C(*)C(*)C2C1*,14,8,Ring,----=---
*C1=C2CCCN(*)C2CC(*)C1,14,3,Ring,---
*c1cc(*)c2c(c1)C1c3c(c(*)c(*)c4c3C(C2*)C(*)C4*)OC1*,14,8,Ring,--------
*C1CCC2(*)C3CCC4C(=*)COC4C3=CCC2C1(*)*,14,5,Ring,--=--
*C1CC(*)C(*)C(*)C=CC(=*)OC(*)C(*)(*)C2OC2C=CC1=*,14,9,Ring,----=---=
*C1CC23C(CC1(*)*)OC(*)(C=CC2(*)*)C3(*)*,14,8,Ring,--------
*C1CCC2(*)C(CCC3(*)C2CCC3(*)*)C1(*)*,14,7,Ring,-------
*C1=NC(=*)N(*)CC1,14,3,Ring,-=-
*C1CC2(*)C(=C3CC(*)(*)CCC31*)CCC1C3(*)CCC(*)C(*)(*)C3CCC12*,14,10,Ring,----------
*=C1CCCC2C3CCCN4CCCC(CN12)C34,14,1,Ring,=
*C1=CCC2(*)C(=*)CC(*)C3C(=*)C(=*)OC3C12,14,6,Ring,--=-==
*c1c(*)c(*)c2c(c1*)CCC(*)O2,14,5,Ring,-----
*C1=Nc2ncn(*)c2C(=*)N1,14,3,Ring,--=
*c1ccc2[nH]c3c(c2c1)CCNC31C(=*)N(*)c2ccccc21,14,3,Ring,-=-
*C1=NCCC1=*,14,2,Ring,-=
*c1c2c(cc3occc13)OC1(C=C2)OC(*)C(*)(*)O1,14,4,Ring,----
*C1C(=*)C2CCC13C1CC4C5(*)CCCC4(C(O1)N(*)C5)C3C2,14,4,Ring,-=--
*C1C=CC(*)(*)C(*)C(*)CC(=*)C(*)C2C(*)C(*)(*)CC2(*)C1=*,14,12,Ring,-----=-----=
*c1ccc2c(c1)CC#CC1C3(CC4CCC(*)C1(*)C4C(*)(*)O3)C1CC(C2)CC2(CCCC2)C1,14,5,Ring,-----
*c1c(*)[n+](*)c(*)n1*,14,5,Ring,-----
*c1ccc2c(c1*)OC(*)C2,14,3,Ring,---
*C1C#CC2C=CC(*)CC(*)C2C(*)CCC(*)C1,14,5,Ring,-----
*C1=C(*)C(*)C(*)(*)C1=*,14,6,Ring,-----=
*C1=C2C(*)(*)OC3CC(=*)OCC23C2CCC3(*)C(*)OC(=*)C4OC43C2(*)C1=*,14,9,Ring,---=--=-=
*C1=NC(=*)C(=*)N(*)C1=*,14,5,Ring,-==-=
*N1C=Nc2c(ncn2*)C1=*,14,3,Ring,--=
*C1CC2c3c(c4ccccc4n3*)CC(C1*)N2*,14,4,Ring,----
*C1C2(*)CN3CC1(*)CN(C2)C31CCOC(*)(*)C1,14,5,Ring,-----
*C1CC(=*)c2ccc3c(c2O1)CCC(*)(*)O3,14,4,Ring,-=--
*C1CC2(*)C3CCC4C(*)C(=*)C=CC45CC35CCC2(*)C1*,14,6,Ring,---=--
*C1=CC2OC(=*)C(*)C2(*)C(*)C2C(*)(*)C(*)CC(*)C2(*)C(*)C=C1,14,11,Ring,-=---------
*C1=CC(=*)Oc2ccc3ccccc3c21,14,2,Ring,-=
*C1=NN2C(C1)c1ccccc1OC21CCOC(*)(*)C1,14,3,Ring,---
*C1CCC2CCCC1C2*,14,2,Ring,--
*c1ccc2cc3c(c(*)c2c1*)C(=*)CC(*)(*)C3,14,6,Ring,---=--
*C1CC2(*)C(C1*)C(*)C13C(*)CC4C(C1C(*)(OC3*)C2*)C4(*)*,14,10,Ring,----------
*C1CC(*)C(*)(*)CC1=*,14,5,Ring,----=
*C1=CC=CC(*)C(*)C(*)=CC(*)C(*)C(*)CC(*)Cc2c(*)c(*)cc(c2*)NC1=*,14,12,Ring,-----------=
*C1=CCCC2(*)CC3OC(=*)C(=*)C3CC12,14,4,Ring,--==
*C1CC(*)C2(*)OC3CC4(*)C(CCC5C4CC(*)C4(*)C(*)CCC54*)CC3OC2O1,14,8,Ring,--------
*c1cc(*)c2c(c1*)OC1(C(=*)C3=C(CC1*)NC1=C(C(=*)NC(=*)N1)C3*)C2=*,14,9,Ring,---=-==-=
*c1ccc2c(c1)OCCCCO2,14,1,Ring,-
*C1CC2C(=*)C(*)C3(C2*)C1C12CCCC(*)(*)C1C(*)C3(*)OC2*,14,9,Ring,-=-------
*C1=CC(=*)Nc2cc(*)ccc21,14,3,Ring,-=-
*c1cc2c(=*)n(*)c3c(*)c(*)c(*)c(n1)c23,14,6,Ring,-=----
*c1ccc2c(=*)[nH]c(=*)c2c1,14,3,Ring,-==
*C1C=C2C3CC(*)(*)C(=*)CC3(*)CCC2(*)C2(*)CCC3C(*)(*)C(=*)CCC3(*)C12,14,11,Ring,---=-----=-
*N1CCN2C(=*)CNC(=*)C2C1,14,3,Ring,-==
*c1ccc2c3c1OC1(*)C4(*)C=CC5(CC4*)C(C2*)N(*)CCC351,14,6,Ring,------
*C1CCC23CC24CC(*)C2(*)C(*)CC(*)C2(*)C4CCC3C1(*)*,14,8,Ring,--------
*C1=CC=CC2(*)OC2C2OC(=*)C(=*)C2C(*)C1*,14,6,Ring,--==--
*c1ccc2cc1Cc1cc[nH]c1NCC1=Cc3[nH]ccc3C(*)C1C(=*)C(*)C(=*)CCc1cc(*)c(*)c(c1)C2,14,7,Ring,--=-=--
*C1CSSCC2CC(C(*)C(*)CC(=*)C(*)(*)C1)C1(*)CCC3C(=CC(=*)C4CC(*)C(*)CC43*)C21*,14,12,Ring,---=---=----
*c1cc2c3c(c1*)CCC1=CC[N+]4(*)C(*)Cc5cc(*)c(*)c-2c5C4C13,14,6,Ring,------
*C1NC(=*)CNC(=*)CNC(=*)C(*)NC(=*)C(*)N(*)C(=*)C(*)NC(=*)C(*)NC(=*)C(*)C(*)OC(=*)C(*)NC1=*,14,18,Ring,-===-=--=-=-=--=-=
*C1C=CC=CCC(*)CC(=*)CCC=CCCCC(*)OC(=*)C=CC=CC1,14,5,Ring,--=-=
*c1ccc2c(c1)C=CNC2*,14,2,Ring,--
*c1cc2c(cc1*)C1OC(*)c3c(ccc4c3OCO4)C1N(*)CC2,14,4,Ring,----
*C1OCC2C(=*)CCC3C(*)(CCCC23*)COC(=*)C(*)C(*)OCC2C(=*)CCC3C(*)(CCCC23*)COC(=*)C1*,14,12,Ring,-=--=--=--=-
*C1CC#CCCC2C=CC(=CC1)c1ccccc12,14,1,Ring,-
*c1cc2c(c(*)c1*)OC1c3cc(*)c(*)c(*)c3OCC21,14,6,Ring,------
*C12CCC(=*)C=C1CCC1C2=CCC2(*)C1CCC2(*)*,14,5,Ring,-=---
*C1=CC=CC(*)C(*)C(*)C(*)C(*)C(*)C(*)C(*)C=COC2(*)Oc3c(*)c(*)c4c(*)c(c(*)c(*)c4c3C2=*)NC1=*,14,17,Ring,---------------==
*C1=C(*)C2C(CC3C4CC=C5CC(*)CC(*)C5(*)C4CCC32*)O1,14,6,Ring,------
*C1=C(*)C(*)C2C(C1)OC(=*)C21CC23C(=C(*)C1C2*)CC1C(=*)C(=*)OC1CC3*,14,9,Ring,---=--==-
*c1c2c(cn1*)N(*)C(=*)N(*)C2=*,14,6,Ring,---=-=
*c1nc(=*)c(*)nc1=*,14,4,Ring,-=-=
*C1CCCCNC(=*)C(*)NC(=*)CN(*)C(=*)C(*)NC(=*)C(*)NC1=*,14,10,Ring,-=-=-=-=-=
*C1CCC(*)(*)C2CCC(*)(O2)C(*)CC2CCC1(*)OC(=*)C2=*,14,8,Ring,------==
*C1=Cc2cc(*)c(*)c(*)c2C(=*)C(*)=C1,14,6,Ring,----=-
*C1=CC=CC(*)C2(*)CC(OC(*)=N2)C(*)C2OC2(*)C(*)CC(=*)N(*)c2cc(cc(*)c2*)C1*,14,12,Ring,-------=----
*C1C(=*)OC2CCN3CC=C(COC(=*)C(*)(*)C1*)C23,14,6,Ring,-==---
*C1CNC(=*)C(*)NC(=*)C=Cc2csc(n2)C(*)NC(=*)C(=*)C(*)NC(=*)C(*)NC1=*,14,11,Ring,-=-=-==-=-=
*C1=CC=CCC1,14,1,Ring,-
*C1CCCCCC(*)C(=*)C(*)CC(=*)O1,14,5,Ring,--=-=
*C1CCC(=*)NC(*)C(=*)NC(*)C(=*)NC(*)C(=*)NC(*)C(*)C(=*)NC(*)C(=*)NC(*)C(*)C(=*)N1,14,16,Ring,-=-=-=-=--=-=--=
*C1CCC2(*)C(=CCC3C2CCC2(*)C3CC3OC4(OCC(*)CC4*)C(*)C32)C1,14,6,Ring,------
*C1CC2C(*)C(=*)N2C1*,14,4,Ring,--=-
*C1C=CC(*)C2(C(=*)OC(=*)C2*)C1*,14,6,Ring,--==--
*C1=CC(*)=CC(*)C(*)C(*)=CC(*)=CC(*)=CC(*)C(*)CC(*)OC(=*)C(*)=C1,14,12,Ring,----------=-
*C1=NCCS1,14,1,Ring,-
*C1CCC2(*)C(CCC3C2CCC2(*)C3CC3C2C(*)C2CCC(*)CN23)C1,14,5,Ring,-----
*c1ccc2c(c1)OCC1(*)c3ccc(*)cc3OC21,14,3,Ring,---
*C1=CC2N(c3ccc(*)cc31)C(*)C(*)C21C(=*)Nc2ccccc21,14,5,Ring,----=
*C1=C(*)C(=*)c2c(*)c3c(c(*)c2O1)OC1C3CCCC1(*)*,14,7,Ring,--=----
*C1C(*)C2CNC3CC(=*)CC4c5cc[nH]c5C(C1*)C2C34,14,4,Ring,--=-
*C1C2C(*)(*)CCCC2(*)C2CCC3C(=*)OC4OC(*)C2(C1*)C43,14,7,Ring,----=--
*c1cc(*)c2c(c1)C(*)(*)CC2,14,4,Ring,----
*C1=CC(*)C2CCCCC23N=c2ccc(=*)cc2N13,14,3,Ring,--=
*C1=C(*)C2C3=CCC4C5(*)CCC(*)C(*)(*)C5CCC4(*)C3(*)CCC2(*)CC1,14,9,Ring,---------
*c1ccc2c(c1)c1c3n2CCNC3CCC1,14,1,Ring,-
*C1CN(*)CC2C(*)CCC12,14,3,Ring,---
*c1ccc2c3c(ccc2c1)Nc1cc(ccn1)C1(CCCC1*)C(*)C(=*)CC(*)CC3,14,5,Ring,---=-
*c1cc(*)c2c(c1)OC(=*)C21c2c(*)cc(*)cc2OC1*,14,6,Ring,--=---
*C1CCC2(*)CCCC(*)C2C1*,14,4,Ring,----
*C1C=CC2CC3(*)C(*)CCC3(*)C3C(=*)C(=*)C4CC(*)C(*)CC4(C1)C23,14,8,Ring,----==--
*c1cc2c(cc1*)C1Oc3c(ccc(*)c3*)C1CO2,14,4,Ring,----
*C1=C(*)C2=C3CCC(=*)C(C3)c3cc4cc[nH]c4cc3CCC(*)COc3c4c(c(*)c(c32)O1)OC(*)C4,14,6,Ring,--=---
*c1cc2c(cc1*)C1CCC(=C2)C(=*)CC(=*)CCC(*)CSSC(*)c2cc1cnc2*,14,7,Ring,--==---
*C1CCC(*)c2[nH]cnc21,14,2,Ring,--
*C1CC2(*)C(C(*)CC3C4(*)CCC(*)C(*)(*)C4CCC32*)C2(*)CCC(*)(*)C12,14,11,Ring,-----------
*C1=C(*)C(*)n2nnnc2N1,14,3,Ring,---
*C1NC(=*)C(*)NC(=*)C2CCCN2C(=*)C(*)NC(=*)C2CCCN2C(=*)C(*)NC(=*)C(*)NC1=*,14,12,Ring,-=-==-==-=-=
*C1=CCC(=*)OC23C(=*)NC(*)C2C(*)C2(*)OC2C3C=CCC(*)C1=*,14,8,Ring,-==----=
*C1C(=*)CN(*)C1*,14,4,Ring,-=--
*C1Cc2cn(c3ccccc23)C(*)C(=*)NC(*)C(=*)NCC(=*)NC(*)C(=*)N1,14,8,Ring,--=-==-=
*C1CC23CCC4C(*)(*)C(*)CCC4(*)C2CCC1C3,14,5,Ring,-----
*C1CC2(CCC3(O2)C(*)CC2OC(=*)C4(*)C(=*)CCC3(*)C24)CO1,14,6,Ring,--=-=-
*C1OC(=*)C2OC23C(*)(*)C=CCC13*,14,5,Ring,-=---
*N1C(=*)C(*)(*)C(=*)N1*,14,6,Ring,-=--=-
*c1ccc2c(c1)N(*)C(=*)C21CC2C3COC1CC3C(=*)CN2*,14,5,Ring,--==-
*C1CCC2C(*)CCCC12,14,2,Ring,--
*C1CC23OC1(*)CC(=*)C2CCC3*,14,4,Ring,--=-
*C1C(*)C(*)(*)C(*)(*)C1(*)*,14,8,Ring,--------
*C1=CC2(*)CCCC(*)(*)C2CC1*,14,5,Ring,-----
*C1C(=*)CC(=*)C2C1(*)CCC1C2(*)CCC2(*)C3CC(*)(*)CCC3(*)CCC12*,14,10,Ring,-==-------
*C1CNC=Nc2c1ncn2*,14,2,Ring,--
*c1cccc2c1Oc1c(*)c(*)c(*)c(*)c1C2=*,14,6,Ring,-----=
*C1OC2(*)CC3OC4CC5OC6CCC7OC8CC9OC(*)C(*)(*)CCC9OC8(*)CC7(*)OC6CC=CC(*)C5OC4(*)C(*)C3OC2CC1=*,14,11,Ring,----------=
*C1CC=C2C1(*)CCC1C3(*)C=CC(=*)OC(*)(*)C3CC(*)C21*,14,8,Ring,---=----
*C1CC2(*)C(CCC3C2CCC2(*)C3CCC2(*)*)CC1=*,14,6,Ring,-----=
*c1nc2cccc(*)c2o1,14,2,Ring,--
*C1C(*)C(*)(*)C(=*)N1*,14,6,Ring,----=-
*c1cccc2c1C(=*)OC(*)C2*,14,4,Ring,-=--
*C1=COC(*)C2C(*)CC(*)C12*,14,5,Ring,-----
*C1NC(=*)C(*)NC(=*)C(*)NC1=*,14,6,Ring,-=-=-=
*c1cc(*)c2c(c1*)N(*)c1c(*)cccc1C2=*,14,6,Ring,-----=
*c1cc2c(c(*)c1*)Oc1cccc(*)c1C2=*,14,5,Ring,----=
*C1CCC2(*)C3=C(CCC2C1(*)*)C1(*)CCC(*)C1(*)CC3=*,14,8,Ring,-------=
*C1=CC=C2C3=C(*)CCC3(*)CCC2(*)C(*)C1,14,5,Ring,-----
*C1=CC[N+](=*)C1,14,2,Ring,-=
*C1OCC2OC(O1)C(*)C(*)C2*,14,4,Ring,----
*C1CC2(*)c3ccccc3NC2N1*,14,3,Ring,---
*C1=CC2C(=*)OC(*)=C2CC1,14,3,Ring,-=-
*C1=CC(=*)c2cccc(*)c2O1,14,3,Ring,-=-
*C1CC2(*)OC(*)C(O2)C1*,14,4,Ring,----
*C1CC2C(=*)CN3CCC4(c5ccccc5NC134)C2(*)*,14,4,Ring,-=--
*C1CC(=*)NC(*)C(=*)NC(*)C(*)C(=*)NC(*)CCC(=*)N(*)C(*)C(=*)NC(*)C(=*)NC(*)C(=*)N1,14,16,Ring,-=-=--=-=--=-=-=
*C1=CC(=*)c2cc3c(c(*)c2O1)OC1(CC(*)C=CC1*)C(*)C3,14,6,Ring,-=----
*N1C2=C(CCC2)C(=*)C2=C1CCC2,14,2,Ring,-=
*C1=C2C3OC(=*)C(*)C3(*)CCC2(*)CCC1*,14,6,Ring,-=----
*C1=COC(*)C2CN3CCc4c([nH]c5ccccc45)C3CC12,14,2,Ring,--
*C1=CC2CC(*)CC(*)C2C(*)(*)C1*,14,6,Ring,------
*C1CC=CC2C(*)C(=*)C(*)C3C(*)NC(=*)C23C(*)C2OC2C(*)(*)C1=*,14,10,Ring,--=--=---=
*C1C=CC(*)C(*)CC(*)OC(=*)C1,14,5,Ring,----=
*C1=C2C3=CCC4C5(*)CC(*)C(*)C(*)(*)C5CCC4(*)C3(*)CCC2(*)CCC1*,14,10,Ring,----------
*C12C=CC(*)(CC1)OO2,14,2,Ring,--
*c1cc2c(cc1*)C(*)CNC2,14,3,Ring,---
*N1CCC2(*)c3ccccc3N(*)C12,14,3,Ring,---
*C1CC2C(*)(*)C(*)CCC2(*)C2CCC(*)(*)C=C12,14,7,Ring,-------
*C1CC2OC(=*)C(=*)C2C(*)C(*)C2(*)OC1=CC2=*,14,7,Ring,-==---=
*C1CCCC(*)CC(*)C1,14,3,Ring,---
*C1CCC2(*)C3CCC4(*)C(*)CCC4C3=CC(*)C2C1,14,5,Ring,-----
*C1CC2(*)CCC3(*)C4CCC5(*)C(*)C(=*)CCC5C4(*)CCC3(*)C2CC1(*)*,14,10,Ring,-----=----
*C1CC2CC1OC(=*)C2(*)*,14,4,Ring,-=--
*c1ccc2c(c1*)C(*)CC(*)C2,14,4,Ring,----
*C1=CC=CC(*)C(*)C(*)=CC(*)C(*)C(*)CC(*)Cc2c(*)c(=*)c(*)c(c2=*)NC1=*,14,13,Ring,---------=-==
*c1cccc2c(=*)c3c(c(=*)c12)C(=*)C1=C3C(*)C(*)C(*)(*)C1*,14,9,Ring,-===-----
*c1nc2cc(*)c(*)cc2[nH]1,14,3,Ring,---
*c1ccc2c(c1)C1(*)CCCC(*)(*)C1CC2,14,4,Ring,----
*C1=C(*)C(=*)C23COc4c5c(cc(c42)C(*)C(*)C(*)(*)C(*)C3=C1)OCO5,14,8,Ring,--=-----
*C1CC2(*)C3CCC4CC3(CCC2C(*)(*)C1*)CC4(*)*,14,7,Ring,-------
*c1cc2c(c(*)c1*)C(=*)C1(*)CC(*)C(*)(*)OC1(*)C2=*,14,10,Ring,---=-----=
*C1=CC=C(*)C(*)C(*)C2(*)OC2CCC(*)=CCC1,14,6,Ring,------
*C1CC2C(*)(*)C(*)CCC23CC32CCC3(*)C(*)CCC3(*)C12,14,7,Ring,-------
*C1=CC(*)C2C1C1OC(=*)C(*)(*)C1C(*)CC2(*)*,14,8,Ring,--=-----
*c1cc2cc(c1)N1CC3(CCC(*)C3*)C3(C1=*)C(*)CCCC3CSSC(*)C13CC(*)C(*)(*)CC1(*)C1CC4C=CCC(*)(*)C5CCC(*)(C1=CC3=*)C45CC2,14,14,Ring,---=---------=
*C1=CC(*)C2CC3(CC(*)NC4C3CC3CCCC35CCC36CCCC3C=CC(*)C6C45*)CC1N2,14,5,Ring,-----
*C1CCC2(*)C(CC(*)C3(*)C2CCC2(*)C(*)OC(=*)C4OC423)C1(*)*,14,9,Ring,------=--
*c1cn2c(n1)SCC2,14,1,Ring,-
*C1CC2(*)C(CCC3C(*)CC(*)C(*)C32)C(=*)O1,14,6,Ring,-----=
*C1NC(=*)C23CCCC2C#CC2C=C4C5CC(*)(*)CCC5(*)C5CNc6nc[nH]c6CC5C4(*)C4(*)CCC5C(*)(*)C(*)C(*)C(CC13)C5(*)C24,14,12,Ring,-=----------
*C1CC2(OC3CC4(*)C5=CCC6C(*)(*)C(*)CCC67CC57CC(*)C4(*)C13)OC(*)C1(*)OC21,14,9,Ring,---------
*C1=CC(*)NNC(=*)N1,14,3,Ring,--=
*C1=NCCN(*)C1,14,2,Ring,--
*c1ccc2cc(*)c(=*)c(=*)c2c1*,14,5,Ring,--==-
*C1C=CC23c4cc5c(cc4COC2(*)CN(*)C3C1)OCO5,14,3,Ring,---
*C1NC(=*)CNC(=*)C(*)NC(=*)C(*)NC(=*)C2CCCN2C(=*)C(*)NC(=*)C2CCCN2C(=*)C(*)NC1=*,14,13,Ring,-==-=-==-==-=
*C1=C(*)C(=*)c2c(*)ccc(*)c2O1,14,5,Ring,--=--
*C1=[N+](*)CCc2cc(*)c(*)cc21,14,4,Ring,----
*c1ccc(*)c2c1C(=*)OC2*,14,4,Ring,--=-
*C1CC2C3(CC1C(=*)C3*)C1CC3C4(*)CCC(*)C32C1[N+](*)(*)C4,14,7,Ring,-=-----
*C1(*)CCOC2(CCCCC2)C1,14,2,Ring,--
*c1cncc(*)c1*,14,3,Ring,---
*c1ccc2c(ccc3cc(*)cc(*)c32)c1,14,3,Ring,---
*C1CC=CCC(*)C(*)OC1*,14,4,Ring,----
*C1CC(*)OC2(C1)CC1OC(=*)C=CC1O2,14,3,Ring,--=
*C1=CN(*)C=CC1=*,14,3,Ring,--=
*C1=CC=C(*)N(*)C1=*,14,4,Ring,---=
*C1CCC2(*)C(CCC3(*)C2CC(*)C24OC(=*)C5(CCC(*)(*)CC52)CCC34*)C1(*)*,14,10,Ring,----=-----
*C1=C2C=CC(*)(*)C2C2OC(=*)C(=*)C2C(*)C1,14,6,Ring,---==-
*C1CC23C(OCCCC2C(=*)CCC3(*)*)O1,14,4,Ring,-=--
*C1=CCCC(*)C=CC(*)CC1,14,3,Ring,---
*c1ccc2c3c(n(*)c2c1)C(*)N1C(=*)C2CCCN2C(=*)C1(*)C3*,14,7,Ring,---==--
*C1CCC2(*)C1CCC1(*)C2CCC2C3(*)CCC(=*)C(*)(*)C3CCC21*,14,8,Ring,----=---
*C1=CC(*)C2C(C1)c1cc(*)ccc1OC2(*)*,14,5,Ring,-----
*c1cccc2c1C(=*)OC(*)CC(*)C1OC1C(*)C=C2,14,5,Ring,-=---
*C1C(=*)OC2=CCCN3C(*)C4CC5(CCCC5)C(*)C4CC3C21,14,4,Ring,-=--
*c1coc2c1C(*)C1(*)C(*)C(*)CC3OC31C2,14,5,Ring,-----
*C1CC2(CC3(CO2)C2CC(*)C(=*)C3C2)OC1=*,14,4,Ring,--==
*C1COC(*)C(*)CO1,14,3,Ring,---
*c1cn2c3c(c[nH]c13)CCC(*)(*)C1=C3C(C2)C(*)C2C(*)(CCC4C5(CCCC(*)C5)C(=*)C5c6cc[nH]c6C6CCC5(C6)C42*)C3(*)CC1=*,14,10,Ring,------=--=
*C1CCC2CCCC(*)C2C1*,14,3,Ring,---
*C1=COc2c(c(*)cc3oc(*)c(*)c23)C1=*,14,5,Ring,----=
*c1ccc2c(c1)C1C=CCC1C(*)N2,14,2,Ring,--
*C1=c2c(cc(=*)c3cc(*)c(*)cc23)C(*)(*)C1=*,14,7,Ring,-=----=
*C1=CC(=*)Nc2ccc(*)cc21,14,3,Ring,-=-
*C1=CC(=*)OCC23CC(*)C(*)=CC2OC2CC(OC(=*)C=CC=CC(=*)OCC1)C3(*)C21CO1,14,7,Ring,-=--==-
*C1CC2(*)OC2C(*)C2(*)C(*)CC(*)(*)C12,14,7,Ring,-------
*c1cc(*)c2c(c1)COC2=*,14,3,Ring,--=
*C1C=CC(*)C(*)OC(=*)C=CC=CC=CC=CC=CCC(*)C(*)C(*)CC(*)CC(*)CC(*)CC(*)CC(*)C1,14,12,Ring,---=--------
*C1=CC2=C(*)C(=*)C3(*)OC4(*)CC(*)OC(=*)C4C3C2=CO1,14,7,Ring,--=---=
*C1CCC2(*)C1CC(*)C1C34CCC(*)(OC3)C(*)(*)C4CCC12*,14,7,Ring,-------
*C1CC2=CC(=*)OC23CC1N1CCCC13,14,2,Ring,-=
*C1=C2OC(*)C(*)C(*)=C2C(=*)C(*)(*)C1=*,14,8,Ring,----=--=
*C1=CC(*)C2(*)C(=*)CC(*)C2(*)CC1,14,6,Ring,---=--
*C1(*)c2[nH]c3ccccc3c2CN2CCC1C(=*)C2,14,3,Ring,--=
*C1CCC2(*)C13CC(=*)C1(*)C(*)(OCC21*)C3*,14,7,Ring,--=----
*c1ccc2c(c1)C=CC(=*)CO2,14,2,Ring,-=
*C1=CC(*)C2CCCN2C1,14,2,Ring,--
*C1CCC2C3CCC4=CC(=*)CCC4(*)C3C(=*)CC12*,14,5,Ring,-=-=-
*C1C=CCCCCC1,14,1,Ring,-
*c1ccc2c(c1)N(*)C(=*)C(=*)S2,14,4,Ring,--==
*C1=C(*)C2CC(*)(*)CCC2(*)CC1,14,5,Ring,-----
*C1C=CC=CCC2OC(CC2*)C(*)CC2OC(=*)C(*)(C(*)CC3CC(*)CC(C1)O3)C2*,14,8,Ring,---=----
*C1=Nc2ccccc2N2C(=*)c3c(ccc(*)c3*)C2C1,14,4,Ring,-=--
*C1CC2(*)C3CCC4C(*)(CCC5C(*)(*)C(*)CCC45*)CC3=CC(=*)C2C(*)(*)C1*,14,11,Ring,-------=---
*C1CC2C(=*)C(=*)C34C2OC2OC3(*)C(*)C3C(*)(*)CCCC23C14,14,7,Ring,-==----
*C1CC2C(*)(*)C(*)C(*)CC2(*)C(*)C1=*,14,8,Ring,-------=
*C1CC(=*)NC(*)C(=*)NC(*)C(=*)NC(*)C(=*)NC(*)C(=*)NC(*)C(=*)NC(*)C(=*)N2CCCC2C(=*)N1,14,15,Ring,-=-=-=-=-=-=-==
*C1CCC2C(=CC(=*)CC2(*)*)C1(*)*,14,6,Ring,-=----
*C1CC(=*)C2(*)C=CC(*)(*)C2C2OC(=*)C(=*)C12,14,7,Ring,-=---==
*C1=NCSSCC2CCCC2(*)C(=*)C=CC(*)C2(CCCC2)c2cc(*)c(*)c(c2)N1,14,6,Ring,--=---
*N1CN(*)C(*)(*)C1=*,14,5,Ring,----=
*C1C(=*)OC(*)C2(*)CCC3C(=C12)C(*)C1(*)C(*)C2(*)CC1(*)C3(*)C2*,14,11,Ring,-=---------
*C1NCCc2nc[nH]c21,14,1,Ring,-
*C1CC(*)C(*)C(*)C(=*)OC(*)C(*)(*)C=CC1=*,14,9,Ring,----=---=
*C1=CC2C(=CCC3C2(*)C(=*)CC2(*)C4C(CC32*)OC(*)CC4(*)*)C(*)(*)C1=*,14,11,Ring,--=-------=
*C1=C2CC(*)C(=*)C2C2OC(=*)C(=*)C2CC1,14,5,Ring,--===
*c1ccc2oc3ccccc3c2c1,14,1,Ring,-
*c1cc(*)c2c(*)cc(*)cc2c1,14,4,Ring,----
*N1C=CC(=*)c2ccccc21,14,2,Ring,-=
*C1CCC(*)(*)C2CC(*)(*)CCC12*,14,6,Ring,------
*C1=Cc2cc3c(cc2OC1=*)OC1(C3)C2C(=CCC1(*)*)CSSC1CC(*)C(*)C3CN(C(=*)Cc4cnc(*)cc42)C13,14,8,Ring,-=----=-
*C1=CN=C2C=CC=CC12,14,1,Ring,-
*C1=NC(=*)C(*)(*)N1,14,4,Ring,-=--
*C1=NCCN1*,14,2,Ring,--
*C1CC(*)(*)C23C=CC(*)(OO2)C3C2OC(=*)C(=*)C12,14,6,Ring,----==
*c1ccc2c(c1)C(*)C1C(*)(*)CCCC21*,14,5,Ring,-----
*C1=CCCC2C1(*)CCC1C2(*)CCC2(*)C3CCC(*)C3(*)CCC12*,14,7,Ring,-------
*c1c(*)c2c(c3c1OC(*)CC3*)OC1(*)C(*)C(=*)C3=C(OC(*)CC3*)C21*,14,10,Ring,------=---
*C1=CCCC2=CC(CC(*)=CC3OC(=*)C(=*)C3CC1)OC2=*,14,5,Ring,--===
*C1=C2CC(*)(*)C(*)CC(=*)C2CC1,14,5,Ring,----=
*C1CC2CC3C(*)(*)C(=*)C=CC13CC2=*,14,5,Ring,---==
*C1=CC(=*)CC(*)C12Oc1c(*)c(*)cc(*)c1C2=*,14,7,Ring,-=----=
*c1ccc2c(c1)CC(*)N2,14,2,Ring,--
*C1=CNC(=*)c2ccccc21,14,2,Ring,-=
*C1C#CCOC23CCC(*)C2(*)CCC2C3=CC(=*)C3CC(CCC32*)OC1,14,5,Ring,---=-
*C1CCN2C(CCC(*)C2*)C1,14,3,Ring,---
*c1cc2c(cc1*)C(*)C2,14,3,Ring,---
*C1=CC2c3cccc4[nH]cc(c34)CC2N(*)C1,14,2,Ring,--
*c1cc2c([nH]c3ccccc32)c2c1OC(*)(*)CC2*,14,4,Ring,----
*C1CC2CC3CC(CC3(*)*)c3cccc(c32)C1*,14,4,Ring,----
*c1cc(*)c2c(c1)OC1C(*)C#CCCOc3c(*)ccc4c3OC2C41,14,4,Ring,----
*C1=C2CC3C(=*)C(*)CCC3(*)CC2(*)OC1=*,14,6,Ring,-=---=
*C1=CCCC2(*)OC2CCC(*)=CC2OCC(*)=C2CC1,14,4,Ring,----
*C1C=COC(*)C1*,14,3,Ring,---
*C1=CCC(*)C(*)(*)C12CCC(*)(*)C(*)C2,14,7,Ring,-------
*C1COC(=*)c2csc(n2)C(*)OC(=*)C(*)C(*)OC(=*)c2csc1n2,14,7,Ring,-=-=--=
*C1=C(*)N2C(=*)C(*)C2C1*,14,5,Ring,--=--
*C1CCC2(*)C(=CCC3C4CC(*)CC4(*)CCC32)C1,14,4,Ring,----
*c1ccc2c(c1)CC(*)C(*)(*)N2,14,4,Ring,----
*C1=CC(*)C2C(*)(*)CCC2(*)CC1=*,14,6,Ring,-----=
*C1C2(*)CC34OC5(*)OC6(C(*)C(*)(*)CCC6(O5)C35COC(=*)CC25)C(*)C14*,14,9,Ring,------=--
*C1CCC2(*)C3CCC45CCCC4C2(*)C1NC35,14,3,Ring,---
*C1CCCC2(C1)c1cccc(c1)CC(*)C(*)CC=CCC2*,14,4,Ring,----
*C1CC2(*)C3C(=*)C1CC3C13C(*)CCC4(*)CN(*)C1C2(*)C(*)C43,14,8,Ring,--=-----
*c1ccc2c(c1)C1(Nc3ccccc3-c3nnc(*)nc3O1)C(=*)N2,14,3,Ring,--=
*C1=Nc2cc(*)c(*)cc2C(=*)N1,14,4,Ring,---=
*c1ccc2c3c1OCNCC(*)(*)CSSC3C=CC(*)(*)C2,14,5,Ring,-----
*C1CCC2(*)C(=CCC3C2CCC2(*)C3CC3OC4(NCC(*)CC4*)C(*)C32)C1,14,6,Ring,------
*C1C2CCC3C4(*)CCC(*)C(*)(*)C4CCC3(*)C2(*)CCC1(*)*,14,9,Ring,---------
*C1NC(=*)C2CCCN2C(=*)C(*)NC(=*)C2CCCN2C1=*,14,6,Ring,-==-==
*C1=CCCC2(*)OC2CC2C(=*)C(=*)OC2C1,14,4,Ring,--==
*C1CONC1=*,14,2,Ring,-=
*C1CCC2(*)C(C1)C(*)C(*)C1(*)C2CCC2(*)C(*)CC(*)C21,14,8,Ring,--------
*C1CC2CC1C(=*)C2(*)*,14,4,Ring,-=--
*C1=CC(=*)NC1,14,2,Ring,-=
*C1CC2(*)C(=*)CCC2C2=C1C1(*)c3c(coc3C2=*)C(=*)OC1*,14,7,Ring,--=-==-
*C1=CCC2(*)CCC3(*)C(CCC4C5(*)CCC(*)C(*)(*)C5C(*)CC43*)C2C1*,14,10,Ring,----------
*c1cc(*)c2c(c1)CC(*)CC2*,14,4,Ring,----
*c1ccc2c(c1)sc1nc(*)cn12,14,2,Ring,--
*c1cc(*)c2cc1OC(*)(*)C(*)NC(=*)C(*)NC(=*)C(*)C2*,14,10,Ring,-----=-=--
*C1=CC(*)C(*)C2OC(*)(CC(=*)OC(*)C1)CC(*)C2*,14,8,Ring,----=---
*C1OC2(*)CC(*)C3(*)C4(*)CCC5(*)C6CC(*)(*)CCC6(*)CCC5(*)C4CCC13C2*,14,11,Ring,-----------
*C1=[NH+]C(*)CCN1,14,2,Ring,--
*C1=[N+](*)c2ccc(*)cc2C1(*)*,14,5,Ring,-----
*C1=[O+]c2cc(*)c(*)c(*)c2C(=*)[CH-]1,14,5,Ring,----=
*C1=Cc2c(*)ccc3c2C(Cc2c4c(c5c(c2-3)OC(*)CC5)OC2c3ccc(*)c(c3)OC(*)CC#CC(*)C2(*)C4)C1*,14,8,Ring,--------
*N1N=CC(=*)NC1=*,14,3,Ring,-==
*[N+]1(*)CCOCC1,14,2,Ring,--
*C1CC2C(=*)CC3OC(=*)C(=*)C3CC2C1=*,14,5,Ring,-====
*C1C(=*)CC2CC1C2(*)*,14,4,Ring,-=--
*C1=CC2(*)C(=C(*)C1=*)CC1OC(=*)C(*)C3C4(*)OCC13C2C(*)C4*,14,9,Ring,---==----
*C1CC=CC2C(*)C(*)(*)C(*)C3C(*)NC(=*)C23C(*)C2OC2C(*)(*)C1=*,14,11,Ring,------=---=
*C1=Cc2c(*)ccc3c2C(Cc2c4c(c5c(c2-3)OC(*)CC5)OC(*)C(*)C4)C1*,14,6,Ring,------
*c1cc(*)c2c(c1)SC(=*)O2,14,3,Ring,--=
*C1CN(*)C2Cc3c([nH]c4ccccc34)C(=*)CC1C2*,14,4,Ring,--=-
*c1c(*)c2c(c(=*)c1*)=COC(*)C2*,14,6,Ring,--=---
*C1CC(=*)C(*)(*)C(*)(*)C1,14,6,Ring,-=----
*C1=CC(=*)N(*)C(*)=N1,14,4,Ring,-=--
*C1=CC(=*)c2c(*)c3c4c(c2O1)C1c2ccnc(*)c2C(CCc2ccc(*)cc2C1*)C1CCc2c(cnc5c2CCC(*)N5)CC1C(*)(O4)C(*)C3,14,9,Ring,-=-------
*c1ccc2c3c1OC1CC(*)C=CC31CC[N+](*)(*)C2,14,4,Ring,----
*C1CSSCC2CC(C(*)C(*)CC(=*)C(*)(*)C1)C1(*)CC(*)C3C(=CC(=*)C4CC(*)C(*)CC43*)C21*,14,13,Ring,---=----=----
*C1=CCC2C(*)(*)CC(*)C(*)C23C(=*)OC(*)C13,14,7,Ring,-----=-
*C1OC(=*)C=C2C1(*)CCC1C3(*)CCC(=*)C(*)(*)C3CC(*)C21*,14,9,Ring,-=--=----
*C1C2C=CC(C2)C1*,14,2,Ring,--
*c1c2c(cc3c(=*)c4c5c(cc(*)c4c(=*)c13)C1(*)OC(O5)C(*)C(*)C1*)C(*)C(*)(*)CC2*,14,12,Ring,-=-=--------
*C1CCCC2CCC(*)N12,14,2,Ring,--
*C1CC2OC3(CC4(*)C5C(*)CC6C(*)(*)C(*)CCC67CC57CCC4(*)C13)OC2*,14,8,Ring,--------
*C1CC2=CCC3(*)C(CC(*)C4(*)C3CCC35CC34CCC5*)C2(*)CO1,14,6,Ring,------
*C1CC2(*)COC(=*)C(=*)C2C(*)C1*,14,6,Ring,--==--
*C1CCC2(*)CCC3(*)C(CCC4C5(*)CCC(*)C(*)(*)C5CC(*)C43*)C12,14,9,Ring,---------
*C1CCC2(*)C(=CCC3C2CCC2(*)C(*)(*)CCC32*)C1,14,6,Ring,------
*C1=CC2(CCC(*)(*)C2)C(*)CC1,14,4,Ring,----
*C1=CC=CC(=*)OC(*)CC(*)=CC2CC(=*)CC(CC=CC(=*)C1)O2,14,6,Ring,-=--==
*C1CC(*)CC(*)C(*)C(*)C=CC(*)C(*)OC(=*)C=CC(*)C(*)CC(*)C(*)C(*)CCC(*)C(*)CC2(*)OC(C1)CC(*)C2*,14,18,Ring,-------=----------
*C1(*)C=CC(=*)C(*)(*)O1,14,5,Ring,--=--
*C1CC2(*)CC3CC34C(=CCC3C5(*)CCC(*)C(*)(*)C5CCC34*)C2CC1(*)*,14,9,Ring,---------
*C1CCCCCCCCCCC1,14,1,Ring,-
*C1CC(*)C2CC2C2=C(COC2=*)C1*,14,4,Ring,--=-
*C12CC3C4COC1CC4C(=*)CN3C2=*,14,3,Ring,-==
*C1CC2(*)C3C(*)C1CC3C13C(*)CCC4(*)C=NC1C2(*)C(*)C43,14,7,Ring,-------
*C1=C(*)N(*)C(=*)N1,14,4,Ring,---=
*c1cc2ccncc2c(*)c1*,14,3,Ring,---
*C1=C2C(CC3CCC(*)C(*)C3(*)C2*)OC1=*,14,6,Ring,-----=
*C1CC2CC(*)C(C1)N2,14,2,Ring,--
*C1=NC(=*)C(*)(*)C(=*)N1*,14,6,Ring,-=--=-
*C1=CC(=*)C(*)OC1*,14,4,Ring,-=--
*C1=C2C(*)CC2(*)C2CC(*)(*)CC2C1*,14,6,Ring,------
*c1c2cc3c(c1*)OC(=*)CC3C#CC(*)CC1=CC(*)Cc3cccc(c3)CC3C(=*)CC4CCC5C6CCCCC6C(*)(C(C2)OC1=*)C4C35,14,8,Ring,--=--=-=
*C1=CCC2(*)C(CCC3C4CCC(*)C4(*)CCC32)C1=*,14,5,Ring,----=
*c1c2[nH]c3ccccc3c2cc[n+]1*,14,2,Ring,--
*C1=CC(=*)C(*)C(*)O1,14,4,Ring,-=--
*c1cccc2c1C(=*)c1c(*)c(*)c(*)c(*)c1O2,14,6,Ring,-=----
*c1nc2c(*)c(*)ccc2o1,14,3,Ring,---
*C1CCC(=*)N(*)C1*,14,4,Ring,-=--
*C1CCCCCC(*)C1,14,2,Ring,--
*C1c2ccoc2CC2C1CCC1(*)C(*)(*)CCCC21*,14,5,Ring,-----
*C12C=CC(=*)CC1CCC1C2CCC2(*)C1CCC2(*)*,14,5,Ring,-=---
*C1=COc2c(ccc3oc(*)c(*)c23)C1=*,14,4,Ring,---=
*C1=C(*)C(*)(*)C(=*)C(*)C1=*,14,7,Ring,----=-=
*C1CCC2(*)c3cc4c5ccccc5n(*)c4cc3CCC2C1(*)*,14,5,Ring,-----
*C=CC=CC=CC=CC=C(*)C,14,2,Linker,--
*NC(*)CC,14,2,Linker,--
*CN(O)C(*)*,14,3,Linker,---
*OC(COC(C)=O)C(*)OC(C)=O,14,2,Linker,--
*C(=O)OCC(*)O,14,2,Linker,--
*COCC(O)C*,14,2,Linker,--
*OC(=O)C(C)CCCC(C)(C=C)O*,14,2,Linker,--
*NC(=O)C(*)C(=O)O,14,2,Linker,--
*C(=O)C(*)C(*)*,14,4,Linker,----
*OCCCO*,14,2,Linker,--
*CCC(CO)O*,14,2,Linker,--
*C(=O)COC(=O)CCC(=O)NC(*)C(=O)O,14,2,Linker,--
*NC(=O)CNC(=*)C,14,2,Linker,-=
*CCNC(=O)C(CC(C)C)NC(*)=O,14,2,Linker,--
*C=CC(C)=CC=CC(C)=CC=CC=C(C)C=CC=C(C)C=CC=C(C)CCCC(C)(C)O*,14,2,Linker,--
*CC=C(C)CCC*,14,2,Linker,--
*CCC(=O)CN*,14,2,Linker,--
*CCCCCCCC(O)C(*)O,14,2,Linker,--
*NC(=O)C(NC(=O)C(CCC(=O)O)NC(=O)C(CC(C)C)NC(*)=O)C(C)CC,14,2,Linker,--
*CC(*)CCO,14,2,Linker,--
*C(=O)NC(C)(C)C(=O)NC(CC(C)C)C(=O)NC(C)(C)C(*)=O,14,2,Linker,--
*C=C(NC(*)=O)C(=O)NC(C)C(=O)O,14,2,Linker,--
*C(C)CCCC(*)C,14,2,Linker,--
*COC(=O)CC(=O)O*,14,2,Linker,--
*COC(=O)C(C*)NC(=O)OC(C)(C)C,14,2,Linker,--
*=C=CC(C)=CC=CC=CC=C(C)C=*,14,2,Linker,==
*C#CC(C)=CC=CC(C)=CC=CC=C(C)C=CC=C(C)C#C*,14,2,Linker,--
*NCCC(=O)N*,14,2,Linker,--
*CCCCC(O)CC(=O)CC*,14,2,Linker,--
*C=CC(=O)OCC(C*)C(C*)COC(=O)C=C*,14,4,Linker,----
*CC(O)CCCCCC(O)C(O)CCCC(*)O,14,2,Linker,--
*C(*)NC(=O)CCCC,14,2,Linker,--
*C(=O)NCCC(*)C(C)C,14,2,Linker,--
*COC(=O)O*,14,2,Linker,--
*CC(CC(O)C(O)CC(C)C)OC(=O)C(C*)N(C)C(C)=O,14,2,Linker,--
*C=C(*)C(=O)OC,14,2,Linker,--
*CCN(C*)C(*)=O,14,3,Linker,---
*CC(O)CCCCCC(O)C*,14,2,Linker,--
*COC(*)C*,14,3,Linker,---
*C=NNC(=O)CCC(=O)N*,14,2,Linker,--
*OCC(CO)O*,14,2,Linker,--
*C(*)NC(=O)C(C)C,14,2,Linker,--
*CC(NC(=O)CCC)C(=O)NC(CCC(=O)N*)C(=O)O,14,2,Linker,--
*C=CC=CC=CC(=O)O*,14,2,Linker,--
*C(=O)OC(CCC(C)(C)O)C(*)(C)O,14,2,Linker,--
*CC=C(C)CC=CC(C)=CC(C)C(*)O,14,2,Linker,--
*CC(OC(*)=O)C(=O)OC,14,2,Linker,--
*C=CC(=O)C=C*,14,2,Linker,--
*CC(NC(=O)C(*)*)C(=O)N*,14,4,Linker,----
*C(*)CC(=O)NCC(*)N(C)C,14,3,Linker,---
*CCNC(=O)CCN*,14,2,Linker,--
*C=CC(O)CO*,14,2,Linker,--
*NC(*)CC=CC(*)=O,14,3,Linker,---
*CC(NC(C)=O)C(*)=O,14,2,Linker,--
*C(=O)NC(C)(CC)C(=O)NC(CC(C)C)C(=O)NC(C)(C)C(*)=O,14,2,Linker,--
*CC=C(C)CCC(=O)NCC*,14,2,Linker,--
*OC(=O)C=C(*)O,14,2,Linker,--
*C(*)CNC(=O)CC(*)*,14,4,Linker,----
*C=[NH+]CCC(*)*,14,3,Linker,---
*C=CNC(=O)C(C)NC(*)=O,14,2,Linker,--
*OCC(O*)C(*)O,14,3,Linker,---
*C[S+](*)[O-],14,2,Linker,--
*CCCCCCCCCCC(C)O,14,1,Sub,-
*C(C)(O)C=CC(C)O,14,1,Sub,-
*=NOC(C)=O,14,1,Sub,=
*C#CC(=O)O,14,1,Sub,-
*NC(=O)CC(N)CCCNC(=O)CC(N)CCCNC(=O)CC(N)CCCNC(=O)CC(N)CCCNC(=O)CC(N)CCCN,14,1,Sub,-
*NC(C)=CC(C)=O,14,1,Sub,-
*C(C)(C)CN(C)C,14,1,Sub,-
*NC(=O)C(NC(=O)C(COS(=O)(=O)O)OC)C(C)C,14,1,Sub,-
*C(C)CC=C(CC)C(C)C,14,1,Sub,-
*CC=CCC=CCC(O)C(=O)OC,14,1,Sub,-
*C(CC(C)=O)OC(C)=O,14,1,Sub,-
*NC(=O)CCCCCCCC=CCC=CCCCCC,14,1,Sub,-
*C(C)CC=CC(C)=O,14,1,Sub,-
*CC(=O)NCC(=O)OC,14,1,Sub,-
*C(C)(O)C(O)CC(C)C(C)C,14,1,Sub,-
*[S+]([O-])CCNC(C)=O,14,1,Sub,-
*OCC(NC(=O)CCCCCCCCCCCCCCCCC)C(O)CCCCCCCCCCCCCCC,14,1,Sub,-
*OC(=O)CCCC(C)C,14,1,Sub,-
*C(CCC(=C)C)OC(C)=O,14,1,Sub,-
*C#CC#CC=CC,14,1,Sub,-
*CNCCCN(CCCC)CCCC,14,1,Sub,-
*NS(=O)(=O)CC(C)C,14,1,Sub,-
*C(O)CCC=C(C)C,14,1,Sub,-
*CC(OO)C(=C)C,14,1,Sub,-
*C(=O)NC(C=O)CCCN=C(N)N,14,1,Sub,-
*NC(CC(C)C)C(=O)O,14,1,Sub,-
*C(C)(C)OCC,14,1,Sub,-
*C(C)CCC=C(CO)C(=O)O,14,1,Sub,-
*CCCC(=O)C(C)C=C(C)C(O)C(C)C(O)C(C=CCCC=CC(=O)O)OC,14,1,Sub,-
*C(C)=CC(C)C(=O)C(C)=CC,14,1,Sub,-
*NC(=O)C(C)(O)CC,14,1,Sub,-
*CCCCCCCCCCC=C,14,1,Sub,-
*C(OC(=O)CC(C)C)C(C)CC(OC(=O)CC(C)C)C(OC(C)=O)C(C)C(CC=C(C)C(=O)OC)OC(=O)CC,14,1,Sub,-
*OCNCCC(C)C,14,1,Sub,-
*C#CC(C)(C)O,14,1,Sub,-
*CC(O)CN,14,1,Sub,-
*NC(=O)NCCOC,14,1,Sub,-
*=C(C#N)C(=O)OCC,14,1,Sub,=
*CCC(=O)NC(CCSC)C(=O)OC,14,1,Sub,-
*CCC(=O)NC(CO)C(C)C,14,1,Sub,-
*=CC=CC(C)(C)OC,14,1,Sub,=
*OCC(=O)N(CC)CC,14,1,Sub,-
*OCC(=O)NC(CCCNC(N)=O)C(=O)O,14,1,Sub,-
*CCC=C=C,14,1,Sub,-
*C=COC,14,1,Sub,-
*C=CC(=O)OCC[N+](C)(C)C,14,1,Sub,-
*OCC(NC(=O)C(O)CCCCCCCCCCCCCCCCCCCC)C(O)C(O)CCCCCCCCCCCCC,14,1,Sub,-
*NC(=O)C=CC(C)CC(C)CCCCCC,14,1,Sub,-
*CC(O)C(C)(C)Cl,14,1,Sub,-
*C(=C)CCC=C(C)CCC=C(C)C,14,1,Sub,-
*C=CC(O)CCCC,14,1,Sub,-
*C(=CCl)CN(C)C(=O)CCC=CCC(CCCCCCC)OC,14,1,Sub,-
*C(C)(O)C=CBr,14,1,Sub,-
*C(C)CC(C=C(C)C)OC(C)=O,14,1,Sub,-
*OC(=O)CCC(=O)NC(CS)C(=O)O,14,1,Sub,-
*OC(=O)C(C)(C)CC,14,1,Sub,-
*CCCCCl,14,1,Sub,-
*CCCC(=O)C(C)C(O)C(C)=CC(C)C(O)C(C=CCCC=CC(=O)O)OC,14,1,Sub,-
*C(=O)COC(=O)CCC(=O)NC(CCSC)C(=O)O,14,1,Sub,-
*CCCCCCCC=CCCCC,14,1,Sub,-
*C(C)C=C(C)C=CNC(=O)C=C(C)C,14,1,Sub,-
*=C(C)CC(C)C(C)C(C)C,14,1,Sub,=
*C(C)=CCCC(C)=CCO,14,1,Sub,-
*C(C)(C)OC(=O)CC(C)C,14,1,Sub,-
*CCC(C)(O)C(O)CO,14,1,Sub,-
*C=CC(=O)NCCCCNC(=N)N,14,1,Sub,-
*C(=O)NC=CC,14,1,Sub,-
*NC(=O)C(=O)C(C)CC,14,1,Sub,-
*COC(=O)C(=CCCC(C)(O)C=C)CO,14,1,Sub,-
*OCC(NC(=O)CCCCCCCCCCCCCCCCCCCCCCCCC)C(O)CCCCCCCCCCCCCCC,14,1,Sub,-
*CCCOS(=O)(=O)O,14,1,Sub,-
*NC(=O)NC,14,1,Sub,-
*C(=CC=CC(=C)C(O)CC=C(C)C)CO,14,1,Sub,-
*O[N+](=O)[O-],14,1,Sub,-
*CNCC(OC)OC,14,1,Sub,-
*C(C)CCC=C(C)COC(C)=O,14,1,Sub,-
*NC(=O)C(NC=O)C(C)CC,14,1,Sub,-
*NC(=O)C(NC=O)C(C)C,14,1,Sub,-
*NC(=O)C=CCCCCCCCCC,14,1,Sub,-
*C(Cl)=CC,14,1,Sub,-
*C(C)CCC(=C)C(C)(C)O,14,1,Sub,-
*COC(=O)CC(C)(O)CC(=O)OC,14,1,Sub,-
*CCCC#N,14,1,Sub,-
*COC(=O)CCCCCCCCCCC,14,1,Sub,-
*C=CC(C)=CC=O,14,1,Sub,-
*C(C=CC(O)C(C)O)OC(=O)C(C)=CC,14,1,Sub,-
*NCC(=O)OCC,14,1,Sub,-
*C(O)C=CC(O)CC=CCCCCC,14,1,Sub,-
*OC(=O)C(C)NC(=O)C(C)C,14,1,Sub,-
*NC(=O)C(C(C)C)N(C)C,14,1,Sub,-
*C(O)CNC(C)C,14,1,Sub,-
*C(NC)C(=O)O,14,1,Sub,-
*C(=O)C(NC(=O)OC)C(C)C,14,1,Sub,-
*CC[N+](=O)[O-],14,1,Sub,-
*OC(=O)C(=CCO)COC(=O)C(C)=CCO,14,1,Sub,-
*NC(=O)C(=O)OCC,14,1,Sub,-
*C(C)CCCC(C)=O,14,1,Sub,-
*C(C=O)=CC=CC(C)(C)O,14,1,Sub,-
*=C(C)C=CC=C(C)C(CC=C(C)C)OC(C)=O,14,1,Sub,=
*NCNCC(C)O,14,1,Sub,-
*=C(Cl)Cl,14,1,Sub,=
*C(=O)CCCOC,14,1,Sub,-
*CCCC(O)CO,14,1,Sub,-
*C(C)(C)C[N+](C)(C)C,14,1,Sub,-
*C(O)CCCCCCCCCCC,14,1,Sub,-
*CCCCCC(C)C(C)O,14,1,Sub,-
*NC(=O)NC(C)C(=O)O,14,1,Sub,-
*C(C)(O)C(=O)OC,14,1,Sub,-
*OCC(NC(=O)CCCCCCCCCCCCC)C(O)CCCCCCCCCCCCCCC,14,1,Sub,-
*NCCCCC(N)C(=O)O,14,1,Sub,-
*C(C)C(O)C=CC(C)(C)O,14,1,Sub,-
*OC(=O)CCC(=O)NC(CCSC)C(=O)O,14,1,Sub,-
*C(=C)CC=CC(C)(C)O,14,1,Sub,-
*C(O)C(C)CC(=O)OC,14,1,Sub,-
*C(=O)NCCCCN,14,1,Sub,-
*CSC#N,14,1,Sub,-
*OCC(NC(=O)CCCCCCCCCCCCCCCC=CCCCCCCCC)C(O)CCCCCCCCCCCCCCC,14,1,Sub,-
*OCC(COC(=O)CCCCCCCC=CCC=CCC=CCC)OC(=O)CCCCCCCCCCCCCCC,14,1,Sub,-
*C(=O)NC(C)C(=O)NC(CC(C)C)C(=O)O,14,1,Sub,-
*=C(C)C=CC=C(C)C=CC(OC)C(C)(C)O,14,1,Sub,=
*OCC(NC(=O)CCCCCCCCCCCCCCCCCCC)C(O)CCCCCCCCCCCCCCC,14,1,Sub,-
*C1CCC2(*)C(=CCC3C2CCC2(*)C4C(CC32*)OC(*)(*)C4*)C1,13,7,Ring,-------
*c1cc2c(cc1*)C1(*)CCC(=*)C(*)(*)C1CC2,13,6,Ring,---=--
*C1C=CC=C2CC3(*)C(=*)N(*)C(*)(*)C(=*)N3C21,13,7,Ring,--=---=
*C1CCC2(*)C(*)(C1)C(*)C=C1C3CCC(*)C3(*)CC3OC132,13,6,Ring,------
*C1=C2C(*)(*)CCCC2(*)c2cc(*)c(*)cc2C1=*,13,7,Ring,------=
*C1CC2(C(=*)O1)C(*)CC1OC(=*)C3=C1C2CCC3,13,4,Ring,-=-=
*C1=c2ccccc2=CC2CCC3(CC12)c1cccc(c1)CC(*)C(*)CC=CCC3*,13,4,Ring,----
*C1CC2(*)CC3OC(=*)C(=*)C3CC2C(=*)C1*,13,6,Ring,--===-
*N1C=CC(=*)O1,13,2,Ring,-=
*C1=CC(=*)C2C(*)(*)CC(*)CC2(*)C1(*)*,13,8,Ring,-=------
*C1C2C3(*)C=CCC2(OC3=*)C2CCC3(*)CC12CC3=*,13,5,Ring,--=-=
*C1CCC2CCC3C=CC=CC3C2O1,13,1,Ring,-
*C1=C2CC(*)(*)CC2C(*)C2CC1C(*)O2,13,5,Ring,-----
*C1=NC2=C(NC1)NC(*)=NC2=*,13,3,Ring,--=
*C1C=CC=CCC(*)C(*)C(*)(*)C(=*)C(*)C(*)C(*)C(=*)C(*)C(*)C(*)C=CC(=*)OC2C(*)C(CC1)OC1(OC(*)C(*)CC1=*)C2*,13,19,Ring,-----=---=---=---=-
*C1CC2(*)C(=*)C=CC(*)C2(*)OC1*,13,6,Ring,--=---
*C1NC(=*)N2CCC(*)(*)C23NC(=*)NC13,13,5,Ring,-=--=
*C1CCc2ccccc2N1*,13,2,Ring,--
*C1CC2C(*)C(=*)CCC2(*)C2=C1C1CCC(*)C1(*)CC2=*,13,7,Ring,--=---=
*c1ccc(*)c2c1C(=*)OC(*)C2*,13,5,Ring,--=--
*c1ccc2cccccc1-2,13,1,Ring,-
*c1c(*)c(*)c2c(c1*)C(=*)OC(*)C2*,13,7,Ring,----=--
*c1cc2c(*)cc(*)c(*)c2c(*)c1*,13,6,Ring,------
*c1ncn[nH]1,13,1,Ring,-
*C1CCC2(*)C(CCC3=C4CCC(*)C4(*)CCC32)C1=*,13,5,Ring,----=
*C1CCCC2(CCC(*)O2)O1,13,2,Ring,--
*C1CC=CC(=*)NC(*)C(=*)NCCC(=*)OC(*)C(=*)O1,13,7,Ring,-=-==-=
*C1C=C2COC(*)C2(*)C2(*)C(*)CCC(*)(*)C12,13,7,Ring,-------
*C1=CC(=*)C2C(*)(*)CC(*)CC2(*)C1*,13,7,Ring,-=-----
*C1=CCC2(*)CCC(*)C2CCC(*)=CCC1,13,4,Ring,----
*c1ccc2c(c1*)Oc1c(*)c3c(c(*)c1C2=*)C=CC(*)(*)O3,13,7,Ring,----=--
*C1CCC2CCc3ccccc3C12*,13,2,Ring,--
*C1CC(*)(*)C23OC2C(*)C(*)(*)C3C2OC(=*)C(*)C12,13,8,Ring,------=-
*C1=CC(=*)C(*)C2(*)C1CC1OC(=*)C(*)C3(*)C4(CO4)C(*)C4(*)OCC13C42,13,9,Ring,-=--=----
*C1CN(*)C(*)CN1,13,3,Ring,---
*C1C2C(*)(*)C(=*)C=CC2(*)C2CCC3(*)C(=CC(=*)C3*)C2(*)C1*,13,10,Ring,---=--=---
*N1C2N(C(=*)C1(*)*)c1ccccc1C2(*)*,13,6,Ring,-=----
*C1C2CCCC1C1=C(CCCC1)C2,13,1,Ring,-
*C1CCC2(OC1)OC1CC3(*)C4CC=C5CC(*)CCC5(*)C4CCC3(*)C1(*)C2*,13,7,Ring,-------
*N1CCCNCCNCCCNCC1,13,1,Ring,-
*C1CC2CC3(C(=*)OC4CCC(*)(*)C5C(*)OCC45C13)C(=*)C2*,13,7,Ring,-=---=-
*C1=CCC2C3(*)CCC4C(*)(*)CCCC4(*)C3CC(=*)C2(*)C1*,13,8,Ring,-----=--
*C1COC(=*)N1,13,2,Ring,-=
*c1cc(*)c2c(*)c3c(cc2c1)C(*)CCC3=*,13,5,Ring,----=
*c1ccc(*)c2c1CC(*)CO2,13,3,Ring,---
*C1CCC2(*)C(C1)C(*)CC1C2CC(*)C2(*)C(*)CCC12,13,6,Ring,------
*C1CCC2(*)C3CCC4(*)C(*)CCC4C3C(*)C(*)C2(*)C1,13,7,Ring,-------
*C1CC(=*)CC(*)C(*)C2CC(OC(=*)C=CCC3C=CCC(C1)O3)C(*)O2,13,6,Ring,-=--=-
*C1=CCC(*)C2(*)CCC(*)C12*,13,5,Ring,-----
*C1=CCCC(=*)C(*)CC(*)CC1,13,4,Ring,-=--
*C1=CC(=*)C2C3C1C2(*)C(*)C(*)C(*)C3(*)*,13,8,Ring,-=------
*C1=CC2OC(=*)C(*)C2(*)C(*)C2C3(CO3)C(*)CC(*)C2(*)C(*)C=C1,13,9,Ring,-=-------
*C1SSC(*)S1,13,2,Ring,--
*C1CC(*)C(*)C(=*)C1*,13,5,Ring,---=-
*=C1C2CC(CN3CCCCC23)C2CCCCN12,13,1,Ring,=
*C1CC2(*)COC(=*)C(=*)C2C2OC(=*)C(=*)C12,13,6,Ring,--====
*c1cc2c(c(*)c1*)-c1c(*)c(*)c3oc(=*)c4c(c(*)c(*)c5oc(=*)c1c3-c54)-c1c(cc(*)c(*)c1*)C(=*)OC1C(COC2=*)OC(*)C(*)C1*,13,17,Ring,-----=--=---==---
*c1ccc2c(*)c(*)cnc2c1,13,3,Ring,---
*C1C(=*)C2C(*)C(=*)C(=*)C2C(*)C1*,13,7,Ring,-=-==--
*c1cc2c3cc1CSSCC1CCC(*)(C=CC(=*)CCc4ccc(*)c(c4)OCCc4ccc(*)c(c4)C3CC(=*)C3C=CN=C3CC#C2)C1,13,6,Ring,--=--=
*C1C#CCCC23CCC4(*)CCC(*)(*)CC4C2=CCC2C4(*)C1C(*)C(*)C(*)(*)C4CCC23*,13,10,Ring,----------
*C1CC=C2OC(=*)C3=C(C(*)c4ccnc(c4)NCSSC1)C1CCC23C2c3c(c(=*)oc3=*)CCC12,13,5,Ring,-=-==
*C1CC(=*)C2CC(=*)C(*)C2C2OC(=*)C(*)C12,13,6,Ring,-==-=-
*C1=CC2C(*)C(*)CCC2C(*)(*)C1*,13,6,Ring,------
*C1CCC2CC3(OC2(*)*)C(*)CCC13,13,4,Ring,----
*c1nc(*)c2[nH]cnc2n1,13,2,Ring,--
*C1C=C2C3C(*)C(*)CCC3(*)C(*)CC2(*)C2(*)CCC3C(*)(*)C(*)CCC3(*)C12,13,11,Ring,-----------
*C12c3c4cccc3CC3CCC5CCCCC5(OCC1CC4)C32,13,1,Ring,-
*C1NC(=*)C1*,13,3,Ring,-=-
*C1CCC2(*)CCC3(*)C(=CCC4C5(*)CCC(=*)C(*)(*)C5CCC43*)C2C1(*)*,13,10,Ring,----=-----
*c1c2c(c(*)c3c1OC1(*)CC(*)C45OC(*)(OC4(*)*)C(*)CC5(*)C1C3)C(=*)OC2,13,10,Ring,---------=
*C1CC2(*)C3CC(*)C4C(*)(*)C(*)CCC4(*)C3(*)CCC2(*)C1*,13,10,Ring,----------
*C1=CCCC2(*)OC2CCC(*)=CC2OC(=*)C(*)=C2CC1,13,5,Ring,---=-
*C1CCC2(*)C(CCC3Cc4c([nH]c5ccccc45)C32*)C1(*)*,13,5,Ring,-----
*C1C(=*)C(*)C2(*)CCC(*)C(*)(*)C2C1=*,13,8,Ring,-=-----=
*C1=C2CC3(*)C(=*)OC4OC(*)C(=*)C(C43)C2(*)C(=*)CC2=C1CC(=*)OC2(*)*,13,10,Ring,--=-=-==--
*C1CCC2(*)C3=CCC45C(=*)OC(*)(*)C4(*)CCC5(*)C3=CCC2C1(*)*,13,9,Ring,--=------
*C1CCC2(*)C(CCC34C=CC(*)(CCC23)C4*)C1(*)*,13,6,Ring,------
*C1CCC2(*)C(CCC3(*)C2CC=C2C4CC(*)(*)CCC4(*)CC(*)C23*)C1(*)*,13,10,Ring,----------
*C1CCC2(*)C(C1)C(=*)CC1C2CCC2(*)C(*)C(*)CC12,13,6,Ring,--=---
*C1Cc2c3c(c4c(c2OC1*)C(*)C(*)C(*)O4)C(*)C(*)C(*)O3,13,8,Ring,--------
*C1CCC2(*)C(CCC3C2CCC24CN(*)C(*)C2CCC34)C1,13,4,Ring,----
*c1c2c(c(*)c3c(*)coc13)C(*)CC=C2,13,4,Ring,----
*C1C2C3COC(O3)C(=*)C2C2c3ccccc3C=CN12,13,2,Ring,-=
*C1CC(=*)NCCCCC2NC(=*)C(*)NC(=*)C(*)C(*)OC(=*)CC3NC(=*)C(COC(=*)CCC(NC(=*)C(*)NC3=*)C(=*)N1)NC(=*)C1CCCN1C(=*)C(*)NC2=*,13,18,Ring,-==-=--====-====-=
*C1CC(*)C(*)C(*)C(=*)C(*)C(=*)OC(*)C(*)(*)C=CC1=*,13,11,Ring,----=-=---=
*C1=CCCc2cc(*)cc(c2)N=C(*)CC(*)C=CC=CC=CCC(*)C(*)C1*,13,7,Ring,-------
*C1CCC2(*)CC3C4C(=CCC12)COC4(*)CC3(*)*,13,5,Ring,-----
*C1=CCC2C(=*)CCC(*)C1C2*,13,4,Ring,-=--
*C1C(=*)OC2C(*)C(*)C3C=CC(=*)C3(*)C(*)C12,13,7,Ring,-=--=--
*C1=NC(*)C(*)=NC(*)C(*)=NC(*)C(*)=NC(*)C(*)=NC(*)C(=*)OC(*)C1,13,12,Ring,----------=-
*C1C(=*)OC2=CC3C=CC4(CCCC(*)N4C3)C21,13,3,Ring,-=-
*C1C(=*)CCC2(*)C=CC3(CC4(*)C=CC5(*)C6=C7C(=*)CC3(*)C64CCC#CCC3(*)C(=*)CCC7(*)C3C5*)C(*)C12,13,12,Ring,-=---=--=---
*C1=Nc2ccc(*)c(*)c2C(*)(*)C1*,13,6,Ring,------
*C1CCC2(*)C(CCC3(*)C2CC=C2C4CC(*)(*)C5CC4(CCC23*)C(=*)O5)C1(*)*,13,9,Ring,------=--
*c1cc2cc3c(c(*)c2c(*)c1*)C(=*)C(*)(*)C(=*)C3(*)*,13,10,Ring,----=--=--
*C1OC(=*)C=C2C3=CC4(*)OC5CC(*)(C4*)C(*)C5(*)C3CCC21*,13,8,Ring,-=------
*C1C(=*)OC2=CCC3CCC4CCC(C21)N3C4*,13,3,Ring,-=-
*C1C(*)(*)CC2OC(=*)C3(*)CCCC1(*)C23,13,6,Ring,---=--
*C1C=CC2(*)C(CC(*)C3(*)C2CCC2(*)C(*)OC(=*)C4OC423)C1(*)*,13,9,Ring,------=--
*C1=CC2C3C(C(*)=CC(=*)C3(*)*)C1C(=*)C2(*)*,13,8,Ring,--=--=--
*C1=CC(=*)C(*)(*)C(*)C1*,13,6,Ring,-=----
*C1CCC2(*)C(=CCC3C2CCC2(*)C3CC3CCCCC32*)C1,13,4,Ring,----
*C1(*)Cc2ccccc2C(=*)N1,13,3,Ring,--=
*c1cc2c(c(*)c1*)CCC1(COC2=*)OC(*)C(*)C(*)C1*,13,8,Ring,---=----
*c1cc(*)c2c(c1)OC1(*)Oc3cc(*)c4c(c3C2C1*)OC1(*)Oc2cc(*)c3c(c2C4C1*)OC(*)C(*)C3,13,10,Ring,----------
*C1CCC(*)(*)C2OC(CC1=*)C1C2C(*)CCC1(*)*,13,7,Ring,---=---
*C1=CC(=*)C(=*)NC1=*,13,4,Ring,-===
*C1=CCCC(*)C(*)OC(=*)C(*)C(*)C=CC(*)C(*)CC(*)C(*)C(*)CCC(*)C(*)CC2(*)OC(CC(*)CC(*)CC(*)C(*)C1*)CC(*)C2*,13,21,Ring,---=-----------------
*C1C(=*)CCC2(CO2)C1(*)*,13,4,Ring,-=--
*C1CCC(=*)C(*)(*)C(*)C2OC(=*)C(=*)C2C(*)C1*,13,9,Ring,-=---==--
*C1=Nc2ccccc2NC1=*,13,2,Ring,-=
*c1ccc2c(c1*)NC(=*)C21N2CCCC2C(*)C12C(=*)Nc1ccccc12,13,5,Ring,--=-=
*C1C2CC3C4=Nc5ccccc5C41CCN3CC2=*,13,2,Ring,-=
*C1=CC(*)C(*)(*)C=CC(=*)C(*)=CCC1,13,6,Ring,----=-
*C1OC=C2C(=*)OC3CC(*)C(COC(=*)CC2C1=*)C3*,13,6,Ring,-=-==-
*C1CC=CC2C3OC3(*)C(*)C3C(*)NC(=*)C23OC(=*)OC=CC(*)(*)C1=*,13,9,Ring,----==--=
*N1CCOC1=*,13,2,Ring,-=
*c1ccc2occc2c1,13,1,Ring,-
*c1ccc(*)c2c1Oc1cc3c(c(*)c1C2=*)C1(*)C=COC1O3,13,5,Ring,---=-
*C1CC(=*)C23C(=CC(C4OC(=*)CC42)C2C4OC(=*)CC4C4=C(OC(*)CC4=*)C23)O1,13,6,Ring,-===-=
*C1CC(*)C(*)C(=*)NC(*)C(=*)N2CCCC2C(=*)O1,13,7,Ring,---=-==
*C1CCC2(*)CC(*)CC(*)(*)C2C1,13,5,Ring,-----
*c1ccc2c(c1)CC(*)NC2*,13,3,Ring,---
*c1ccc2[nH]c3c(*)cc(*)cc3c2c1,13,3,Ring,---
*C1=NC(*)C(*)=NC(*)C(*)=NC(*)C(=*)OC(*)C1,13,8,Ring,------=-
*C1CCC2(*)CC(*)C3C(=*)C(=*)OC3C(O2)C1*,13,6,Ring,---==-
*c1cccc2cc[nH]c12,13,1,Ring,-
*C1C2C3(*)CCCC2(OC3=*)C2CCC3(*)CC12CC3=*,13,5,Ring,--=-=
*C1CC2CC3(*)c4[nH]c5ccccc5c4CCN(C2*)C13,13,3,Ring,---
*c1cc(*)c2c(=*)c(*)cc(=*)c2c1*,13,6,Ring,--=-=-
*C1C(*)C2(*)C(*)CC34CC35CCC(*)C(*)(*)C5CCC4C2(*)C1*,13,9,Ring,---------
*C1C(=*)OC2C1CCC1(*)C(*)CCC(=*)C21,13,5,Ring,-=--=
*C1=Nc2ccc(*)cc2C1(*)*,13,4,Ring,----
*C1CCC2(*)C(C(*)C34CC(=*)C(CCC23)C4)C1(*)*,13,6,Ring,---=--
*c1cc(*)c2c(c1)-c1c(*)cc(*)c(*)c1OC2=*,13,6,Ring,-----=
*C1C(*)C2C3(*)NC(=*)NC3N3C(=*)NC(*)C23C1*,13,7,Ring,---==--
*c1cccc2c1N=c1c(cc(=*)c(*)c1*)O2,13,4,Ring,-=--
*C1=CC(=*)c2c(*)c(*)c3oc(*)c(*)c3c2O1,13,6,Ring,-=----
*C1CCN2C(=*)C3CCCN3C(=*)C2C1,13,3,Ring,-==
*C1C2C(*)(*)OCC2(*)C2CCC3(*)C(*)OC(=*)C4OC43C2(*)C1*,13,9,Ring,------=--
*c1ccc2c(c1)OC(*)O2,13,2,Ring,--
*C1CCC2(*)C(*)OC(=*)C3OC32C1=*,13,5,Ring,---==
*C1Oc2ccccc2N(*)C1=*,13,3,Ring,--=
*C1=COCC2C1CC1c3c(c4cc(*)c(*)cc4n3*)CC2N1*,13,5,Ring,-----
*c1cc2c3c(c1*)OC1(*)C(=*)C=C(C(=*)OCC4OC(*)C(*)C(*)C4OC2=*)C3C1(*)*,13,11,Ring,---==---=--
*C1=C(*)c2ccc3c(c2OC1=*)C1OC(=*)CC2CC(*)C=CC2c2ccc(cc2)CCC(=*)C(=*)OC1C1(CCCC2C4C=Cc5ccccc5C4CC21)O3,13,7,Ring,--==-==
*C1CCC2(*)OC(=*)C(*)C3CCC(*)(*)C4C(CC1=*)OC2C34,13,7,Ring,--=---=
*c1ccc2c3c1OC1CC(*)C=CC31CCNC2,13,2,Ring,--
*c1ccc2c(c1)CCc1cc(*)c(*)c(*)c1-2,13,4,Ring,----
*C1C(=*)OC2OC(=*)C34CC(=*)OC3CC(*)(*)C214,13,6,Ring,-===--
*C1C2c3c[nH]c4cccc(c34)C(*)(*)C2CCC1(*)*,13,5,Ring,-----
*C1CC2C(=*)C(=*)OC2C2C(=*)C(*)CC2C1=*,13,6,Ring,-===-=
*c1cc2c(cc1*)C1CC(=*)C3=C(CC(*)(*)CC3=*)N1CC2,13,6,Ring,--=--=
*c1cc(*)c2c(c1)CC(*)CC2=*,13,4,Ring,---=
*C1CCC23C=CC4CC2C(C1)CC(*)C3CSSCC(*)C4*,13,4,Ring,----
*C1OC2(*)C(*)C(*)(*)OC1(*)C2*,13,7,Ring,-------
*c1ccc2c(c1*)C(=*)OC(*)C2*,13,5,Ring,--=--
*C1(*)CCC23CCC4(*)C(CCC5C6(*)CCC(=*)C(*)(*)C6CCC54*)C2C1OC3=*,13,9,Ring,----=---=
*c1ccc2c(c1)C13CCCCC1C(C2)N(*)CC3,13,2,Ring,--
*c1cccc2c1NC(*)C1CC=CC21,13,2,Ring,--
*C1=C(*)C2C(*)NC(=*)C23C(*)C=CC(*)(*)CC(*)CC=CC3C1*,13,9,Ring,---=-----
*c1coc2c1C(*)C1(*)C(=CCC(*)C1*)C2,13,5,Ring,-----
*=C1C=CC=C2C3CC(CN12)C1CCCCN1C3,13,1,Ring,=
*c1ccc2c(=*)c(*)c3c(=*)c4cccc(*)c4c4c3c2c1C(=*)O4,13,6,Ring,-=-=-=
*C1=CC2CC3CC(=*)CCc4ccc(*)c(c4)OCc4c(*)cc5c(c(*)cc6c5c4C=CC6*)C(C#CO3)C(*)C=CC1=CC2*,13,8,Ring,-=------
*C1CC2(*)OC(=CC2=*)C(=*)C(*)C2OC(=*)C(=*)C12,13,7,Ring,--==-==
*C1=C(*)C(*)=C2OC(*)CC2(*)C1=*,13,6,Ring,-----=
*C1CC(=*)OCC1=*,13,3,Ring,-==
*C1=C2CC(*)CCC2(*)CCC1*,13,4,Ring,----
*N1SC(=*)N(*)C1=*,13,4,Ring,-=-=
*C1CC(*)C2(*)CCC3(*)C(=CCC4C5(*)CCC(*)C(*)(*)C5CCC43*)C2C1*,13,10,Ring,----------
*C1C(=*)CCC2C1C(=*)CC1C(*)(*)CCCC21*,13,6,Ring,-==---
*C1CC2(*)CC(*)C1(*)CO2,13,4,Ring,----
*c1c(*)c2c(c3c1OC(*)C(*)C3)OC(*)C(*)C2*,13,7,Ring,-------
*C1CCC2(*)C(*)CCC(*)C2C1*,13,5,Ring,-----
*c1ccc2c(=*)c3c(*)cc(*)cc3c(=*)c2c1,13,5,Ring,-=--=
*c1ccc2c3c(oc2c1)-c1ccc(*)c(*)c1OC3=*,13,4,Ring,---=
*C1CCC2(*)C3=CCC4(*)C(*)CCC4(*)C3CCC2C1*,13,6,Ring,------
*C1CCC2(*)CCC(*)C(=*)C2(*)C1,13,5,Ring,---=-
*c1cc(*)c2c(c1*)Oc1c(*)cc(*)c(*)c1O2,13,6,Ring,------
*C1=COC(*)C2C3(*)OC3C(*)C12*,13,5,Ring,-----
*C1C(=*)N(*)C(=*)N1*,13,5,Ring,-=-=-
*C1CCC2CCCCC2C1,13,1,Ring,-
*C1=CCC2=C(*)C(=*)OC2C=C(*)C(*)CC1*,13,6,Ring,--=---
*N1COc2ccc3c(oc4c(=*)c5ccccc5c(=*)c43)c2C1,13,3,Ring,-==
*c1cc(*)c2c(c1)Cc1cc(*)c(*)c(*)c1C2=*,13,6,Ring,-----=
*c1cocc2c(*)ccc1-2,13,2,Ring,--
*C1C(=*)C(*)C2C(*)C(*)(*)C(*)C2(*)C(=*)C(*)C2OC2C(*)(*)C(=*)C1*,13,14,Ring,-=------=---=-
*c1nccc2c3ccccc3n(*)c12,13,2,Ring,--
*C1OC(=*)C(*)C2CCC(O2)C(*)C(*)OC(=*)C(*)C2CCC(O2)C1*,13,8,Ring,-=---=--
*c1ccc2c(c1*)OC1c3ccc(*)c(*)c3OCC21,13,4,Ring,----
*c1cc(*)c2c(c1)C(*)c1c(*)c(*)cc(*)c1C2=*,13,7,Ring,------=
*C1=Nc2ccccc2C12C(*)=C(*)OC(*)=C2*,13,5,Ring,-----
*C1=CCCC(*)CC2OC(=*)C(=*)C2C(*)C1*,13,6,Ring,--==--
*C1(*)C2CC(NCC2=*)C23Nc4ccccc4C12CCO3,13,3,Ring,--=
*C1CC2C(=*)NC(*)C(=*)NC(*)C(=*)NC(*)CC(=*)NC(*)C(=*)NC(*)C(=*)NC(*)C(=*)NC(*)C(=*)NC(*)C(=*)N(*)C(*)C(=*)NC(*)C(=*)NC(*)C(=*)N2C1,13,25,Ring,-=-=-=-=-=-=-=-=-=--=-=-=
*C1CC23C4=C(CCC41)CCC1CN4CC(*)C(CCC12*)C43,13,3,Ring,---
*C1CC2(*)C(CC3OC(*)(*)OC32*)C2CCC3=CC(=*)C=CC3(*)C12,13,7,Ring,-----=-
*c1cc2c(cc1*)C1Cc3c(cc(*)c(*)c3*)C(C2)N1*,13,6,Ring,------
*c1cc2c(c(*)c1*)CCC(*)C2*,13,5,Ring,-----
*C1CCC2(OC1)OC1CC3C4CC(*)C5(*)CC(*)CCC5(*)C4CCC3(*)C1C2*,13,7,Ring,-------
*C1CCC2(*)C1CCC1C3(*)CCCC(*)(*)C3CCC12*,13,6,Ring,------
*C1=CCC2C(CC2(*)*)C(=*)CCC1*,13,5,Ring,---=-
*C1=NNC2C(=*)N(*)C(=*)C12,13,4,Ring,-=-=
*c1cc2c(cc1*)-c1c(*)c3c4cc(*)c(*)cc4ccn3c1C(=*)O2,13,6,Ring,-----=
*c1cc2c3c(c1*)OC(*)(*)C1CCC(*)(CC31)O2,13,5,Ring,-----
*c1ccc2[nH]c3c(c2c1)CCCC3,13,1,Ring,-
*C1=C(*)N2C(=*)C(=*)C2C1,13,4,Ring,--==
*C1=CC(*)CCC1=*,13,3,Ring,--=
*c1ccc2c(c1*)C=CC1(*)C3CCC21OC1(OC(*)(*)C(*)C1*)C3*,13,8,Ring,--------
*c1cc(=*)c2c(c1=*)CCC1C(*)(*)CCCC21*,13,6,Ring,-==---
*C1CC2(C(*)O1)C(*)C(=*)C(*)C1(*)C2CCCC12CO2,13,6,Ring,---=--
*C1CCC2(*)C(CCC3C2CCC2(*)C3CCC23OCCO3)C1,13,3,Ring,---
*C1=CC(*)(*)C(*)CC1,13,4,Ring,----
*C1=NC(=*)NC(=*)N1,13,3,Ring,-==
*C1=CC(=*)C2=C(*)CC(*)C3C(*)C(=*)OC3C12*,13,7,Ring,-=---=-
*C1=CC2c3c(*)cc(*)cc3OC(*)(*)C2CC1,13,5,Ring,-----
*c1ccc2cc1-c1cccc3c1NC(=*)C3(*)C(*)C(*)NC(=*)C(*)NC(=*)C(*)C2,13,9,Ring,-=---=-=-
*C1CCC(*)(*)C=CCC2(*)OC2CC2CCC1(*)OC(=*)C2=*,13,7,Ring,-----==
*C1CC2(*)C(CCC3C4(*)CCC(*)C(*)(*)C4CCC32*)C1*,13,8,Ring,--------
*c1c(*)c(=*)c2c3c(cc(*)c2c1=*)CC(*)OC3=*,13,7,Ring,--=-=-=
*c1cccc2c1-c1c(*)cc3c(c1C2=*)C(*)C1OC1(*)C3=*,13,6,Ring,--=--=
*C1CC2CC(=*)C3(*)OC(CC3*)C(*)(*)C(*)OC(=*)CC(O2)C1*,13,9,Ring,-=-----=-
*C1=CC=CC(*)C(*)C(*)C(*)C(*)C(*)C(*)C(*)C(*)C=C(*)C(=*)c2c(*)c(*)cc3c(=*)c(cc(=*)c23)NC1=*,13,17,Ring,-----------=--===
*C1=CC(=*)OC=C1,13,2,Ring,-=
*c1cc(*)c2c(c1)CC13CCC(Cc4ccc(*)nc4C#CCc4cc(*)c(*)cc4C4Oc5c(ccc-2c51)C4*)C3,13,6,Ring,------
*C12CCOC3CCC(CC31)c1ccccc12,13,1,Ring,-
*C1C2NC(=*)NC23N(CC(*)C3(*)*)C(=*)N1*,13,7,Ring,-=---=-
*c1nc2ccccn2c1*,13,2,Ring,--
*C1(*)CCCC2(CCCC2)C1,13,2,Ring,--
*C1=CC2OC(*)(CCC2*)C(*)CCC(*)=CCC1,13,5,Ring,-----
*c1c(*)c2c(c3c1OCC(*)C3*)C(*)OC2=*,13,6,Ring,-----=
*=C1NCCc2cc3c(cc21)OCCCO3,13,1,Ring,=
*C1=C(*)c2ccc3c(c2OC1=*)C1OC(=*)CC2CC(*)C=CC2c2ccc(cc2)CCC(=*)C(=*)OC1C1(CC=CC2C4C=Cc5ccccc5C4CC21)O3,13,7,Ring,--==-==
*C1CC2CCC3C(CCC4(*)C(*)C(=*)CC34)C2(*)CC1*,13,6,Ring,---=--
*C1CCC2(*)C3C(=*)C=C4C(CCC(=*)C4(*)*)C3(*)CCC12*,13,8,Ring,--==----
*C1=C(*)C2(*)C(=*)C(*)(*)C1C(*)C2*,13,8,Ring,---=----
*C1CC=CC2C(*)C(=*)C(*)C3C(*)NC(=*)C23C(=*)CC(*)C(*)(*)C1,13,10,Ring,--=--==---
*c1cc(*)c2c(c1)NC(*)C=C2,13,3,Ring,---
*c1ccc2cc1OCc1cc3c4c(c(*)ccc4c1)C(C#COC(*)CC(=*)CC2)CC3,13,4,Ring,---=
*C1CC2CC1C(*)C2(*)*,13,4,Ring,----
*C1CC(=*)Oc2ccccc21,13,2,Ring,-=
*C1(*)CCCC2(*)C1CCC1(*)c3cocc3CCC12,13,4,Ring,----
*c1cc2c(c3c1C(=*)C(*)C(*)O3)CCC(*)(*)O2,13,6,Ring,-=----
*C1CC(*)OC2(CCC(*)C(*)O2)C1,13,4,Ring,----
*C1C2CC3C4=Nc5ccccc5C45CC(C2C5*)N3C1*,13,3,Ring,---
*C1=CC=CC(*)C(*)OC(=*)C=CC(*)=CC=CC(*)C(*)OC(=*)C=C1,13,8,Ring,---=---=
*c1ccc2[nH]c3ccccc3c2c1,13,1,Ring,-
*C1CC2CCCN2C12C(=*)Nc1ccccc12,13,2,Ring,-=
*C1NC(=*)C(*)C(*)OC(=*)C(*)N(*)C(=*)CN(*)C(=*)C2CCC(*)N2C1=*,13,12,Ring,-=--=--=-=-=
*c1cc2c(c(*)c1*)C(=*)OC2(*)*,13,6,Ring,---=--
*C1CCC2CNCCC#CC3(CC(*)CCC3*)C2C1,13,3,Ring,---
*C1CC(=*)C2(*)C(=CCC3C2CCC2(*)C(*)(*)CCC32*)C1,13,7,Ring,-=-----
*C1=CC(=*)C(=*)C(=*)O1,13,4,Ring,-===
*c1ccc(*)c2c1CC1C2(*)CCC2C(*)CCC21*,13,5,Ring,-----
*C1=C(*)C(*)C2=C(CCCC2=*)O1,13,4,Ring,---=
*C1C=CC(*)(*)C2C3OC(=*)C(*)(*)C3CCC12*,13,7,Ring,---=---
*c1cc(*)c2c(c1*)C1CCC(*)CC#CC(*)C(C#C2)C(*)CCC1*,13,7,Ring,-------
*C1CC2(*)C(=CCC3(*)C2CC=C2C4CC(*)(*)CCC4(*)CCC23*)C(*)(*)C1*,13,10,Ring,----------
*C1=CC2C(*)(C1=*)C(*)C1(*)OC1C1C(*)C(*)(*)CC(*)C12*,13,10,Ring,--=-------
*N1C(=*)CCS1(=*)=*,13,4,Ring,-===
*C1=Cc2cc3c(cc2OC1=*)OC1(C3)C2C(=CC(*)C1(*)*)CSSC1CC(*)C(*)C3CN(C(=*)Cc4cnc(*)cc42)C13,13,9,Ring,-=-----=-
*C1CC(*)C2(*)C(*)C(=*)C3=C(C(=*)CC4C(*)(*)C(=*)CCC34*)C12*,13,11,Ring,----==--=--
*C1CCC2(OC1)OC1CC3C4CCC5(*)C(*)C(*)C(*)C(*)C5(*)C4CCC3(*)C1C2*,13,9,Ring,---------
*C1=CC2OC3C(*)CC(*)(C2(*)CC1*)C31CO1,13,5,Ring,-----
*C1CC2=C(COC2=*)C2(*)CCCC(*)(*)C12,13,5,Ring,-=---
*C1COC2C1CCCCC2(*)*,13,3,Ring,---
*C1C2CCC3(C(*)C2=*)C2CC4C5(*)CCCC4(C2N(*)C5)C13,13,5,Ring,--=--
*C1=CC2C=C(*)C(*)C3C(*)NC(=*)C23C(=*)C2C3OC(c4c(*)c(*)c(*)c(*)c43)C2C(=*)C(*)CC1,13,12,Ring,----==----=-
*C1CCC2(*)C(CCC3(*)C4CCC(*)C4(*)CC(*)C23)C1*,13,7,Ring,-------
*C1NC(=*)C(*)NC(=*)C2CCCN2C(=*)C2CCCN2C(=*)C(*)NC(=*)C(*)NC(=*)C2CCCN2C(=*)C2CCCN2C(=*)C(*)NC(=*)C(*)NC1=*,13,16,Ring,-=-===-=-===-=-=
*C1CC(*)(*)C2CC=C3CC(*)(*)CCC3C2(*)C1,13,6,Ring,------
*C1=CC2Cc3occc3C(*)(*)C2CC1,13,3,Ring,---
*C1CCC2(*)C3CCC4(*)C(*)CCC4C3=CCC2C1(*)*,13,6,Ring,------
*C1CC=CCCCC(*)C(*)C(*)C(=*)C(*)(*)C(*)CC(=*)O1,13,9,Ring,----=---=
*C1=CCC2(*)CC12,13,2,Ring,--
*C1=NCCc2c1[nH]c1ccc(*)cc21,13,2,Ring,--
*c1c2c(c(*)c3c(=*)c4ccccc4c(=*)c13)C(*)CC(*)(*)C2,13,7,Ring,--==---
*C1=C2CC3OC3(*)CCC3OC3(*)CC2OC1=*,13,4,Ring,---=
*c1ccc2c3c([nH]c2c1*)C1(*)CC2CC(*)C1N(CC3)C2*,13,5,Ring,-----
*c1ccc2c(c1*)C(=*)CC1C(*)(*)CCCC21*,13,6,Ring,--=---
*c1cc(*)c2c(c1*)C1C3CC(*)CC(*)C3=CC(CC(*)CC#C2)C1*,13,7,Ring,-------
*C1CC2C(*)(*)OC3CC(=*)OC32CC23CCC4(*)C(=*)C(*)C5C6OC(=*)C(*)C6OC(O2)(C(=*)C13)C54,13,10,Ring,---=-=-=-=
*c1cc2c(c3c1OC(*)C(*)O3)Oc1cccc(*)c1C2=*,13,5,Ring,----=
*C1=NC(*)C(*)=NC(*)C(*)=NC(*)C(*)=NC(*)C(*)=NC(*)C(*)=NC1*,13,12,Ring,------------
*C1=CC(=*)C2=C(*)CCC3CC12OC(=*)C3=*,13,5,Ring,-=-==
*C1CCC2C(C1)C1C3CCC3C21,13,1,Ring,-
*C1=CC=CCC(*)NC(=*)C=CC=CC(*)=CC(*)C(*)C=CC=C1,13,6,Ring,--=---
*c1cc2c(cc1*)C1(Cc3ccc4c(c3C1*)OCO4)N(*)CC2,13,4,Ring,----
*c1cc2c3cc1CSSCC14CCC(*)C(C=CC(=*)CCc5ccc(*)c(c5)OCCc5ccc(*)c(c5)C3CC(=*)C3C=CN=C3CC#C2)(CC1*)C4,13,7,Ring,--=--=-
*c1cccc2c1COC2=*,13,2,Ring,-=
*c1cc(*)c2ccc(*)c(*)c2c1,13,4,Ring,----
*C1=CC(*)=c2c(cc3c(*)c(=*)cc(*)c3c2*)O1,13,6,Ring,---=--
*c1ccc2c3c1OC1C(*)C=CC4C(C2)[N+](*)(*)CCC341,13,4,Ring,----
*c1cc2cc(*)n(*)c2c(*)c1*,13,5,Ring,-----
*C1CCC2(OC1)OC1CC3C4CC(=*)C5(*)CC(*)C(*)CC5(*)C4CCC3(*)C1C2*,13,8,Ring,-=------
*C1(*)C=Cc2c(ccc3c2NC(=*)C3(*)*)O1,13,5,Ring,--=--
*C1CC2=C3C4(CCC(*)(OC4=*)C3(*)*)CCC2(*)C2(*)CCC3C(*)(*)C(*)CCC3(*)C12,13,11,Ring,--=--------
*C1C2(*)COC1(*)CC(=*)C2,13,4,Ring,---=
*C1CC(*)C2(*)CCC3(*)C(=C12)CCC1C(*)(*)C(*)CCC13*,13,8,Ring,--------
*c1cc(*)c2c(c1)OC(*)(*)C(*)C2=*,13,6,Ring,-----=
*C1CC2C(*)(C1*)C(*)C(*)(*)C(*)C1C3OC4(*)OC3(*)C(*)C(*)C12O4,13,11,Ring,-----------
*c1cc2c3cc1CSSCC1CCC(*)(C=CC(=*)CCc4ccc(*)c(c4)OCCc4ccc(*)c(c4)C3CC(=*)c3cc[nH]c3CC#C2)C1,13,6,Ring,--=--=
*C1CC2(*)CCC(*)C2(*)CCC1(*)*,13,6,Ring,------
*C1CCC2(*)C3CC(*)C4(*)C(*)(*)CCC4(*)C3(*)CC(*)C2(*)C1,13,10,Ring,----------
*C1(*)C(=*)NC(=*)C1=*,13,5,Ring,--===
*C1=CC=C(*)CCC(*)C2(*)CCC=C(CC1)C(=*)O2,13,5,Ring,----=
*C1C2CC3c4[nH]c5ccccc5c4CC1[N+]3(*)CC2=*,13,3,Ring,--=
*C1=CC(*)C(*)C(*)C=CCCC=CC(=*)OC1*,13,6,Ring,----=-
*c1cc(*)c2c(c1)OC=CC2=*,13,3,Ring,--=
*C1=CN2c3ccccc3C34CC[N+]5(*)CC(=*)C(CC35)C(C1*)C24,13,4,Ring,--=-
*c1cc(*)c2[nH]c3ccccc3c2c1*,13,3,Ring,---
*C1CC=C2C(CCC23C(=*)CCC3(*)*)C1(*)*,13,6,Ring,-=----
*c1c2ccccc2cc2ccccc12,13,1,Ring,-
*C1=C2C3(*)C(=*)OC(*)(*)C2(CC1*)C(*)C1C2(*)COC2CC(*)C13*,13,10,Ring,--=-------
*C1=C(*)C(=*)N2Cc3cc4ccccc4nc3C2=C1,13,3,Ring,--=
*C1C(*)C2(*)C(*)C(=*)CC1(*)C2*,13,7,Ring,----=--
*c1cc2c(c(*)c1*)C1(*)CCCC(*)(*)C1CC2*,13,7,Ring,-------
*C1=CC(=*)c2c(cc3c(c2*)C2C4CCC(CC4)C4(OC4*)C(=*)OC2C(*)(*)O3)O1,13,7,Ring,-=--=--
*C1=C2CC3OC3(*)C2C2OC(=*)C(=*)C2C(*)C1,13,5,Ring,--==-
*C1CCC(*)(*)C2C(*)C3(*)OC4OC5C6CCC(C142)C53C(=*)C6=*,13,7,Ring,-----==
*C1C(=*)N(*)C23CCOCC2C1c1ccccc1O3,13,3,Ring,-=-
*c1cnc2c3ccccc3c(=*)n3c4ccccc4c1c23,13,2,Ring,-=
*C1CCC2(*)CCC3(*)C(CC(*)C4C5(*)CCC(=*)C(*)(*)C5CCC43*)C12,13,9,Ring,-----=---
*c1cccc2nc3ccccc3nc12,13,1,Ring,-
*C1NC(=*)C2CCCN2C(=*)C(*)NC(=*)C2CCCN2C(=*)C(*)NC(=*)C2CCCN2C(=*)C(*)NC1=*,13,11,Ring,-==-==-==-=
*C1=C2C(*)CC(*)(*)C3(*)CCC(*)(*)C(*)C23OC1=*,13,9,Ring,--------=
*C1(*)CCC23CCC4(*)C(CCC5C6(*)CCC(=*)C(*)(*)C6CCC54*)C2C1OC3,13,8,Ring,----=---
*C1=C(*)C(=*)N2CCc3cc4c(cc3C2=C1)OCO4,13,3,Ring,--=
*C1=CCC2(*)OC3=C(CC12)C(=*)CCC3*,13,4,Ring,--=-
*c1ccc(*)c2c1CC(*)O2,13,3,Ring,---
*c1cc2ccc3c(*)c(*)ccc3c2c(*)c1*,13,5,Ring,-----
*C1CC2C(*)(*)C(=*)CCC23CCCCCC24CC(=*)C3=C1C2(*)C(*)CC4*,13,8,Ring,---==---
*C1C(=*)NC(*)(*)C1(*)*,13,6,Ring,-=----
*C1OC(=*)C(*)C(*)NC(=*)c2csc(n2)C(*)NC(=*)C(*)N(*)C(=*)C(*)N(*)C1=*,13,13,Ring,-=--=-=--=--=
*c1ccc2c(c1)C(*)OC(*)C2*,13,4,Ring,----
*C1=CCCC2C1(*)C(*)CC(*)C21CC(*)OC1=*,13,6,Ring,-----=
*C1C=CC(=*)C2(*)C3CCC4(*)C(*)(*)CCC4(*)C3CC3OC132,13,7,Ring,-=-----
*C1CCC2(*)C(=CC(=*)C3C4CCC(=*)C4(*)CCC32)C1,13,5,Ring,--==-
*C1CCC2OC3(*)CCC2(OC3(*)*)C1(*)*,13,6,Ring,------
*C1OCC2=C1C(*)C1OC1C2*,13,3,Ring,---
*C1=CC2=C(CCC2)NC1=*,13,2,Ring,-=
*C1CC2C(=*)C(=*)OC2C2C(=*)CCC2C1=*,13,5,Ring,-====
*C1OC(*)c2c1ccc1c2OCO1,13,2,Ring,--
*C1=CC(=*)C2=C(*)CC(*)C3C(OC(=*)C34CC35C=CC4(*)C3C3OC(=*)C(=*)C3CCC5(*)*)C12,13,10,Ring,-=--=-==--
*c1ccc2c(c1*)OC1c3c(cc4c(c3*)CCC3(*)C(O4)OC(*)C(*)C3*)OC(*)C21,13,8,Ring,--------
*C1CCC2(*)C(CC(*)C34CC(CCC23)C(=*)C4*)C1(*)*,13,7,Ring,---=---
*C1CC2CC3(C(=*)C2*)C1C12COC3(*)C(*)C1C(*)(*)CCC2*,13,8,Ring,-=------
*c1cc2[nH]c3c4c(c(*)cc3c2cc1*)OC(*)(*)C=C4,13,5,Ring,-----
*C1CC(*)(*)CC(*)C1=*,13,5,Ring,----=
*C1=CCC(*)CC(*)C2(*)OC2CC1,13,4,Ring,----
*C1=CC2(*)CC(*)(*)CC2C2(*)CC(*)C12*,13,7,Ring,-------
*C1=C(*)C2(*)CCCC(*)(*)C2CC1*,13,6,Ring,------
*C1CCC(=*)NC(*)(*)OC1=*,13,5,Ring,-=--=
*C1=CC(=*)c2c(*)c3c4c(c2O1)C1c2ccnc(*)c2C(C2CCc5c(cnc6c5C=CC(*)N6)CC2C(*)(O4)C(*)C3)C2(CCCC2)Cc2ccc(*)cc2C1*,13,9,Ring,-=-------
*C1C(=*)N2C(CC3(*)c4ccccc4NC23)C(=*)N1*,13,5,Ring,-=-=-
*C1=CC2C(=CCC3C2(*)CCC2(*)C(*)C(*)CC32*)C(*)(*)C1=*,13,9,Ring,--------=
*c1cc2c(c3c1C(*)CC(=*)O3)CC(*)C(*)O2,13,5,Ring,--=--
*c1c(*)c(=*)c2c(c1=*)C(*)C1(*)C3NC3CN21,13,6,Ring,--==--
*C1=CC2OC(=*)C(=*)C2CC2C1C(*)CC2(*)*,13,6,Ring,-==---
*C1COc2c1c(=*)c(=*)c1c3c(ccc21)C(*)(*)CCC3,13,5,Ring,-==--
*C1OC(=*)C2OC23C1(*)CCC1C3(*)C(=*)CC2C(*)(*)OC(*)(*)C21*,13,10,Ring,-=--=-----
*C1CCC2CCC(*)OC2C1,13,2,Ring,--
*C1CCC2(*)C(CCC3C4=C(CCC32)C(*)(*)CC4)C1,13,4,Ring,----
*C1OC(=*)C23C(=*)C4(*)OC(=*)C12OC1(C(=*)C2(CCC(=*)OC2(*)*)CC(*)C13*)C4*,13,12,Ring,-==-===-----
*C1CC(=*)OC2(*)COC(=*)CC2C1(*)*,13,6,Ring,-=-=--
*c1c2c(c(*)c3c1OC1(*)CC(*)C45OC(*)(CC(*)C4(*)C1C3)OC5(*)*)C(=*)OC2,13,10,Ring,---------=
*C1=CC(*)C(*)OC(=*)CC(*)C(*)C(*)C(*)CC(*)C(*)C=C1,13,10,Ring,---=------
*C1=CC2C=C(*)C(*)C3C(*)NC(=*)C23C(=*)CC(*)C(*)CCC1,13,8,Ring,----==--
*c1cn(*)c[n+]1*,13,3,Ring,---
*C1CCC2(CC(*)C(*)O2)O1,13,3,Ring,---
*C1=C(*)c2ccc3c(c2OC1=*)C1OC(=*)CC2CC(*)C=CC2c2ccc(cc2)CCC(=*)C(=*)OC1C1(CC=CC2CCCCC21)O3,13,7,Ring,--==-==
*C1CC2(*)C3=C(CCC2(*)C1*)C(*)(*)C(*)CC3,13,7,Ring,-------
*C1C=CC=CC(=*)OC2CCC3C2(*)C(*)C2(*)OC2C2C4OC5(*)OC(C(*)C23O5)C4(*)C(*)(*)CC2CCC1C2*,13,11,Ring,-=---------
*C1C=C2C3CCC(*)C3(*)CCC2C2(*)CCC(*)C(*)C12,13,6,Ring,------
*C1=CCCCC1=*,13,2,Ring,-=
*C1CC2C=CCCCC3OC(*)(CC(*)C3*)C(*)C3OC(*)C(*)C(OC(=*)CC4CC(*)CC5(CC(*)(*)CC(C=C6COC(C(*)C(=*)CC7CC(*)CC(C1)(O2)O7)C6*)O5)O4)C3*,13,16,Ring,-------=----=---
*C1CC2(C(=*)O1)C(*)CCC1(*)C2CCC(*)C1(*)*,13,7,Ring,-=-----
*C1C(=*)CCC2C1CCCC2(*)*,13,4,Ring,-=--
*C1C(=*)CCC(*)C2(*)C(*)CC(*)C3(CO3)C2C(*)C2(*)C(*)C(=*)OC12,13,10,Ring,-=-------=
*C1CCC2(*)C(=CC(*)C3C2CCC2(*)C3CC3OC4(CCC(*)(*)O4)C(*)C32)C1,13,7,Ring,-------
*C1=C2C(*)(*)C(=*)C=CC2(*)C2C(*)CC3(*)C(*)CC4OC43C2(*)C1=*,13,10,Ring,---=-----=
*C1C#CC2C=CC3CC(CC(*)C1)CC2C3*,13,3,Ring,---
*c1cc2c(c(*)c1*)-c1c(cc(*)c(*)c1*)C1OCC(C2)C1*,13,7,Ring,-------
*C1=CCC(*)C(*)C(*)OC(=*)C(*)NC(=*)C=CC=CCCC=CC=CCC2CC(*)CC(CC(*)C(*)C(*)C(*)=CC(*)C1*)O2,13,14,Ring,----=-=-------
*C1C2CCC3(C(*)C2=*)C2CC4C5(*)CCC(*)C4(C2N(*)C5)C13,13,6,Ring,--=---
*C1C=CC2C(*)C=CCC2C1,13,2,Ring,--
*c1cc2c(c(*)c1*)C1=C(CCC1)C(=*)O2,13,4,Ring,---=
*C1CC2C(=*)OCC(*)C(=*)N3CCCC3C(=*)N(*)C(*)C(=*)NC(*)C(=*)N2C1,13,10,Ring,-=-==--=-=
*C1CC2C3(CC[N+]2(*)CC1*)C(=*)Nc1ccccc13,13,4,Ring,---=
*c1ccc2c(c1*)C(=*)CC(*)O2,13,4,Ring,--=-
*C1C=CC2C(*)CCC2C1*,13,3,Ring,---
*c1c2c(n(*)c1=*)=CSS2,13,3,Ring,--=
*C1=CC2OC(=*)C(*)C2(*)C(*)C2C(*)C(*)CC(*)C2(*)C(*)CC1,13,10,Ring,-=--------
*C1=CCC=CC1,13,1,Ring,-
*c1cc2c(c(*)c1*)-c1c(*)c(*)c(*)c(*)c1C(=*)OCC(*)C(*)OC2=*,13,11,Ring,-------=--=
*C1CC2C(*)(*)C(*)CC(*)C23CC32CCC3(*)C(*)CCC3(*)C12,13,8,Ring,--------
*C1=CCC2(*)CCCC(*)(*)C23CC13,13,4,Ring,----
*N1C(=*)C23CC4(*)c5ccccc5NC4N2C(=*)C1(*)SSS3,13,5,Ring,-=-=-
*C1CCC(=*)CC(*)C(*)CC(=*)O1,13,5,Ring,-=--=
*c1cc2c(*)cccc2o1,13,2,Ring,--
*C1=CCCC(*)C2CCC(*)(O2)C(*)C(*)C2=C(*)C(=*)OC2(*)C1,13,8,Ring,------=-
*C1CC2(*)C(*)(*)CCC(*)C2(*)C2Cc3occc3C(*)C12,13,7,Ring,-------
*c1cc(*)c2c(c1)OC1=C(C2=*)C(*)CC1,13,4,Ring,--=-
*C1C2(*)CCCC1(*)C(=*)O2,13,4,Ring,---=
*C1OC(=*)C=C2C3(*)CC=CC4(*)C(=*)OC(C43)C3OC213,13,5,Ring,-=--=
*C1=NC(*)(*)C(=*)N1,13,4,Ring,---=
*C1CC(*)(*)C(*)C(=*)O1,13,5,Ring,----=
*C1CCC2(*)CCCC(*)C2C1,13,3,Ring,---
*C1Cc2cc3c(cc2OC1(*)*)OC(=*)C=C3,13,4,Ring,---=
*C1CC(*)C(*)N(*)C1,13,4,Ring,----
*c1cc2[nH]c3c(*)c(*)ccc3c2cc1*,13,4,Ring,----
*C1CC2(*)C(C(*)C(=*)C(*)C(*)C(*)C(*)(*)C3OC2(*)C(*)C3=*)C1*,13,13,Ring,---=-------=-
*c1cc2c(cc1*)CC[N+](*)=C2,13,3,Ring,---
*CCCC(O)C(O)CCC(O)C*,13,2,Linker,--
*CC(*)CO*,13,3,Linker,---
*CCCC(C)(O)CCC=C(C)CCCC(C)C=*,13,2,Linker,-=
*OCC(*)CCC=C(C)C,13,2,Linker,--
*CCCCCCCC(O)CCC(*)O,13,2,Linker,--
*CCNC(=O)C(=O)NC*,13,2,Linker,--
*C=CC(=O)OCC(*)O,13,2,Linker,--
*C(=O)OC(*)=O,13,2,Linker,--
*CNC(=O)C(CC(C)C)N*,13,2,Linker,--
*C(=O)OC(*)C(C)C(C)=O,13,2,Linker,--
*C(=O)C(*)C(C)CC,13,2,Linker,--
*C(C)C(O)CC(=*)C(C)C,13,2,Linker,-=
*CC(=O)C(*)=*,13,3,Linker,--=
*C(C)NS(*)(=O)=O,13,2,Linker,--
*C(C)=CC=CC(C)=CC=CC=C(C)C=CC=C(C)C=C=*,13,2,Linker,-=
*CC(*)C(=O)N*,13,3,Linker,---
*OCO*,13,2,Linker,--
*C(=O)NC(CC(N)=O)C(*)=O,13,2,Linker,--
*CCC(C)=CCC(C=C(C)C(C*)OC(C)=O)OC(C)=O,13,2,Linker,--
*C(*)CC(=O)NC(C(N)=O)C(C)CC,13,2,Linker,--
*CCC(C)=CCCC(C)OC(=O)N*,13,2,Linker,--
*CCCC(=O)N(C)C*,13,2,Linker,--
*OC(C)C(O)C=CC=CC=CC(=O)C(C)C(O)C(*)C,13,2,Linker,--
*CCN=CC=*,13,2,Linker,-=
*CC(*)NC(=O)C(C)C(*)OC,13,3,Linker,---
*CCCN(C*)C*,13,3,Linker,---
*CC(*)CC(O*)C(O)CCO,13,3,Linker,---
*C(=O)NCCCNC(*)=O,13,2,Linker,--
*C(C)C=C(C)C(O)C(C)C(O)C(*)C,13,2,Linker,--
*OCC(C)=CCCC(*)(C)O,13,2,Linker,--
*CC(COC)C(C*)COC,13,2,Linker,--
*COC(=O)N(C)CCCC(=O)N*,13,2,Linker,--
*C(=O)NC(C(=O)NC(CC(C)C)C(=O)NC(C)(C)C(*)=O)C(C)CC,13,2,Linker,--
*CC(*)C(=O)NC(C)C(=O)O,13,2,Linker,--
*OCC=C(C)CCC=C(C)CO*,13,2,Linker,--
*NC(=O)CCNC(=*)C,13,2,Linker,-=
*CC(O)C(*)*,13,3,Linker,---
*C(CCCO)C(*)(C)O,13,2,Linker,--
*C(NC(=O)C(N)C(C)C(*)O)C(=O)NC(CCC(=O)O)C(=O)O,13,2,Linker,--
*CC(O)CCCCCC(O)CCCCCCC(*)O,13,2,Linker,--
*CCC(=O)NC(*)C(C)C,13,2,Linker,--
*C=CC=C(*)C,13,2,Linker,--
*CCCCCCC(=O)NCC*,13,2,Linker,--
*CN=C(*)C,13,2,Linker,--
*OCCC(*)O,13,2,Linker,--
*C=C(C)C=CC=C(C)C(O)C(*)C,13,2,Linker,--
*OC(CO)C(*)=O,13,2,Linker,--
*C(*)=S,13,2,Linker,--
*CCCC(=O)C(C)C=C(*)C,13,2,Linker,--
*NC(=O)C(*)=NOC(C)(C)C(=O)O,13,2,Linker,--
*CC(NC(=O)C(C)O*)C(=O)OC,13,2,Linker,--
*OC(=O)CC(*)=O,13,2,Linker,--
*OCC(=O)NN=*,13,2,Linker,-=
*CCCN(O)C(=O)C=C(C)CCO*,13,2,Linker,--
*CCNC(=O)C(CC(C)C)N*,13,2,Linker,--
*CC(NC(=O)OCC(C)C)C(=O)N*,13,2,Linker,--
*CCC(C)(C)O*,13,2,Linker,--
*CN(C*)CCO,13,2,Linker,--
*C=C(CC*)C(=O)O*,13,3,Linker,---
*C(OC(=O)CC(=O)[O-])C(N)N,13,1,Sub,-
*NC(=O)C(N)C(C)CC,13,1,Sub,-
*C(C)C=CC(C)CO,13,1,Sub,-
*C(C)CCCC=CCCCNC(=N)NC,13,1,Sub,-
*OC(=O)C(C)=CC(C)CCCCCC,13,1,Sub,-
*C(C)C=CC(CO)C(C)(C)O,13,1,Sub,-
*CC(CO)CC=O,13,1,Sub,-
*CC(O)C=C(C)C(=O)O,13,1,Sub,-
*COC(=O)C(C)CO,13,1,Sub,-
*C(C)C(=O)C(C)=CC,13,1,Sub,-
*C=CC(=O)OC(CC(=O)O)C(=O)O,13,1,Sub,-
*CCCCC(C)=O,13,1,Sub,-
*C(C)C(C)OC(C)=O,13,1,Sub,-
*C(C)C(O)C(O)C(=C)C(C)C,13,1,Sub,-
*C=CC(=O)NCC(C)C,13,1,Sub,-
*C(=O)CCCCCCCCCCCC,13,1,Sub,-
*NCCCOCC,13,1,Sub,-
*CC=CC(=C)C,13,1,Sub,-
*OCCCCCCCCC(=O)OC,13,1,Sub,-
*CC(C)CCC,13,1,Sub,-
*OC(=O)CCCCCCCCCCCCCCCCCC,13,1,Sub,-
*CC(C)C=O,13,1,Sub,-
*CCC(C)(C)OC,13,1,Sub,-
*C=CC(C)=CC=CC(C)=CC=CC=C(C)C=CC=C(C)C=O,13,1,Sub,-
*OCC(=O)NC(C)CO,13,1,Sub,-
*CNCCCOCC,13,1,Sub,-
*C=C(C)[N+](=O)[O-],13,1,Sub,-
*C(O)C=CC(O)CC=CCC=CCC,13,1,Sub,-
*CCC(=O)NCCCN(C)C,13,1,Sub,-
*OC(=O)CCCCCCCCCCCCCCCCCCCCCCCCCCC,13,1,Sub,-
*NC(C)CCC(C)C,13,1,Sub,-
*CC(OC)C(=O)O,13,1,Sub,-
*C(C)(O)CCC(=O)O,13,1,Sub,-
*OP(=O)([O-])[O-],13,1,Sub,-
*C=CC=CC=CCCCC,13,1,Sub,-
*C(=CO)C(=O)OC,13,1,Sub,-
*C(C)CCC(C)C,13,1,Sub,-
*OCC(NC(=O)C(O)CCCCCCCCCCCCCCCCCCCCC)C(O)C(O)CCCCCCCCCCCCCC,13,1,Sub,-
*C(=O)COC(=O)C=C,13,1,Sub,-
*OCCCNC,13,1,Sub,-
*C=C(C)C(O)CC=C(C)C,13,1,Sub,-
*=[N+](CC)CC,13,1,Sub,=
*C(CO)COC(C)=O,13,1,Sub,-
*C(=O)NC(=CC)C(=O)NCC(C)=O,13,1,Sub,-
*NC(=O)C=CC(C)C,13,1,Sub,-
*CNC(CC(C)C)C(=O)O,13,1,Sub,-
*CC(=O)NC(CC(C)C)C(=O)OC,13,1,Sub,-
*C(=O)C(NC(=O)C(C)N(C)C)C(C)C,13,1,Sub,-
*COC(=O)C(O)(C(C)O)C(C)O,13,1,Sub,-
*OCCC(C)C(=O)O,13,1,Sub,-
*CC(=O)NCCCC,13,1,Sub,-
*CCC(C)=CCOP(=O)(O)OP(=O)(O)O,13,1,Sub,-
*CCC(=O)NCCN(C)C,13,1,Sub,-
*C=CC(C)=CC=CC(C)=CC(=O)O,13,1,Sub,-
*C(=O)C[N+](C)(C)C,13,1,Sub,-
*C(=O)COC(=O)CCC(=O)NC(C(=O)O)C(C)C,13,1,Sub,-
*CCCCCCCCCCCC=CCCCC,13,1,Sub,-
*O[CH2],13,1,Sub,-
*CC(NC(=O)CCC(N)C(=O)O)C(=O)O,13,1,Sub,-
*C(O)C(C=CC(OC(C)=O)C(C)OC(C)=O)OC,13,1,Sub,-
*CCC=C(C)CCC=C(C)CCC=C(C)CO,13,1,Sub,-
*CCC(=CC(=O)O)C(=O)O,13,1,Sub,-
*NC(=O)CC(O)CCCCCCCCCCCCN=C(N)N,13,1,Sub,-
*OC(C)(C=C)CCC=C(C)CCC=C(C)C,13,1,Sub,-
*C(C)CCCCCCCC,13,1,Sub,-
*C=CC(C)=CCCC(C)O,13,1,Sub,-
*SC(CCCC[S+](C)[O-])=NOS(=O)(=O)O,13,1,Sub,-
*NC(=O)CC(N)CCCNC(=O)CC(N)CCCN,13,1,Sub,-
*C(=CC(=O)O)OC,13,1,Sub,-
*=C(CC(C)O)C(=O)O,13,1,Sub,=
*NCCC(C)CO,13,1,Sub,-
*C(C)C(O)C(O)C(=C)C(C)(C)C,13,1,Sub,-
*OCC(COC(=O)CCCCCCCC=CCC=CCCCCC)OC(=O)CCCCCCCCCCCCCCC,13,1,Sub,-
*CS(=O)(=O)[O-],13,1,Sub,-
*COC(=O)CC(C)OC(=O)CC(C)OC(C)=O,13,1,Sub,-
*C(C)CCC(=C)C(C)CC,13,1,Sub,-
*C(CC(OC(C)=O)C(=C)C)OC(C)=O,13,1,Sub,-
*CCC(C=O)=CC(=O)O,13,1,Sub,-
*OC(=O)C=CC=CCCCCCCCCC,13,1,Sub,-
*C(O)C=C(C)C=CC(CC=CBr)OC,13,1,Sub,-
*OC(CC(O)CC(=O)O)C(C)CC,13,1,Sub,-
*C(O)=C(C)C(=O)O,13,1,Sub,-
*C(C)=C(C)C,13,1,Sub,-
*OC(O)C(O)C(O)C(O)C(O)CO,13,1,Sub,-
*C(C)=CC(CC)CO,13,1,Sub,-
*CSC(C)=O,13,1,Sub,-
*=CC#CC#CC#CC,13,1,Sub,=
*OC(=O)C=CC=CC(=O)O,13,1,Sub,-
*C(C=O)CCC=C(C)C,13,1,Sub,-
*COOCC,13,1,Sub,-
*C(C)C(=O)OCC,13,1,Sub,-
*=NOCC(=O)NC(CCC(=O)O)C(=O)O,13,1,Sub,=
*C(=O)NCCS(=O)(=O)O,13,1,Sub,-
*CNC(=O)CC(C)C,13,1,Sub,-
*C(C)=CCC(O)C(C)(C)O,13,1,Sub,-
*OC(CCCCC)CCCCCCCCCC(=O)OC,13,1,Sub,-
*=C(O)CCC,13,1,Sub,=
*OCCNCCCCCC,13,1,Sub,-
*OC(=O)C=CC(N)=O,13,1,Sub,-
*CCCCBr,13,1,Sub,-
*C(C)C(O)C(C)C(=O)C=CC(C)C(O)C(C)C,13,1,Sub,-
*SCCCCCC,13,1,Sub,-
*C(C)C(O)CCCN,13,1,Sub,-
*CCCCCC(Cl)CCCCCC,13,1,Sub,-
*C=CCCOC(=O)CCCCCCC,13,1,Sub,-
*C(CO)CCO,13,1,Sub,-
*C(C)C(O)CC=C(C)C(=O)O,13,1,Sub,-
*C(C)CCC(=C)C(CC)CC,13,1,Sub,-
*NC(=O)CCCCCCCCCCCCCC,13,1,Sub,-
*CCCCCC(=O)CC,13,1,Sub,-
*C(=O)OCC(C)CC,13,1,Sub,-
*OCC(NC(=O)CCCCCCCCCCCC=CCCCCCCCC)C(O)C=CCCCCCCCCCCCCC,13,1,Sub,-
*C(=O)S,13,1,Sub,-
*OCC(=O)NCC(C)C,13,1,Sub,-
*CCC(C)C(=O)OC,13,1,Sub,-
*C(O)CCCCCCCC,13,1,Sub,-
*NCCCN(C)C,13,1,Sub,-
*C(=O)C=CC(C)=CC(CC)CO,13,1,Sub,-
*C(NC(=O)OC(C)(C)C)C(=O)O,13,1,Sub,-
*N(CCC)CCC,13,1,Sub,-
*OC(=O)C(CCC(C)C)NC(=O)OC(C)(C)C,13,1,Sub,-
*C(=O)NC(CCCCC)C(=O)O,13,1,Sub,-
*CC(=C)CC(O)C=CC=C,13,1,Sub,-
*C(=O)C(CCCCC)CC(=O)NO,13,1,Sub,-
*C(O)CCN=C(N)N,13,1,Sub,-
*CNCCN(CC)CC,13,1,Sub,-
*C=C(C)CCC=C(C)C=C,13,1,Sub,-
*CC=C(C)CCC=C(C)CCC(=O)O,13,1,Sub,-
*OCC=C(C)C(=O)OC,13,1,Sub,-
*CC(=O)N(C)CC#N,13,1,Sub,-
*OCC=C(C)C(=O)O,13,1,Sub,-
*CCC(=CC(=O)OC)COC(C)=O,13,1,Sub,-
*OCCC#N,13,1,Sub,-
*C(=O)C(C)CC(C)CC=CC,13,1,Sub,-
*NC(C(=O)O)C(C)O,13,1,Sub,-
*C(C)(C)OS(=O)(=O)O,13,1,Sub,-
*C(=O)CCC(C)=O,13,1,Sub,-
*C(=O)NCCCN,13,1,Sub,-
*=NC(CO)C(=O)O,13,1,Sub,=
*C1CC2(*)OC(=CC2=*)C(=*)CC2OC(=*)C(*)C12,12,6,Ring,--===-
*C1C2C3CC4C5N(*)c6ccccc6C15CC2N4CC3=*,12,3,Ring,--=
*C1=CC(*)C2CC3OC(*)CC4C(*)=C(*)C(=*)C(C2(*)C1=*)C34*,12,9,Ring,-----=-=-
*C1C(*)(*)OC2CC(=*)OC21*,12,5,Ring,---=-
*C1=CC(*)C(*)C2(*)C1CC1OC(=*)C(*)C3(*)C4(*)OCC13C2C(*)C4*,12,10,Ring,----=-----
*C1=NC2CCC(*)N(C2=*)C(*)C(=*)N(*)C(*)C(*)=NC(*)C(=*)OC(*)C(*)C(*)=NC1=*,12,14,Ring,--=-=----=---=
*c1ccc2c(c1)NC(=*)C(*)N2,12,3,Ring,-=-
*c1c2c(c(*)c3c(=*)c4c5c(ccc4c(=*)c13)C1(*)OC(O5)C(*)C(*)C1*)CC(*)(*)CC2*,12,11,Ring,--==-------
*C1=C(*)C2(*)CCC(*)C(*)(*)C2C(*)C1=*,12,8,Ring,-------=
*c1ccc2c(=*)c3ccc(*)c(*)c3c(=*)c2c1,12,5,Ring,-=--=
*C1C=CC=CC=CC=CC=CC=CC=CC(*)C(*)OC(=*)CC(*)CC(=*)CC(*)CC(*)CC(*)CC(*)CC2(*)CC(*)C(*)C(C1)O2,12,13,Ring,---=-=-------
*c1ccc2c(c1)C13CCN4CC5OC5C(*)(CCC1N2*)C43,12,3,Ring,---
*C1(*)CCCC2(*)C1CCC1(*)C2CCC2C1(*)CCC1(*)C3CCC21C(=*)OC3(*)*,12,9,Ring,------=--
*C1CCC(=*)C2C3CC4(*)OC(*)(CCC4*)C(O3)C12,12,5,Ring,-=---
*C1C=C2C=CC(*)(*)C(*)(*)C2C(*)C1,12,6,Ring,------
*C1CC(*)C2(*)C(C1)OC1(CC(*)C(*)CO1)C2*,12,6,Ring,------
*C1CCC(*)C2(*)C1=CC(=*)C1C2C1(*)*,12,6,Ring,---=--
*C1CSSC1*,12,2,Ring,--
*C1=CC2(*)C(=*)C(*)(C1*)C(*)C2*,12,7,Ring,--=----
*C1=CCC(*)(*)C1,12,3,Ring,---
*C1C=CC=CC=CC=CCCC=CC=CC(*)C(*)C(*)C(*)OC(=*)CC(*)CC(*)CC(*)CCC(*)C(*)CC2(*)CC(*)C(*)C(C1)O2,12,14,Ring,-----=--------
*C1=CC2=C(C(=*)O1)C(*)C(*)C(*)O2,12,5,Ring,-=---
*C1=Cc2cc3c(=*)cc(*)c(=*)c3c(*)c2C(*)O1,12,6,Ring,-=-=--
*C1CCCC2=CC(=*)C3C(C3(*)*)C21*,12,5,Ring,-=---
*N1CCN(*)C1=*,12,3,Ring,--=
*c1ccc2cc1Oc1ccc(cc1)CC1c3cc(c(*)cc3CCN1*)Oc1c(*)c(*)cc3c1C(C2)[N+](*)(*)CC3,12,7,Ring,-------
*c1c2c(c(*)c3cc4c(cc13)OCO4)C(=*)OC2,12,3,Ring,--=
*c1cc2c3c(c1)C1c4c(cc(*)cc4C4c5c(cc(*)cc5C3C(*)O2)OC4*)OC1*,12,6,Ring,------
*N1CC(=*)N2Cc3ccccc3CC2C1=*,12,3,Ring,-==
*C1CCC2(CC(*)C(*)CO2)OC1,12,3,Ring,---
*C1=CCC2CC(CC3(CC(*)C(*)C(*)O3)O2)OC(=*)C2C=C(*)C(*)C3COC(=CC=CC(*)C1)C23*,12,9,Ring,----=----
*C1CC2C(*)CC3C(=CCC4(*)C(*)CCC34*)C2(*)CC1*,12,7,Ring,-------
*C1=Cc2c(cc(*)c(*)c2*)OC1=*,12,5,Ring,----=
*C1C(*)C(*)C23OC(*)(*)C(C(*)C(*)C2(*)C1*)C3*,12,10,Ring,----------
*C1CC2(C(=*)O1)C(*)CCC13COC(=*)C1C(*)C(*)CC32,12,6,Ring,-=-=--
*C1=C(*)C2OC(*)CC2O1,12,3,Ring,---
*C1=C(*)C2CCC(*)C3NC(*)CCC(C(*)Cc4ccc(cc4*)CC(*)(CC#Cc4c(*)cccc4CC1)N2)C3*,12,9,Ring,---------
*C1CCCNC(=*)C(*)NC(=*)C(=*)C(*)NC1=*,12,7,Ring,-=-==-=
*C1=CC2(*)OC1CC1C3=C(*)CCC3(*)CCC12*,12,5,Ring,-----
*C1=C2CCC3(*)CCCC4CC(*)C(*)C43C2CCC(*)Cc2cccc(c2)CC(*)C(*)CNC2C(=*)NC(*)c3cccc(c32)CC1=*,12,10,Ring,-------=-=
*c1cc2cncc(*)c2cc1*,12,3,Ring,---
*c1cccc2c1OC(=*)C=C2,12,2,Ring,-=
*c1ccc2c(c1)N(*)C(=*)O2,12,3,Ring,--=
*c1cn2ccccc2[n+]1*,12,2,Ring,--
*C1=NC=Cc2ccc(cc2)OC2CCN(*)C2C(*)=NC1*,12,4,Ring,----
*C1=CC2OC(=*)C3(*)OC23C(*)C2C(*)C(*)CC(*)C2(*)C(*)C(*)C1*,12,11,Ring,-=---------
*C1CC2=CCC3C4CC5OC6(OCC(*)C(*)C6*)C(*)C5C4(*)CCC3C2(*)C(*)C1,12,8,Ring,--------
*C1CC2C(=*)C(=*)C3(C(*)CC4C(*)(*)CCCC4(*)C13)C2*,12,8,Ring,-==-----
*C1C(*)C2CCCCC2(*)C2CCC3(*)C(*)CCC3C12,12,5,Ring,-----
*c1nc2c3c(n1)C(*)C(*)CC3CC2,12,3,Ring,---
*C1CC2C(*)(*)CCCC2(*)C2=C1CC(*)(*)CC2,12,6,Ring,------
*C1CCC2C3CC(*)C4(*)C(*)C=CC(=*)C4(*)C3CCC12*,12,7,Ring,----=--
*C1OC(=*)CC2C1(*)CCC1C23OC2(*)C(*)(C(*)C(*)(*)C(*)C12*)C3*,12,11,Ring,-=---------
*C1=C2NC(=*)NC3CCC(CC1*)C23,12,3,Ring,-=-
*c1ccc2c(*)ccccc1-2,12,2,Ring,--
*C1=CCCC(=*)C(*)CC(*)(*)CC(*)C1,12,6,Ring,-=----
*c1cc(*)c2c(c1)-c1ccc3c(c1CC2)C(*)C(*)CO3,12,4,Ring,----
*c1cccc2c1N1C(*)C(*)C3(C(=*)c4ccccc4C3=*)C1C=C2,12,5,Ring,---==
*C1CCCNC(=*)C(*)NC(=*)C=Cc2coc(n2)C(*)NC(=*)C(=*)C(*)NC(=*)C2CCCN2C1=*,12,10,Ring,-=-=-==-==
*C1=CC=CC(=*)OC(*)C(*)C=CC(*)CC(*)C(*)C=CC(*)CC(*)C(*)C2OC(=*)C=C(CC(*)C1)C2*,12,13,Ring,-=--------=--
*c1cc(*)c2c(*)c(*)ccc2c1*,12,5,Ring,-----
*c1ccc(*)c2c1CC(*)C(*)(*)O2,12,5,Ring,-----
*C1CCC2(*)C3=C(C(=*)CC2C1*)C1CCC(*)C1(*)C(*)C3=*,12,8,Ring,--=----=
*C1=Cc2cc3c4c(c2OC1=*)CCCN4CCC3,12,2,Ring,-=
*C1CCC2(*)C3CCC4C(=CC3=CCC12*)CCC1N(*)COCC41*,12,5,Ring,-----
*c1ccc2c(c1)C13CCN4CCCC5(CCC1(N2)C(*)C5)C43,12,2,Ring,--
*C1COc2ccccc2C1,12,1,Ring,-
*C1ON(*)C(*)C1*,12,4,Ring,----
*C1=CC(*)C2C(=*)C(*)=C(*)C2C1*,12,6,Ring,--=---
*C1=CC(*)C2(*)CCC(*)C2CCC(*)=CCC1,12,5,Ring,-----
*c1ccc(*)c2c1Oc1cc3c(c(*)c1C2=*)C1C=COC1O3,12,4,Ring,---=
*c1ccc2cc1CC1C=CN=C1NCC1=CC3=C(CC=N3)C(*)C1C(=*)C(*)C(=*)CCc1cc(*)c(*)c(c1)C2,12,7,Ring,--=-=--
*C12CCCCC1CC1(CCCC1)C(=*)N2,12,2,Ring,-=
*C1=CC2=CCC3C(*)(*)CCCC3(*)C2CC1=*,12,5,Ring,----=
*C1NC(=*)CNC(=*)CNC(=*)C(*)NC(=*)C(*)NC(=*)C(*)NC(=*)C(*)NC(=*)C(*)C(*)OC(=*)C(*)NC1=*,12,17,Ring,-===-=-=-=-=--=-=
*C1CNC(*)C(=*)NCC(=*)NC(*)C(=*)NCC(=*)OCC(*)C(=*)NC(*)C(=*)NCC(=*)NC(*)C(=*)NC(*)C(=*)N1,12,16,Ring,--==-==-=-==-=-=
*C1=NCc2c1c1c3ccccc3n3c1c1c2c2ccccc2n1C1(*)OC3CC(*)C1*,12,4,Ring,----
*C1=NCCC(*)CC(*)C(*)=NC(*)C=C1,12,5,Ring,-----
*c1cc2c(c(*)c1*)N(*)C1C=CC34CCCN5CCC21C53OC(=*)C4,12,5,Ring,----=
*C1CC2OC(*)CC=CCC2O1,12,2,Ring,--
*N1C(=*)C2CC=CCC2C1=*,12,3,Ring,-==
*C1CC(=*)CC1*,12,3,Ring,-=-
*C1=CC2OC3CC4OC(=*)C=CCCC5(*)OCCC6(OC6C(=*)OCC2(CC1)C4(*)C31CO1)C5*,12,6,Ring,-=-=--
*C1CCC2C(CC2(*)*)C(=*)CCC1=*,12,5,Ring,---==
*C1C=COC12OC(=*)C1OC12,12,2,Ring,-=
*C1=CC2OC(=*)C(*)C2CC(*)C(*)=CCC1*,12,6,Ring,-=----
*C1=CC2(*)C=C(*)C(O2)C2OC(=*)C(=*)C2C(*)C1,12,6,Ring,---==-
*C1CCC=C2CCC3C(C3(*)*)C21*,12,4,Ring,----
*C1=CCC(*)C2CC(*)(*)CCC12,12,4,Ring,----
*C12CC1COC2=*,12,2,Ring,-=
*C1CC(=*)OC(*)CC2CC(=*)CC(*)(O2)C(*)(*)C=CC2CC(=*)CC(CC3(*)OC(C1)CC(*)C3(*)*)O2,12,12,Ring,-=-=---=----
*C1CCC2C(*)(CCC3C(*)(*)CCCC32*)C1*,12,6,Ring,------
*C1=CC(*)=C(*)C(=*)C(*)=C1,12,5,Ring,---=-
*C1=C2C(*)C(*)C3(*)CCC(*)C(=*)C3CC2(*)CC1*,12,8,Ring,-----=--
*C1CC(*)N2C(*)CCCC2C1,12,3,Ring,---
*C1C(=*)C2OC3(C(*)C(=*)OC13)C(*)C1C(=*)CCC(*)C1(*)C(*)C2*,12,10,Ring,-=-=-=----
*C1OCCC2(CCOC(*)(*)C2)O1,12,3,Ring,---
*C1OCC(*)(*)CO1,12,3,Ring,---
*C1OC(*)C(*)C(*)O1,12,4,Ring,----
*C1CCCC[N+]1(*)*,12,3,Ring,---
*C1OC(=*)CN(*)C(=*)C=CC(=*)NC(=*)CNC(=*)C(*)(*)C(=*)C1*,12,11,Ring,-=-====--=-
*c1ccc2c3c1OC1CC(*)CCC31CCN(*)C2,12,3,Ring,---
*C1CCC2(*)C(=CCC3=C4OC5COC6(*)OCC4(CCC32)C56)C1,12,3,Ring,---
*C1CC2CC(*)C(*)(*)C3CCC4C(C1CCC4(*)*)C23,12,6,Ring,------
*c1ccc2c(c1)C(*)C1c3cc(*)cc(*)c3C2C2c3c(c(*)cc(*)c31)C(*)C2*,12,8,Ring,--------
*C1=NN(*)CC1*,12,3,Ring,---
*C1=CC2=CCC3C(CCC4(*)C3CCC4(*)*)C2(*)CC1,12,5,Ring,-----
*C1=CC2C3Cc4ccc(*)c(*)c4C2(CCN3)CC1=*,12,4,Ring,---=
*C1CC(*)C2(*)C3CCC4(*)C(*)C(*)CC4C3C3OC3C2(*)C1,12,7,Ring,-------
*c1cc(*)c2c(c1)cc(*)c1c(=*)c3c(*)cccc3c(=*)c12,12,6,Ring,---=-=
*c1c2c(c(*)c3c(*)cccc13)C(=*)CC(*)(*)C2*,12,7,Ring,---=---
*c1cc2c(cc1*)C1=C(CO2)Oc2c(ccc3c2CC(*)O3)C1=*,12,4,Ring,---=
*c1cc2c(cc1*)[N+](*)(*)CC(*)C2,12,5,Ring,-----
*C1=C2C(=*)CCC(*)C2(*)Oc2cc(*)c(*)c(*)c21,12,7,Ring,-=-----
*C1=C2CC3(*)C(*)CC(*)CC3CC2OC1=*,12,5,Ring,----=
*C1=CC2(*)CC(*)=C3Nc4ccccc4C34CCN(C1)C24,12,3,Ring,---
*C1CCC2(OC1)OC1CC3C4CC=C5C=CCCC5(*)C4CCC3(*)C1C2*,12,4,Ring,----
*C1CC(*)C2(*)OCC(*)C3CC(*)C(*)C4C(CC1=*)OC2C34,12,7,Ring,------=
*C1C2C3CCC1(*)C3(*)CCCC2(*)*,12,5,Ring,-----
*C12CCCC(*)(C1)C1CC(*)(*)C1CC2,12,4,Ring,----
*C1=CCC(*)C2C1C1CC(=*)C(*)CC(*)C(*)(*)C2O1,12,7,Ring,--=----
*C1C2(*)CN3CC1(*)CN(C2)C3(*)*,12,5,Ring,-----
*C1CCC2(*)C3=C(CCC2C1)C1=CC2OC4C(*)OC(*)C4C2C1(*)CC3,12,5,Ring,-----
*C1=CCc2ccc([nH]2)C2=NC(*)C(COC(=*)C(*)CC(=*)OC3C1OC(=*)C3(*)*)O2,12,8,Ring,--=-==--
*C1=C2C3(*)CC4CC5C3CCC(*)N5C24C2CCC(*)C(*)C2C1*,12,6,Ring,------
*C1OC(=*)C2(OC(=*)CC2*)C1*,12,5,Ring,-==--
*C1=CC(*)CC=CC2C(*)C(=*)C(*)C3C(*)NC(=*)C23C(=*)C=CC(=*)C1*,12,10,Ring,---=--===-
*c1cc2c(cc1*)C1(*)CCC(*)C(*)(*)C1CC2=*,12,7,Ring,------=
*c1nn(*)c(*)c2cccc1-2,12,3,Ring,---
*C1COC(=*)C(*)N(*)C(=*)CN(*)C(=*)CNC(=*)C2C(*)CC=NN2C(=*)C(*)COC(=*)C(*)N(*)C(=*)CN(*)C(=*)CNC(=*)C2C(*)CC=NN2C1=*,12,20,Ring,-=--=-==-=-=--=-==-=
*C1=CC(*)C2C(=*)C(=*)OC2C(*)C(*)=CCC1,12,6,Ring,--==--
*C1C(=*)OC(*)(*)OC1=*,12,5,Ring,-=--=
*C1N(*)C(=*)N(*)C1(*)*,12,6,Ring,--=---
*c1coc2c1C(*)C1(*)C(*)CCC(*)C1(*)C2=*,12,7,Ring,------=
*C1=CCCC2(*)OC2C2OC(=*)C(*)C2C(*)C1,12,5,Ring,--=--
*C1=CC2(*)C(=*)C(C1*)C(*)C2*,12,6,Ring,--=---
*C1=CC(*)CC(*)=CC2OC(=*)C(=*)C2CC1,12,5,Ring,---==
*C1C(*)C(*)(*)C2CCC3(*)C(C=CC45CC34CCC3(*)C(*)CC(*)(*)CC35)C2(*)C1*,12,11,Ring,-----------
*c1ccc2[nH]c3c(c2c1)CCN1CC2CC(*)C1C3C2,12,2,Ring,--
*c1ccc(=*)c(=*)c1,12,3,Ring,-==
*C1=NC(*)C(=*)N(*)C(*)C(*)=NC(*)C(=*)N(*)C2Cc3ccc(cc3)Oc3cc(ccc3*)CC(C(*)=NC1*)N(*)C2=*,12,14,Ring,--=----=-----=
*C1CNC(*)C2(*)C(*)OC(*)C(*)C2(*)OCSSCC1*,12,8,Ring,--------
*C1C(=*)NC(*)(*)C(=*)N1*,12,6,Ring,-=--=-
*c1cc2[nH]c3c(*)ncnc3c2cc1*,12,3,Ring,---
*C1CSSCC(*)C(*)C(*)CC(=*)C1,12,5,Ring,----=
*c1cc(*)n2ncc(*)c2n1,12,3,Ring,---
*C1=CCCC(*)(*)C=CC2(*)CCC(*)(O2)C(*)CC1,12,6,Ring,------
*C1=CC(*)C(*)(*)C(*)C1,12,5,Ring,-----
*C1CCC23CC12CCC1C2(*)CCC(=*)C(*)(*)C2CC(*)C13*,12,7,Ring,--=----
*C1CC2CC3(OC2(*)*)C(*)CCC3C1*,12,5,Ring,-----
*C1=NOC2C(*)C=CC(*)C2(*)C1,12,4,Ring,----
*C1=CC2OC(=*)C(*)C2C(*)CC(=*)C(*)CC1,12,6,Ring,-=--=-
*C1C=CC=CC=CC=CC=CC=CC=CC(*)C(*)C(*)C(*)OC(=*)CC(*)CC(*)CCC(*)C(*)CC(*)CC2(*)CC(*)C(*)C(C1)O2,12,14,Ring,-----=--------
*C1CC2CN3CCc4c([nH]c5ccccc45)C3CC2C(*)C1*,12,3,Ring,---
*C1NC(=*)c2csc(n2)C(*)NC(=*)C2CSC(=N2)C(*)NC(=*)C2N=C(OC2*)C2CCCN2C1=*,12,8,Ring,-=-=-=-=
*C1CCCC2(*)OC2C(*)C2C(=*)C(=*)OC2C1*,12,6,Ring,---==-
*C1C2C(=*)C(=*)OC2C(*)C2(*)C3COC(O3)C(=*)C12,12,6,Ring,-==--=
*c1ccc2c(ccc3cc(*)c(*)c(*)c32)c1,12,4,Ring,----
*C1=C2C(CC1*)C(*)(*)CC(*)C1(*)C2OC(=*)C1(*)*,12,9,Ring,------=--
*C1c2ccccc2N(*)C1*,12,3,Ring,---
*c1cc(*)c2c(*)nn(*)c2n1,12,4,Ring,----
*C1OC2(*)CCCCC2CC12CCC(=*)C2=*,12,4,Ring,--==
*c1cc2c(cc1*)C1CC(*)C3C(C#CC(*)(*)CC(*)CCC3*)C=C1C(*)C2,12,8,Ring,--------
*=C1OC2C(CCC(=*)C3CCC(=*)C32)C1=*,12,4,Ring,====
*C1=CC(=*)C(*)(*)C1=*,12,5,Ring,-=--=
*c1c(*)c2c(c3c1OC(*)C3(*)*)OC13C(C2=*)C(*)C2(*)CC1C(*)(*)OC3(*)C2=*,12,12,Ring,-----=-----=
*C1C=C2CCC3C4CCC(=*)C4(*)CCC3C2(*)CC1,12,4,Ring,-=--
*C1CC(*)C(*)C2(CCC(*)(*)O2)O1,12,5,Ring,-----
*c1ccc2c(c1)Cc1ccccc1-2,12,1,Ring,-
*C1=Nc2ccccc2CNC12CCN(*)C2,12,2,Ring,--
*C1=CCC2C=COC(*)C12,12,2,Ring,--
*C1=CC2=C(C(=*)O1)C(*)C(*)O2,12,4,Ring,-=--
*C1OC(=*)c2c1c1ccccc1n2*,12,3,Ring,-=-
*c1cc2cc[nH]c2cc1*,12,2,Ring,--
*c1cc2c(cc1*)-c1c(*)c3cc(*)c4ccccc4c3n1CC2,12,4,Ring,----
*c1nc2c3c(ccc2c(*)c1*)OCO3,12,3,Ring,---
*C1CC2(*)C(CCC3(*)C2C(=*)C=C2C4CC(*)(*)CCC4(*)CCC23*)C(*)(*)C1*,12,11,Ring,---=-------
*C1CCOC2(CCCCC2)C1,12,1,Ring,-
*C1C#CCC2CC3(*)C4=C5NCC(=*)CC(*)CSSCC6C(*)C(*)CC(*)(C4CCC3(*)C2C(*)(*)C(*)CC(*)C2CC=C3CCC(*)CC3C2C1)C6C5=*,12,14,Ring,--=----------=
*c1ccc2c(c1*)CCC1C2(*)CCC(*)C1(*)*,12,6,Ring,------
*C1=CC(=*)CC(*)C1(*)*,12,5,Ring,-=---
*c1ccc2c(*)cc(*)cc2c1,12,3,Ring,---
*C1CC(*)C(*)CC2OC(*)CC2O1,12,4,Ring,----
*C1=CC(=*)OC(*)C1(*)*,12,5,Ring,-=---
*C1CCC(*)C23CCC(*)C2C13,12,3,Ring,---
*C1=CC23CC(*)C(=*)N2CCc2cc4c(cc2C3C1*)OCO4,12,4,Ring,--=-
*C1=CC23CCC(*)N2CCc2cc4c(cc2C3C1*)OCO4,12,3,Ring,---
*c1cc2c(=*)c(*)c3c(c2cc1*)c1c2cc(*)c(*)cc2c(=*)c(*)c1n3*,12,9,Ring,-=----=--
*c1coc2c1CC1(*)C(CCC(*)C1*)C2=*,12,5,Ring,----=
*C1CCC2(*)C(CCC3(*)C2CCC2C4C(*)(*)C(*)OC4(*)C(*)C23*)C1(*)*,12,11,Ring,-----------
*C1=CC(=*)C2C(*)(*)CCCC2(*)C12CCC(*)(*)O2,12,7,Ring,-=-----
*C1NC(=*)C(*)NC(=*)C2CCCN2C(=*)C(*)NC(=*)C2CCCN2C(=*)C(*)NC(=*)C2CCCN2C(=*)C(*)NC1=*,12,13,Ring,-=-==-==-==-=
*c1cc2c(c3c1C(=*)CC(*)O3)C1=C(CCCC1)C(=*)O2,12,4,Ring,-=-=
*C1CC2C3(*)CCC4C(*)(*)CCCC4(*)C3CC(*)C2(*)C2C(=*)OC(*)C12,12,9,Ring,-------=-
*c1c2c(cc3c1OCO3)C(*)N(*)CC2,12,3,Ring,---
*C1C(=*)CN2CCCC2C1(*)*,12,4,Ring,-=--
*C1CC(=*)Oc2c1c1nc3ccccc3nc1c1ccccc21,12,2,Ring,-=
*C1C2C(=*)N(*)C(=*)C2N2C(*)C3C(=*)N(*)C(=*)C3N12,12,8,Ring,-=-=-=-=
*C12CCCC1CCc1ccccc12,12,1,Ring,-
*c1ccc2[nH]c3c(c2c1)CC(*)NC3*,12,3,Ring,---
*C1=CCCC(*)C1*,12,3,Ring,---
*C1=CCCC(=*)C=CC(*)CC1,12,3,Ring,-=-
*C1C2=C(C(*)C1(*)*)C(*)(*)C1(CC1)C(*)(*)C2=*,12,9,Ring,--------=
*C1=NC(*)C(*)=NC(*)C(*)=NC(*)C(=*)OC(*)C(*)C(*)=NCC(*)=NC(*)C(*)=NC(*)C(*)=NC(*)C(*)=NC(*)C(*)=NC1,12,19,Ring,------=------------
*C1CC2(*)C3=C(CC(*)C2C(*)C1*)C1CCC(*)C1(*)CC3,12,7,Ring,-------
*C1=C(*)C2C(*)NC(=*)C23C(*)C2OC2C(*)(*)C(=*)C(*)CC=CC3C1*,12,10,Ring,---=---=--
*C1CCC2(*)C3CCC4(*)C(CCC4(*)*)C3CCC2(*)C1,12,6,Ring,------
*C1=CC(=*)N(*)c2c(*)cccc21,12,4,Ring,-=--
*C1C=CC(*)C(*)C1=*,12,4,Ring,---=
*C1CCC2(*)C(CCC3C2CCC24COC(*)(*)C2CCC34*)C1,12,5,Ring,-----
*C1=C2CC3OC3(*)C2C2OC(=*)C(=*)C2C(*)C1*,12,6,Ring,--==--
*C1CCC2(*)C(C1)C(*)C(=*)C1C2CC(*)C2(*)C(*)CCC12,12,7,Ring,---=---
*C1CCC(*)C(=*)N(*)C1,12,4,Ring,--=-
*c1ccn2c1C(*)CC2*,12,3,Ring,---
*C1=CC(=*)CC1(*)*,12,4,Ring,-=--
*c1c2c(c(*)c3c1OC1(*)CC(*)C4(*)C(*)(*)OC(=*)CCC4(*)C1C3)C(=*)OC2,12,10,Ring,-------=-=
*C1=C2C(=*)C(*)=C(*)C2C2OC(=*)C(=*)C2C(*)C1,12,7,Ring,-=--==-
*C1CC2(*)C(CCC3(*)C2CC=C2C4CC(*)(*)CCC4(*)CC(*)C23*)C(*)(*)C1*,12,11,Ring,-----------
*C1CCC2(*)C1CCC1C3CCC(*)(*)C(*)C3CCC12,12,5,Ring,-----
*C1(*)CCC2(*)CCCC(=*)C2C1,12,4,Ring,---=
*c1cc2c(cc1*)C1(*)CC(*)CC(*)(*)C1CC2,12,6,Ring,------
*C12CCCC(=*)C1(*)CC1C(=*)C(=*)OC1C2,12,5,Ring,-=-==
*c1ccc2c(c1)NC(=*)C2,12,2,Ring,-=
*c1ccc2c(c1)C(*)Cc1c3c(c4c(c1-2)OC(*)CC4)OC1c2cc(*)c(*)c(c2)OCCC#CC(*)C1(*)C3,12,7,Ring,-------
*C1CCC2C(=CCC3C(*)(*)C(*)CCC23*)C1,12,5,Ring,-----
*C1C2CCC(*)(N2)C(*)C1*,12,4,Ring,----
*C1=CC(*)CC1=*,12,3,Ring,--=
*C1OC(=*)CC2C1(*)CCC13OC4(*)OC21C(*)C1(*)C(*)C2(*)CC1(O4)C3(*)C2*,12,10,Ring,-=--------
*c1ccc2c(=*)c(*)c(*)c(=*)c2n1,12,5,Ring,-=--=
*n1c2ccccc2c2ccncc21,12,1,Ring,-
*C1OC2OC(=*)C34CC(CCC3C23C(*)CCC(*)(*)C13)C(=*)C4*,12,7,Ring,-=---=-
*C1CC(=*)C2CCC(=*)C2C2OC(=*)C(=*)C12,12,5,Ring,-====
*c1cc2oc1C(*)C(*)CC(*)C1=CC(CC3(*)OC23)OC1=*,12,6,Ring,-----=
*C1(*)NC(=*)C(=*)NC1=*,12,5,Ring,--===
*C1CC2(*)CCC(*)(O2)C(*)CC2OC(=*)C(=*)C12,12,6,Ring,----==
*C1OC(=*)CC2C1(*)C(*)C(*)C13OC4(*)OC21C(*)C1(*)C(*)C2(*)CC1(O4)C3(*)C2*,12,12,Ring,-=----------
*C1CC2=C(CC(*)C2=*)OC(*)C(*)C(=*)NC(=*)C(=*)N1,12,8,Ring,--=--===
*c1cc(*)c2c(c1*)C(=*)c1cc(*)n(*)c1O2,12,6,Ring,---=--
*C1C=C2C(=*)C=C3C(CCC4(*)C(*)CCC34)C2(*)CC1*,12,6,Ring,-=----
*C1COC(*)(*)OC1*,12,4,Ring,----
*C1(*)CC23CCC4C(*)(*)CCCC4(*)C2C=CC1C3,12,5,Ring,-----
*c1ccc2c(c1)OC1c3ccc(*)c(*)c3COC1C2*,12,4,Ring,----
*C1=C(*)C(*)(*)C(=*)C1=*,12,6,Ring,----==
*C1NC(=*)c2ccccc2N1,12,2,Ring,-=
*C1CCC2C(=CCC3C2CCC2(*)C(*)CCC32)C1,12,3,Ring,---
*c1cc2c(c(*)c1*)OCC(*)C2,12,4,Ring,----
*C1NC(=*)C(*)NC(=*)C(*)C(*)C(*)C(*)OC(=*)C(*)NC1=*,12,11,Ring,-=-=----=-=
*C1=NN(*)C(=*)NC1=*,12,4,Ring,--==
*c1ccc2c(c1)NC(=*)CC2,12,2,Ring,-=
*C1C2C=CC3(CNC(=*)C(*)N(*)C(=*)C13)O2,12,5,Ring,-=--=
*C1=C2OC(*)CC23C(=*)C(*)(CC(*)C3(*)*)C1=*,12,8,Ring,--=----=
*C1C2CCC3C1(C(=*)C2=*)C1CC2C(*)(*)CCC(*)C23C(*)O1,12,7,Ring,-==----
*[N+]12CCCC3CN4C(=*)C=CCC4C(CCC1)C32,12,2,Ring,-=
*C1=CNC=CC1=*,12,2,Ring,-=
*C1CC2C(=*)C(*)C3(C2*)C1C12CCCC(*)(*)C1C(*)C3(*)OC2,12,8,Ring,-=------
*C1=C2C3C(*)(C=CC(*)C4CCC5C(*)C(*)CC43C5C1=*)CC1(*)C(*)CCC21*,12,9,Ring,-----=---
*C1C2(*)CCC3C4(*)CCC5(*)C6CC(*)(*)CCC6(*)CCC5(*)C4CCC13CO2,12,8,Ring,--------
*C1=NC(=*)Nc2c1nc(*)n2*,12,4,Ring,-=--
*C1C#CCC2CC(*)(CCN2)NCC(*)(*)CCCC1,12,4,Ring,----
*C1=CCC2C3CC=C4CC(*)CC(*)C4(*)C3C(*)CC12*,12,6,Ring,------
*C1CC=C2C3C=CC4C5C(CC6C7C(=CCCN6C5C(*)C2C1)OC(=*)C7*)C(*)C41CCC(CSS3)C1,12,5,Ring,--=--
*C1CCC2(C(*)C=CC2*)C(*)N1,12,4,Ring,----
*C1C2C(*)(*)C(=*)CCC2(*)C2CC(=*)C3(*)C(=*)C(*)(*)OC(=*)C3C2(*)C1*,12,13,Ring,---=-=-=--=--
*c1cc2c3c(*)c(c(*)cc3c1)C(=*)CN1Cc3c(cccc3C1=*)CC#COC1C(*)C(*)OC(O2)C1*,12,8,Ring,---==---
*C1=CC2(*)C(*)(*)CC(C(*)=C1)C2(*)*,12,7,Ring,-------
*C1Cc2c[nH]c3cccc(c23)C1*,12,2,Ring,--
*c1cccc2nc3cccc(*)c3nc12,12,2,Ring,--
*c1cc2c(cc1*)C(*)C(*)N(*)C2=*,12,6,Ring,-----=
*C1C2CN3CCN(C2)CC1(*)C3,12,2,Ring,--
*C1=NC2=C(C(=*)N1)C1(CCCC1)Cc1ccccc12,12,2,Ring,-=
*C1CCC(=*)C(*)C1*,12,4,Ring,-=--
*c1cc2c(c(*)c1*)C=CC1C2(*)C(=*)CC2(*)C(*)C(*)CC12*,12,9,Ring,----=----
*C1CC2(*)c3ccccc3C1(*)c1ccccc12,12,3,Ring,---
*C1CCC2(*)C3CCC4(*)C(*)CC(*)C4(*)C3(*)CC(*)C2(*)C1*,12,10,Ring,----------
*C1(*)OC2CC3C4CCC5=CC(=*)CCC5(*)C4CCC3(*)C2(*)O1,12,6,Ring,--=---
*c1cc(*)c2c(c1)Cc1cc(*)cc(*)c1C2=*,12,5,Ring,----=
*C1CC2(*)OC(=*)C(*)(C1)C2(*)*,12,6,Ring,--=---
*C1C=CC(*)C(*)C(*)(*)C(=*)OC(*)C1,12,7,Ring,-----=-
*C1CC(=*)C(=*)C2(*)OC(*)(*)C3CC132,12,6,Ring,-==---
*C1CCC2(*)C(*)CCC(*)C2(*)C1,12,5,Ring,-----
*C1=C(*)C(*)(*)CC1,12,4,Ring,----
*c1cc(*)c2c(c1*)OC1(C(=*)c3cc4c(nc3CC1*)N(*)C(=*)NC4=*)C2=*,12,9,Ring,---=--===
*c1ccc2c(c1)CCC1C2CCC2(*)c3c(sc(*)c3*)CC12,12,4,Ring,----
*c1nc(*)c2cccc(*)c2n1,12,3,Ring,---
*c1cn2c(n1)sc1ccccc12,12,1,Ring,-
*c1c(*)c(*)c2c(c1*)COC(*)C2*,12,6,Ring,------
*C1=CC2C=C(*)C(*)C3C(*)NC(=*)C23OC(=*)CC2OC(*)(*)OC2C(*)CC1,12,9,Ring,----==---
*N1C(=*)CC(*)(*)C1=*,12,5,Ring,-=--=
*C1=C2C(C(*)CC3(*)C(*)CCC23*)C2(*)CC(*)C(*)CC2C1=*,12,9,Ring,--------=
*C1CC2C(*)CCC(*)C(*)C(*)CC(*)C2(*)C1,12,7,Ring,-------
*N1C(=*)C(=*)NC(=*)C1=*,12,5,Ring,-====
*C1C=CC=CCCCCCCC2CN3CCC=CCCCCCCC4CC(CN(C1)C4)C2CC3,12,1,Ring,-
*c1ccc2c(c1*)OC1c3c(cc4c(c3*)CCC3(*)C(O4)OC(*)C(*)C3*)OCC21,12,7,Ring,-------
*C1=CC(*)C2CCN(*)C2O1,12,3,Ring,---
*C12CCC(C(=*)C(=*)C1=*)C2(*)*,12,6,Ring,-===--
*C1=CC(*)CC(*)(*)C1=*,12,5,Ring,----=
*C1CN(*)C(=*)O1,12,3,Ring,--=
*c1cc(*)c2c(*)c3c(cc2c1)CC(*)CC3=*,12,5,Ring,----=
*C1C(*)(*)C(=*)C(*)(*)C(*)C1(*)*,12,9,Ring,---=-----
*c1cccc2c(=*)c3c4c(ccc3c(=*)c12)C(*)C(*)CC4=*,12,6,Ring,-==--=
*C1CC(=*)c2ccc3c(c2O1)C=CC(*)(*)O3,12,4,Ring,-=--
*C1=Nc2cc(*)ccc2C1=*,12,3,Ring,--=
*C1CC2C3(*)CCCC(*)(*)C3C(*)C(*)C2(*)O1,12,7,Ring,-------
*C1CC2C(*)C(*)OC2C(*)N1,12,4,Ring,----
*C1C(=*)OC2CC(*)C(*)(*)C3C(*)C(*)C4(*)OCC23C14,12,8,Ring,-=------
*C1=COC(*)C2C(=*)CCC3C(C12)C3(*)*,12,5,Ring,--=--
*C1=CC2OC3CC4OC(=*)C=CCCC5(*)OCCC(=CC(=*)OCC2(CC1)C4(*)C31CO1)C5*,12,6,Ring,-=-=--
*C1CCC2(*)C(CCC3(*)C2CC=C2C4CC(*)(*)C(=*)CC4(*)CCC23*)C1(*)*,12,10,Ring,-----=----
*c1cc2c(c(*)c1*)C(=*)c1ccccc1N2*,12,5,Ring,---=-
*c1c2nc3ccccc3c-2n(*)c2ccccc12,12,2,Ring,--
*N1C(=*)c2[nH]cnc2N(*)C1=*,12,4,Ring,-=-=
*c1ncnc2[nH]ncc12,12,1,Ring,-
*n1cnc2c1NC(=*)NC2=*,12,3,Ring,-==
*C1C2(C(=*)Nc3ccccc32)C2CCCN2C12C(=*)Nc1ccccc12,12,3,Ring,-==
*c1ccc2c(c1*)c(=*)n1c3ccc(*)c(*)c3c3ccnc2c31,12,5,Ring,--=--
*[C+]1C=C2C(=N1)C1C=CC3(CCCC3C1)C2*,12,2,Ring,--
*C1CC=C2C1CC1(*)C(=*)CC2(*)C1(*)*,12,6,Ring,--=---
*C1=CN2CCc3c([nH]c4ccccc34)C2CC1*,12,2,Ring,--
*C1=C2C(CCC1)CC(*)(*)C1(CCC(*)C1*)C2*,12,6,Ring,------
*C1=CC(*)C(*)CCC(=*)C(*)CC1,12,5,Ring,---=-
*C1C=C2C(=*)OCC2C2(*)CCCC(*)(*)C12,12,5,Ring,-=---
*C1CCCC2C1CC1OC(=*)C3(*)C1C21CCC3(*)OC1,12,4,Ring,-=--
*C1C=CC(*)C23C(=*)NC(*)C2C(*)C(=*)C(*)C3C=CCC(*)C1,12,8,Ring,--=--=--
*c1cc2c(*)c(c1)C(*)CC=CC=CC(*)C(*)C(=*)N2,12,6,Ring,-----=
*C1=C(*)C(=*)C(*)(*)C(*)C1,12,6,Ring,--=---
*C1=NCC(*)N1*,12,3,Ring,---
*c1cc2c(c3c1C(*)C(*)C(*)O3)C(*)CC(=*)O2,12,6,Ring,-----=
*N1C2=C(C(=*)NC2(*)*)C(=*)c2ccccc21,12,5,Ring,-=--=
*C1CC(*)C23C(*)OC(CC2C1(*)*)C(*)C31CO1,12,6,Ring,------
*C1C2=C(N=C3c4ccccc4C(=*)C31)N(*)C(=*)N(*)C2=*,12,6,Ring,-=-=-=
*C1=CC=C2C3CCC4CC(*)CCC4(*)C3CCC12*,12,4,Ring,----
*C1C=CC(*)C23COC(*)(C(=*)C4(*)CC(*)C(*)C4C2*)C13,12,8,Ring,---=----
*C1CC(=*)N(*)C(*)(*)C1*,12,6,Ring,-=----
*C1CCC2(*)C(*)C(*)CC(=*)C2C1*,12,6,Ring,----=-
*C1C(=*)C2C(*)(*)CCCC2(*)C(*)(*)C1*,12,8,Ring,-=------
*C1NC(=*)C(*)NC(=*)C(*)C(*)OC(=*)C2CCCCN2C(=*)C(*)NC(=*)C(*)N(*)C(=*)C(*)NC1=*,12,15,Ring,-=-=--==-=--=-=
*C1CCC2(*)C(CCC3(*)C2CCC2C4C5(CC23CO5)OC(*)C4(*)*)C1(*)*,12,8,Ring,--------
*C1CCC2(*)C(CCC34OC35CCC(*)C5(*)CCC24)C1*,12,5,Ring,-----
*C1Cc2c[nH]c3c4c(cc(c23)N(*)C(*)C(=*)N1)C(*)(*)CCC4(*)*,12,8,Ring,---=----
*C1CCC2C3C=CC4CCCCC4(*)C3CCC12*,12,3,Ring,---
*C1(*)CCCC2(*)C1C1CC(*)(C#CCCC(=*)O1)C2(*)*,12,7,Ring,----=--
*C1CC2(*)C3=CCC4C(*)(*)C(*)CCC4(*)C3CCC2(*)C1*,12,8,Ring,--------
*C1=CC(=*)C(*)C2(*)C1CC1OC(=*)C(*)C3(*)C(*)C(*)C4(*)OCC13C42,12,10,Ring,-=--=-----
*C1C=CC(*)OO1,12,2,Ring,--
*c1cc2c(c(*)c1*)CC[N+](*)(*)C2*,12,6,Ring,------
*C1=CCC(=*)C(*)=CC2OC(=*)C(=*)C2C(*)C1,12,6,Ring,-=-==-
*C1C2OC2C2OC2(*)C1*,12,3,Ring,---
*c1cc2c(cc1*)C(=*)C1=C(O2)C(=*)N(*)C12C(=*)N(*)c1ccccc12,12,7,Ring,--==-=-
*C1=C(*)C2(*)CCC(=*)C(*)(*)C2=C(*)C1=*,12,8,Ring,---=---=
*C1CCC2(*)CCC3(*)C(CCC4C5(*)CC(*)C(*)C(*)(*)C5C(*)CC43*)C12,12,10,Ring,----------
*C1OC(=*)C2(*)OC12,12,3,Ring,-=-
*C1CC[N+]2(*)CCCCC12,12,2,Ring,--
*C1=NC(*)(*)Cc2cc(*)c(*)cc21,12,5,Ring,-----
*c1c2c(oc1=*)=CC1(*)OC(=CC1=*)C(*)CC2*,12,6,Ring,-=-=--
*c1c(*)c2c(*)cc(*)c3c4c(c(*)c(c1=*)c23)C(*)(*)C(*)O4,12,9,Ring,-----=---
*c1cc2c3c(c1*)Oc1ccc(cc1)CC1c4c(cc(*)c(*)c4Oc4ccc(cc4)CC3N(*)CC2)CCN1*,12,6,Ring,------
*C1=[NH+]CC(*)N1,12,2,Ring,--
*C1CCCC(*)(*)C(*)C2OC(=*)C(=*)C2CC1=*,12,7,Ring,----===
*C1=CC2CC3CC(=*)CCc4ccc(*)c(c4)OCc4c(*)cc5c(c(*)cc6c5c4C=CC6*)C(C#CO3)C(*)CCC1=CC2*,12,8,Ring,-=------
*C1=C2C(CC1=*)C(*)CC(*)C1C(=*)C(=*)OC21,12,6,Ring,-=--==
*C1=CC2CSC(=N2)C(*)C(*)CC(*)CC(*)OC(=*)C2CCCN2C(=*)C(*)N(*)C(=*)C(*)N(*)C(=*)C(*)NC1=*,12,15,Ring,-----==--=--=-=
*C1C2C3N(*)CC4(*)C=CC(*)C3(C3CC5(*)C(*)CC2(*)C3C5*)C14,12,8,Ring,--------
*C1(*)c2ccccc2-c2ccccc21,12,2,Ring,--
*C1CC(*)C2C(O1)C(*)C1C3C(*)C(*)C4C(*)C(*)CCC4(*)C3CCC21*,12,9,Ring,---------
*C1CC2(*)CCC3C(C(*)C(=*)C4(*)C(*)CCC34*)C2(*)CC1*,12,9,Ring,---=-----
*C1=Cc2c(*)cc(*)c(*)c2CC1,12,4,Ring,----
*C1C(=*)CC=CC1(*)*,12,4,Ring,-=--
*C1(*)CCCC2(*)C1C(=*)CC13CC(=*)C(CCC12)C3,12,5,Ring,---==
*C1CC2(*)C3CC4C5(*)CCC(*)C4(C3N(*)C5)C3(*)CC1C(*)C23,12,7,Ring,-------
*C1C(=*)C23CCC4C(*)(*)CCCC4(*)C2CCC1C3,12,5,Ring,-=---
*C1=NC(*)Cc2c[nH]c3c(*)ccc(c23)N(*)C1*,12,5,Ring,-----
*C1=Cc2cc3c(cc2OC1=*)OC(*)(*)C3,12,4,Ring,-=--
*c1ccc2c(c1)C(=*)N1CCNCC1C(=*)N2,12,3,Ring,-==
*C1=NC(=*)NC2=C1N(*)C(*)CN2,12,4,Ring,-=--
*C1CCCCCCC(*)C23OC4C5C6OC6(*)C(*)C6(*)C(*)C(*)C1C6C5(O2)C(*)CC4(*)O3,12,9,Ring,---------
*C1C(=*)C23CC1CCC2C1(COC3=*)C(=*)C=CC(*)(*)C1*,12,7,Ring,-===---
*c1c(*)n(*)c(=*)c1=*,12,5,Ring,---==
*C1=c2ccc(=*)cc2Oc2cc(*)ccc21,12,3,Ring,-=-
*C1CCC(*)C2C=c3ccccc3=CC12,12,2,Ring,--
*c1cn(*)c2ncccc12,12,2,Ring,--
*C1=CC2(*)CC(*)C(=*)C2C(*)(*)C12CC2,12,6,Ring,---=--
*C1CC2CC3(C(=*)OCC4(CCCC(*)(*)C4*)C13)C(=*)C2=*,12,7,Ring,-=---==
*C1C2C(*)(*)CCCC2(*)C2CCC3(*)CC12CC3=*,12,6,Ring,-----=
*c1cc(*)[n+](*)c2ccccc12,12,3,Ring,---
*c1cc2c(c(*)c1*)-c1c(*)c(*)c3oc(=*)c4c(c(*)c(*)c5oc(=*)c1c3-c54)-c1c(cc(*)c(*)c1*)C(=*)OC(*)C(*)COC2=*,12,16,Ring,-----=--=---=--=
*C1(*)CCCC(*)(*)C1=*,12,5,Ring,----=
*C1OC(=*)C(*)(*)C(=*)C1(*)*,12,7,Ring,-=--=--
*C1=CCCCC(*)C=CC(*)CC(*)C(*)OC(=*)CC2(*)CC=C(*)C1O2,12,8,Ring,-----=--
*C1=CC2C34CCC(*)C(*)(*)C3C(CC2(*)C2(*)C(=*)C(*)=C(*)C12*)OC4=*,12,11,Ring,------=---=
*c1ccc2cc1Oc1ccc(cc1)CCOC(=*)C1=COC(*)C(=*)C1CC(=*)OCC2,12,5,Ring,-=-==
*C1=NC(*)(*)C(=*)N1*,12,5,Ring,---=-
*C1OC(=*)C(*)C1=*,12,4,Ring,-=-=
*C1=CCC(*)C(*)=CC(*)C2CC(*)C(*)=C(C(*)C1=*)C2(*)*,12,10,Ring,-------=--
*c1ncco1,12,1,Ring,-
*C1COC2(OC3COC(*)C(*)C3O2)C2OCOC12,12,3,Ring,---
*C1=CC2=C(N=C3N(C2=*)C(*)C(=*)NC3(*)*)OC=C1,12,6,Ring,-=-=--
*C1=CC2(*)C(*)C(*)OC2(*)CC1=*,12,6,Ring,-----=
*C1=CC(*)CC(=*)C2C(*)OC=C(*)C2CC1,12,5,Ring,--=--
*C1CC(=*)NC(=*)N1*,12,4,Ring,-==-
*C1CCC2(*)C(=CCC3C4CCC(*)C4C(*)CC32)C1,12,4,Ring,----
*C1=CC(=*)c2ccc3ccccc3c2O1,12,2,Ring,-=
*C1CCC2(CCC3CC4(*)C5(*)C(*)CC(=*)C5C3C24*)C1,12,6,Ring,----=-
*C1OC(=*)C=C2C1=CC1OC(=*)C3(*)CCCC2(*)C13,12,5,Ring,-==--
*c1c(*)c(=*)c2c3c(ccc2c1=*)OC(*)(*)C=C3,12,6,Ring,--==--
*C1OC(=*)C=C2C3CC4C(=*)C(*)(C3CCC21*)C(*)C(*)(*)C4*,12,9,Ring,-==------
*C1=Cc2c(cc(*)c(*)c2*)C(*)C1*,12,6,Ring,------
*C1=CC(*)CC=CC2C3OC3(*)C(*)C3C(*)NC(=*)C23C(=*)CCC(=*)C1=*,12,9,Ring,-----====
*C1CCC2(*)OC2C1=*,12,3,Ring,--=
*c1cc(*)c2c(c1)c1ccccc1n2*,12,3,Ring,---
*c1cccc2c1C(*)C1(*)C(C2=*)C2=C(CC(*)CC2=*)C(*)C1*,12,8,Ring,---=-=--
*c1cc2oc1CC(*)C(*)C(*)C1=CC(OC1=*)C2*,12,6,Ring,----=-
*c1cc(*)c2c(=*)c3c(*)c4c(cc3c(=*)c2c1)C(*)C(*)(*)CC4*,12,9,Ring,--=-=----
*C1C=NN(*)C1*,12,3,Ring,---
*C1CC2C(*)OC=C3C4OC(=*)C5(*)C(CC32C15)C4*,12,5,Ring,--=--
*c1cc2cc(*)c3c(*)c2c2c1C=CC(*)OCC1OC(O2)C(*)(*)C(OC#CCc2cccc4c2CN(CC3=*)C4=*)C1*,12,9,Ring,------==-
*C1=CCC2(*)CCC(*)(O2)C(*)CCC(*)=CCC1,12,5,Ring,-----
*C1CC(*)(*)C23OC2C2OC2(*)C3C2OC(=*)C(*)C12,12,6,Ring,----=-
*c1cc2c(c3c1CC1(O3)C(*)CCC3C(*)(*)C(*)CCC31*)CNC2=*,12,7,Ring,------=
*C1=CC23C(=*)C(C=C4COC(*)(*)OC4C2(*)C1*)C1C(CC3*)C1(*)*,12,9,Ring,-=-------
*C1=CCC2C3CC=C4CC(*)CC(*)C4(*)C3CCC12*,12,5,Ring,-----
*C1C=CC=CC1*,12,2,Ring,--
*C1CC2=CCC3(*)C(CC(*)C4(*)C3C=CC35CC34CCC5*)C2(*)CO1,12,6,Ring,------
*C1=CC(*)C(*)OC(=*)C(*)C(*)C(*)CCC(*)CCCC(*)CCCC(*)C(*)=CC(*)C(*)CC(*)CC(*)CC(*)CC(*)CCCC1,12,17,Ring,---=-------------
*c1ccc2c(c1)C1(*)CCN3CC4CC(*)C3C(*)(C4)C1=N2,12,4,Ring,----
*C1=CC(=*)C2(*)CCC1C2(*)*,12,5,Ring,-=---
*C1CCC2C3CC(*)C4(*)CC(=*)CCC4(*)C3CCC12*,12,6,Ring,---=--
*N1CCC2CNCCC2CC1=*,12,2,Ring,-=
*C1CCC2(OC1)OC1CC3C4CCC5(*)CC(*)CCC5(*)C4CCC3(*)C1C2*,12,6,Ring,------
*N1CCc2cc3c(c4c2C1Cc1ccc2c(c1-4)OCO2)OCO3,12,1,Ring,-
*C1CCC2(*)C(=CCC3C2CC(*)C2(*)C(*)C(*)CC32)C1,12,6,Ring,------
*C1CC2C(*)(*)C(=*)CCC23CC32CCC3(*)C(*)CCC3(*)C12,12,7,Ring,---=---
*C1CC2(*)C(CCC3(*)C2CCC2=C4CC(*)(*)CCC4(*)CCC23*)C(*)(*)C1*,12,10,Ring,----------
*c1cc(*)c2c(=*)c3c4cc5c(nccc5c3c(=*)c2c1)NCC(*)C12CC3(CCCC3)CC1c1cc(*)[nH]c1C1=CC3(O4)OC4(C1=C2CC1(CCC2(CCCC2)C1)C4*)C(*)C(*)C3*,12,10,Ring,--==------
*c1cc2cc(c1)C1NCC(*)(*)CC#CC(*)CC3CC(*)(CC=c4oc(=*)c5c4CCC4C6CCC7(C(=*)OC(=*)C7=C6c6cc(*)ccc6-c6cccc(c6)CNCC2)C54)CC31,12,9,Ring,-----===-
*C1C2CCC3C2C(*)(*)CCCC13*,12,4,Ring,----
*C1Oc2ccccc2NC1=*,12,2,Ring,-=
*C1CC(=*)NCC(=*)NC(*)C(=*)NC(*)C(=*)NC(*)C(=*)NCC(=*)NC(*)C(=*)NC(*)C(=*)N2CCCC2C(=*)N1,12,15,Ring,-==-=-=-==-=-==
*C1CCC(=*)C(*)C1=*,12,4,Ring,-=-=
*C12C=CC3CCCC34CCCC4(C1)C1(CCCC1)C2,12,1,Ring,-
*C1C=CC2(CC3(*)C=CC4(*)C5=C(C(=*)CC2(*)C53*)C2(*)CCC(=*)C(*)(*)C2C4*)C(*)C1*,12,13,Ring,---=---=-----
*c1oc2c(*)c(*)c(*)c(*)c2c1*,12,6,Ring,------
*C1=CC2OC(=*)C3(*)OC23C(*)C2C(*)(*)C(*)CC(*)C2(*)C(*)CC1*,12,11,Ring,-=---------
*C1=CC2OC(=*)C(*)=C2CC2C(*)=CCC(*)C2(*)C(*)CC1,12,7,Ring,-=-----
*C1NCCc2cc3c(cc21)OCO3,12,1,Ring,-
*C1C(=*)CC2(*)CC12,12,3,Ring,-=-
*C1=CC=C(*)C(*)CC(*)=CCCC(*)=CCC1,12,5,Ring,-----
*c1nn2c(*)nnc2s1,12,2,Ring,--
*c1c2c(cc3c1C(*)C1COC(=*)C1C3*)OCO2,12,4,Ring,--=-
*c1ccc2c3c(ccc2c1)Nc1cc(ccn1)C1(CCCC1*)C(*)C(=*)CC(*)CC3*,12,6,Ring,---=--
*C1=CC(=*)Oc2c1cc(*)c1c2C(*)CC(=*)O1,12,5,Ring,-=--=
*c1cc(*)c2c(c1)-c1c(*)cc3c(c1CC2)C(*)C(*)CO3,12,5,Ring,-----
*C1=NC(*)=C(*)N(*)C1=*,12,5,Ring,----=
*c1cc(*)n2nc(*)nc2n1,12,3,Ring,---
*C1CC23C4=CCCN2CCCC3C(*)CC4C1*,12,3,Ring,---
*C1=CC2OC(=*)C(*)=C2CC2C(*)=CC(=*)C(*)C2(*)C(*)CC1,12,8,Ring,-=--=---
*C1OC(*)(*)C(*)N(*)C1=*,12,6,Ring,-----=
*C12CCCC(=*)C1CC1C(=*)C(=*)OC1C2,12,4,Ring,-===
*C1C2OC34CC(=*)OC(*)C3(*)CCC3C5(*)C(*)C1(*)CC5(*)C2C34*,12,9,Ring,-=-------
*C1CCC2C3CCC4CC(=*)CCC4(*)C3C(=*)CC12*,12,5,Ring,-=-=-
*c1nccc2ccccc12,12,1,Ring,-
*c1cc2c(c3c1C(=*)CC(*)O3)CCC(*)(*)O2,12,5,Ring,-=---
*C1=CC2(*)OC3(CC2=*)C(*)CCC13,12,4,Ring,--=-
*c1cc2c(cc1*)C1C(=*)c3c(*)cc4c(c3OC1CO2)CC(*)O4,12,5,Ring,--=--
*C1CC2CC(C1*)C2(*)*,12,4,Ring,----
*C1CCC[N+](*)(*)C1,12,3,Ring,---
*=c1ccc2c(c1)N1C3=C(CCCC3)CC3CCCCC31N=2,12,1,Ring,=
*C1=CC=C(*)SS1,12,2,Ring,--
*C1C(=*)NC(*)(*)C2=NC3=C(C=CC=CO3)C(=*)N21,12,5,Ring,-=--=
*c1ccc2c(c1)OCC1(*)c3ccc(*)c(*)c3OC21,12,4,Ring,----
*C1CCC2(*)C(=CC(=*)C3=C2CCC2(*)C(*)CCC32)C1,12,5,Ring,--=--
*C1=CC(*)C2(*)CCC(*)C2CCC(=*)C(*)CC1,12,6,Ring,----=-
*C1C=CC2(CCC3(*)C(C2)C(=*)C=C2C3CCC3(*)C(*)CCC23*)OC1,12,6,Ring,--=---
*C1=CC2C(CCC3(*)C2CCC3(*)*)C2(*)C1=CC(=*)C1CC12,12,6,Ring,-----=
*C1CCC2(*)C(CCC(=*)C2*)C1,12,4,Ring,--=-
*C1=C2C(*)C3(*)C(*)CCC4OC43CC2(*)OC1=*,12,6,Ring,-----=
*c1ccc2c(=*)c3cc4c(c(*)c3c(=*)c2c1)OC1OC(COCCC4*)C(*)C(*)C1*,12,8,Ring,-=-=----
*c1ccc2c(=*)c3cc4c(c(*)c3c(=*)c2c1)OC1OC2COCC(CCC(*)CC#CC2(*)C(*)C1*)C4*,12,9,Ring,-=-=-----
*c1ccc2c(c1*)N(*)c1c(*)c(*)cc(*)c1C2=*,12,7,Ring,------=
*C1=CC2C=C(*)C(*)CC23OC(=*)C(=C(*)C2(*)C(C(*)=CCC1)C(*)=CC1C(*)CCC(*)C12)C3=*,12,11,Ring,---=------=
*C1OC(=*)C=C2C1=CC1OC(=*)C3(*)C(*)C4OC4C2(*)C13,12,6,Ring,-==---
*C1=CC2C(*)CCCC2C(*)(*)C1*,12,5,Ring,-----
*C1CC2C3CCC4CC(=*)CCC4(*)C3CCC2(*)C12OC2(*)*,12,6,Ring,-=----
*C1=NOC2(*)C1CC1C3CC=C4CC(*)CCC4(*)C3CCC12*,12,5,Ring,-----
*C1=NC(=*)C2=C(NCC(*)N2*)N1,12,4,Ring,-=--
*C1(*)OC2COC3(*)OC(*)(*)OC3C2O1,12,5,Ring,-----
*C1=CC(=*)C2C3C(*)CCC2(*)C13,12,4,Ring,-=--
*C1CC23c4ccccc4N4C(=*)C=CC(C5CC2N1CC5=*)C43,12,3,Ring,-==
*C1=C2C(*)C(=*)OC(*)C2(*)CCC1*,12,6,Ring,--=---
*C1=Cc2cc3c(cc2OC1=*)OC1(C3)C(*)c2ccccc2CC1(*)*,12,5,Ring,-=---
*C1CC2C3(*)CCC(*)C(*)(*)C3CC(*)C23C(=*)C(=*)C1C3*,12,9,Ring,------==-
*C1CC(=*)OC(*)(*)C2CC(*)C3(*)C(CC(*)C4(*)C(*)CC5OC543)C12*,12,10,Ring,-=--------
*C1=NC2C#CCC3(CCCC(*)C3)NCOc3c4cc(c5c3OC(*)C(C5)C2CSSCC(*)N1)CCC(*)CC(=*)CCc1ccc(*)c(*)c1C#CC4,12,8,Ring,-----=--
*c1cc(*)c2c(c1)CC(=*)CC(*)CCCC(*)OC2=*,12,6,Ring,--=--=
*c1ccc2c(c1*)OC1c3cc4c(cc3OCC21)OC1OC(*)C(*)(CC#C4)C(*)C1*,12,6,Ring,------
*C1CCC2(*)C(CCC3(*)C2CC=C2C4CC(*)(*)CCC4(*)C(=*)C(*)C23*)C1(*)*,12,11,Ring,------=----
*C1CC2(*)C3CCC4(*)C(*)C(=*)CCC4C3(*)CCC2(*)C2CC(*)(*)CCC12*,12,10,Ring,----=-----
*C1CC2(*)C3CCC4(*)C5C(CC4(*)C3=CC(=*)C2C(*)C1*)OC1(C2C=CC(*)(CC2)C(*)C1*)C5(*)*,12,12,Ring,----=-------
*C1CC2(*)C(*)CCC2C2CCC3CC4(CC(=*)C3(*)C12)OCCO4,12,5,Ring,---=-
*c1ccc2c(=*)c3c(*)c(*)ccc3c(=*)c2c1,12,5,Ring,-=--=
*C1C(=*)N2c3ccccc3C3(*)CC4C(=*)NC(C5=Nc6ccccc6C(=*)N54)N1C23,12,5,Ring,-=-==
*C1=COC(*)C2C1(*)CC(*)C21CO1,12,4,Ring,----
*C1=NOC23CCCC2C(=*)N(*)c2ccccc2N13,12,3,Ring,-=-
*C1C(=*)COC1(*)*,12,4,Ring,-=--
*c1cc2c3c(c4c(*)c2c2c1C=CC(*)OCC1OC(O2)C(*)(*)C(OC#CCc2cccc5c2CN(CC4=*)C5=*)C1*)C1CCCC1C=C3,12,8,Ring,-----==-
*c1cc(*)c2c(=*)c3c(c(=*)c2c1*)C(*)OC1CC(=*)OC31,12,7,Ring,--==--=
*C1CCC2(*)C(=CCC3C2CCC2(*)C3CC3C2C(*)C2C(*)CC(*)CN32)C1,12,6,Ring,------
*c1nc(*)c2nc(*)n(*)c2n1,12,4,Ring,----
*C1=CC2=C(C(=*)O1)C(*)C1C(*)(CCC3C(*)(*)C(*)CCC13*)O2,12,8,Ring,-=------
*c1cc2c(c3c1OC(*)C(*)O3)Oc1ccccc1C2=*,12,4,Ring,---=
*c1cc2cc(*)c1C(*)CCCC(*)CC(*)c1cc(*)c(c(*)c1)C(*)CCCC(*)CC2*,12,10,Ring,----------
*C12CCC3CC1C3(*)C(=*)O2,12,3,Ring,--=
*c1cc(*)c2c(c1*)CC(*)O2,12,4,Ring,----
*C1CCOCC1(*)*,12,3,Ring,---
*C1(*)CCC2C3C4OC4C4(*)CC=CC(=*)C4(*)C3CCC21*,12,6,Ring,---=--
*c1cnc2c(c1)C1CCCC(C1)N2,12,1,Ring,-
*C1CC2C(*)(*)C(=*)CCC2(*)C2=CCC3(*)C4C(*)CC(*)C4(*)CCC3(*)C21,12,10,Ring,---=------
*C1COP(*)(=*)O1,12,3,Ring,--=
*C1COC2C(*)CC(*)(*)CC2(*)OC(*)C1,12,6,Ring,------
*C1CC2C3(*)CCC4C(*)(*)CCCC4(*)C3CC(*)C2(*)C2OC(=*)C=C12,12,8,Ring,-------=
*C1CC2OC(*)C(*)CC2OC1*,12,4,Ring,----
*C1CCCCC12CCCC2,12,1,Ring,-
*C1=COc2c(ccc3c2C=CC(*)(*)O3)C1=*,12,4,Ring,---=
*c1sc2c(c1*)CCC(*)C2,12,3,Ring,---
*C1=CC2CC3=C(C=CC(=*)N3)C(*)(C1)C2=*,12,4,Ring,-=-=
*C1C=CC(=*)OC(*)CCC(*)C=CC(=*)OC(*)CC1,12,6,Ring,-=--=-
*C1=NC2c3csc(n3)C3NC(=*)c4csc(n4)C(*)NC(=*)C4CSC(=N4)C(=*)NC(=*)C(*)NC(=*)c4csc(n4)C2(CC1)NC(=*)C(*)NC(=*)C(=*)NC(=*)C(=*)NC(=*)C(*)NC1C=Cc2c(*)cc(nc2C1*)C(=*)OC3*,12,20,Ring,-=-===-==-=====---=-
*C1=CC(*)C(*)C2(*)CC3OC(=*)C(=*)C3CC12,12,6,Ring,----==
*C1=CC(*)C(*)C1*,12,4,Ring,----
*C1OCC2(*)C1COC2(*)*,12,4,Ring,----
*C1CCC2C3CCC4CC5(CCC4(*)C3CCC12*)c1ccccc1C(=*)N5*,12,5,Ring,---=-
*C1=CC(*)CC(*)(*)O1,12,4,Ring,----
*C1(*)CCC2C1CC(=*)C(=*)CC2(*)*,12,6,Ring,--==--
*c1cc2c(=*)c3c(*)c(*)ccc3c(=*)c2c2c1CC(*)(*)CC2=*,12,8,Ring,-=--=--=
*C1=C2CCC3(*)CCCC4CC3(C2CCC(*)Cc2cccc(c2)CC(*)C(*)CNC2C(=*)NC(*)c3cccc(c32)CC1=*)C(*)C4*,12,10,Ring,-----=-=--
*C1CC(*)C2C(*)OC=CC12,12,3,Ring,---
*C1CCC2(*)C(CCC3(*)C2CCC2(*)C(*)CC(*)C23*)C1,12,7,Ring,-------
*C1=CC(=*)C2(*)C(*)CCC2(*)C1*,12,6,Ring,-=----
*C1=CC(=*)C2(*)C(*)C(*)C(*)N12,12,6,Ring,-=----
*C1=C2CC(*)C(*)(*)OC1C(*)(*)CCCC2=*,12,7,Ring,------=
*C1CCC2(*)C1CCC1(*)C2CCC2C3(*)CCCC(*)(*)C3C(*)CC21*,12,8,Ring,--------
*[C]1CC(*)CC(*)C1*,12,4,Ring,----
*C1CC2(*)C(=*)C3(*)C(*)C4C(CCC3(*)C(*)C2C1*)C4(*)*,12,10,Ring,--=-------
*C1=c2ccccc2=CC2CCC3(CC12)c1cccc(c1)CC1(*)CCC(=CC(*)C3*)CC1*,12,5,Ring,-----
*c1cc2c(cc1*)C(=*)NC(*)(*)C2,12,5,Ring,--=--
*c1cc2c(n1*)CC(*)(*)CC2=*,12,5,Ring,----=
*C1=CCC2(*)C(CCC(*)C2(*)*)C12CC(*)OC2=*,12,7,Ring,------=
*C1NC(=*)CCNC(=*)CNC(=*)C(*)NC(=*)C(*)NC(=*)C(*)NC(=*)C(*)NC(=*)C(*)NC(=*)C(*)NC(=*)C(*)NC1=*,12,18,Ring,-===-=-=-=-=-=-=-=
*C1CCCC2CCCN12,12,1,Ring,-
*C1(*)C(=*)CC(=*)C(=*)OC2CC[N+]3(*)CC=C(COC1=*)C23,12,7,Ring,--===-=
*C1CC2C3(*)CCC4C(*)(*)CCCC4(*)C3CC(*)C2(*)C2C1=COC2*,12,8,Ring,--------
*C1=NC(*)C2=Nc3ccccc3C(=*)N2C1*,12,4,Ring,--=-
*C1CC2C3(*)CCC4C(*)(*)CCCC4(*)C3CC(*)C2(*)c2occc21,12,7,Ring,-------
*c1c(*)n2c3c(c[nH]c13)CCC(*)(*)C1=C3C(C2)C(*)C2C4(*)CCC(=*)C(*)(*)C4CCC2(*)C3(*)CC1=*,12,12,Ring,------=----=
*C1CC2(*)C3CCC4C(*)(CCC5C(*)(*)C(*)CCC45*)CC3=CCC2C(*)(*)C1*,12,10,Ring,----------
*c1ccc2c(n1)-c1coc(n1)C(=*)NC(=*)C(=*)NC(=*)c1nc(oc1*)C(=*)NC(=*)c1csc(n1)C(*)NC(=*)c1nc(oc1*)C(=*)NC(=*)C(*)NC(=*)c1csc-2n1,12,15,Ring,-====-==-=-==-=
*C1CC(*)C2(C=CC(*)C3(OC(*)(*)C(*)C3*)O2)OC1*,12,8,Ring,--------
*C1=C2C(*)C3(*)C(=CCC(*)C3*)CC2(*)OC1=*,12,7,Ring,------=
*C1=C(*)c2cccc(*)c2NC1=*,12,4,Ring,---=
*C1=CCCC2(*)OC2CC2C(=*)C(=*)OC2C(*)C(*)CCC1,12,6,Ring,--==--
*c1ccc2cc1Oc1ccc(cc1)CC1c3cc(*)c(*)c(c3CCN1*)Oc1cc3c(cc1*)CCN(*)C3C2,12,6,Ring,------
*C1CCC(*)(*)C2OC(CC1=*)C1C2C(*)C(*)C(*)C1(*)*,12,9,Ring,---=-----
*C1CCC2(*)C3CCC4=C(CCC4(*)*)C3CCC2(*)C1,12,5,Ring,-----
*C1=CCC2CC(*)N(*)C2O1,12,3,Ring,---
*C1C=CC2(CC(*)C3(*)C4=C(C(=*)CC23*)C2(*)CCC(=*)C(*)(*)C2C(*)C4*)C(*)C1*,12,13,Ring,---=--=------
*C1CC(=*)C(*)(*)C2CC(*)C3(*)C4C(=*)OC(*)(*)C(=*)C4(*)C(=*)CC3C12*,12,13,Ring,-=----=--=-=-
*C1NC(=*)C2CC(=*)CCN2C(=*)C(*)N(*)C(=*)C2CCCN2C(=*)C(*)NC(=*)C(*)C(*)OC1=*,12,13,Ring,-===--==-=--=
*C1=CC(*)C(*)C2C1CCC1(*)CC2(*)CCC1*,12,6,Ring,------
*C1=C2Nc3ccccc3C23CCN2CC(*)(*)C1CC23,12,3,Ring,---
*C1=CCC(*)C2(*)C(*)CC3C(*)C(=*)OC3C12,12,6,Ring,-----=
*C1CCC(*)C2(*)C1=CC(=*)C1(*)OC12,12,5,Ring,---=-
*C1CC(=*)N(*)CCCN1*,12,4,Ring,-=--
*C1CC(*)(*)C2(*)CCC3C(CC=C4CC=CC(=*)C43*)C12*,12,7,Ring,----=--
*C1CCC2(*)C(CCC3(*)C2C(=*)C=C2C4CC(*)(*)CCC4(*)C(*)CC23*)C1(*)*,12,11,Ring,---=-------
*C1(*)C=CC(*)(*)OO1,12,4,Ring,----
*c1cc2ccc(*)c(*)c2c(*)c1*,12,5,Ring,-----
*C1C(=*)OCC2C1CC(*)C2(*)*,12,5,Ring,-=---
*c1[nH+]c2c(s1)CC1(*)CCC(*)C(*)C1C2*,12,5,Ring,-----
*C1=CC(=*)c2c(cc3c(c2*)C2CCCC(*)(*)C2O3)O1,12,5,Ring,-=---
*C1=CN2CCC34c5ccccc5NC3C(*)C1CC24,12,2,Ring,--
*C1=C(*)C(=*)C=CN1,12,3,Ring,--=
*C1=CC(=*)C2C(*)CC(*)C3C(=*)C(=*)OC3C12,12,6,Ring,-=--==
*C1CNc2ccccc21,12,1,Ring,-
*C1C(*)C2(*)C34OC(*)(CC3C1(*)*)OC4C1(*)C(*)C3(*)CC1(*)C2(*)C3*,12,12,Ring,------------
*C1=C2C(=*)c3c(*)cc(*)cc3C(=*)C23C2C(*)=C4C(=*)c5c(*)cc(*)cc5C(=*)C45C1C(*)C3C5C2*,12,12,Ring,-=--=-=--=--
*n1c2c(c3ccccc31)CCCC2,12,1,Ring,-
*C1=CCC2C3(*)CCC4C(*)(*)CCCC4(*)C3CC(*)C23CC(*)C13,12,7,Ring,-------
*C1C(=*)CCC(*)C2(*)C(*)C(*)C(*)C3(CO3)C2C(*)C2(*)C(*)C(=*)OC12,12,11,Ring,-=--------=
*C1C2=CC(=*)OC2(*)CC2C1C(*)C(*)C1C(*)(*)C(*)CCC21*,12,9,Ring,-=-------
*C1=C2Nc3c(*)cccc3C23CC[N+]2(*)CC(*)C1CC32,12,4,Ring,----
*C1=C2C3(*)CCC(*)C3(*)CC3(*)C=CC4(*)C=CC23C2(CC(*)C(*)CC2C1=*)C4,12,9,Ring,--------=
*c1cc(*)c2c(c1)CCCCCC(=*)CCCC(*)OC2=*,12,5,Ring,--=-=
*C1CCc2ccccc2C1=*,12,2,Ring,-=
*C1CCC2(*)C(CCC3(*)C2C(=*)C=C2C4(*)CC(*)(*)CCC4(*)CCC23*)C1(*)*,12,11,Ring,---=-------
*C1=NN(*)C23CCCC2C(=*)Nc2ccccc2N13,12,3,Ring,--=
*C1=COC(*)C2C1C(*)C(*)C2(*)*,12,6,Ring,------
*c1cc2c(c(*)c1*)C(=*)C(*)(*)CO2,12,6,Ring,---=--
*C1C(=*)OC2(*)CCC(*)C(*)(*)CC3OC2C2C1CCC(*)(*)C32,12,8,Ring,-=------
*C1=CCC2CC(CC3(CCC(*)C(*)O3)O2)OC(=*)C2C=C(*)C(=*)C3OCC(=CC=CC(*)C1)C23*,12,8,Ring,---=-=--
*C1=C2N=C(C=C3N=C(C(*)=C4NC(*)(C5N=C1C(*)(*)C5*)C(*)(*)C4*)C(*)(*)C3*)C(*)(*)C2*,12,15,Ring,---------------
*C1CCC(=*)C1=*,12,3,Ring,-==
*COCC(*)=O,12,2,Linker,--
*C(=O)C(*)NC(=O)C(N)C(O)C(O)COC(N)=O,12,2,Linker,--
*CCCNC(=O)C(C)C(O)CNC(=O)C*,12,2,Linker,--
*CCCCCCCCCCC(=O)OCC(COP(=O)(O)OCCN)OC(=O)CCCCCCCC*,12,2,Linker,--
*CNC(=O)C(NC(=O)C*)C(C)CC,12,2,Linker,--
*C=[NH+]CC(O)OC(CO)C(C[NH+]=C*)O*,12,3,Linker,---
*NC(=O)C(NC(*)=O)C(OC)C(N)=O,12,2,Linker,--
*NC(=O)NC(*)=O,12,2,Linker,--
*CCCCCCCC(CCC)OC(*)=O,12,2,Linker,--
*OC(=O)C(*)=CC(=O)O,12,2,Linker,--
*C(=O)NC(C(=O)NC(*)C)C(C)CC,12,2,Linker,--
*CC(*)C(=O)CC(O)C(*)C*,12,4,Linker,----
*CC(=O)OCC(*)=O,12,2,Linker,--
*CCCCCCCCCCC(=O)OCC(COP(=O)(O)OCC[N+](C)(C)C)OC(=O)CCCCCCCC*,12,2,Linker,--
*CCCCC(O)CC*,12,2,Linker,--
*CCC=C(C)CC(O)CC(C)CCC*,12,2,Linker,--
*C(O)C(*)CCCO,12,2,Linker,--
*CNC(*)CC(*)=O,12,3,Linker,---
*CCNC(=O)C(*)C(C)C,12,2,Linker,--
*NC(=O)C=*,12,2,Linker,-=
*CN(C*)CCCO,12,2,Linker,--
*CCC(=O)NCC(*)=O,12,2,Linker,--
*CCC(=O)C(CCO)C(*)=O,12,2,Linker,--
*C=CC(*)CCCC(=O)O,12,2,Linker,--
*C(=O)C(NC(=O)CON=*)C(C)C,12,2,Linker,-=
*CCC(*)OCO,12,2,Linker,--
*CCC(=O)C=CC(C*)C(C)C,12,2,Linker,--
*CC=C(C)CC=CC(C)=CC(C)C(O*)C(C)=CCO,12,2,Linker,--
*C(=O)OCC(*)OC(*)=O,12,3,Linker,---
*CC(O)CCCCC(O)CCCCCC(*)O,12,2,Linker,--
*C=CC(C)=CC=CC(C)=CC=CC=C(C)C=CC=C(C)C=CC=C(C)C=CCC(C)(C)O*,12,2,Linker,--
*CN(CCC(*)C(C)C)C(*)=O,12,3,Linker,---
*OC(=O)CC(C)CC(=O)OC(CCCCCCCCCCC)CC(=O)O*,12,2,Linker,--
*C=CC=CC(=O)C*,12,2,Linker,--
*C(=O)C(*)CCCO,12,2,Linker,--
*CCC(=O)CC(CC*)OC(C)=O,12,2,Linker,--
*NC(*)*,12,3,Linker,---
*CCC(=O)NCCNC(*)=O,12,2,Linker,--
*CCCCCCCCCCC(=O)OCC(COP(=O)(O)OCC(N)C(=O)O)OC(=O)CCCCCCCC*,12,2,Linker,--
*C(=O)OC(C)C(*)=O,12,2,Linker,--
*CCCCCCCCCCC(=O)OC(COC(=O)CCCCCCCC*)COP(=O)(O)OCC[N+](C)(C)C,12,2,Linker,--
*CC(*)C#N,12,2,Linker,--
*C(=O)OCC=*,12,2,Linker,-=
*OC(=O)CCC(=O)NC(C(=O)O)C(*)O,12,2,Linker,--
*ONC(=O)C=CC(C)=CC(C)C(*)=O,12,2,Linker,--
*C(=O)OC(*)CC(CCCC(C)O)OC(C)=O,12,2,Linker,--
*N(*)C(C)=O,12,2,Linker,--
*C=CCCC(O)CC*,12,2,Linker,--
*C(CC)C(*)(*)O,12,3,Linker,---
*CCC(C)(O)C(O)C*,12,2,Linker,--
*C=CC(O)C*,12,2,Linker,--
*C(*)CC(=O)NCCO,12,2,Linker,--
*CC(NC(=O)C(C)CC)C(=O)OC(*)CC(=O)O,12,2,Linker,--
*CCCCCCC(=O)CC(=O)CC*,12,2,Linker,--
*CC(C)(O)C(O)CO*,12,2,Linker,--
*C(*)CC(=O)NC(*)C,12,3,Linker,---
*CNC(*)=S,12,2,Linker,--
*CCC=CC(=O)O*,12,2,Linker,--
*CCC(O)C(=O)NC(C*)C(*)=O,12,3,Linker,---
*CNCC(C*)C(C)C,12,2,Linker,--
*C=C(C(=O)OC*)C(=C*)C(=O)OC*,12,4,Linker,----
*CN=CC(O)OC(CO)C(C=NC*)O*,12,3,Linker,---
*COC(*)C,12,2,Linker,--
*CCC(NC(*)=O)C(*)=O,12,3,Linker,---
*OC(*)C(*)OC,12,3,Linker,---
*C(O)C(*)CCC,12,2,Linker,--
*C=CC(=O)NC(*)C,12,2,Linker,--
*C(=O)NC(=*)C,12,2,Linker,-=
*COC(=O)NC(C(=O)O*)C(C)CC,12,2,Linker,--
*OCC(C)CCC(O)C(*)C,12,2,Linker,--
*C(C)CC(C)C(O)C(C)C(=O)C(*)C,12,2,Linker,--
*CCCCC(=O)CCCCCC(*)O,12,2,Linker,--
*C=CC(O)=CC(*)=O,12,2,Linker,--
*CCCCCCCCCCC(=O)OC(COC(=O)CCCCCCCC*)COP(=O)(O)OCCN,12,2,Linker,--
*C(=O)NC(C)(C)C(=O)NC(C)C(=O)NC(C)(C)C(=O)NC(C)C(=O)NC(CCC(N)=O)C(=O)NC(C)(C)C(=O)NC(C(=O)NC(C)(C)C(=O)NCC(=O)NC(CC(C)C)C(=O)NC(C)(C)C(*)=O)C(C)C,12,2,Linker,--
*CCCCCO*,12,2,Linker,--
*CCCCCCCCCCC(=O)OC(COC(=O)CCCCCCCC*)COP(=O)(O)OCC(N)C(=O)O,12,2,Linker,--
*CCC(=O)C=CC(C*)CCCCC,12,2,Linker,--
*CC(O)C(=C)CCC=C(C)C,12,1,Sub,-
*C(C)C=CC(=O)O,12,1,Sub,-
*C=CC(=O)NCCCNCCCCN,12,1,Sub,-
*CCBr,12,1,Sub,-
*SOO,12,1,Sub,-
*COC(=O)C(C)=CCCC(C)=CCO,12,1,Sub,-
*NC(=O)C(C)=CC(C)=CC(C)CCCC,12,1,Sub,-
*C(=O)NC(CC(C)C)C(=O)NC(C(=O)O)C(C)CC,12,1,Sub,-
*CC(CCCCCCCCCCC)OC(C)=O,12,1,Sub,-
*C(Cl)CBr,12,1,Sub,-
*NC(=O)CC(C)C(N)=O,12,1,Sub,-
*COC(=O)C=C(C)CO,12,1,Sub,-
*NC(=O)CCCCCCCCCCC(C)CC,12,1,Sub,-
*CC(CCCCCO)C(O)CO,12,1,Sub,-
*CC=CCCCCCC,12,1,Sub,-
*CC=CNC(=O)C=CC=CCC,12,1,Sub,-
*OCC(NC(=O)C(O)CCCCCCCCCCCCCCCCCCCC)C(O)C(O)CCCCCCCCCCCCCC,12,1,Sub,-
*CC(C)CN(C)C,12,1,Sub,-
*CCCCCCCCCC(=O)O,12,1,Sub,-
*OP(=O)(O)OP(=O)(O)OCCC(C)CCC=C(C)CCC=C(C)CCC=C(C)CCC=C(C)C,12,1,Sub,-
*C(=S)NCC,12,1,Sub,-
*NCOCCCO,12,1,Sub,-
*C(C)=CC(O)C(O)C(C)(C)O,12,1,Sub,-
*OCC(NC(=O)CCCCCCCCCCCCCC=CCCCCCCCC)C(O)CCCCCCCCCCCCCCC,12,1,Sub,-
*C(C)(O)C(O)CC,12,1,Sub,-
*NC(=O)CC(O)CCCCCCCCC,12,1,Sub,-
*C(C)C(O)C(O)CC(C)C,12,1,Sub,-
*OC(=O)CC(C)=CC,12,1,Sub,-
*C(C)(O)C(O)C=CC,12,1,Sub,-
*OC(C)C(=O)NC(CC(=O)O)C(=O)O,12,1,Sub,-
*OCC(C)(O)C(O)CO,12,1,Sub,-
*C(O)CCCCCCC(O)C(O)CCCCC,12,1,Sub,-
*C=CC=CC(C)=O,12,1,Sub,-
*OCC(NC(=O)CCCCCCCCCC=CCCCCCC)C(O)CCCCCCCCCCCCCCC,12,1,Sub,-
*C(C)CCC(OC(C)=O)C(OC(C)=O)C(COC(C)=O)OC(C)=O,12,1,Sub,-
*C=CC(C)=CC=CC(C)=CC=O,12,1,Sub,-
*=NCCOC,12,1,Sub,=
*C(=C)C(C)O,12,1,Sub,-
*CC=C(C)CCC(=O)O,12,1,Sub,-
*CCCCC(=N)N,12,1,Sub,-
*C(=O)C=C(CC(=CCl)CN(C)C(=O)CCC=CCC(CCCCCCC)OC)OC,12,1,Sub,-
*N(O)C(=O)NC(C)C,12,1,Sub,-
*C(C)C(CNC)NCC(C)O,12,1,Sub,-
*CCCCCCCC=CCC=CCC=C,12,1,Sub,-
*C#CCO,12,1,Sub,-
*C(=O)N(C)CC#C,12,1,Sub,-
*CC(C)=CC(C)COC(=O)CC(C)CC(=O)O,12,1,Sub,-
*OC(=O)C(Br)CC,12,1,Sub,-
*C#CC#CC#CC,12,1,Sub,-
*C(O)CCCC(O)C(O)CCCCC,12,1,Sub,-
*OC(=O)C(C(C)C)N(C)C,12,1,Sub,-
*OC(CCC(C)=CCCC(C)(O)C=C)C(C)(C)O,12,1,Sub,-
*N(C)N=O,12,1,Sub,-
*CCCCC=CC(=O)O,12,1,Sub,-
*OCC(=O)NC(CO)CCSC,12,1,Sub,-
*C(=O)NCCNCCO,12,1,Sub,-
*COP(=O)(O)OP(=O)(O)OCC(C)(C)C(O)C(=O)NCCC(=O)NCCS,12,1,Sub,-
*CC(=O)NC(C)CCCC(C)C,12,1,Sub,-
*C(C)C(OC(=O)CC)C(C)C(=O)O,12,1,Sub,-
*C(=O)COC(=O)CCC(=O)NC(CO)C(=O)O,12,1,Sub,-
*C(O)=CC(=O)C=CC=CC=CC(C)CC,12,1,Sub,-
*C(=O)OCCSCC,12,1,Sub,-
*C=CCC(=O)O,12,1,Sub,-
*CCCCCCC(C=O)CCCO,12,1,Sub,-
*CC(O)C(O)CO,12,1,Sub,-
*COC(=O)C(CNC)C(=O)O,12,1,Sub,-
*NC(=O)C(NC(=O)C(C)NC(=O)CCC)C(C)O,12,1,Sub,-
*C(=O)NC(CC(C)C)C(=O)NC(C)(C)C(=O)NC(C)(C)C(=O)NC(CCC(N)=O)C(=O)NC(CO)C(C)C,12,1,Sub,-
*=CCCCCCCCCCCC,12,1,Sub,=
*C(CCC(C)C)OC(C)=O,12,1,Sub,-
*NC(=O)C(NC)C(C)CC,12,1,Sub,-
*C(C)C=CCC(C)CO,12,1,Sub,-
*NCC(N)=O,12,1,Sub,-
*C(C)(C)C(O)C=CC(C)=CC(C=C(C)CC(C)CCCCCC)CO,12,1,Sub,-
*C(=O)CCN(C)C,12,1,Sub,-
*CCCCNC,12,1,Sub,-
*OCC(NC(=O)CCCCCCCCCC=CCCCCCC)C(O)C=CCCCCCCCCCCCCC,12,1,Sub,-
*OC(CCCC)CCCC(O)C(O)CCCCCCCCCCCCCCC(O)C(=O)O,12,1,Sub,-
*NC(=O)C(N)CC(C)C,12,1,Sub,-
*=CC(O)CC,12,1,Sub,=
*C(C)C(CCCO)NCC(C)O,12,1,Sub,-
*CC(OC)C(C)CCC(=O)C(C)C(OC(C)=O)C(C)C=CN(C)C=O,12,1,Sub,-
*OCC=C(C)CCC=C(C)CO,12,1,Sub,-
*C(O)CCCCCCCCCCCCCCCC,12,1,Sub,-
*CC=C(C)CC=CC(C)(C)O,12,1,Sub,-
*OP(=O)(O)OP(=O)(O)OCCC(C)CCC=C(C)CCC=C(C)CCC=C(C)CCC=C(C)CCC=C(C)CCC=C(C)CCC=C(C)CCC=C(C)CCC=C(C)CCC=C(C)CCC=C(C)CCC=C(C)CCC=C(C)CCC=C(C)CCC=C(C)C,12,1,Sub,-
*OCC(NC(=O)CCCCCCCCCCCCCCCCCCCCCC)C(O)CCCCCCCCCCCCCCC,12,1,Sub,-
*CC(=O)C(C)O,12,1,Sub,-
*C(=O)CC=O,12,1,Sub,-
*C(C)(C)C(C)=O,12,1,Sub,-
*C=CC(C)=CC=CC(C)=CC=CC=C(C)C=CC=C(C)C=CC=C(C)C=CC(O)C(C)(C)O,12,1,Sub,-
*CC=C(C)CCC=C(C)CCC=C(C)CCC(O)C(C)(C)O,12,1,Sub,-
*CCNC=O,12,1,Sub,-
*CC(NC)C(O)CCC=CC(C)CC(C)CC,12,1,Sub,-
*C(Br)C(Br)C(=O)O,12,1,Sub,-
*C(C)CCCC(C)C(=O)OC,12,1,Sub,-
*C(CC=C(C)COC(C)=O)OC(C)=O,12,1,Sub,-
*NCC(O)C(O)C(O)CO,12,1,Sub,-
*CSCC(N)C(=O)O,12,1,Sub,-
*OC(C)C(=O)OC(C)C,12,1,Sub,-
*CCNC(=O)C=C(C)C,12,1,Sub,-
*C(=C)CCCC(C)C,12,1,Sub,-
*C(O)CCC(=O)O,12,1,Sub,-
*C(=O)C(C)NC(=O)CN,12,1,Sub,-
*C(C)(O)C(O)CC(=C)C(C)(C)O,12,1,Sub,-
*CC(C(=O)O)N(C)C,12,1,Sub,-
*C(=O)C=O,12,1,Sub,-
*OCC(NC(=O)CCCCCCCCCCC)C(O)CCCCCCCCCCCCCCC,12,1,Sub,-
*=C(O)C(C)CCCCCC,12,1,Sub,=
*CC(C)=CC,12,1,Sub,-
*CCC(=O)NCC(C)O,12,1,Sub,-
*CC(O)C=CC(C)C(O)C(C)C=C(C)CC(C)C(O)C(C)C(OC(N)=O)C(C)C=CC=C,12,1,Sub,-
*N(C)C(=O)CC(C)C(Cl)Cl,12,1,Sub,-
*C(O)=CC(C)=O,12,1,Sub,-
*C(C(=O)O)N(C)C,12,1,Sub,-
*C(C)CCC(=CCC)C(C)C,12,1,Sub,-
*C(=O)OC(C)CC(=O)O,12,1,Sub,-
*CC(=O)NCC(O)COC,12,1,Sub,-
*C(=O)C(C)C(O)C(C)=CCCCCCCC,12,1,Sub,-
*CCC(C)=CCC(=O)OC,12,1,Sub,-
*OCC(NC(=O)CCCCCCCCCCCCCCCCCCCCCCC)C(O)CCCCCCCCCCCCCCC,12,1,Sub,-
*OCC(NC(=O)CCCCCCCC=CCCCCCCCC)C(O)CCCCCCCCCCCCCCC,12,1,Sub,-
*CC(CCC)C(O)CO,12,1,Sub,-
*C(C)(O)C(O)CC(O)C(C)C,12,1,Sub,-
*C(O)CCC(O)C(O)CCCCCCC,12,1,Sub,-
*OC(=O)C(C)Cl,12,1,Sub,-
*CC(=O)NCCSC,12,1,Sub,-
*NC(=O)C(CC(=O)O)NC(=O)C=CC=CCCCCC(C)C,12,1,Sub,-
*C=CCC(C)(O)C=C,12,1,Sub,-
*C=CC(C)(O)C(CC(O)C=CC=CC=CCO)OP(=O)(O)O,12,1,Sub,-
*OC(=O)C(C)N(C)C(C)=O,12,1,Sub,-
*CCC(O)CC(O)CCCCCCC,12,1,Sub,-
*COC(=O)CC(=O)OC(C(=O)O)C(O)C(=O)O,12,1,Sub,-
*CCC(C)=CCOC(=O)CC(=O)O,12,1,Sub,-
*CC(O)C(C)=O,12,1,Sub,-
*NC(=O)CC(CCCCCCCCCCC)OC(=O)CCCCCCCCCCC,12,1,Sub,-
*CCNC(=O)CCC(=O)O,12,1,Sub,-
*OC(C)C(=O)NCCCO,12,1,Sub,-
*NC(=O)O,12,1,Sub,-
*C(C)CC(=O)C(O)C(C)C,12,1,Sub,-
*COCCO,12,1,Sub,-
*NC(=O)C=CC=CC=CC,12,1,Sub,-
*C(O)C(C)(O)CO,12,1,Sub,-
*C(=O)NC(CO)C(C)CC,12,1,Sub,-
*C(=O)OCC#C,12,1,Sub,-
*C(C)(O)CCC(CC)C(C)C,12,1,Sub,-
*C(OC)C(O)C(=C)C,12,1,Sub,-
*C(=O)C(O)C(C)C,12,1,Sub,-
*C(C)CC(=O)C(O)C(C)(C)O,12,1,Sub,-
*CCC(C)=CC=C,12,1,Sub,-
*N(C)C(=O)CNC(=O)C(C)NC(=O)C(CO)N(C)C(=O)CCCCCCCCC(C)C,12,1,Sub,-
*C(C)(O)CC(=O)CC(C)C(=O)OC,12,1,Sub,-
*OC(=O)C=C(C)C(C)OC(C)=O,12,1,Sub,-
*C(C(=O)OC)C(=O)OC,12,1,Sub,-
*C=CCC(C)C=C(C)C=O,12,1,Sub,-
*NCCC(=O)O,12,1,Sub,-
*OC(=O)C(=CCO)COC(=O)C(C)=CC,12,1,Sub,-
*CC=CCC=CCC(O)C(=O)O,12,1,Sub,-
*CN=[N+]=[N-],12,1,Sub,-
*C(C)COC,12,1,Sub,-
*C=CC(=O)NCC(=O)O,12,1,Sub,-
*C=CC(=O)C(C)O,12,1,Sub,-
*CCC(O)CCCCCCCCC,12,1,Sub,-
*CCC(=O)NCC(O)CO,12,1,Sub,-
*C(C)CC(O)C(=C)C(C)C,12,1,Sub,-
*C(=O)COP(=O)(O)O,12,1,Sub,-
*C=CC(CCCC)OC(C)=O,12,1,Sub,-
*NC(=O)C(C)(N)CO,12,1,Sub,-
*C(O)NC(=O)C=CC=CC,12,1,Sub,-
*C(CCO)NC(=N)NC,12,1,Sub,-
*C(=O)C(N)CCCCN,12,1,Sub,-
*NC(=O)CC(N)CCCNC(=O)CC(N)CCCNC(=O)CC(N)CCCNC(=O)CC(N)CCCN,12,1,Sub,-
*OC(C)(C=C)CCC(O)C(C)(C)O,12,1,Sub,-
*C(CCCNC(=N)N)C(=O)O,12,1,Sub,-
*=C(O)C=CC=CC=CC=CC=C(C)Cl,12,1,Sub,=
*CC(=O)NC(CCSC)C(=O)OC,12,1,Sub,-
*CC(O)(C(=O)O)C(C)C,12,1,Sub,-
*C(=O)CC(=O)O,12,1,Sub,-
*CC(C)CNC,12,1,Sub,-
*CSCC(O)C(=O)O,12,1,Sub,-
*CCNC(=O)C(CCCCCCCCCC)P(=O)(O)O,12,1,Sub,-
*OCC(NC(=O)CCCCCCCCCCCC=CCCCCCCCC)C(O)CCCCCCCCCCCCCCC,12,1,Sub,-
*C(=O)CSC(=N)N,12,1,Sub,-
*OCC(NC(=O)CCCCCCCCCCCCCCCCCCCCCCCC)C(O)CCCCCCCCCCCCCCC,12,1,Sub,-
*CCC(C)CNC(=N)NC,12,1,Sub,-
*CC(O)C=CC,12,1,Sub,-
*CNC(C)(CO)CO,12,1,Sub,-
*C(=O)NCC(C)O,12,1,Sub,-
*NC(=O)C(NC(=O)C=CC=CCCCCCCC)C(C)O,12,1,Sub,-
*CCCCCCCCC(=O)OC,12,1,Sub,-
*C1C(=*)CC2C(=*)C(=*)OC2C(*)C1(*)*,11,7,Ring,-===---
*C1C23CCC4C(*)(*)CCCC4(*)C2CC2C(C3)C21*,11,5,Ring,-----
*C1CC2C(=*)CN3COCC2(*)C3Cc2c1[nH]c1ccccc21,11,3,Ring,-=-
*C1=CC(=*)C2(*)CC(*)CCC2(*)C1=*,11,6,Ring,-=---=
*c1c(*)c(*)c2c(c1*)COC2*,11,5,Ring,-----
*C1NC(=*)C2CCCN2C(=*)C(*)NC(=*)C(*)N(*)C(=*)C(*)C(*)OC1=*,11,11,Ring,-==-=--=--=
*C1COc2ccc3c(c2O1)OC(=*)C=C3,11,2,Ring,-=
*C1CC2OC(=*)C(=*)C2CC2(*)C(=*)CCC12,11,5,Ring,-==-=
*C1=C(*)C(*)(*)NC1=*,11,5,Ring,----=
*C1=CC=C(*)CCC(*)=CCCC(*)=CCC1,11,4,Ring,----
*C1OC2(*)CC3C(CC(*)C4(*)CC=CC(=*)C34*)C3CCC(*)(C1*)C32*,11,9,Ring,----=----
*C1=CC(=*)c2c(*)cc3cc4c(c(*)c3c2O1)C(=*)CCC4*,11,6,Ring,-=--=-
*C1=CC2C3C(*)(*)C3(*)CC(*)C2(*)C2C=C(*)C(=*)C2C1,11,8,Ring,-------=
*C1=CCCC2C(*)(*)C3CC(OC3=*)C12*,11,5,Ring,---=-
*C1CC(=*)C(=*)C(=*)C1,11,4,Ring,-===
*C1CCC2(*)C3=C(C(=*)CC2C1(*)*)C1(*)CCC2(*)CCC(*)(*)CC2C1(*)CC3,11,10,Ring,--=-------
*C1CC(*)C2(*)C(CC(*)C34C(=*)C(=*)C(CCC23)C4*)C1(*)*,11,9,Ring,----==---
*c1cc2c(*)c(*)ccc2c(*)c1*,11,5,Ring,-----
*c1ccc(=*)c(=*)c1*,11,4,Ring,-==-
*C1CC(*)C2(*)C3=C(C=C4C=CC(=*)OC(*)(*)C4CC3)CCC12*,11,7,Ring,---=---
*c1cc2c(nc1*)CC(*)(*)OC2,11,4,Ring,----
*c1cc2cc(*)c(=*)c3c(*)ccc(c1*)c23,11,5,Ring,--=--
*C1CC(*)C(*)CC1=*,11,4,Ring,---=
*c1coc2c1C(*)C1C(=*)C3CC3C1(*)C2,11,4,Ring,--=-
*C1C(=*)NC2(*)CC1c1ccccc1O2,11,3,Ring,-=-
*C1=C2C(CC1*)OC1C3OC(=*)C4(*)C=CC(=*)C(*)(C34)C(*)C21*,11,8,Ring,--=-=---
*C1CC2C3CCC(*)C3(*)CCC2C2(*)CCCCC12,11,4,Ring,----
*C1=C2OC(*)(C1=*)C(*)OC(=*)C(*)C(*)C(*)C(*)C(*)(*)CC2*,11,12,Ring,--=-=-------
*C1=C2C=CC(*)(*)C2C2OC(=*)C(=*)C2C(*)C1*,11,7,Ring,---==--
*c1cc2ccoc2c2c1OC1OC3(CSSC4(CCC5(CC6CCC(*)C6C5)C4*)C(CCC(*)CCCC3*)NCCO2)C2(*)CC3C=CC(*)C(*)C3C1(*)C2*,11,10,Ring,----------
*[n+]1ccc2c(c1)C(=*)C1=CC(*)(*)CC1C2(*)*,11,6,Ring,-=----
*C1=C(*)C(*)c2ccc(*)cc2O1,11,4,Ring,----
*C1CC2CC3(CCC4C(*)(*)CCCC4(*)C13)C(=*)C2*,11,6,Ring,----=-
*C1=NCC(=*)C1=*,11,3,Ring,-==
*C1=CC2OC(=*)C(*)=C2CCC(=*)C(=*)CC1*,11,6,Ring,-=-==-
*C1OC(=*)C2OC23C1(*)CC1CC2(CCCC2)C2C(=*)OCC45C2OC(*)(*)C4C(=*)C(*)C3(*)C15,11,9,Ring,-=-=--=--
*C1CCC2(*)C(=CCC3C2CC(*)C24CN(*)C(*)C2CCC34)C1,11,5,Ring,-----
*C1OC2CCC3(*)C4(*)c5[nH]c6ccc7c(c6c5CC4CCC3(*)C23OC3C1*)CC1C(C7=*)C(*)(*)OC1(*)*,11,10,Ring,-----=----
*C1CCC2C(=*)C1(*)CCC2(*)*,11,5,Ring,-=---
*C1CCc2ccccc2C1*,11,2,Ring,--
*=C1CCCCC1=*,11,2,Ring,==
*C1OC(=*)C=C2C1(*)CCC1C2(*)OC(=*)CC2C(*)(*)C(*)C=CC12*,11,9,Ring,-=--=----
*c1cc2c(=*)c(=*)oc2c(*)c1*,11,5,Ring,-==--
*C1OC(=*)C2OC23C1(*)CC1CC24CCCC2CC2=CCC5(*)OC26C4C(=*)OCC62C5C(=*)C(*)C3(*)C12,11,8,Ring,-=--==--
*C1CC(=*)C2CC3OC3(*)C2C2OC(=*)C(=*)C12,11,5,Ring,-=-==
*C1=NC2=C(*)C(*)CC3CCC(N1)C23,11,3,Ring,---
*C1CC2C3(*)CCCC(*)(*)C3CCC2(*)C2C=CC3=C(C(=*)OC3(*)*)C12*,11,9,Ring,-----=---
*C1CC23C=CC[N+]4(*)CCC5(c6ccccc6NC15C2*)C34,11,3,Ring,---
*c1ccc2c(*)cc(*)nc2c1,11,3,Ring,---
*C1CC(=*)C2C3C1C2(*)C(*)C(*)C(*)C3(*)*,11,8,Ring,-=------
*c1cccc2c(=*)c3c(c(=*)c12)C=CC1(*)CC(*)(*)C(*)C(=*)C31*,11,9,Ring,-==----=-
*C1OC(=*)CC23OC4C(=*)C5(*)CC6(*)C4C2(*)C(CCC13*)C6(*)C5*,11,9,Ring,-==------
*C1=C2C(*)C(*)C3(*)C(*)CC(*)C4(CO4)C3C(*)C(CC1*)C2(*)*,11,10,Ring,----------
*C1CC=C2C1(*)C(*)CC1C2(*)C(*)CC2C(*)(*)OC(=*)CC(*)C21*,11,10,Ring,-------=--
*C1CC2OC2(*)CC2OC(=*)C(*)C2C2C=C1C(=*)O2,11,5,Ring,--=-=
*c1ncc2ncn(*)c2n1,11,2,Ring,--
*N1C(=*)C2CCCCC2C1=*,11,3,Ring,-==
*C1CCC2(*)C(=CCC3C2CC(*)C2(*)C3CC3C2C(*)C2CCC(*)CN23)C1,11,6,Ring,------
*C1CCC2(*)C3CCC45COC6(COC(=*)C6)C4CCC5(*)C3CCC2(*)C1,11,5,Ring,--=--
*C1CC(*)(*)C=C2C3CCC4C5(*)CCC(*)C(*)(*)C5CCC4(*)C3(*)CCC21*,11,10,Ring,----------
*c1cc2c(c(*)c1*)CC1(*)CCCC(*)(*)C1CC2,11,6,Ring,------
*C1C#CC(*)C(*)C(*)COC2OC(COC1=*)C(*)C(*)C2*,11,8,Ring,----=---
*C1CC2(C(=*)O1)C(*)CC(*)C1(*)C2CCC2OC21*,11,6,Ring,-=----
*c1cc2c(cc1*)C1(*)C(=*)c3ccc4c(c3OC1CO2)C1C(O4)C1(*)*,11,6,Ring,---=--
*c1c2c(cc3c(=*)c4ccc5c(c4c(=*)c13)OC1OC5(*)C(*)C(*)C1*)CC(*)(*)C(*)C2*,11,11,Ring,-==--------
*C1=COC(*)C2C=CC(*)C12,11,3,Ring,---
*C1=C2C(=*)C(*)CC(*)C(*)(*)C2(*)CC1,11,7,Ring,-=-----
*C1C2OC2C2=CC(=*)C3(CC2(*)C1*)OC3(*)*,11,6,Ring,-=----
*C1CCC2C(=CCC3C2(*)CCC2(*)C4CCC(*)C4(*)CCC32*)C1(*)*,11,8,Ring,--------
*C1=C(*)C2(*)c3c(*)c(*)c(*)c(*)c3OC2(*)CC1=*,11,9,Ring,--------=
*C1=CCC2(*)CCC(*)=C2CC1,11,3,Ring,---
*C1CCN2CCc3c([nH]c4ccccc34)C2C1,11,1,Ring,-
*C1CCC2(*)C1C(*)CC1(*)C2CCC2C3(*)CCCC(*)(*)C3C(*)CC21*,11,9,Ring,---------
*C1=CC2C=CCC(*)CC(*)(*)C=CC(*)C23C(=*)NC(*)C3C1*,11,8,Ring,-----=--
*C1OC2C(OC3=NC(=*)C=CN32)C1*,11,3,Ring,-=-
*C1CCN2CC3CC(CN4CCCCC34)C2C1,11,1,Ring,-
*C1c2ccoc2CC2C1C(*)C(*)C1(*)C(*)(*)CCC(*)C21*,11,8,Ring,--------
*C1C(=*)OC23CCCN4C(*)CCC(O2)C4C13,11,3,Ring,-=-
*C1C2C(=*)C(=*)OC2C(*)C2(*)C(*)CCC(*)(*)C12,11,8,Ring,-==-----
*c1cc(*)c2c(=*)c3c(*)c4c(cc3c(=*)c2c1)OC1(*)CCCC4O1,11,6,Ring,--=-=-
*C1=C(*)C2CC(=*)OC3CC4C(*)CC(*)C(=*)C4(*)C(C1=*)C32*,11,9,Ring,--=--=-=-
*C1=COC(*)C2CN3CCC4(C(=*)Nc5c4ccc(*)c5*)C3CC12,11,5,Ring,--=--
*C1CCC(=*)C2(*)C(*)C(*)C(*)(*)C(*)(*)C12,11,9,Ring,-=-------
*C1CCC2(*)C(CCC3C2CCC2(*)C3CC3OC4(CCC(=*)CO4)C(*)C32)C1,11,5,Ring,---=-
*C1C=C2CCC3C(CCC4(*)C3CCC43CCC(=*)O3)C2(*)CC1,11,4,Ring,--=-
*C1=CCCC2(*)OC2C(=*)C2=CC(*)C(*)C(*)(CC1)C2=*,11,7,Ring,--=---=
*c1cc2c(c(*)c1*)-c1cc3c(cc1C(*)C1COC(=*)C1C2)OCO3,11,5,Ring,----=
*C1(*)CCC=CC1=*,11,3,Ring,--=
*c1nnc2ccccc2c1*,11,2,Ring,--
*C1CC2OCC=C2C(*)C1(*)*,11,4,Ring,----
*C1CCC2C(*)(*)CCCC2(*)C12CCC(*)(*)O2,11,6,Ring,------
*c1ccc2c(c1)[nH]c1c3c(c(*)cc12)OC(*)(*)C=C3,11,4,Ring,----
*c1cc2c3c(c(*)cc2o1)CCC(*)O3,11,3,Ring,---
*C1=CCCC(*)C=CC2(*)CCC(*)C2CC1,11,4,Ring,----
*c1ccc2cc3ccc4c(c3cc2c1)CC(*)C=C4,11,2,Ring,--
*C1CC=CCC(*)C(*)Cc2cccc(c2)C1,11,3,Ring,---
*C1=CC2C=C(*)C(*)C3C(*)NC(=*)C23C(=*)C2OC2C(*)C(*)CC1,11,8,Ring,----==--
*C1=CC2(CCC(*)C2)CC2C#CC(*)CC3(*)C(*)CC4C3C3CCC(CC123)C4(*)*,11,7,Ring,-------
*C1NC(=*)c2csc(n2)C2CCCN2C(=*)C(*)NC(=*)c2csc(n2)C(*)NC(=*)C2CCCN2C1=*,11,8,Ring,-==-=-==
*C1=NC(*)C2C(*)NC3CCCCC3C#CCC3(*)CC#CC4C(CCCC42N1)Oc1cc(ccc1*)C3,11,5,Ring,-----
*C1CCC2(*)C(=*)OCC12*,11,4,Ring,--=-
*C1CCC2(*)C3CCC4(*)C(*)CCC4C3=CC3OC32C1,11,4,Ring,----
*c1cc(*)c2c(c1)C(*)(*)c1cc3cc(*)cc(*)c3c(*)c1C2=*,11,8,Ring,-------=
*C1=CCC(*)(*)C(*)CC(*)C(*)=CC2C(*)C(*)CC2(*)C1=*,11,10,Ring,---------=
*c1cc2c(cc1*)C(=*)c1cc(*)c(*)cc1O2,11,5,Ring,--=--
*c1[nH]c2c(c1*)C(=*)C(*)C2*,11,5,Ring,--=--
*C1=Nc2ccccc2C12NC(*)CC2*,11,3,Ring,---
*C1C2C3(CCC(*)C2(*)C(=*)O3)C2CCC3CC12CC3=*,11,5,Ring,---==
*C1CC23OC(=*)CC2(CC2(*)OCC3(*)C2*)C1*,11,6,Ring,-=----
*C1CCC2C(*)(*)C3CC12CCC3=*,11,4,Ring,---=
*C1=C(*)C(=*)CN1,11,3,Ring,--=
*C12CCC(=*)C(C1)C1(*)CCCC21*,11,4,Ring,-=--
*C1C(*)C2(*)C(C3OC3C2(*)*)C(*)(*)C2CCC3CC12CC3(*)*,11,9,Ring,---------
*C1CC2(CCC3(O2)C(*)C(*)C(=*)C2C(*)(*)C(*)CCC23*)CO1,11,8,Ring,---=----
*C1=CC(=*)OCC23CCC(*)=CC2OC2CC(OC(=*)C=CC=CC(=*)OCC1)C3(*)C21CO1,11,6,Ring,-=-==-
*C1C=C2CCC3(*)C(CCC4(*)C(*)CCC43*)C2(*)CC1,11,6,Ring,------
*N1Cc2c(cc3c4c2OC2C4C(CCC2(*)*)C(*)(*)O3)C1=*,11,6,Ring,-----=
*C1=NCC#CC2CC(*)C34CC(*)(*)C(*)=C3CC2C42CN1C=CC2*,11,6,Ring,------
*C1NC(=*)C(*)C(*)OC(=*)C(*)NC(=*)C(*)N(*)C(=*)N(*)C2C(=*)C(CCC2*)NC1=*,11,14,Ring,-=--=-=--=-=-=
*C1CC2(*)C(*)C(=*)CCC2C(*)C1*,11,6,Ring,---=--
*C1CCC2C(*)(C1)CC(*)C21CCC(*)C1,11,4,Ring,----
*C1=CCC=C2COC(*)C2C(*)CC1,11,3,Ring,---
*c1cc2cc3c(c(*)c2cc1*)C(=*)OC3,11,4,Ring,---=
*c1ccc2c(c1)c(*)c1n2CCc2cc(*)c(*)cc2-1,11,4,Ring,----
*c1cc(*)c2c(*)c3c(cc2c1*)CC(*)(*)CC3=*,11,7,Ring,------=
*C1=CC(*)=CC(*)C(*)C=C(*)CC=C(*)C(=*)OC(*)C(*)C=CC=C(*)C(*)C(*)C(*)C=C1,11,13,Ring,------=------
*C1=C2C(*)C(*)C3(*)C(*)CC(*)C(*)C3C(*)C(CC1*)C2(*)*,11,11,Ring,-----------
*C1C=CC=CC(=*)OC2C(*)CC3C2(*)C(*)C2(*)OC2C2C4OC5(*)OC(C(*)C23O5)C4(*)C(*)(*)CC2CCC1CC2,11,11,Ring,-=---------
*C1=CC2CC(*)(*)CC23C1COC(=*)C3(*)*,11,6,Ring,---=--
*C1Nc2ccccc2C1*,11,2,Ring,--
*C1CCC(*)(*)C=CC(*)(*)CCC2=CC(CC1=*)OC2=*,11,7,Ring,-----==
*C1=CC(=*)C2C(*)(*)C(*)CCC2(*)C1(*)*,11,8,Ring,-=------
*c1cc2c(=*)c3cc(*)c(*)c(*)c3c(=*)c2cc1*,11,7,Ring,-=---=-
*C1C2C(=*)C(=*)OC2C2C(*)(*)CCC(*)C2(*)C1*,11,8,Ring,-==-----
*C1=NCCCN(*)CC(*)CCCN(*)C1,11,4,Ring,----
*C1=C2C(*)C(*)C3(*)CCC(*)C(=*)C3C(*)C(C(*)C1)C2(*)*,11,10,Ring,-----=----
*C1=CC(*)CC(*)C=CC2(*)CCC(*)C2C(*)C1,11,6,Ring,------
*C1C(*)C2(*)CCC1(*)O2,11,4,Ring,----
*c1ccc2[nH]c(*)c(*)c2c1*,11,4,Ring,----
*c1cc(*)c2c(c1)CC(*)C(*)O2,11,4,Ring,----
*C1CC2(*)C(CCC3(*)C2C2OC(=*)C3(*)C3OC23)C(=*)O1,11,6,Ring,---=-=
*C1=NC(*)C(*)=NC(*)C(*)C(*)=NC(*)C(*)=NC(*)C(*)C(*)=NC(*)CCC(=*)N(*)C(*)C(*)=NC1*,11,17,Ring,------------=----
*C1C2CCC3C4(*)CCCC(*)(*)C4CCC13CC2=*,11,5,Ring,----=
*c1cc2c(cc1*)OC(=*)CC2,11,3,Ring,--=
*C1=C(*)C2(C(=*)N(*)c3ccccc32)C(*)=C(*)O1,11,6,Ring,--=---
*C1=CCC(*)C(*)C2C(*)=CCC12,11,4,Ring,----
*c1cc2ccccn2c1,11,1,Ring,-
*C1=C2CCC3C4(*)CCC(=*)C(*)(*)C4CCC3(*)C2(*)CC1,11,7,Ring,--=----
*c1cc2c(c(*)c1*)C(=*)C(=*)CO2,11,5,Ring,---==
*C1C=C2C=CCC3CCCCC(*)(*)Cc4cccc5c4C(=*)C4(OC4(*)C5=*)C(=*)OC(*)C1CC23,11,8,Ring,---=-==-
*C1=COC(=*)C1,11,2,Ring,-=
*c1cc2c3ccccc3c(=*)c3cccc(n1)c32,11,2,Ring,-=
*c1cc2c(cc1*)C1OC(*)c3c(ccc4c3OCO4)C1NCC2,11,3,Ring,---
*C12C=CC(=*)CC1OCC2,11,2,Ring,-=
*c1cc2c(c3c1C(*)C1c4c5c(cc(*)c4C3C1*)OC(*)C5*)C(*)C(*)O2,11,8,Ring,--------
*C1=CCC(=*)Nc2cc(*)cc3c2OC2(CCC(*)C=CC(*)OC1=*)CC(=*)C(*)C3O2,11,8,Ring,-=---==-
*c1cc2c(cc1*)C(=*)N(*)C(=*)N2,11,5,Ring,--=-=
*C1=COC(*)C2CN3CCC4(C(=*)Nc5cc(*)c(*)cc54)C3CC12,11,5,Ring,--=--
*c1cccc2cnccc12,11,1,Ring,-
*C1=CC(=*)c2c(cc3c(c2*)C2C4C=CC(CC4)C4(OC4*)C(=*)OC2C(*)(*)O3)O1,11,7,Ring,-=--=--
*c1ccc2c(c1)OC(*)C(=*)N2,11,3,Ring,--=
*C1CC2(*)C(*)OC(=*)C3OC32C2(*)C(=*)CC3C(*)(*)OC(*)(*)C3(*)C12,11,11,Ring,---=-=-----
*C1OC2(CC3N4C(=*)C5(*)SSC4(CC3(*)C2*)C(=*)N5*)C(=*)C1(*)*,11,10,Ring,-=---=-=--
*c1ccn2cc(*)nc2c1,11,2,Ring,--
*c1cc2n(*)c3ccccc3n2c1,11,2,Ring,--
*c1cc2c(cc1*)C1Cc3ccc(*)c(*)c3C(*)N1CC2,11,5,Ring,-----
*c1ccc2[nH]nc(*)c2c1,11,2,Ring,--
*C1=C(*)C(*)c2ccccc2O1,11,3,Ring,---
*c1ccc2c(c1*)CC(*)C(*)(*)O2,11,5,Ring,-----
*C1Oc2ccccc2C(=*)C1*,11,3,Ring,-=-
*C1CCC2(*)C(*)CCC2C1=*,11,4,Ring,---=
*c1ccc2c(c1)C(=*)CC1C2CCC2(*)C(*)C(*)CC12,11,5,Ring,-=---
*c1cccc2c1C(*)CCC2=*,11,3,Ring,--=
*C1CCC2(C1)C(*)CC(*)C(*)C2*,11,5,Ring,-----
*C1CCN2C(*)C(*)C(*)C12,11,4,Ring,----
*C1=CC(*)(*)C(*)(*)C2C(*)=CC(*)C12,11,7,Ring,-------
*C1CC2C3(*)CCCC(*)(*)C3CCC2(*)C2CCC3=C(C(=*)OC3)C12*,11,7,Ring,-----=-
*C1CC2(*)C3C(*)C(*)CC(*)C3CCC2(*)C(=*)O1,11,7,Ring,------=
*C1CC2OC(*)OC2C(*)O1,11,3,Ring,---
*C1CC(*)C2(*)C(CCC3C4CC5OC6(CCC(*)(*)CO6)C(*)C5C4(*)CCC32)C1,11,7,Ring,-------
*c1cc(*)c2occc2c1,11,2,Ring,--
*C1CCC2CC3CC4CC(*)C(*)CC4C3C2(*)N1,11,4,Ring,----
*C1=C2C3OC(=*)C(=*)C3CCC2(*)C(*)CC1,11,5,Ring,-==--
*C1=CCC2(CC1=*)C(*)CCC2*,11,4,Ring,-=--
*c1cc2c(*)cc(*)c(*)c2cc1*,11,5,Ring,-----
*C1CCC(*)C1=*,11,3,Ring,--=
*C1CN(*)C2CCCCC(=*)C12,11,3,Ring,--=
*C1=NC(=*)N(*)c2nc(*)n(*)c21,11,5,Ring,-=---
*C1CCN2CC3CC(C(=*)N4CCCCC34)C2C1,11,2,Ring,-=
*C1CCC(=*)C(=*)O1,11,3,Ring,-==
*C1CC(*)(*)CC(*)C1(*)*,11,6,Ring,------
*C1=CC(*)=C(*)CC1,11,3,Ring,---
*C1CC2C(*)c3ccoc3CC2C2(*)CCCC(*)(*)C12,11,5,Ring,-----
*C1NC(=*)C2CCCN2C(=*)C(*)N(*)C(=*)C(*)OC(=*)C2CCCN2C(=*)C(*)OC(=*)C(*)C(*)NC(=*)C2CCCN2C1=*,11,15,Ring,-==--=-==-=--==
*C1CC(*)C(*)(*)CO1,11,4,Ring,----
*C1=CC2C(*)CCC2(*)C(*)CC1,11,4,Ring,----
*C1CCOC(=*)C1*,11,3,Ring,-=-
*c1c(*)c2c(c(*)c1=*)C1(*)CCCC(*)(*)C1C(=*)C=2,11,8,Ring,---=---=
*C1OC(=*)C=C2C1(*)CCC1C23OC2(*)C(*)(C(*)C(*)(*)C(*)C12*)C3*,11,11,Ring,-=---------
*C1CC2C(=*)OCC2(*)C2(*)CCCC(*)(*)C12,11,6,Ring,-=----
*C1CC(=*)C2(*)CC3OC3(*)C2C2OC(=*)C(=*)C12,11,6,Ring,-=--==
*c1ccc2c(c1)C(*)CCC2=*,11,3,Ring,--=
*c1cc2c(cc1*)C(=*)C1=C(O2)C2(*)C(=*)C(*)(CC(*)C2(*)*)C1=*,11,10,Ring,--=-=----=
*C1CC(*)(*)C2CC3C(=*)C(=*)OC3CC(=*)C12,11,6,Ring,---===
*C1CCCCCCCC23OC4C5C6OC6(*)C(*)C6(*)C(=*)C(*)C1C6C5(O2)C(*)CC4(*)O3,11,8,Ring,----=---
*c1ccc2c(c1*)CCC1C(*)(*)C(=*)CCC21*,11,6,Ring,----=-
*C1COC(*)C(*)(*)C1*,11,5,Ring,-----
*C1=CC=CC(*)C(*)C(*)=CC(*)C(*)C(*)CC(*)C(*)c2cc(*)cc(c2*)NC1=*,11,12,Ring,-----------=
*C1CCC(*)C2C(CC3(*)C4CCC5C(*)(*)C(=*)CCC56CC46CCC23*)O1,11,7,Ring,-----=-
*C1CCC2(*)C(CCC3C2CCC2(*)C3CC3OC(=*)C(*)(*)C32)C1,11,6,Ring,---=--
*c1cn2c3c(c[nH]c13)CCC(*)(*)C1=C3C(C2)C(*)C2C(*)(CCC4C(*)(*)C(=*)CC5(CCCC5)C42*)C3(*)CC1=*,11,11,Ring,-------=--=
*C1=CC2=C(*)C(=*)C(*)(*)C(=*)C2=CN1,11,6,Ring,--=--=
*c1ccc2c(c1)C(=*)C1(O2)C(*)CCC1*,11,4,Ring,-=--
*C1CC(=*)C2C1(*)CCC1C3(*)C=CC(=*)C(*)(*)C3CC(*)C12*,11,9,Ring,-=--=----
*C1CCC2C(=*)C(=*)OC2C2(*)C(*)CCC12,11,5,Ring,-==--
*C1=CC(*)CC(*)(*)C=c2oc(=*)c(*)c2C(*)C1,11,7,Ring,----=--
*C1=NC2=C(C(=*)N1)C1(CCCCC1)Cc1ccccc12,11,2,Ring,-=
*C1=C2C(*)CC(*)C(=*)CCC3(*)OC3C2OC1=*,11,6,Ring,---=-=
*C1CC(*)(*)C2CCC34CC(CCC3C2(*)C1)C(*)(*)C4,11,6,Ring,------
*c1ccn2c1C(*)CC2,11,2,Ring,--
*C1C2OC23C(C2OC(=*)C(=*)C2CCC3(*)*)C1(*)*,11,7,Ring,-==----
*C1=CC(=*)CC(*)C12Oc1cc(*)cc(*)c1C2=*,11,6,Ring,-=---=
*C1CCCCCCCCCC(=*)OC2C(OC(*)C(*)C2*)OC2C(*)C(*)OC(OC3C(O1)OC(*)C(*)C3*)C2*,11,11,Ring,-=---------
*C1C(=*)C23CC(CCC2C24COC(CC2=*)C(*)(*)C14)C(=*)C3*,11,7,Ring,-==--=-
*C1=CC2OC(=*)C(=*)C2CCC(=*)C(*)CC1*,11,6,Ring,-===--
*c1c[n+](*)cc2c1CCC2*,11,3,Ring,---
*C1OC(=*)C2=C1CCC(*)C2(*)*,11,5,Ring,-=---
*c1ccc2c(c1)C13CCN4CC=CC5(CC1(C(=*)N2)C(=*)C5*)C43,11,4,Ring,-==-
*C1=CC(=*)C(*)C2(*)C1CC1OC(=*)C(*)C3(*)C(=*)C(*)C4(*)OCC13C42,11,10,Ring,-=--=--=--
*C1CNC(=*)C2CCCN2C(=*)C(*)NC(=*)C(*)NC(=*)CNC(=*)C(*)NC(=*)CNC(=*)C(*)NC(=*)CNC(=*)C2CCCCN2C1=*,11,15,Ring,-==-=-==-==-===
*C1=CC2C(=*)C3(*)OCC(C2*)C13,11,4,Ring,-=--
*C1CC2C(=*)N(*)c3ccccc3C(=*)N2C1,11,4,Ring,-=-=
*c1ccc(*)c2cc3c(cc12)C(=*)c1occ2c1C3(*)CCC2=*,11,5,Ring,--=-=
*C1=CC2=C(CO1)C(=*)C1(*)OC(=*)C(*)C1C2,11,5,Ring,-=-=-
*C1C2(*)CC34OC5(*)OC6(C(*)C(*)(*)CC(*)C6(O5)C3(*)C2*)C(*)C14*,11,11,Ring,-----------
*c1cccc2c1C(*)OC2*,11,3,Ring,---
*C1CCC2C3CC(=*)C(=*)C13CC2(*)*,11,5,Ring,-==--
*c1c2c(c(*)c3c(=*)c4c(c(=*)c13)CC(*)OC4*)C1(*)C(*)CC2OC1*,11,9,Ring,--==-----
*C1=Nc2ncccc2NC12CCN(*)CC2,11,2,Ring,--
*C1=C2CC34C5(CCCC5*)CC(*)C2(CC1)C3(*)CC=CC41C=CC2C(*)CCC23CN31,11,5,Ring,-----
*c1c(*)c2c(c3c1CC(*)C3=*)C(=*)CCC1C2C1(*)*,11,7,Ring,---==--
*c1c(*)c(*)c2c(=*)c(=*)oc2c1*,11,6,Ring,---==-
*C1CSC=CNC(=*)C(*)NC(=*)C(*)NC1=*,11,6,Ring,-=-=-=
*C1CCCC2(CCCC2)CCC(*)(*)CNC2(*)CC(*)NC(Cc3cccc(c3)C1)C2,11,5,Ring,-----
*N1OC2C=CC1C2,11,1,Ring,-
*C1CCCNC(=*)C(*)N(*)C(=*)C(*)N(*)C1=*,11,8,Ring,-=--=--=
*C1CC2(OC1*)C1OC1C(=*)C1OC12,11,3,Ring,--=
*C12Cc3cnoc3C=C1CCC1C2CCC2(*)C1CCC2(*)*,11,4,Ring,----
*C1=CC(=*)C2(*)CCC(*)N12,11,4,Ring,-=--
*c1cccc2c1CCNC2*,11,2,Ring,--
*C1CC2(*)C(CCC3OC32*)C(*)(*)C1*,11,6,Ring,------
*C1=C2C(*)C3OC3(*)C2C2OC(=*)C(=*)C2C(*)C1,11,6,Ring,---==-
*C1=CC(*)(*)C23CCCC12C(*)CC3,11,4,Ring,----
*C1NC(=*)C2CCCN2C(=*)C(*)NC(=*)C(*)N(*)C(=*)C(*)NC1=*,11,10,Ring,-==-=--=-=
*C1(*)OC(=*)C(=*)O1,11,4,Ring,--==
*C1C(*)C2C3(*)CCCC(*)(*)C3CC(*)C23C(=*)C(=*)C1C3*,11,9,Ring,------==-
*C1C(=*)OC2CC(*)(*)C(*)CC21,11,5,Ring,-=---
*C12CC3C4=CCOC5CC(=*)N6c7ccccc7C1(CCN2C4)C6C53,11,2,Ring,-=
*c1cc(*)c2c(c1)C=CCC(*)C(*)C(=*)C=CCC(*)OC2=*,11,7,Ring,----=-=
*C1C2(*)CNCC1(*)CN(*)C2,11,4,Ring,----
*c1nc2c([nH]1)C(=*)NC(=*)N2*,11,4,Ring,-==-
*C1OC(*)(*)C2(*)CCCC(*)(*)C12,11,6,Ring,------
*C1CC2C(=*)C=C3OCOC34Oc3cc5c(cc3C(C1*)C24)OCO5,11,3,Ring,-=-
*C1CCC2(*)C(=CCC3C2CCC2(*)C3CC3OC4(CCC(*)(*)CO4)C(*)C32)C1,11,6,Ring,------
*C1(*)COC23CCC4(*)C(*)(CCC5Cc6c([nH]c7ccccc67)C54*)C2=CC(=*)C1O3,11,6,Ring,-----=
*C1CCC(*)(*)CN1*,11,4,Ring,----
*C1=NC(*)C(*)C1*,11,4,Ring,----
*c1cc(*)c2c(c1)C1C(*)c3c(*)cc(*)cc3C1C2*,11,6,Ring,------
*C1=CCC(*)C(*)=CC(*)C(*)CC1,11,5,Ring,-----
*C1CC2CC(=*)C3(*)CCC2(C3)C2(*)CCCC(*)(*)C12,11,6,Ring,-=----
*C1=CCC2(*)CC=C(*)C2CCC(*)=CCC1,11,4,Ring,----
*C1CC2c3c(c4ccccc4n3C(*)C1)CCN2*,11,3,Ring,---
*C1CC2(*)C(*)OC(=*)C3OC32C2(*)C(=*)CC3C(*)(*)OC(=*)C=CC3(*)C12,11,10,Ring,---=-=--=-
*C1OC(*)C(*)C1=*,11,4,Ring,---=
*C1C=CC23CCN(C(*)c4cc5c(cc42)OCO5)C3C1,11,2,Ring,--
*C1=CC(=*)C2(C(*)CC34C(*)=C(*)C(=*)CC23CCN4*)C1*,11,8,Ring,-=---=--
*c1cc(*)c2c(c1*)CC(*)C(*)(*)O2,11,6,Ring,------
*C1(*)C=CC(=*)OC2(*)COC(=*)CC12,11,5,Ring,--=-=
*C1CCC2(OC1)OC1CC3C4CCC5(*)CC(*)CC(*)C5(*)C4CCC3(*)C1C2*,11,7,Ring,-------
*C1CC2CC3(C(*)C2=*)C(*)C(=*)C2C(*)(*)C(*)CC(*)C2(*)C13,11,10,Ring,--=-=-----
*c1cc2oc(*)c(*)c2c(*)c1*,11,5,Ring,-----
*C1=CC(*)C2CC3OC(=*)CC4C(*)(*)C(*)C(*)C(C2(*)C1=*)C34*,11,10,Ring,--=-----=-
*C1=CC2C(*)(C1=*)C(*)C1(*)OC1C1C(*)C(*)(*)C(*)C(*)C12*,11,11,Ring,--=--------
*C1CCC2(*)C(*)(C=CC3=C4CCC5C(*)C(*)CC45CC(=*)C32*)C1,11,7,Ring,-----=-
*c1cc2cc(*)c(=*)c3ccc(*)c(c1*)c23,11,5,Ring,--=--
*C1=C2CCC(*)(*)C3(C(CSSCC1)CC(*)C3*)C2*,11,6,Ring,------
*C1=COC(*)C2C(=*)CCC12,11,3,Ring,--=
*C1CCC2C(C3C(*)CCC13)C2(*)*,11,4,Ring,----
*c1cc2c(cc1*)C1CCC3(*)C(=*)CCC3C1CC2,11,4,Ring,---=
*C1CC2C(=*)C(=*)OC2CC1(*)*,11,5,Ring,-==--
*C1=c2ccccc2=CC2CC3CCc4ccc5cc4C3(CC12)C(*)C(*)C=CCC(*)C(*)C5,11,5,Ring,-----
*C1=NC2(*)N(C1)c1ccc(*)cc1C2(*)*,11,5,Ring,-----
*C1C=CC23c4cc5c(cc4C(*)OC2CN(*)C3C1)OCO5,11,3,Ring,---
*C1CC(*)(*)C2C3CC(*)(*)C(*)CCC(*)(*)C(O3)C2C1*,11,9,Ring,---------
*C1=CC(=*)c2c(cc(*)c(*)c2*)C1,11,5,Ring,-=---
*c1c(*)c2c(c3c1OC(=*)CC3*)OC(*)C(*)C2=*,11,7,Ring,--=---=
*C1=CC2=CCC3C(CCC4(*)C3CCC43CCC(=*)O3)C2(*)CC1,11,4,Ring,--=-
*c1ccc2c(c1)OC1(*)C(=*)c3c(*)cc(*)c(*)c3OC21*,11,7,Ring,--=----
*C1CCC2(*)C(=CCC3C2CCC2(*)C(*)CCC32*)C1(*)*,11,7,Ring,-------
*C1CCCN(*)CC(=*)NCCCN(*)C1,11,4,Ring,--=-
*c1cc2cc3c(cc2o1)OC(*)(*)C(*)C3,11,4,Ring,----
*C1=C(*)C(=*)C(*)N1,11,4,Ring,--=-
*c1cc(*)c2c(ccc3c(=*)c4c(*)cccc4c(=*)c32)c1,11,5,Ring,--=-=
*C1C(=*)OC2C1CCC1(*)C(*)CCC(*)(*)C21,11,6,Ring,-=----
*C1=NC(=*)N(*)c2ncn(*)c21,11,4,Ring,-=--
*c1ccc2c(c1*)Oc1c(*)c(*)c(*)c(*)c1C2=*,11,7,Ring,------=
*C1NC(=*)CNC(=*)C(*)NC(=*)C(*)NC(=*)C(*)NC(=*)CNC1=*,11,10,Ring,-==-=-=-==
*C1=CCC=C(*)C(*)C(*)CC1,11,4,Ring,----
*C1COC2C(*)CC(*)(*)C3CC(*)C(*)(C1)OC23*,11,7,Ring,-------
*C1C(=*)NC(*)(*)C1*,11,5,Ring,-=---
*C1=C(*)C(*)C2OC2C1=*,11,4,Ring,---=
*C1CCC2(*)C3C(*)C(=*)C4(*)C(*)CCC4(*)C3CCC2(*)C1,11,8,Ring,---=----
*C1CC2C(=*)C=C3C(CCC4(*)C5C(CC34*)OC(*)C5(*)*)C2(*)CC1*,11,9,Ring,-=-------
*C1CCC(*)(*)C23CC(CC(*)C12*)C(*)(*)O3,11,7,Ring,-------
*C1CC2CCCC3(*)CCC(=*)C(*)C23C1*,11,5,Ring,--=--
*c1cc(*)c2c(c1)CC1C(*)(CC(*)C(*)C1(*)*)O2,11,7,Ring,-------
*C1=C(*)C(=*)c2c(*)cc3c(c2O1)C(*)(*)C(*)O3,11,7,Ring,--=----
*C1(*)CCc2ccccc21,11,2,Ring,--
*C1=CC(=*)CCC1*,11,3,Ring,-=-
*C1C=CC2C(CCC(*)C2*)C1,11,3,Ring,---
*C1C(*)C(*)(*)C2CCC3(*)C4C(C#CC5CCCC56C(=*)NC5C6C(C=CC5(*)*)C1C24*)C=C1C2CC(*)(*)CCC2(*)C2CNc4nc[nH]c4CC2C13*,11,13,Ring,-----=-------
*C1=CC(*)C2(*)C3CC(*)C4(*)CC=CC(=*)C4(*)C3CCC12*,11,8,Ring,-----=--
*C1=CCC(=*)C(*)(*)C(*)C(*)C2C(=*)C(=*)OC2C1,11,8,Ring,-=----==
*C1=Cc2cc3c(c(*)c2C(=*)O1)C(*)CC(*)C(=*)O3,11,6,Ring,--=--=
*C1C#CCC2CC3(*)C4=C5NC(*)C(=*)CC(*)CSSCC6C(*)C(*)CC(*)(C4C4CCC(*)C3(C4)C2C(*)(*)C(*)CC(*)C2CC=C3CCC(*)CC3C2C1)C6C5=*,11,15,Ring,---=----------=
*N1C(=*)C2C3C=C4CCCCC4(C2C1=*)C1C(=*)N(*)C(=*)C31,11,6,Ring,-===-=
*C1NC(=*)C2CCCN2C(=*)C2CCCN2C(=*)C(*)NC(=*)c2csc(n2)C(*)NC(=*)C2CCCN2C1=*,11,9,Ring,-===-=-==
*C1=CC2OC(=*)C(=*)C2CC=C(*)C2CCC(*)(OO2)C(*)CC1,11,6,Ring,-==---
*C1=CC2=C(C(=*)O1)c1cc(*)c(*)cc1C(=*)O2,11,5,Ring,-=--=
*C1CCC2CCCC2C1*,11,2,Ring,--
*C1CN2CCC(*)C2C1*,11,3,Ring,---
*C1CCC(*)(*)C2CC=C3C(=*)OCC3(*)C12*,11,6,Ring,---=--
*C1=[N+](*)CCc2c1[nH]c1ccccc21,11,2,Ring,--
*C1=CC2(*)C(=*)C(*)(*)C1CC2*,11,6,Ring,--=---
*C1CN2CCCC2C1*,11,2,Ring,--
*C1CCC2C1(*)CCC1(*)C3=CCC4C(*)(*)CCCC4(*)C3CCC21*,11,7,Ring,-------
*C1C=CC=CC=CC=CC=CC=CC=CC(*)C(*)OC(=*)CC(*)CC(*)CCCC(*)CC(*)CC(*)CC2(*)CC(*)C(*)C(C1)O2,11,12,Ring,---=--------
*C1CCC23CC24CCC2(*)C(*)CCC2(*)C4C=CC3C1(*)*,11,6,Ring,------
*C1CC(*)N2C(*)C(*)C(*)C12,11,5,Ring,-----
*c1ccc2c(c1)C(*)(*)c1c-2ccc(*)c1*,11,5,Ring,-----
*c1cc2c(c(*)c1*)C(*)C(*)O2,11,5,Ring,-----
*C1CCC2CC(*)CC2(*)C1,11,3,Ring,---
*C1=CCC2CC(CC3(O2)OC(*)C(*)C(*)C3*)OC(=*)C2C=C(*)C(*)C3OCC(=CC=CC(*)C1*)C23*,11,11,Ring,-----=-----
*C1=Cc2c(*)c(*)c(*)c(*)c2C(=*)O1,11,6,Ring,-----=
*c1cc(*)c2c(c1*)OC(=*)CC2*,11,5,Ring,---=-
*C1CC(*)(*)CC2C3=CCC4C5(*)CCC(*)C(*)(*)C5CCC4(*)C3(*)CC(*)C12,11,10,Ring,----------
*C1=CC(*)NC1=*,11,3,Ring,--=
*C1CCC2(*)CCC3(*)C(=CCC4C5(*)CCC(*)C(*)(*)C5C(*)CC43*)C2C1*,11,10,Ring,----------
*c1cc(*)c2c(c1)NC(=*)C2(*)*,11,5,Ring,--=--
*C1OC2=CC(=*)C(*)(*)C=C2C1*,11,5,Ring,-=---
*C1C(=*)C(=*)CC(*)(*)C1*,11,6,Ring,-==---
*N1C(=*)C2(*)SSSSC1(*)C(=*)N2*,11,6,Ring,-=--=-
*C1OCOC1*,11,2,Ring,--
*c1ccc2c3c([nH]c2c1)C1(*)C(CCC2(*)C4=CC(=*)C5OC4(CCC21*)OCC5(*)*)C3,11,7,Ring,---=---
*C1=NC(*)C(*)=NCC(*)C(*)=NC(*)C(*)=NC(*)C(*)=NC1=*,11,10,Ring,---------=
*C1=CCC2C(*)CCC2(*)CC(*)C(*)=CCC1,11,5,Ring,-----
*C1C(*)C(*)[N+](*)(*)C1*,11,6,Ring,------
*C1CCC2(*)C(CCC3C4CC(=*)CC4(*)CCC32)C1,11,4,Ring,--=-
*C1CC(=*)C(*)C(=*)C1,11,4,Ring,-=-=
*C1=COC(=*)C(*)=C1,11,3,Ring,-=-
*C1=C(*)C(=*)c2c(*)c3c(c(*)c2O1)OC(*)(*)C=C3,11,7,Ring,--=----
*C1=NC(*)C(*)=NC(*)C(*)=NC(*)C(=*)OC(*)C(*)C(*)=NC(*)C(*)=NC(*)C(*)=NC(*)C(*)=NC(*)C(*)=NC(*)C(*)=NC(*)C(*)=NC(*)C(*)=NC(*)C(*)=NC(*)C(*)=NC(*)C(*)=NC(*)C(*)=NC1,11,32,Ring,------=-------------------------
*C1C(=*)C2CCC3C1(C2)C(=*)OCC31C(=*)C=CC(*)(*)C1*,11,7,Ring,-===---
*C1C2C(*)(*)CCCC2(*)C2C(=*)CC(*)(*)OC2(*)C1*,11,9,Ring,----=----
*C1NC2N(C1=*)c1ccccc1C21CC2C(=*)NC(*)(O1)C1=Nc3ccccc3C(=*)N12,11,5,Ring,-==-=
*c1cc(*)c2c(*)c3c(c(*)c2c1)C(*)C(*)OC3*,11,7,Ring,-------
*c1cc2c(cc1*)C13CC(*)C=CC1=CCN3CC2*,11,4,Ring,----
*c1cc(*)c2c(c1*)C(*)C(*)OC2*,11,6,Ring,------
*C1=NC(*)(*)C(=*)NC1(*)*,11,6,Ring,---=--
*C1C(=*)NCC2=Nc3ccccc3C(=*)N21,11,3,Ring,-==
*C1CCC2(*)CCC3(*)C(=CCC4C5(*)CC(*)C(*)C(*)(*)C5CCC43*)C2C1=*,11,10,Ring,---------=
*C1=CCCC2(*)OC2CC2C(*)C(=*)OC2C(*)C(*)=CCC1,11,6,Ring,---=--
*C1=CC2Cc3nc(*)ccc3C(*)(C1)C2=*,11,4,Ring,---=
*c1c2c(oc1=*)=CC(*)CC2,11,3,Ring,-=-
*C1=CCC2C1C1OC(=*)C(=*)C1C(*)CC21CO1,11,4,Ring,-==-
*C1C2C(Cc3occc3C2(*)*)C2(*)C(*)CCC(*)(*)C2(*)C1*,11,9,Ring,---------
*c1cc2oc1CC(*)C(*)C=C1C(=*)OC(C1*)C2*,11,6,Ring,---=--
*C1=NC2=C(C(=*)N1)N(*)C(*)CN2,11,4,Ring,-=--
*c1cc2c3c(c4c(*)c2c2c1C=CC(*)OCC1OC(O2)C(*)(*)C(OC#CCc2cccc5c2CN(CC4=*)C5=*)C1*)C1CCCC1CC3,11,8,Ring,-----==-
*C1CCCC2(CC#CC3(*)CC(OC2=*)C2C(*)(*)CCC(*)C2(*)C3(*)*)C1,11,9,Ring,--=------
*=c1oc(=*)c(=*)c1=*,11,4,Ring,====
*C1=CCCC2(*)OC2C2OC(=*)C(*)C2CC1,11,4,Ring,--=-
*C1CC2C(*)C(=*)C3(C(*)CC4C(*)(*)CCC(*)C4(*)C13)C2*,11,9,Ring,--=------
*C12Nc3ccccc3C1(*)CCO2,11,2,Ring,--
*C1=CC(*)C(*)C(*)(*)C12CCC(*)(*)C(*)C2,11,8,Ring,--------
*c1cc2c(c(*)c1=*)C1(*)CCCC(*)(*)C1=CC=2,11,6,Ring,--=---
*C1(*)CC(=*)C2=C(C1)N1CCc3ccccc3C1CC2=*,11,4,Ring,--==
*C1CC2(*)C(=*)C3(*)C4C(*)C(*)(*)C4CCC3(*)C(*)C2C1*,11,10,Ring,--=-------
*C1c2ccccc2CC(*)(*)N1*,11,4,Ring,----
*C1NC(=*)C2CCCN2C(=*)C(*)NC(=*)C(*)NC(=*)C2CCCN2C(=*)C(*)NC(=*)C2CCCN2C(=*)C(*)NC1=*,11,13,Ring,-==-=-==-==-=
*C12CCC(O1)C(*)(*)C2=*,11,4,Ring,---=
*C1CCC2(NC1)OC1CC3C4CC=C5C=CCCC5(*)C4CCC3(*)C1C2*,11,4,Ring,----
*C1=CC(=*)C(*)C(*)C12CCC(*)C2,11,5,Ring,-=---
*C1(*)CCS(=*)(=*)C1,11,4,Ring,--==
*c1cc2c(cc1*)C1C#CC3CC4CC(CC3C(=*)C(*)C(=*)CC2)C(*)C(*)Cc2cc(c[nH]2)C(*)CNCC(*)Cc2ccc3ccc(cc3c2*)Nc2cc(ccn2)C4CC#CC2CC(CC(*)C2*)c2ccccc21,11,12,Ring,--=-=-------
*C1=CC(*)C(*)CC2C=CCC(CC(*)C3(CO3)C(*)CC(*)C(*)C(*)OC(=*)C=C1)O2,11,9,Ring,--------=
*=c1ccoc1=*,11,2,Ring,==
*C1CC2C3CCC(*)C3(*)CCC2C2(*)CCC(=*)CC12,11,5,Ring,----=
*c1c(*)c(*)c2c(c1*)CCC1(OC(*)C(*)C(*)C1*)C(*)OC2=*,11,10,Ring,---------=
*C1NC(=*)CCNC(=*)C(*)C(*)OC(=*)C(*)N(*)C(=*)C(*)NC(=*)CCNC(=*)C(*)N(*)C(=*)C(*)N(*)C(=*)C(*)NC(=*)CCNC(=*)C(*)N(*)C1=*,11,24,Ring,-==--=--=-==--=--=-==--=
*c1ccc2cc(*)n(*)c2c1,11,3,Ring,---
*C1(*)CCC2OC2(*)CCC2C1CC2(*)*,11,5,Ring,-----
*C1=CC(=*)C2C(*)CCC3C(*)C(=*)OC3C12,11,5,Ring,-=--=
*c1ccnc2c(*)cccc12,11,2,Ring,--
*C1(*)NCCN2C(=*)CSC21,11,3,Ring,--=
*C1=CC(*)C(*)CCC(=*)C(=*)CC1,11,5,Ring,---==
*C1CCC2(*)C(C1)C(=*)CC1C3CCC(=*)C3(*)CCC12,11,5,Ring,--==-
*C1=C(*)c2cc3[nH]c4c(c3*)C(=*)C(*)(*)c4c3nc(cc4[nH]c(cc1n2)c(*)c4*)C(*)C3*,11,10,Ring,---=------
*C1CC(*)(*)CCC1=*,11,4,Ring,---=
*C1=CC(*)C2(*)C(*)CC3(*)C(CCC4C5(*)CCC(*)C(*)(*)C5CCC43*)C2C1*,11,11,Ring,-----------
*C1OC(=*)C=C2C3(*)CCCC4(*)C(=*)OC(C43)C3OC213,11,5,Ring,-=--=
*C1C2C(*)N(*)C(=*)N(*)C2N(*)C(=*)N1*,11,8,Ring,---=--=-
*C1=C(*)C2(*)CCCC(*)(*)C2C(*)C1,11,6,Ring,------
*N1C=Cc2nc3c(cc2C1=*)C(=*)N(*)C=C3,11,4,Ring,-==-
*c1ccn2cc(*)cc2c1,11,2,Ring,--
*C1=NC2C(*)N=C(*)N3CC(*)C(*)(*)C23N1,11,6,Ring,------
*c1cc(*)c2c(=*)c3c(c(=*)c2c1*)CC(*)OC3*,11,7,Ring,--==---
*C1=CC=Cc2c(*)c(=*)oc2=C1,11,3,Ring,--=
*C1=CCC(*)(*)CC1*,11,4,Ring,----
*C1(*)CC2CN(CCc3c1[nH]c1ccccc31)CC1(*)OC21,11,3,Ring,---
*=C1CCC(=*)CC1,11,2,Ring,==
*C1COC(=*)O1,11,2,Ring,-=
*c1c2c(nc3occc13)C(*)(*)C(*)CC2,11,4,Ring,----
*c1c(*)c2c3c(*)c(*)c(=*)c4c(*)cc5c(c6c(cc(*)c(c1=*)c62)OCO5)c43,11,8,Ring,----=--=
*c1cccc2c1C(*)C1(*)C(C2=*)C2=C(CC(*)CC2=*)C2OC21,11,6,Ring,---=-=
*C1OC2OC(=*)C(*)C1C2*,11,4,Ring,-=--
*C1C(=*)C(*)(*)C(*)C(*)C1*,11,7,Ring,-=-----
*C1C=CC(*)C(*)CC(=*)OC(*)C1,11,5,Ring,---=-
*N1CCN(*)CCN(*)CCN(*)CC1,11,4,Ring,----
*C1CCC2OC(*)(*)C(=*)CCC2(*)C1*,11,6,Ring,---=--
*C1=CC[O+]=C1*,11,2,Ring,--
*C1=C2C(=*)CC(*)CCC2CC2(*)C=CCCC12,11,4,Ring,-=--
*C1=C(*)C2(*)c3c(*)c(*)c4c(c3OC23OC(*)CC=C3C1=*)C(*)CC(*)O4,11,9,Ring,------=--
*N1CC2NC(=*)COC2C1,11,2,Ring,-=
*C1=CC2CC3(*)OC(=*)C=C3C(*)(*)C2CC1,11,5,Ring,--=--
*C1=COC(*)C2C(*)(*)C(*)C(*)C12*,11,7,Ring,-------
*c1cc2c(cc1*)C1C(CC=C3CCN(*)C31)OC2*,11,4,Ring,----
*C1CC(*)C2(*)CC(*)C3C(=*)C(=*)OC3C2C1=*,11,7,Ring,----===
*C1=CCCC(=*)C2C(=*)OCC(=*)C2CC1,11,4,Ring,-===
*c1ccc2c(c1)CCc1c-2c(*)cc2c1C(*)C(*)CO2,11,4,Ring,----
*C1=Nc2cccc(*)c2C12CCN1CC(*)C(*)CC12,11,4,Ring,----
*c1c2c(cc3c1C(=*)CC(*)O3)OC(*)(*)CC2,11,5,Ring,-=---
*c1ncnc(*)c1*,11,3,Ring,---
*C1CC(=*)NC(*)C(=*)OC(*)C(*)CC(*)C(*)C1,11,8,Ring,-=-=----
*C1C2C3CCC4C5(*)CCC(*)C(*)(*)C5CCC4(*)C3(*)CCC23CCC1(*)OC3=*,11,9,Ring,--------=
*c1cccc2c1CCCC1CCCC21*,11,2,Ring,--
*C1CCC2(C#CCC(*)C(*)C1)CCN1CC3CC(C1)CN(CNC(=*)NC2)C3,11,4,Ring,---=
*C1=CC(=*)CC1*,11,3,Ring,-=-
*C1CCC2(*)C(CCC3(*)C4CCC5(*)CCC(*)(*)CC5C4(*)CCC23)C1(*)*,11,9,Ring,---------
*C1CCCC2(*)NCCCC12,11,2,Ring,--
*C1=CC(*)C(*)C2CC(*)CCC12,11,4,Ring,----
*C1CCC2(*)C(CCC34CC(CCC23)C(*)(*)C4*)C1(*)*,11,7,Ring,-------
*c1cc2c(cc1*)N(*)CC2,11,3,Ring,---
*C1CC2CNC3CC(=*)CCC3C2CC1*,11,3,Ring,-=-
*c1ccc2c(c1*)OC(*)(*)C=C2,11,4,Ring,----
*C1C=C2C3(CCC4C(*)(*)CCCC24*)CC(=*)C1C3,11,5,Ring,----=
*C1CCC2=C(O1)C(*)CCC2=*,11,3,Ring,--=
*C1C=CC2=C3CCC(*)(*)C3(*)CCC2C1(*)*,11,6,Ring,------
*c1cc2c3cn(cc3c1)-c1nc(*)cc3c1COC(CCCC(*)C#C3)CC(*)C1CCc3c(c(*)cc(*)c3OC2)C1,11,6,Ring,------
*C1NC(=*)C2(*)C(*)C(*)C(=*)C(*)C12,11,7,Ring,-=---=-
*C1=NC(*)C(*)=NC(*)C(*)=NC(*)C(*)=NCCCCC1*,11,8,Ring,--------
*C1CC(*)C2(*)C(CCC3(*)C2CCC2Cc4c([nH]c5ccccc45)C23*)O1,11,5,Ring,-----
*C1CCC2(*)C(=CCC3(*)C2C(*)C(*)C2(*)C(*)(*)CCC32*)C1,11,9,Ring,---------
*c1cc(*)c2c(c1)C(*)(*)OC2=*,11,5,Ring,----=
*c1cc(*)c2c(*)n(*)nc(*)c1-2,11,5,Ring,-----
*C1CC(=*)NC(*)C(=*)NC(*)C(=*)NC(*)C(=*)NCC(=*)NC(*)C(=*)NC(*)C(=*)NC(*)C(=*)N1,11,15,Ring,-=-=-=-==-=-=-=
*C1=CCCC2C(*)C(*)(*)CCC12*,11,5,Ring,-----
*C1(*)CCCC2(*)C1CCC13CC(CCC21)C1(*)OC31,11,4,Ring,----
*C1=C2C(=*)C(=*)C3(*)C(*)CC4OCC4(*)C3C(*)C(*)(CC1*)C2(*)*,11,11,Ring,-==--------
*C1=CC2(*)C(=*)C(*)=CC2C2(*)C(*)C(*)C3(*)C(C2C1=*)C3(*)*,11,11,Ring,--=-----=--
*c1cc(*)c2c(c1)OC1(*)OC1(*)C2=*,11,5,Ring,----=
*C1(*)CCC2(*)C(=CC3OC(=*)C4(*)CCCC2(*)C34)C1,11,6,Ring,---=--
*c1cc2c(c(*)c1=*)C1(*)CC(*)CC(*)(*)C1=CC=2,11,7,Ring,--=----
*[C]1C=C(*)C=C2OC(*)=C(*)C=C12,11,4,Ring,----
*C1OC(=*)C2OC23C2(*)C=CC4C(*)(*)C(=*)C=CC4(*)C2CCC13*,11,8,Ring,-=---=--
*c1cn2cccc(*)c2n1,11,2,Ring,--
*C1=C2C(*)C(*)CCC(*)C2CC1=*,11,5,Ring,----=
*c1cc2c(=*)ccc(=*)c2c(*)c1*,11,5,Ring,-==--
*C1CCC2C(*)C(=*)C(=*)CC2(*)C1*,11,6,Ring,--==--
*C1=NC2c3csc(n3)C3NC(=*)c4csc(n4)C(*)NC(=*)C4CSC(=N4)C(=*)NC(=*)C(*)NC(=*)c4csc(n4)C2(CC1)NC(=*)C(*)NC(=*)C(=*)NC(=*)C(*)NC(=*)C(*)NC1C=Cc2c(*)cc(nc2C1*)C(=*)OC3*,11,20,Ring,-=-===-==-===-=---=-
*c1ccc2c3c(c4ccccc4c(=*)c13)=CC(=*)N2*,11,4,Ring,-==-
*C1CCC2C(=CCC3CC(*)(*)CCC32*)C1(*)*,11,6,Ring,------
*C1=CC(*)C2C(*)(*)CC(*)C2(*)CC1=*,11,7,Ring,------=
*C1CC(*)C(*)(*)C(=*)O1,11,5,Ring,----=
*C1=CCC(=*)O1,11,2,Ring,-=
*C1=CC2OC(=*)C(*)C2CC(*)C(=*)C(*)CC1,11,6,Ring,-=--=-
*c1nc2cccnc2[nH]1,11,1,Ring,-
*C1(*)C=C2OCOC2=CC1=*,11,3,Ring,--=
*C1CCC(=*)C2CCC(*)(*)C2C1,11,4,Ring,-=--
*c1cc2c(cc1*)-c1c3c(cc4c1C(C2)N(*)CC4)OCO3,11,3,Ring,---
*C1=NC(*)Cc2cc(*)c(*)c(c2)-c2cc(ccc2*)C(*)C(*)=NC1*,11,8,Ring,--------
*C1CCC2C(CCC3C2(*)CCC2(*)C(*)CCC32*)C1(*)*,11,7,Ring,-------
*c1cc2c(*)c3c(c(*)c2c2c1C1OC4(*)OC1C(*)(O2)C41CO1)C(=*)C(*)CC3*,11,8,Ring,-----=--
*C1CCC2(*)C(CC(*)C3(*)C2CC=C2C4CC(*)(*)CCC4(*)CCC23*)C1(*)*,11,10,Ring,----------
*C1CC2(*)C3C(*)C1CC3C13C(*)C=CC4(*)CN(*)C1C2(*)C(*)C43,11,8,Ring,--------
*c1ccc2c(c1)OC(=*)c1c-2oc2cc(*)ccc12,11,3,Ring,-=-
*c1cc2c3c(oc(=*)c4cc5c(c(oc2=*)c4-3)OCO5)c1*,11,4,Ring,-==-
*C1=CC2OC(=*)C(=*)C2CC(*)C(*)CCC(*)=CCC1,11,6,Ring,-==---
*C1C=CC(=*)C1=*,11,3,Ring,-==
*C1CC2C(*)(*)CCCC2(*)C23CCC(*)(C=C12)OO3,11,5,Ring,-----
*C1=NC(*)C(*)=NC(*)C(*)=NC(*)C(*)=NC(*)C(*)=NC(*)CSSCC1*,11,11,Ring,-----------
*C1COCCO1,11,1,Ring,-
*C1NC(=*)C2CCCNN2C(=*)C(*)N(*)C(=*)C(*)N(*)C(=*)C2CCCNN2C(=*)C(*)C(*)OC1=*,11,13,Ring,-==--=--==--=
*C1CC(=*)NCCCN(*)CCCCN(*)CCCN1*,11,5,Ring,-=---
*C1CCC2(*)C(=CCC3C2CCC2(*)C(*)CC(*)C32)C1*,11,6,Ring,------
*C1CC2OC34CC(=*)OC(*)C3(*)CCC(C4=*)C2(*)C(*)C1(*)*,11,9,Ring,-=--=----
*c1cc(*)c2cc(*)oc2c1,11,3,Ring,---
*c1ccc2c(c1)N(*)CCS2,11,2,Ring,--
*C1CCC2(*)C=CC(=*)C(=*)C2C1,11,4,Ring,--==
*C1=NC(=*)C2=C(NCC(*)N2)N1,11,3,Ring,-=-
*C1CCC2(*)CCC3(*)C(CCC4C5(*)C(*)CC(=*)C(*)(*)C5CCC43*)C12,11,9,Ring,-----=---
*C1CCC2(*)C(CCC3(*)C2CCC2C(*)(*)CCC23*)C1(*)*,11,8,Ring,--------
*c1cc2ccccc2c(*)c1*,11,3,Ring,---
*c1cc2c(=*)cc(*)c(=*)c2cc1*,11,5,Ring,-=-=-
*C1=CC(=*)CC2C1CCC(*)C21CC(*)OC1=*,11,5,Ring,-=--=
*c1c(*)c2c(=*)cc(*)c3c4c(*)cc(=*)c5c(*)c(*)c(*)c(c(c1*)c23)c54,11,10,Ring,--=--=----
*C1CCC2(*)C3CCC4(*)C(*)CCC4(*)C3=CC(=*)C2(*)C1,11,7,Ring,-----=-
*c1cc2c(c3c1C(=*)CC(*)O3)CC(*)C(*)(*)O2,11,6,Ring,-=----
*C1CC2OC3(CCC4(C=CCC(*)O4)O3)C(*)CC2O1,11,3,Ring,---
*C1=CCC23COC(C2)C(*)(*)CCC13,11,3,Ring,---
*c1cnc2c(c1)C1CC=CC(C1)N2,11,1,Ring,-
*C1CC2(OC1(*)*)C(*)C1(*)CCCC12*,11,6,Ring,------
*c1c2c(cc3c1OCO3)C13C=CC(*)CC1N(C2)CC3*,11,3,Ring,---
*C1CC(*)CC2OC3(C=CC2*)CCC(*)C(O3)C(*)C(*)C(*)CCC2OC3(CCC(*)C4(CC(OC(=*)CC5CCCC(C1)O5)C(*)O4)O3)CC(*)C2*,11,12,Ring,--------=---
*C1=CCC2C(=*)C(=*)OC2CC2(*)OC2CC1,11,4,Ring,-==-
*C1CC2(*)OC2C(*)C2(*)CCC(*)(*)C12,11,6,Ring,------
*C1=CC(*)C=C(*)C2CC(*)(*)C2(*)C(*)C1,11,7,Ring,-------
*c1nc2c([nH]1)C(*)c1[nH]c(*)nc1CC2,11,3,Ring,---
*C1=Cc2c(c(*)c3c(*)cc(*)cc3c2*)C(=*)O1,11,6,Ring,-----=
*c1ccc2c(c1)C1(*)CCN(*)C1N2*,11,4,Ring,----
*c1cc2c([nH]c3c(*)c(*)ccc32)c(*)c1*,11,5,Ring,-----
*C1=C(*)C(=*)c2c(*)c3c(c(*)c2O1)OC1C3C=CCC1(*)*,11,7,Ring,--=----
*c1nc2c(*)ncn(*)c-2n1,11,3,Ring,---
*C1=NC(*)C(=*)N2C(*)CC(*)C2C(=*)N(*)CC(=*)N(*)C(*)C(=*)OC(*)C1*,11,13,Ring,--=--=-=--=--
*C1=C(*)C(=*)C2(*)C(=C1)Oc1c(*)c(*)c(*)c(*)c12,11,8,Ring,--=-----
*C1C=C2C=CC3C(CCC4(*)C3CCC43CCC(=*)O3)C2(*)CC1,11,4,Ring,--=-
*C1=CC=CC(=*)OC(*)C(*)C=CC(*)CC(*)C(*)C=CC(*)CC(*)C(*)C2CC(=CC(=*)O2)CC(*)C1,11,12,Ring,-=--------=-
*C1C=C2C(*)OC(*)C23CC(*)C(*)C(*)(*)C3C1,11,7,Ring,-------
*C1CC2(*)C(CCC3(*)C2CCC2C(*)CCC23*)C(*)(*)C1*,11,8,Ring,--------
*c1cc2[nH]c3c(c2cc1*)CCN1C(*)C2CC(*)C1C3(*)C2,11,5,Ring,-----
*C1=CC(*)C2(*)C(=*)CC3C(*)C(=*)OC32CC1,11,6,Ring,---=-=
*C1CCC2(*)CCC3(*)C(=CCC4C5(*)CCC(*)C(*)(*)C5CCC43*)C2C1,11,8,Ring,--------
*c1cc(*)c2c(c1)C=CCC(*)C(*)C(*)C=CCC(*)OC2=*,11,7,Ring,------=
*C1CC2C(*)(C1*)C(*)C1(*)OC1C1C3OC4(*)OC3(*)CC(*)C12O4,11,8,Ring,--------
*C1CC(*)C(*)C(*)C(=*)C(*)C(=*)OC(*)C(*)C=CC1=*,11,10,Ring,----=-=--=
*N1C(=*)C2(*)SSC1(*)C(=*)N2*,11,6,Ring,-=--=-
*C1=CC(=*)N=C1*,11,3,Ring,-=-
*C1CC2C(*)(*)CCCC2(*)C2CC3(*)OC(=*)C=C3C(*)C12,11,7,Ring,-----=-
*C1=CCC(*)C(*)=CCC(*)C2(*)OC2C2OC(=*)C(=*)C2C(*)C1,11,8,Ring,-----==-
*C1CCC2N(C1)CC1C3CC4C56CCCC4(CC(*)C5CC(*)C4(CCC(*)C4)C6)C3CC3CCCC2(*)C31,11,5,Ring,-----
*C1CC2CC3(C(=*)C2*)C1C12CCCC(*)(*)C1C(*)C3(*)OC2,11,7,Ring,-=-----
*c1cc2c(*)cc(*)c(*)c2o1,11,4,Ring,----
*C1CC(*)(*)C(*)OC1*,11,5,Ring,-----
*C1CC=CCC(*)C2(CCCCC2)c2cccc(c2)CC1*,11,3,Ring,---
*C1OC(=*)C(*)N(*)C(=*)C2CCCNN2C(=*)CNC(=*)C(*)N(*)C(=*)C2CCCNN2C(=*)C1*,11,12,Ring,-=--===--==-
*C1CC23C4=C(CCC41)CCC1CN4CC(*)C(CC(*)C12*)C43*,11,5,Ring,-----
*C1C(=*)OC2C1C13OC4OC(=*)C(*)C45C(*)C(*)C(OC1=*)C35C2*,11,8,Ring,-==---=-
*C12CCC(=*)C=C1C=CC1C2CCC2(*)C1CCC2(*)*,11,5,Ring,-=---
*C1CC2C(C1=*)C1OC(=*)C(=*)C1CCC2(*)*,11,6,Ring,-===--
*C1=Nc2ccccc2C(*)(*)C1*,11,4,Ring,----
*C1=COC(*)C2C3OC3C(*)C12,11,3,Ring,---
*C1CC(*)N(*)CC1*,11,4,Ring,----
*c1ccc2c3c1OC1C(*)C=CC4C(C2)NCCC341,11,2,Ring,--
*C1CC2CCCC(C1)[N+]2(*)*,11,3,Ring,---
*C1CC2(*)C(CCC3(*)C4CCC5(*)CCC(*)(*)CC5C4=CCC32)C(*)(*)C1*,11,9,Ring,---------
*C1=CC2(*)CC(C1)c1ccc(*)cc1O2,11,3,Ring,---
*C1C=CC(*)C23COC(*)(C(*)C4(*)CC(*)(*)C(*)C4C2*)C13,11,9,Ring,---------
*C1CC2OC(=*)C3CCCC(C1(*)*)C23*,11,5,Ring,-=---
*C1=C(*)C(*)(*)C2C3C(=*)C(=*)C(*)(C(=*)C3(*)*)C2(*)C1=*,11,12,Ring,----==-=---=
*C1=CCC2C1C1OC(=*)C3(CC45C=CC3(*)C4C3OC(=*)C(=*)C3CCC5(*)*)C1C(*)CC2(*)*,11,10,Ring,-=-==-----
*C1=CC(=*)C2=C(*)C(*)C3OC(=*)C(=*)C3C(*)C12,11,7,Ring,-=--==-
*C1CC(*)(*)C23C=CC(*)(OO2)C3C2OC(=*)C(*)C12,11,6,Ring,----=-
*C1C2C(*)(*)C(=*)CCC2(*)C2CCC3(*)C(=CCC3*)C2(*)C1*,11,9,Ring,---=-----
*c1nc(*)c2ncnc-2[nH]1,11,2,Ring,--
*C1=C2C(=*)C3C=CC2(Cc2cc4c(c(*)c23)C(=*)CC(*)(*)O4)C(=*)c2cc(*)cc(*)c21,11,9,Ring,-=-=--=--
*C1C=C2C(*)CCC2C(*)CC1,11,3,Ring,---
*CC(=NO)C(=O)NCCCO*,11,2,Linker,--
*CCNC(=O)OC*,11,2,Linker,--
*[B]*,11,2,Linker,--
*CC(NC(*)=O)C(=O)NC(CCSC)C(=O)O,11,2,Linker,--
*C=CC(=O)NCCCCN(CCCNC(=O)C=C*)C(=O)C=C*,11,3,Linker,---
*C=CC(=O)NCCCCNCCCNC(=O)C=C*,11,2,Linker,--
*CC(O*)C(=O)O,11,2,Linker,--
*CCC(C)C(O)C(C)=CCC(O)C=CC(C)C(O)C=CCC(O)C(C)=CCC(O)C*,11,2,Linker,--
*C(CCC(C)C)C(*)(C)O,11,2,Linker,--
*C(C)C(=O)NCC=CC=C(C)C(OC)C(*)C,11,2,Linker,--
*CCC(C)=CCC(*)O,11,2,Linker,--
*C(*)CC(=O)NCCNC(C)=O,11,2,Linker,--
*CNC(*)C*,11,3,Linker,---
*C(=O)CSC(*)=S,11,2,Linker,--
*OCC(=O)NC(*)*,11,3,Linker,---
*CCC(=O)NC(C*)C(=O)OC,11,2,Linker,--
*OC(*)C(=O)OC,11,2,Linker,--
*OC(*)C(*)O,11,3,Linker,---
*CCCN=*,11,2,Linker,-=
*CCCC(CC*)COS(=O)(=O)[O-],11,2,Linker,--
*CCC(=O)N(*)C,11,2,Linker,--
*CC(O)C(=O)NC(C*)C(=O)O,11,2,Linker,--
*C=CC=CC=CC=CC=CC=CC=CC(=O)O*,11,2,Linker,--
*C(*)C(*)O,11,3,Linker,---
*CC=C(C)CCCC(C)C(C*)OS(=O)(=O)O,11,2,Linker,--
*OC(*)(C)CO,11,2,Linker,--
*CCC(*)CC(=O)CC(O)C*,11,3,Linker,---
*CCCNCO*,11,2,Linker,--
*CCOCCO*,11,2,Linker,--
*CC(NC(=O)C(NC(=O)C(NC(*)=O)C(C)(C)C)C(C)(C)CC)C(=O)NC(CCCNC(=N)N)C(=O)NC(CS(=O)(=O)O)C(=O)N*,11,3,Linker,---
*CCC=C(C)C(=O)O*,11,2,Linker,--
*P(*)*,11,3,Linker,---
*C(*)CC(=O)NCCN(C)C,11,2,Linker,--
*CN(C*)C(C)=O,11,2,Linker,--
*CC(O)CCCCCC(O)CC(O)CCC(*)O,11,2,Linker,--
*CC(=O)NCCO*,11,2,Linker,--
*C(*)CC(=O)NCC(C)O,11,2,Linker,--
*C=C(NC(*)=O)C(=O)NCCC(=O)O,11,2,Linker,--
*C(*)C[N+](C)(C)C,11,2,Linker,--
*CC(=O)C(*)(C)O,11,2,Linker,--
*C(*)Cl,11,2,Linker,--
*COP(=O)(O)OP(=O)(O)OP(=O)(O)OP(=O)(O)OC*,11,2,Linker,--
*NC(=O)C(*)CC(C)C,11,2,Linker,--
*CC(C)C(C)C(*)*,11,3,Linker,---
*CNC(=O)C(*)C(C)C,11,2,Linker,--
*CC(NC(=O)CNC(*)=O)C(=O)NC(CO)C(*)=O,11,3,Linker,---
*C(=O)NCCCN(*)C,11,2,Linker,--
*CCNC(=O)C(*)NC(=O)C(C)C(O)C(C)NC(=O)C(NC(*)=O)C(*)O*,11,5,Linker,-----
*OC(CCC(C)(C)O)C(*)(C)O,11,2,Linker,--
*CC=C(CO)CCC=C(C)CC*,11,2,Linker,--
*CC(C)C(*)=O,11,2,Linker,--
*CN(*)C=O,11,2,Linker,--
*CCCCCCC(=O)NC*,11,2,Linker,--
*OCCCCCCCCCCCCCCC(C)C(*)=O,11,2,Linker,--
*=CC=C(C)C=CC=C(C)C=CC=CC(C)=CC=CC(C)=CC=*,11,2,Linker,==
*CCCCCC=CCCCCCCC*,11,2,Linker,--
*CC(CO)NC(=O)CC(*)*,11,3,Linker,---
*C(=O)NC(CC(C)C)C(=O)NC(*)C,11,2,Linker,--
*CC(N)C(=O)N(C)C(C)C(NC(=O)C(C)NC(=O)NC(C*)C(=O)O)C(=O)NC=*,11,3,Linker,--=
*COP(=O)(O)OP(=O)(O)OCC(O)C(O)C(O)C*,11,2,Linker,--
*C(=O)COC(=O)CCC(=O)NC(*)C,11,2,Linker,--
*CC(*)C(=O)NC(C(=O)O)C(C)C,11,2,Linker,--
*C(=O)ON=C(*)N,11,2,Linker,--
*C#CC(C)=CC=CC(C)=CC=CC=C(C)C=CC=C(C)C(=O)C*,11,2,Linker,--
*C=CC(C)=CCC*,11,2,Linker,--
*C[N+](C)(C)C*,11,2,Linker,--
*C=CC(C)=CC=CC(C)=CC=CC=C(C)C=CC=C(C)C(=O)C*,11,2,Linker,--
*CC(NC(=O)NC(CCSC)C(=O)NC(C(=O)NC=*)C(C)N(C)C(=O)C(C*)NC(=O)CN)C(=O)O,11,3,Linker,-=-
*CC=C(CCC=C(C)CC*)COC(C)=O,11,2,Linker,--
*CNC(=O)C(*)CC(C)C,11,2,Linker,--
*C=C([N+]#[C-])C(=C*)[N+]#[C-],11,2,Linker,--
*OC(=O)C(O)C(*)NC(=O)CCC,11,2,Linker,--
*C(C)C(=O)C(*)C,11,2,Linker,--
*CCC(=C)C*,11,2,Linker,--
*CCCNC(=O)CCC(=O)OCC(*)=O,11,2,Linker,--
*CCC(*)CO,11,2,Linker,--
*C=CC(C)(O)CC=CC(C)=CC(C)C(O*)C(C)=CC,11,2,Linker,--
*OCC(OC(C)(C)C(O)CO*)C(=C)C,11,2,Linker,--
*CCS(*)(=O)=O,11,2,Linker,--
*C=C(CC(*)CCO)C(=O)O*,11,3,Linker,---
*OC(=O)C(OC(C)=O)C(*)N(C)C,11,2,Linker,--
*C(Cl)CC,11,1,Sub,-
*C=C(C)CC(C=CCC)CC,11,1,Sub,-
*C(=O)NC(CCC(=O)O)C(=O)C=C(C)C,11,1,Sub,-
*C(C)C(OC(=O)CC)C(C)C(C)=O,11,1,Sub,-
*COC(=O)CCCCCCCCCCCCCCCCCCC,11,1,Sub,-
*OC(O)C(O)C(O)C(O)C=O,11,1,Sub,-
*C(C)C(=O)CC=C(C)C,11,1,Sub,-
*CCOP(=O)(O)OP(=O)(O)O,11,1,Sub,-
*C=CC(C)(O)C=C,11,1,Sub,-
*CC(O)CC(C)=O,11,1,Sub,-
*C(C)(C)OC(=O)C(C)CC,11,1,Sub,-
*CC(C)NC,11,1,Sub,-
*C(C)CCC(OC(C)=O)C(=C)C,11,1,Sub,-
*C(=C)COC(=O)CC(C)C,11,1,Sub,-
*C(C=C)OC(C)=O,11,1,Sub,-
*OC(=O)C=CC=CC=O,11,1,Sub,-
*C[N+](C)(C)CC,11,1,Sub,-
*C(=O)NC(CC(=O)OC)C(=O)OC,11,1,Sub,-
*C(=O)CCCO,11,1,Sub,-
*CSC(=N)N,11,1,Sub,-
*C(=O)CSC(C)(C)C,11,1,Sub,-
*C(=CC=CC(=C)CCC=C(C)CNCC)CO,11,1,Sub,-
*CCCCCCC#CC#CC=CCCC=C,11,1,Sub,-
*C=CC(O)CC(=O)O,11,1,Sub,-
*C(C)CCC=O,11,1,Sub,-
*C(C)C=CC(O)C(C)(C)O,11,1,Sub,-
*C(O)C(O)COP(=O)(O)O,11,1,Sub,-
*C(O)CC(C)O,11,1,Sub,-
*CC=C(C)CCC=C(C)C(=O)O,11,1,Sub,-
*OP(=S)(OCC)OCC,11,1,Sub,-
*C(CC)CCCC,11,1,Sub,-
*C(C)(C)OCC=C(C)C,11,1,Sub,-
*CCC=C(C)CCC=C(C)CO,11,1,Sub,-
*OC(=O)CCC(=O)NCC(C)(C)C(O)C(=O)O,11,1,Sub,-
*C=CC(C)=CC=CC(C)=CC=CC=C(C)C=CC=C(C)C=CC=C(C)C=CC=C(C)C,11,1,Sub,-
*CCCC(N)C(=O)O,11,1,Sub,-
*NC(=O)C(CCC(=O)O)NC(=O)C(CC(C)C)NC(=O)CC(O)CCCCCCCCC,11,1,Sub,-
*C=C(Cl)CN(C)C(=O)CCC=CCC(CCCCCCC)OC,11,1,Sub,-
*OC(=O)C(C)NC(=O)CCC(C)C,11,1,Sub,-
*OCC(NC(=O)C(O)CCCCCCCCCCCCCCCCCCCC)C(O)C(O)CCCCCCCCCCCCCCC,11,1,Sub,-
*NC(=O)CCC(=O)C(=O)O,11,1,Sub,-
*C(C)CC(=O)CC(C)CC=O,11,1,Sub,-
*COC(=O)CCCCCCCCCCCCCCCC,11,1,Sub,-
*C(C)(C)C#N,11,1,Sub,-
*NC(=O)C(NC(=O)NC(C(=O)O)C(C)C)C(C)C,11,1,Sub,-
*C(=O)COC(=O)CCC(=O)NC(C)C(=O)NC(CCSC)C(=O)O,11,1,Sub,-
*CCCCCCC=CCCCCCCCC,11,1,Sub,-
*C(C)=CCC(O)CC(O)C(C)C(O)C(C)C,11,1,Sub,-
*CC(COC)OC,11,1,Sub,-
*C(O)CC(C)OC(C)=O,11,1,Sub,-
*C(=O)NC(C(=O)NCC(=O)O)C(C)C,11,1,Sub,-
*OCCCC#CC#CC=CC,11,1,Sub,-
*NC(=O)NC(CCSC)C(=O)O,11,1,Sub,-
*CC(O)CCO,11,1,Sub,-
*CCCC(C)C(=O)O,11,1,Sub,-
*C=CC#N,11,1,Sub,-
*C(=O)NC(=C)C(=O)NC(=C)C(=O)OC,11,1,Sub,-
*C(=O)C(C)(C)NC(=O)CCCCCCCCCCC,11,1,Sub,-
*C(=O)NC(CC(C)C)C(=O)NC(C(=O)NC(CCC(N)=O)C(=O)NC(CO)CC(C)C)C(C)C,11,1,Sub,-
*NC(=O)C(CCC(N)=O)NC(=O)CCC,11,1,Sub,-
*C(C)C(O)C(C)C(=O)C=CC(C)C(C)O,11,1,Sub,-
*CC=C(C)CCC=C(C)CO,11,1,Sub,-
*C(C)CCC(O)CC,11,1,Sub,-
*CCCC(C)=CC=CC(C)CCC=C(C)CC(O)C(=O)OC,11,1,Sub,-
*OC(=O)C=CC(C)=CC(C)CC,11,1,Sub,-
*CC(C)C(=O)OC,11,1,Sub,-
*C(C)C(O)CCCCCCCCCCCCC,11,1,Sub,-
*C(=O)NC(CS)C(=O)O,11,1,Sub,-
*CCC(N)CCC(C=O)CCCO,11,1,Sub,-
*CC(=O)C(C)(C)C,11,1,Sub,-
*C(O)CC(N)O,11,1,Sub,-
*CCC=CCC,11,1,Sub,-
*OC(=O)C=CC=CC(=O)C(C)O,11,1,Sub,-
*=C(C)C=CC=C(C)C=O,11,1,Sub,=
*C(O)C(O)CCC,11,1,Sub,-
*C(C)(O)C(=O)CCC(=C)C,11,1,Sub,-
*C[O],11,1,Sub,-
*OCC(=O)NCCCOC(C)C,11,1,Sub,-
*C(=O)CCN,11,1,Sub,-
*CCCCC(C)CC,11,1,Sub,-
*CCCC(C)=CCCC(C)=CCCC(C)CC(O)(C(=O)OC)C(C)(O)C(=O)OC,11,1,Sub,-
*C(CC(C)O)OC(C)=O,11,1,Sub,-
*OCC(=O)NCCN(C)C,11,1,Sub,-
*C(C)(O)C(O)CC(O)C(C)(C)O,11,1,Sub,-
*CNC(CC)NCC(C)O,11,1,Sub,-
*=C(O)C=CC=CCCC,11,1,Sub,=
*C(C)N(C)C=O,11,1,Sub,-
*C=NC,11,1,Sub,-
*CN(C)CC(OC)OC,11,1,Sub,-
*C(=O)C(O)CC,11,1,Sub,-
*C(O)CCC(C)CC,11,1,Sub,-
*=CCCNC(=N)N,11,1,Sub,=
*C(C)C=CC(C(=C)C)C(C)C,11,1,Sub,-
*C=S,11,1,Sub,-
*C(=O)SCC(NC(C)=O)C(=O)O,11,1,Sub,-
*[S+]([O-])CC(O)CC(N)C(=O)O,11,1,Sub,-
*=C(C)C=CC=C(C)C=CC(O)C(C)(C)O,11,1,Sub,=
*CC(=O)CCCCCCC,11,1,Sub,-
*=C(C)C=CC=C(C)C(O)CC=C(C)C,11,1,Sub,=
*CC=CC=CNC(=O)CCC,11,1,Sub,-
*C(=O)NC(CCC(=O)[O-])C(=O)[O-],11,1,Sub,-
*=CC=CC(=O)O,11,1,Sub,=
*OCC=C(C)CC(O)C=C(C)C,11,1,Sub,-
*C(O)CC(=C)C,11,1,Sub,-
*C(=O)OCC(CCCC)CNCC,11,1,Sub,-
*C(O)C(C)NC,11,1,Sub,-
*C(C)C(O)C(C)C=CC=CC=CC=CC=CC(CC(=O)O)OC,11,1,Sub,-
*OCC(=O)NC(CCC(=O)O)C(=O)O,11,1,Sub,-
*C(=C)COC(=O)C(C)C,11,1,Sub,-
*C(=O)OCCCCCCCCC,11,1,Sub,-
*CCCCCCCCCCCCCCCCCCCCCCCCC,11,1,Sub,-
*CC(O)CCN,11,1,Sub,-
*C(O)(CC(O)CNC(=N)N)C(=O)O,11,1,Sub,-
*COC(=O)C(=C)CO,11,1,Sub,-
*C=CCC(C)C(=O)C(C)O,11,1,Sub,-
*C(C)CCC(C(C)C)C(C)C,11,1,Sub,-
*OC(=O)C=CC=CCC=CC(C)OC(=O)C=CC=CCCC,11,1,Sub,-
*CC(OO)C(=C)C=C,11,1,Sub,-
*C(C)C(C)Cl,11,1,Sub,-
*C(O)(CC)CC,11,1,Sub,-
*C=NCCCCCCCCCCCC,11,1,Sub,-
*C(C)(O)CCCC(C)CO,11,1,Sub,-
*C(C)C(O)CO,11,1,Sub,-
*OCC(COC(=O)CCCCCCCCCCCCCCC)OC(=O)CCCCCCCC=CCC=CCC=CCC,11,1,Sub,-
*=CCCCCCCCCCCCCCCC,11,1,Sub,=
*C=CC(C)CC(C)CC,11,1,Sub,-
*NC(=O)C(CCC(N)=O)NC(C)=O,11,1,Sub,-
*CCCC(=O)OCC,11,1,Sub,-
*CCCCS(=O)(=O)O,11,1,Sub,-
*C(Cl)CCl,11,1,Sub,-
*C(C)CCC(CC)C(C)CO,11,1,Sub,-
*C(O)C(OC)OC,11,1,Sub,-
*C=CC(C)=CC,11,1,Sub,-
*CCCCCCCCCCCCC(=O)O,11,1,Sub,-
*C(OC(C)=O)C(C)C(C)C(C)(C)OC(C)=O,11,1,Sub,-
*COS(N)(=O)=O,11,1,Sub,-
*OC(=O)C(CC)OC(=O)CCC,11,1,Sub,-
*C=CCCCC(C)=O,11,1,Sub,-
*OC(CNC)CNC,11,1,Sub,-
*CCC(CC(CCC(CC)CO)OC(C)=O)OC(C)=O,11,1,Sub,-
*C=CC(C)(O)CCCCC,11,1,Sub,-
*C(CC)O[Si](C)(C)C(C)(C)C,11,1,Sub,-
*C(C)CCC(=O)OCCCC,11,1,Sub,-
*OC(=O)C=CC(O)C(C)O,11,1,Sub,-
*CCC(C)(O)CCCC(C)CCCC(C)CCCC(C)C,11,1,Sub,-
*C(O)CCC=CCCCCCCCCCCCC,11,1,Sub,-
*CCCC(CCC(=O)O)NCC,11,1,Sub,-
*CCC=C(C)CCC(=O)C(C)(C)CCCC(C)=O,11,1,Sub,-
*C(=C)C=C,11,1,Sub,-
*C(C)=CC(C)CC(C)CC(C)CCC,11,1,Sub,-
*OC(CCCCCCCCC)CCCCCCCC(C)=O,11,1,Sub,-
*OC(=O)C(O)(CCC(C)C)C(O)C(=O)OC,11,1,Sub,-
*C=NCC#N,11,1,Sub,-
*CCC(=O)NC(CSC)C(=O)O,11,1,Sub,-
*NC(=O)C(C)NC,11,1,Sub,-
*C(=CC=CC(=C)CCC=C(C)C)COCCO,11,1,Sub,-
*OC(=O)C(OC(C)=O)C(C)C,11,1,Sub,-
*C(C)(C=C)CCC=C(C)CCC=C(C)C,11,1,Sub,-
*C(C=CC(C)C(C)C)CO,11,1,Sub,-
*OC(=O)C(C)C(O)C(C)=CC(CO)CCCCCC,11,1,Sub,-
*=C(O)CCC=CC,11,1,Sub,=
*CCCC=CC(C)=CCC,11,1,Sub,-
*CCC=CCC(C)=CC(C)C=CC,11,1,Sub,-
*=CCC(CC(N)=O)CC(=O)O,11,1,Sub,=
*OC(=O)CCCCl,11,1,Sub,-
*C(C)CCCC=C,11,1,Sub,-
*CCC(C)(O)CCC=C(C)C,11,1,Sub,-
*COC(=O)CCCCCCC,11,1,Sub,-
*CCCC=CC=CCC,11,1,Sub,-
*CC(=O)C(C)CC,11,1,Sub,-
*C(OC)C(N)=O,11,1,Sub,-
*C#CC(O)CO,11,1,Sub,-
*CCCCCCCCCCCCCC=CCCCC,11,1,Sub,-
*OC(=O)C(C)C(C)OC(=O)C(C)C(C)O,11,1,Sub,-
*NC(=O)N(C)N=O,11,1,Sub,-
*OCC(C)=CC,11,1,Sub,-
*=CCCCCCCCCCC#C,11,1,Sub,=
*C(O)C(O)C=CCCC=CC=CC=CCCC=CC=C,11,1,Sub,-
*CCC(=O)NCC(=O)NC(C(=O)O)C(C)CC,11,1,Sub,-
*C(=O)C(C(C)C)N(C)C(=O)C(=O)CC,11,1,Sub,-
*COC(=O)CCCCCCCCCCCCCC,11,1,Sub,-
*C(CC(C)C(O)C=CC=CCNC(=O)C(C)(C)C(O)C(C)=CC=CC=CC(C)=C(C)[N+](=O)[O-])OC,11,1,Sub,-
*CCC(C)C=C(C)C(C)O,11,1,Sub,-
*C(OC)C(O)CO,11,1,Sub,-
*CNC(=O)CCOC,11,1,Sub,-
*C(C)(O)C=CC(O)C(C)(C)O,11,1,Sub,-
*C(=O)C(O)C(C)CC,11,1,Sub,-
*CCC=C(C)CC(=O)CC(C)C,11,1,Sub,-
*C(C)CC(C)CC,11,1,Sub,-
*NC(=O)C(=CC)NC(=O)CC(O)CCCCCCCCCCC,11,1,Sub,-
